customer_id,country,first_order_date,last_order_date,recency_days,frequency,monetary,total_items_purchased,total_items_returned,return_rate,r_score,f_score,m_score,rfm_total_score,customer_segment
17592,United Kingdom,2009-12-01 10:49:00,2009-12-01 10:49:00,738,1,0.0,38.0,38.0,1.0,1,1,1,3,Lost
12636,USA,2009-12-01 09:55:00,2009-12-01 09:55:00,738,1,141.0,1.0,0.0,0.0,1,1,1,3,Lost
14654,United Kingdom,2009-12-01 12:57:00,2009-12-01 12:57:00,737,1,246.86,273.0,0.0,0.0,1,1,1,3,Lost
17818,United Kingdom,2009-12-02 11:34:00,2009-12-02 11:34:00,737,1,130.18,90.0,0.0,0.0,1,1,1,3,Lost
17056,United Kingdom,2009-12-01 12:55:00,2009-12-01 12:55:00,737,1,128.6,26.0,0.0,0.0,1,1,1,3,Lost
13526,United Kingdom,2009-12-01 12:56:00,2009-12-01 13:13:00,737,2,942.6,1911.0,264.0,0.1381,1,2,3,6,At Risk
17087,United Kingdom,2009-12-02 10:41:00,2009-12-02 10:41:00,737,1,221.53,113.0,0.0,0.0,1,1,1,3,Lost
15833,United Kingdom,2009-12-02 11:59:00,2009-12-02 11:59:00,737,1,80.4,24.0,0.0,0.0,1,1,1,3,Lost
17606,United Kingdom,2009-12-02 13:32:00,2009-12-02 13:32:00,736,1,87.3,42.0,0.0,0.0,1,1,1,3,Lost
12934,United Kingdom,2009-12-03 10:51:00,2009-12-03 10:51:00,736,1,181.65,31.0,0.0,0.0,1,1,1,3,Lost
14106,United Kingdom,2009-12-02 14:09:00,2009-12-02 14:09:00,736,1,214.8,24.0,0.0,0.0,1,1,1,3,Lost
14980,United Kingdom,2009-12-02 14:09:00,2009-12-02 14:09:00,736,1,150.68,79.0,0.0,0.0,1,1,1,3,Lost
14347,United Kingdom,2009-12-03 10:49:00,2009-12-03 10:49:00,736,1,82.6,48.0,0.0,0.0,1,1,1,3,Lost
16301,United Kingdom,2009-12-03 10:20:00,2009-12-03 10:20:00,736,1,107.33,41.0,0.0,0.0,1,1,1,3,Lost
17909,United Kingdom,2009-12-02 13:10:00,2009-12-02 13:10:00,736,1,132.55,41.0,0.0,0.0,1,1,1,3,Lost
16645,United Kingdom,2009-12-04 09:49:00,2009-12-04 09:49:00,735,1,160.39,117.0,0.0,0.0,1,1,1,3,Lost
16192,United Kingdom,2009-12-04 12:28:00,2009-12-04 12:28:00,735,1,351.3,208.0,0.0,0.0,1,1,2,4,Lost
17271,United Kingdom,2009-12-03 13:49:00,2009-12-03 13:49:00,735,1,210.39,117.0,0.0,0.0,1,1,1,3,Lost
15794,United Kingdom,2009-12-02 15:10:00,2009-12-03 13:04:00,735,2,777.0,288.0,0.0,0.0,1,2,3,6,At Risk
15999,United Kingdom,2009-12-04 12:31:00,2009-12-04 12:31:00,735,1,20.4,24.0,0.0,0.0,1,1,1,3,Lost
14750,United Kingdom,2009-12-03 17:57:00,2009-12-03 17:57:00,735,1,112.03,65.0,0.0,0.0,1,1,1,3,Lost
14979,United Kingdom,2009-12-04 12:54:00,2009-12-04 12:54:00,734,1,439.46,213.0,0.0,0.0,1,1,2,4,Lost
16541,United Kingdom,2009-12-04 13:22:00,2009-12-04 13:22:00,734,1,419.78,173.0,1.0,0.0058,1,1,2,4,Lost
17151,United Kingdom,2009-12-04 14:56:00,2009-12-04 14:56:00,734,1,231.9,42.0,0.0,0.0,1,1,1,3,Lost
16410,United Kingdom,2009-12-05 14:51:00,2009-12-05 14:51:00,733,1,130.32,348.0,0.0,0.0,1,1,1,3,Lost
14468,United Kingdom,2009-12-06 12:21:00,2009-12-06 12:21:00,733,1,204.24,164.0,0.0,0.0,1,1,1,3,Lost
16277,United Kingdom,2009-12-06 11:27:00,2009-12-06 11:27:00,733,1,188.69,33.0,0.0,0.0,1,1,1,3,Lost
14123,United Kingdom,2009-12-06 15:35:00,2009-12-06 15:35:00,732,1,436.18,234.0,0.0,0.0,1,1,2,4,Lost
15479,United Kingdom,2009-12-06 15:08:00,2009-12-06 15:08:00,732,1,147.4,38.0,0.0,0.0,1,1,1,3,Lost
14003,United Kingdom,2009-12-07 08:53:00,2009-12-07 08:53:00,732,1,209.41,149.0,0.0,0.0,1,1,1,3,Lost
14717,United Kingdom,2009-12-06 13:05:00,2009-12-06 13:05:00,732,1,72.8,32.0,2.0,0.0625,1,1,1,3,Lost
14955,United Kingdom,2009-12-07 11:35:00,2009-12-07 11:35:00,732,1,163.77,74.0,0.0,0.0,1,1,1,3,Lost
14574,United Kingdom,2009-12-07 12:42:00,2009-12-07 12:42:00,732,1,143.7,63.0,0.0,0.0,1,1,1,3,Lost
13905,United Kingdom,2009-12-07 11:41:00,2009-12-07 11:41:00,732,1,244.45,135.0,11.0,0.0815,1,1,1,3,Lost
16964,United Kingdom,2009-12-06 12:51:00,2009-12-06 12:53:00,732,2,207.85,49.0,0.0,0.0,1,2,1,4,Lost
17441,United Kingdom,2009-12-07 13:32:00,2009-12-07 13:32:00,731,1,293.35,245.0,0.0,0.0,1,1,2,4,Lost
13025,United Kingdom,2009-12-08 10:02:00,2009-12-08 10:02:00,731,1,323.39,241.0,0.0,0.0,1,1,2,4,Lost
12443,Norway,2009-12-07 15:42:00,2009-12-07 15:42:00,731,1,485.31,182.0,0.0,0.0,1,1,2,4,Lost
18162,United Kingdom,2009-12-07 13:24:00,2009-12-07 13:24:00,731,1,379.16,335.0,0.0,0.0,1,1,2,4,Lost
13204,United Kingdom,2009-12-08 14:56:00,2009-12-08 14:56:00,730,1,966.66,428.0,0.0,0.0,1,1,3,5,At Risk
13114,United Kingdom,2009-12-09 09:56:00,2009-12-09 09:56:00,730,1,234.38,74.0,0.0,0.0,1,1,1,3,Lost
15162,United Kingdom,2009-12-08 13:14:00,2009-12-08 13:14:00,730,1,241.5,74.0,8.0,0.1081,1,1,1,3,Lost
12487,Sweden,2009-12-09 11:36:00,2009-12-09 11:36:00,730,1,259.8,174.0,30.0,0.1724,1,1,1,3,Lost
15924,United Kingdom,2009-12-08 15:00:00,2009-12-08 15:00:00,730,1,102.82,103.0,0.0,0.0,1,1,1,3,Lost
17178,United Kingdom,2009-12-08 16:20:00,2009-12-08 16:20:00,730,1,436.71,101.0,0.0,0.0,1,1,2,4,Lost
15209,United Kingdom,2009-12-09 17:26:00,2009-12-09 17:26:00,729,1,178.98,94.0,0.0,0.0,1,1,1,3,Lost
16459,United Kingdom,2009-12-10 12:42:00,2009-12-10 12:42:00,729,1,71.79,59.0,0.0,0.0,1,1,1,3,Lost
13498,United Kingdom,2009-12-09 15:26:00,2009-12-09 15:26:00,729,1,327.38,362.0,0.0,0.0,1,1,2,4,Lost
15085,United Kingdom,2009-12-10 11:47:00,2009-12-10 11:47:00,729,1,347.54,169.0,0.0,0.0,1,1,2,4,Lost
15302,United Kingdom,2009-12-09 13:11:00,2009-12-09 13:11:00,729,1,291.05,102.0,1.0,0.0098,1,1,2,4,Lost
15642,United Kingdom,2009-12-10 11:51:00,2009-12-10 11:51:00,729,1,105.78,270.0,0.0,0.0,1,1,1,3,Lost
17296,United Kingdom,2009-12-09 14:01:00,2009-12-09 14:01:00,729,1,338.13,216.0,0.0,0.0,1,1,2,4,Lost
16663,United Kingdom,2009-12-10 13:12:00,2009-12-10 13:12:00,728,1,165.0,100.0,0.0,0.0,1,1,1,3,Lost
16901,United Kingdom,2009-12-10 16:30:00,2009-12-10 16:30:00,728,1,204.26,42.0,0.0,0.0,1,1,1,3,Lost
12979,United Arab Emirates,2009-12-10 15:45:00,2009-12-10 15:45:00,728,1,479.54,520.0,36.0,0.0692,1,1,2,4,Lost
17487,United Kingdom,2009-12-11 15:06:00,2009-12-11 15:06:00,727,1,160.55,37.0,0.0,0.0,1,1,1,3,Lost
13768,United Kingdom,2009-12-09 10:25:00,2009-12-13 10:41:00,726,2,758.07,373.0,16.0,0.0429,1,2,3,6,At Risk
17910,United Kingdom,2009-12-13 16:04:00,2009-12-13 16:04:00,725,1,261.7,121.0,0.0,0.0,1,1,1,3,Lost
17066,United Kingdom,2009-12-13 13:24:00,2009-12-13 13:24:00,725,1,228.34,93.0,0.0,0.0,1,1,1,3,Lost
13087,United Kingdom,2009-12-13 15:16:00,2009-12-13 15:16:00,725,1,313.64,86.0,0.0,0.0,1,1,2,4,Lost
14977,United Kingdom,2009-12-14 10:37:00,2009-12-14 10:37:00,725,1,31.93,17.0,0.0,0.0,1,1,1,3,Lost
15534,United Kingdom,2009-12-14 12:48:00,2009-12-14 12:48:00,725,1,162.25,63.0,0.0,0.0,1,1,1,3,Lost
15188,United Kingdom,2009-12-14 13:30:00,2009-12-14 13:30:00,724,1,310.43,233.0,0.0,0.0,1,1,2,4,Lost
17318,United Kingdom,2009-12-14 13:11:00,2009-12-14 13:11:00,724,1,164.28,60.0,0.0,0.0,1,1,1,3,Lost
16280,United Kingdom,2009-12-14 15:49:00,2009-12-14 15:49:00,724,1,238.05,101.0,0.0,0.0,1,1,1,3,Lost
16064,United Kingdom,2009-12-14 16:11:00,2009-12-14 16:11:00,724,1,111.0,56.0,0.0,0.0,1,1,1,3,Lost
17012,United Kingdom,2009-12-14 17:34:00,2009-12-14 17:34:00,724,1,384.16,268.0,0.0,0.0,1,1,2,4,Lost
17067,United Kingdom,2009-12-08 12:03:00,2009-12-15 08:39:00,724,3,454.54,322.0,0.0,0.0,1,3,2,6,At Risk
12992,United Kingdom,2009-12-14 16:46:00,2009-12-14 16:46:00,724,1,93.35,21.0,0.0,0.0,1,1,1,3,Lost
14042,United Kingdom,2009-12-14 15:07:00,2009-12-14 15:07:00,724,1,431.98,180.0,0.0,0.0,1,1,2,4,Lost
15672,United Kingdom,2009-12-14 16:52:00,2009-12-14 16:52:00,724,1,45.3,10.0,0.0,0.0,1,1,1,3,Lost
13289,United Kingdom,2009-12-16 11:53:00,2009-12-16 11:53:00,723,1,307.95,119.0,0.0,0.0,1,1,2,4,Lost
15499,United Kingdom,2009-12-16 12:17:00,2009-12-16 12:17:00,723,1,161.6,60.0,0.0,0.0,1,1,1,3,Lost
12941,United Kingdom,2009-12-15 13:12:00,2009-12-15 13:12:00,723,1,377.49,381.0,0.0,0.0,1,1,2,4,Lost
16605,United Kingdom,2009-12-15 19:03:00,2009-12-15 19:03:00,723,1,60.48,144.0,0.0,0.0,1,1,1,3,Lost
18201,United Kingdom,2009-12-17 08:55:00,2009-12-17 08:55:00,722,1,447.53,191.0,0.0,0.0,1,1,2,4,Lost
17833,United Kingdom,2009-12-16 13:40:00,2009-12-16 13:40:00,722,1,342.36,145.0,0.0,0.0,1,1,2,4,Lost
14095,United Kingdom,2009-12-17 12:49:00,2009-12-17 12:49:00,722,1,2.95,1.0,0.0,0.0,1,1,1,3,Lost
18186,United Kingdom,2009-12-17 10:22:00,2009-12-17 10:22:00,722,1,329.58,338.0,0.0,0.0,1,1,2,4,Lost
16195,United Kingdom,2009-12-16 14:09:00,2009-12-16 14:09:00,722,1,323.25,123.0,0.0,0.0,1,1,2,4,Lost
16694,United Kingdom,2009-12-16 15:45:00,2009-12-16 15:45:00,722,1,98.3,26.0,0.0,0.0,1,1,1,3,Lost
18012,United Kingdom,2009-12-16 13:16:00,2009-12-16 13:16:00,722,1,115.3,63.0,0.0,0.0,1,1,1,3,Lost
17103,United Kingdom,2009-12-17 14:08:00,2009-12-17 14:08:00,721,1,424.3,471.0,0.0,0.0,1,1,2,4,Lost
16439,United Kingdom,2009-12-17 14:22:00,2009-12-17 14:22:00,721,1,310.7,74.0,0.0,0.0,1,1,2,4,Lost
17927,United Kingdom,2009-12-18 11:03:00,2009-12-18 11:03:00,721,1,294.0,108.0,0.0,0.0,1,1,2,4,Lost
16908,United Kingdom,2009-12-17 13:35:00,2009-12-17 13:35:00,721,1,153.59,61.0,20.0,0.3279,1,1,1,3,Lost
15409,United Kingdom,2009-12-18 15:35:00,2009-12-18 15:35:00,720,1,117.2,59.0,5.0,0.0847,1,1,1,3,Lost
13847,United Kingdom,2009-12-20 10:41:00,2009-12-20 10:41:00,719,1,310.72,96.0,0.0,0.0,1,1,2,4,Lost
13111,United Kingdom,2009-12-21 09:00:00,2009-12-21 09:00:00,718,1,321.88,180.0,0.0,0.0,1,1,2,4,Lost
14969,United Kingdom,2010-01-05 12:43:00,2010-01-05 12:43:00,703,1,906.23,665.0,0.0,0.0,1,1,3,5,At Risk
15324,United Kingdom,2010-01-07 14:37:00,2010-01-07 14:37:00,700,1,140.22,74.0,0.0,0.0,1,1,1,3,Lost
18115,United Kingdom,2010-01-11 11:57:00,2010-01-11 11:57:00,697,1,9.7,3.0,0.0,0.0,1,1,1,3,Lost
17945,United Kingdom,2010-01-12 11:33:00,2010-01-12 11:40:00,696,3,360.35,244.0,0.0,0.0,1,3,2,6,At Risk
13622,United Kingdom,2010-01-12 13:22:00,2010-01-12 13:22:00,695,1,651.45,379.0,2.0,0.0053,1,1,3,5,At Risk
17352,United Kingdom,2010-01-12 16:13:00,2010-01-12 16:13:00,695,1,36.25,15.0,0.0,0.0,1,1,1,3,Lost
14137,United Kingdom,2010-01-13 12:30:00,2010-01-13 12:30:00,695,1,294.1,462.0,62.0,0.1342,1,1,2,4,Lost
16304,United Kingdom,2010-01-14 08:30:00,2010-01-14 08:30:00,694,1,381.66,228.0,0.0,0.0,1,1,2,4,Lost
12860,United Kingdom,2010-01-15 15:22:00,2010-01-15 15:22:00,692,1,55.47,27.0,0.0,0.0,1,1,1,3,Lost
15413,United Kingdom,2009-12-01 10:18:00,2010-01-17 11:33:00,691,5,-2531.38,2694.0,2.0,0.0007,1,4,1,6,At Risk
13907,United Kingdom,2010-01-17 12:22:00,2010-01-17 12:22:00,691,1,136.8,68.0,0.0,0.0,1,1,1,3,Lost
14892,United Kingdom,2010-01-18 08:58:00,2010-01-18 08:58:00,690,1,202.35,79.0,0.0,0.0,1,1,1,3,Lost
16867,United Kingdom,2010-01-19 09:11:00,2010-01-19 09:11:00,689,1,76.74,58.0,0.0,0.0,1,1,1,3,Lost
15375,United Kingdom,2010-01-18 15:38:00,2010-01-18 15:38:00,689,1,60.96,84.0,0.0,0.0,1,1,1,3,Lost
12470,Unspecified,2010-01-19 11:01:00,2010-01-19 11:01:00,689,1,211.95,95.0,0.0,0.0,1,1,1,3,Lost
15697,United Kingdom,2010-01-19 09:10:00,2010-01-19 09:10:00,689,1,246.75,127.0,0.0,0.0,1,1,1,3,Lost
13315,United Kingdom,2010-01-19 15:34:00,2010-01-19 15:34:00,688,1,310.26,232.0,0.0,0.0,1,1,2,4,Lost
13457,United Kingdom,2009-12-02 12:46:00,2010-01-20 08:48:00,688,2,143.27,96.0,3.0,0.0313,1,2,1,4,Lost
14983,United Kingdom,2010-01-19 17:32:00,2010-01-19 17:32:00,688,1,183.2,90.0,0.0,0.0,1,1,1,3,Lost
14207,United Kingdom,2010-01-21 09:33:00,2010-01-21 09:33:00,687,1,157.8,36.0,0.0,0.0,1,1,1,3,Lost
17875,United Kingdom,2010-01-20 15:30:00,2010-01-20 15:30:00,687,1,167.1,98.0,0.0,0.0,1,1,1,3,Lost
17794,United Kingdom,2010-01-20 12:17:00,2010-01-22 10:18:00,686,2,147.3,46.0,0.0,0.0,1,2,1,4,Lost
16822,United Kingdom,2010-01-22 14:22:00,2010-01-22 14:22:00,685,1,144.84,171.0,5.0,0.0292,1,1,1,3,Lost
14274,United Kingdom,2010-01-22 12:51:00,2010-01-22 12:51:00,685,1,256.6,178.0,0.0,0.0,1,1,1,3,Lost
14879,United Kingdom,2010-01-24 11:35:00,2010-01-24 11:35:00,684,1,185.06,104.0,0.0,0.0,1,1,1,3,Lost
14070,United Kingdom,2010-01-24 12:27:00,2010-01-24 12:27:00,684,1,326.55,86.0,0.0,0.0,1,1,2,4,Lost
13036,United Kingdom,2010-01-24 11:35:00,2010-01-24 11:35:00,684,1,307.1,38.0,0.0,0.0,1,1,2,4,Lost
14519,United Kingdom,2009-12-11 10:40:00,2010-01-25 11:18:00,683,2,206.09,82.0,0.0,0.0,1,2,1,4,Lost
18199,United Kingdom,2010-01-25 11:32:00,2010-01-25 11:32:00,683,1,342.2,99.0,1.0,0.0101,1,1,2,4,Lost
14751,United Kingdom,2009-12-13 14:08:00,2010-01-24 13:37:00,683,2,126.45,65.0,0.0,0.0,1,2,1,4,Lost
12439,Cyprus,2009-12-14 08:40:00,2010-01-26 12:11:00,682,2,1104.48,484.0,30.0,0.062,1,2,3,6,At Risk
14376,United Kingdom,2010-01-25 15:36:00,2010-01-25 15:36:00,682,1,215.46,50.0,0.0,0.0,1,1,1,3,Lost
16291,Portugal,2010-01-26 16:26:00,2010-01-26 16:26:00,681,1,117.72,1.0,0.0,0.0,1,1,1,3,Lost
16481,United Kingdom,2010-01-26 13:09:00,2010-01-26 13:09:00,681,1,428.23,201.0,16.0,0.0796,1,1,2,4,Lost
12869,United Kingdom,2010-01-27 12:10:00,2010-01-27 12:10:00,681,1,337.67,144.0,0.0,0.0,1,1,2,4,Lost
12466,France,2010-01-26 16:26:00,2010-01-26 16:26:00,681,1,56.73,1.0,0.0,0.0,1,1,1,3,Lost
12606,Spain,2010-01-26 16:23:00,2010-01-26 16:23:00,681,1,21.0,1.0,0.0,0.0,1,1,1,3,Lost
16051,United Kingdom,2010-01-27 09:38:00,2010-01-27 09:38:00,681,1,188.44,80.0,0.0,0.0,1,1,1,3,Lost
15959,United Kingdom,2010-01-26 16:19:00,2010-01-26 16:38:00,681,3,579.49,282.0,0.0,0.0,1,3,2,6,At Risk
12404,Finland,2010-01-26 16:25:00,2010-01-26 16:25:00,681,1,63.24,1.0,0.0,0.0,1,1,1,3,Lost
16047,EIRE,2010-01-26 16:34:00,2010-01-26 16:34:00,681,1,107.14,1.0,0.0,0.0,1,1,1,3,Lost
12555,Spain,2010-01-26 16:26:00,2010-01-26 16:26:00,681,1,129.23,1.0,0.0,0.0,1,1,1,3,Lost
12846,United Kingdom,2010-01-26 16:29:00,2010-01-26 16:29:00,681,1,15.58,1.0,0.0,0.0,1,1,1,3,Lost
12570,Spain,2010-01-26 17:28:00,2010-01-26 17:28:00,681,1,77.52,1.0,0.0,0.0,1,1,1,3,Lost
14380,United Kingdom,2010-01-26 17:11:00,2010-01-26 17:11:00,681,1,-99.73,1.0,1.0,1.0,1,1,1,3,Lost
17982,United Kingdom,2010-01-28 09:38:00,2010-01-28 09:38:00,680,1,138.18,117.0,0.0,0.0,1,1,1,3,Lost
14613,United Kingdom,2010-01-28 13:02:00,2010-01-28 13:02:00,679,1,76.32,72.0,0.0,0.0,1,1,1,3,Lost
16137,United Kingdom,2010-01-28 15:04:00,2010-01-28 15:04:00,679,1,422.7,210.0,0.0,0.0,1,1,2,4,Lost
15487,United Kingdom,2010-01-29 12:07:00,2010-01-29 12:07:00,679,1,231.32,144.0,0.0,0.0,1,1,1,3,Lost
14831,United Kingdom,2009-12-02 09:21:00,2010-01-28 14:31:00,679,3,1623.97,885.0,8.0,0.009,1,3,4,8,At Risk
16802,United Kingdom,2009-12-09 13:00:00,2010-01-29 13:44:00,678,2,582.61,369.0,0.0,0.0,1,2,2,5,Lost
16673,United Kingdom,2010-01-29 14:22:00,2010-01-29 14:22:00,678,1,188.83,101.0,0.0,0.0,1,1,1,3,Lost
15588,United Kingdom,2010-01-31 12:19:00,2010-01-31 12:19:00,677,1,579.6,96.0,0.0,0.0,1,1,2,4,Lost
14637,United Kingdom,2010-01-31 15:52:00,2010-01-31 15:52:00,676,1,106.68,100.0,0.0,0.0,1,1,1,3,Lost
13511,United Kingdom,2010-02-01 12:10:00,2010-02-01 12:10:00,676,1,244.61,60.0,7.0,0.1167,1,1,1,3,Lost
15338,United Kingdom,2010-01-31 14:25:00,2010-01-31 14:25:00,676,1,283.43,150.0,0.0,0.0,1,1,2,4,Lost
15317,United Kingdom,2010-01-31 15:55:00,2010-01-31 15:55:00,676,1,112.05,45.0,6.0,0.1333,1,1,1,3,Lost
13392,United Kingdom,2010-01-31 13:34:00,2010-01-31 13:34:00,676,1,91.14,82.0,0.0,0.0,1,1,1,3,Lost
13628,United Kingdom,2010-02-01 14:44:00,2010-02-01 14:44:00,675,1,310.14,106.0,0.0,0.0,1,1,2,4,Lost
18175,United Kingdom,2010-02-02 10:25:00,2010-02-02 10:25:00,675,1,176.1,70.0,0.0,0.0,1,1,1,3,Lost
12848,United Kingdom,2010-02-02 12:45:00,2010-02-02 12:45:00,675,1,208.0,58.0,0.0,0.0,1,1,1,3,Lost
13757,United Kingdom,2010-02-03 12:37:00,2010-02-03 12:37:00,674,1,195.55,54.0,0.0,0.0,1,1,1,3,Lost
13553,United Kingdom,2010-02-03 12:21:00,2010-02-03 12:21:00,674,1,517.8,206.0,0.0,0.0,1,1,2,4,Lost
12396,RSA,2010-02-03 13:22:00,2010-02-03 13:22:00,673,1,931.43,591.0,0.0,0.0,1,1,3,5,At Risk
14545,United Kingdom,2010-02-03 15:23:00,2010-02-03 15:23:00,673,1,349.25,236.0,0.0,0.0,1,1,2,4,Lost
13009,United Kingdom,2010-02-05 12:22:00,2010-02-05 12:22:00,672,1,234.0,120.0,0.0,0.0,1,1,1,3,Lost
18267,United Kingdom,2010-02-05 08:43:00,2010-02-05 08:43:00,672,1,252.87,135.0,4.0,0.0296,1,1,1,3,Lost
17328,United Kingdom,2010-02-04 17:11:00,2010-02-04 17:11:00,672,1,104.7,86.0,0.0,0.0,1,1,1,3,Lost
13234,United Kingdom,2009-12-07 12:32:00,2010-02-05 11:41:00,672,2,356.95,162.0,0.0,0.0,1,2,2,5,Lost
14151,United Kingdom,2009-12-23 10:54:00,2010-02-04 15:35:00,672,2,666.7,405.0,1.0,0.0025,1,2,3,6,At Risk
16082,United Kingdom,2010-02-07 15:16:00,2010-02-07 15:16:00,669,1,106.75,39.0,0.0,0.0,1,1,1,3,Lost
14884,United Kingdom,2010-02-08 12:56:00,2010-02-08 12:56:00,668,1,120.6,72.0,0.0,0.0,1,1,1,3,Lost
15082,United Kingdom,2010-02-09 10:23:00,2010-02-09 10:23:00,668,1,93.35,43.0,0.0,0.0,1,1,1,3,Lost
17810,United Kingdom,2010-01-25 10:26:00,2010-02-09 10:47:00,668,2,344.86,119.0,1.0,0.0084,1,2,2,5,Lost
18070,United Kingdom,2010-02-08 13:28:00,2010-02-08 13:28:00,668,1,307.75,86.0,1.0,0.0116,1,1,2,4,Lost
13119,United Kingdom,2010-02-09 08:38:00,2010-02-09 08:38:00,668,1,134.9,110.0,0.0,0.0,1,1,1,3,Lost
17319,United Kingdom,2010-02-08 15:47:00,2010-02-08 15:47:00,668,1,29.1,14.0,0.0,0.0,1,1,1,3,Lost
15892,United Kingdom,2010-02-08 16:23:00,2010-02-08 16:23:00,668,1,128.2,46.0,0.0,0.0,1,1,1,3,Lost
17294,United Kingdom,2010-02-08 14:21:00,2010-02-08 16:12:00,668,2,467.79,297.0,0.0,0.0,1,2,2,5,Lost
16530,United Kingdom,2010-02-09 15:30:00,2010-02-09 15:30:00,667,1,48.35,17.0,0.0,0.0,1,1,1,3,Lost
16436,United Kingdom,2009-12-06 16:02:00,2010-02-09 13:19:00,667,3,242.04,239.0,22.0,0.0921,1,3,1,5,At Risk
12776,Portugal,2010-02-10 12:11:00,2010-02-10 12:11:00,667,1,55.5,46.0,0.0,0.0,1,1,1,3,Lost
15176,United Kingdom,2010-02-10 10:36:00,2010-02-10 10:36:00,667,1,985.09,448.0,1.0,0.0022,1,1,3,5,At Risk
13442,United Kingdom,2009-12-01 14:59:00,2010-02-10 14:03:00,666,3,419.87,115.0,0.0,0.0,1,3,2,6,At Risk
17575,United Kingdom,2010-02-10 13:48:00,2010-02-10 13:48:00,666,1,171.7,72.0,0.0,0.0,1,1,1,3,Lost
15765,United Kingdom,2010-02-11 10:25:00,2010-02-11 10:25:00,666,1,370.63,335.0,0.0,0.0,1,1,2,4,Lost
14072,United Kingdom,2010-02-11 12:31:00,2010-02-11 12:31:00,666,1,390.85,65.0,0.0,0.0,1,1,2,4,Lost
16577,United Kingdom,2010-02-11 09:45:00,2010-02-11 09:45:00,666,1,380.0,142.0,0.0,0.0,1,1,2,4,Lost
17780,United Kingdom,2010-01-24 11:21:00,2010-02-10 13:43:00,666,3,352.91,158.0,0.0,0.0,1,3,2,6,At Risk
14190,United Kingdom,2010-02-11 14:27:00,2010-02-11 14:27:00,665,1,79.9,2.0,0.0,0.0,1,1,1,3,Lost
15293,United Kingdom,2010-02-12 11:54:00,2010-02-12 11:54:00,665,1,247.5,178.0,0.0,0.0,1,1,1,3,Lost
17108,United Kingdom,2010-02-14 12:22:00,2010-02-14 12:22:00,663,1,174.95,31.0,0.0,0.0,1,1,1,3,Lost
15964,United Kingdom,2010-02-14 15:30:00,2010-02-14 15:30:00,662,1,272.96,94.0,0.0,0.0,1,1,2,4,Lost
14943,United Kingdom,2010-02-14 16:04:00,2010-02-14 16:04:00,662,1,107.62,46.0,0.0,0.0,1,1,1,3,Lost
15359,United Kingdom,2010-01-15 11:30:00,2010-02-15 10:47:00,662,8,162.6,145.0,15.0,0.1034,1,4,1,6,At Risk
17778,United Kingdom,2010-02-16 12:44:00,2010-02-16 12:44:00,661,1,197.7,214.0,0.0,0.0,1,1,1,3,Lost
15371,United Kingdom,2010-02-15 13:14:00,2010-02-15 13:14:00,661,1,59.4,12.0,0.0,0.0,1,1,1,3,Lost
17136,United Kingdom,2010-02-15 13:13:00,2010-02-15 13:13:00,661,1,231.68,256.0,0.0,0.0,1,1,1,3,Lost
14989,United Kingdom,2010-02-16 10:40:00,2010-02-16 10:40:00,661,1,342.4,200.0,0.0,0.0,1,1,2,4,Lost
17662,United Kingdom,2009-12-17 09:54:00,2010-02-16 09:38:00,661,2,412.92,184.0,0.0,0.0,1,2,2,5,Lost
18285,United Kingdom,2010-02-17 10:24:00,2010-02-17 10:24:00,660,1,427.0,145.0,0.0,0.0,1,1,2,4,Lost
15662,United Kingdom,2009-12-01 13:49:00,2010-02-16 16:47:00,660,2,283.73,145.0,0.0,0.0,1,2,2,5,Lost
14244,United Kingdom,2010-02-17 11:40:00,2010-02-17 11:40:00,660,1,354.82,814.0,12.0,0.0147,1,1,2,4,Lost
18153,United Kingdom,2010-02-18 15:50:00,2010-02-18 15:50:00,658,1,246.22,200.0,0.0,0.0,1,1,1,3,Lost
15693,United Kingdom,2010-02-18 14:37:00,2010-02-18 14:37:00,658,1,37.5,30.0,0.0,0.0,1,1,1,3,Lost
13604,United Kingdom,2010-02-19 12:02:00,2010-02-19 12:02:00,658,1,713.39,242.0,3.0,0.0124,1,1,3,5,At Risk
14783,United Kingdom,2010-02-18 16:16:00,2010-02-18 16:16:00,658,1,305.35,262.0,1.0,0.0038,1,1,2,4,Lost
17721,United Kingdom,2010-02-18 15:18:00,2010-02-18 15:18:00,658,1,307.21,107.0,0.0,0.0,1,1,2,4,Lost
13191,United Kingdom,2010-02-19 17:02:00,2010-02-19 17:02:00,657,1,164.69,115.0,0.0,0.0,1,1,1,3,Lost
12416,Australia,2010-02-21 10:19:00,2010-02-21 10:19:00,656,1,202.56,132.0,0.0,0.0,1,1,1,3,Lost
15928,United Kingdom,2010-02-21 15:16:00,2010-02-21 15:16:00,655,1,293.53,164.0,0.0,0.0,1,1,2,4,Lost
17439,United Kingdom,2010-02-22 12:48:00,2010-02-22 12:48:00,655,1,325.74,370.0,0.0,0.0,1,1,2,4,Lost
14602,United Kingdom,2010-02-21 15:47:00,2010-02-21 15:47:00,655,1,205.36,80.0,0.0,0.0,1,1,1,3,Lost
17195,United Kingdom,2010-02-22 13:05:00,2010-02-22 13:05:00,654,1,562.98,486.0,0.0,0.0,1,1,2,4,Lost
14726,United Kingdom,2010-02-23 12:35:00,2010-02-23 12:35:00,654,1,124.75,91.0,0.0,0.0,1,1,1,3,Lost
14091,United Kingdom,2010-01-10 13:41:00,2010-02-23 15:17:00,653,2,9530.08,3316.0,0.0,0.0,1,2,5,8,At Risk
16388,United Kingdom,2010-02-24 10:20:00,2010-02-24 10:20:00,653,1,186.05,83.0,0.0,0.0,1,1,1,3,Lost
15295,United Kingdom,2010-02-23 13:03:00,2010-02-23 13:03:00,653,1,217.24,151.0,0.0,0.0,1,1,1,3,Lost
14558,United Kingdom,2009-12-08 10:41:00,2010-02-23 12:51:00,653,3,614.1,162.0,4.0,0.0247,1,3,3,7,At Risk
13490,United Kingdom,2010-02-23 14:48:00,2010-02-23 14:48:00,653,1,154.25,25.0,0.0,0.0,1,1,1,3,Lost
16118,United Kingdom,2010-02-25 09:40:00,2010-02-25 09:40:00,652,1,4255.43,2851.0,29.0,0.0102,1,1,5,7,At Risk
13765,United Kingdom,2010-02-24 13:46:00,2010-02-24 13:46:00,652,1,352.821,297.0,0.0,0.0,1,1,2,4,Lost
13944,United Kingdom,2010-02-24 15:02:00,2010-02-24 15:02:00,652,1,200.43,153.0,0.0,0.0,1,1,1,3,Lost
13469,United Kingdom,2010-02-24 15:03:00,2010-02-24 15:03:00,652,1,82.4,52.0,0.0,0.0,1,1,1,3,Lost
17207,United Kingdom,2010-02-25 19:08:00,2010-02-25 19:08:00,651,1,303.22,241.0,0.0,0.0,1,1,2,4,Lost
14402,United Kingdom,2010-02-25 13:20:00,2010-02-25 13:20:00,651,1,285.6,240.0,0.0,0.0,1,1,2,4,Lost
15477,United Kingdom,2010-02-28 10:37:00,2010-02-28 10:37:00,649,1,368.4,216.0,0.0,0.0,1,1,2,4,Lost
15943,United Kingdom,2010-01-31 11:04:00,2010-02-28 12:49:00,649,2,271.29,183.0,0.0,0.0,1,2,2,5,Lost
18046,United Kingdom,2010-02-28 11:36:00,2010-02-28 11:36:00,649,1,189.63,44.0,0.0,0.0,1,1,1,3,Lost
17209,United Kingdom,2009-12-03 11:10:00,2010-02-28 16:01:00,648,3,611.6,731.0,0.0,0.0,1,3,3,7,At Risk
14131,United Kingdom,2010-03-01 11:59:00,2010-03-01 11:59:00,648,1,187.87,118.0,0.0,0.0,1,1,1,3,Lost
17305,United Kingdom,2010-03-01 12:47:00,2010-03-01 12:47:00,648,1,2135.46,1006.0,0.0,0.0,1,1,4,6,At Risk
16273,United Kingdom,2010-02-21 16:02:00,2010-03-01 13:24:00,647,2,336.04,46.0,0.0,0.0,1,2,2,5,Lost
17116,United Kingdom,2010-03-01 16:29:00,2010-03-01 16:29:00,647,1,389.78,392.0,0.0,0.0,1,1,2,4,Lost
16731,United Kingdom,2010-03-01 15:05:00,2010-03-01 15:05:00,647,1,174.05,127.0,0.0,0.0,1,1,1,3,Lost
18148,United Kingdom,2010-03-03 11:40:00,2010-03-03 11:40:00,646,1,114.1,64.0,0.0,0.0,1,1,1,3,Lost
15927,United Kingdom,2010-03-02 13:25:00,2010-03-02 13:25:00,646,1,123.39,69.0,0.0,0.0,1,1,1,3,Lost
17638,United Kingdom,2009-12-18 09:58:00,2010-03-02 14:32:00,646,2,842.4,432.0,0.0,0.0,1,2,3,6,At Risk
13793,United Kingdom,2010-03-03 08:25:00,2010-03-03 08:25:00,646,1,96.0,52.0,0.0,0.0,1,1,1,3,Lost
13879,United Kingdom,2010-03-04 10:49:00,2010-03-04 10:49:00,645,1,395.5,204.0,0.0,0.0,1,1,2,4,Lost
18152,United Kingdom,2010-03-03 15:26:00,2010-03-03 15:26:00,645,1,426.69,75.0,0.0,0.0,1,1,2,4,Lost
15875,United Kingdom,2010-03-03 16:51:00,2010-03-03 16:51:00,645,1,111.72,76.0,0.0,0.0,1,1,1,3,Lost
16285,United Kingdom,2010-03-03 16:03:00,2010-03-03 16:03:00,645,1,176.9,60.0,0.0,0.0,1,1,1,3,Lost
12568,Germany,2010-03-05 09:15:00,2010-03-05 09:15:00,644,1,70.0,48.0,0.0,0.0,1,1,1,3,Lost
14018,United Kingdom,2010-03-04 14:23:00,2010-03-04 14:23:00,644,1,367.15,224.0,0.0,0.0,1,1,2,4,Lost
17577,United Kingdom,2010-02-09 10:10:00,2010-03-04 13:01:00,644,2,348.75,179.0,0.0,0.0,1,2,2,5,Lost
15929,United Kingdom,2010-03-05 14:56:00,2010-03-05 14:56:00,643,1,594.0,120.0,0.0,0.0,1,1,3,5,At Risk
18253,United Kingdom,2010-03-07 12:38:00,2010-03-07 12:38:00,642,1,317.88,128.0,0.0,0.0,1,1,2,4,Lost
15631,United Kingdom,2010-03-07 14:52:00,2010-03-07 14:52:00,641,1,596.67,525.0,0.0,0.0,1,1,3,5,At Risk
18029,United Kingdom,2010-03-07 15:30:00,2010-03-07 15:30:00,641,1,433.77,253.0,0.0,0.0,1,1,2,4,Lost
16534,United Kingdom,2010-03-07 15:47:00,2010-03-07 15:47:00,641,1,635.9,168.0,0.0,0.0,1,1,3,5,At Risk
14369,United Kingdom,2010-02-16 10:28:00,2010-03-07 15:47:00,641,2,469.13,255.0,0.0,0.0,1,2,2,5,Lost
12495,Sweden,2010-03-09 10:53:00,2010-03-09 10:53:00,640,1,323.4,130.0,4.0,0.0308,1,1,2,4,Lost
13641,United Kingdom,2009-12-05 13:17:00,2010-03-09 07:37:00,640,5,921.82,1098.0,18.0,0.0164,1,4,3,8,At Risk
15250,United Kingdom,2010-03-09 07:35:00,2010-03-09 07:35:00,640,1,60.0,48.0,0.0,0.0,1,1,1,3,Lost
16537,United Kingdom,2010-03-08 13:41:00,2010-03-08 13:41:00,640,1,23.35,59.0,0.0,0.0,1,1,1,3,Lost
17488,United Kingdom,2010-03-08 14:07:00,2010-03-08 14:07:00,640,1,336.5,136.0,0.0,0.0,1,1,2,4,Lost
13454,United Kingdom,2010-03-08 14:40:00,2010-03-08 14:40:00,640,1,219.87,198.0,0.0,0.0,1,1,1,3,Lost
17907,United Kingdom,2010-03-09 12:33:00,2010-03-09 12:33:00,640,1,291.76,1046.0,0.0,0.0,1,1,2,4,Lost
13413,United Kingdom,2010-01-21 17:43:00,2010-03-10 12:17:00,639,6,345.8,455.0,73.0,0.1604,1,4,2,7,At Risk
12954,United Kingdom,2010-03-11 10:16:00,2010-03-11 10:16:00,638,1,162.45,83.0,0.0,0.0,1,1,1,3,Lost
15558,United Kingdom,2010-03-10 15:25:00,2010-03-10 15:25:00,638,1,143.33,86.0,24.0,0.2791,1,1,1,3,Lost
17065,United Kingdom,2010-03-12 11:40:00,2010-03-12 11:41:00,637,2,82.35,82.0,1.0,0.0122,1,2,1,4,Lost
12692,France,2010-03-12 14:02:00,2010-03-12 14:02:00,636,1,110.95,36.0,0.0,0.0,1,1,1,3,Lost
13724,United Kingdom,2010-03-12 15:28:00,2010-03-12 15:28:00,636,1,213.01,130.0,0.0,0.0,1,1,1,3,Lost
15941,United Kingdom,2010-03-12 14:45:00,2010-03-12 14:45:00,636,1,230.6,60.0,32.0,0.5333,1,1,1,3,Lost
16911,United Kingdom,2010-02-16 16:12:00,2010-03-14 12:18:00,635,2,251.35,161.0,2.0,0.0124,1,2,1,4,Lost
13688,United Kingdom,2010-03-14 14:11:00,2010-03-14 14:11:00,634,1,375.5,130.0,0.0,0.0,1,1,2,4,Lost
18051,United Kingdom,2009-12-09 12:17:00,2010-03-15 13:58:00,633,7,2275.98,1661.0,4.0,0.0024,1,4,4,9,At Risk
13543,United Kingdom,2010-01-21 14:30:00,2010-03-15 13:34:00,633,2,1439.61,329.0,0.0,0.0,1,2,4,7,At Risk
12366,Cyprus,2010-03-16 10:28:00,2010-03-16 10:28:00,633,1,500.24,296.0,0.0,0.0,1,1,2,4,Lost
13530,United Kingdom,2010-03-15 14:10:00,2010-03-15 14:10:00,633,1,402.98,272.0,0.0,0.0,1,1,2,4,Lost
13612,United Kingdom,2010-03-17 12:14:00,2010-03-17 12:14:00,632,1,777.79,444.0,6.0,0.0135,1,1,3,5,At Risk
17479,United Kingdom,2010-03-17 09:26:00,2010-03-17 09:26:00,632,1,389.26,266.0,0.0,0.0,1,1,2,4,Lost
14604,United Kingdom,2010-03-16 13:00:00,2010-03-16 13:00:00,632,1,143.86,88.0,0.0,0.0,1,1,1,3,Lost
17568,United Kingdom,2010-03-16 16:45:00,2010-03-16 16:45:00,632,1,382.79,283.0,0.0,0.0,1,1,2,4,Lost
18131,United Kingdom,2010-03-18 08:48:00,2010-03-18 08:48:00,631,1,222.96,552.0,0.0,0.0,1,1,1,3,Lost
17933,United Kingdom,2010-03-17 15:11:00,2010-03-17 15:11:00,631,1,114.69,63.0,0.0,0.0,1,1,1,3,Lost
13902,Denmark,2009-12-15 10:02:00,2010-03-17 13:09:00,631,5,30411.26,220600.0,2510.0,0.0114,1,4,5,10,At Risk
18187,United Kingdom,2010-03-18 09:49:00,2010-03-18 09:49:00,631,1,682.19,310.0,6.0,0.0194,1,1,3,5,At Risk
15496,United Kingdom,2010-03-18 13:16:00,2010-03-18 13:16:00,630,1,146.14,98.0,0.0,0.0,1,1,1,3,Lost
13128,United Kingdom,2010-03-18 15:08:00,2010-03-18 15:08:00,630,1,263.5,31.0,0.0,0.0,1,1,1,3,Lost
16452,United Kingdom,2010-01-15 12:22:00,2010-03-19 12:39:00,630,2,332.17,199.0,0.0,0.0,1,2,2,5,Lost
15760,Norway,2010-03-19 11:35:00,2010-03-19 11:45:00,630,2,-5795.87,2.0,3.0,1.5,1,2,1,4,Lost
16508,United Kingdom,2010-03-19 13:41:00,2010-03-19 13:41:00,629,1,248.8,106.0,0.0,0.0,1,1,1,3,Lost
14832,United Kingdom,2010-03-19 15:14:00,2010-03-19 15:14:00,629,1,-274.63,1.0,2.0,2.0,1,1,1,3,Lost
17916,United Kingdom,2009-12-06 14:10:00,2010-03-21 12:26:00,628,2,43.87,90.0,0.0,0.0,1,2,1,4,Lost
12368,Cyprus,2010-03-21 15:56:00,2010-03-21 15:56:00,627,1,917.7,330.0,0.0,0.0,1,1,3,5,At Risk
17285,United Kingdom,2010-02-14 14:10:00,2010-03-21 13:38:00,627,2,428.34,140.0,0.0,0.0,1,2,2,5,Lost
12533,Germany,2009-12-01 11:50:00,2010-03-22 10:56:00,627,2,1149.99,704.0,136.0,0.1932,1,2,3,6,At Risk
17587,United Kingdom,2010-03-21 14:16:00,2010-03-21 14:16:00,627,1,181.66,68.0,0.0,0.0,1,1,1,3,Lost
16397,United Kingdom,2010-03-21 15:36:00,2010-03-21 15:36:00,627,1,127.88,50.0,0.0,0.0,1,1,1,3,Lost
12796,Netherlands,2010-03-21 15:49:00,2010-03-21 15:49:00,627,1,381.0,182.0,0.0,0.0,1,1,2,4,Lost
14928,United Kingdom,2010-03-22 09:14:00,2010-03-22 09:14:00,627,1,204.46,268.0,5.0,0.0187,1,1,1,3,Lost
14596,United Kingdom,2010-03-23 12:13:00,2010-03-23 12:13:00,626,1,229.47,79.0,0.0,0.0,1,1,1,3,Lost
12742,United Arab Emirates,2010-03-24 12:43:00,2010-03-24 12:43:00,625,1,1185.02,1359.0,10.0,0.0074,1,1,3,5,At Risk
13445,United Kingdom,2010-03-23 15:34:00,2010-03-23 15:34:00,625,1,241.9,198.0,0.0,0.0,1,1,1,3,Lost
16970,United Kingdom,2010-03-23 13:50:00,2010-03-23 13:50:00,625,1,71.4,12.0,0.0,0.0,1,1,1,3,Lost
16578,United Kingdom,2010-03-23 15:11:00,2010-03-23 15:11:00,625,1,156.6,108.0,0.0,0.0,1,1,1,3,Lost
16615,United Kingdom,2010-03-23 15:13:00,2010-03-23 15:13:00,625,1,264.5,211.0,4.0,0.019,1,1,1,3,Lost
16077,United Kingdom,2010-03-24 10:42:00,2010-03-24 10:42:00,625,1,600.0,840.0,312.0,0.3714,1,1,3,5,At Risk
13896,United Kingdom,2010-03-24 08:55:00,2010-03-24 08:55:00,625,1,388.55,149.0,0.0,0.0,1,1,2,4,Lost
12918,United Kingdom,2010-03-23 15:22:00,2010-03-23 15:22:00,625,1,-10953.5,1.0,2.0,2.0,1,1,1,3,Lost
16296,United Kingdom,2009-12-18 12:03:00,2010-03-23 13:11:00,625,4,1245.97,645.0,13.0,0.0202,1,3,4,8,At Risk
16002,United Kingdom,2010-03-24 13:08:00,2010-03-24 13:08:00,624,1,169.21,70.0,0.0,0.0,1,1,1,3,Lost
12663,Germany,2010-02-09 14:28:00,2010-03-25 09:40:00,624,2,204.0,181.0,12.0,0.0663,1,2,1,4,Lost
17072,United Kingdom,2010-03-24 16:33:00,2010-03-24 16:33:00,624,1,282.05,218.0,0.0,0.0,1,1,2,4,Lost
16741,United Kingdom,2010-03-24 15:15:00,2010-03-24 15:15:00,624,1,173.06,81.0,0.0,0.0,1,1,1,3,Lost
13459,United Kingdom,2010-01-26 13:35:00,2010-03-25 10:24:00,624,2,1160.41,986.0,0.0,0.0,1,2,3,6,At Risk
14330,United Kingdom,2010-03-26 09:10:00,2010-03-26 09:10:00,623,1,200.63,103.0,0.0,0.0,1,1,1,3,Lost
15911,United Kingdom,2009-12-09 13:26:00,2010-03-26 12:06:00,623,8,1401.55,811.0,2.0,0.0025,1,4,4,9,At Risk
15698,United Kingdom,2010-03-25 17:38:00,2010-03-25 17:38:00,623,1,46.2,60.0,0.0,0.0,1,1,1,3,Lost
16090,United Kingdom,2010-03-25 13:05:00,2010-03-25 13:05:00,623,1,205.91,65.0,0.0,0.0,1,1,1,3,Lost
18166,United Kingdom,2010-03-26 12:26:00,2010-03-26 12:26:00,623,1,175.5,90.0,0.0,0.0,1,1,1,3,Lost
14074,United Kingdom,2010-03-26 13:55:00,2010-03-26 13:55:00,622,1,219.4,228.0,0.0,0.0,1,1,1,3,Lost
13053,United Kingdom,2010-03-28 11:28:00,2010-03-28 11:28:00,621,1,127.65,47.0,0.0,0.0,1,1,1,3,Lost
15848,United Kingdom,2010-03-28 10:54:00,2010-03-28 10:54:00,621,1,139.94,46.0,0.0,0.0,1,1,1,3,Lost
13825,United Kingdom,2009-12-09 14:30:00,2010-03-28 11:02:00,621,2,255.59,182.0,0.0,0.0,1,2,1,4,Lost
14378,United Kingdom,2010-03-28 12:22:00,2010-03-28 12:22:00,621,1,131.25,57.0,0.0,0.0,1,1,1,3,Lost
14771,United Kingdom,2009-12-03 09:44:00,2010-03-28 12:52:00,620,2,579.92,622.0,14.0,0.0225,1,2,2,5,Lost
15231,United Kingdom,2010-03-28 15:12:00,2010-03-28 15:12:00,620,1,228.36,190.0,8.0,0.0421,1,1,1,3,Lost
14809,United Kingdom,2010-03-28 15:42:00,2010-03-28 15:44:00,620,2,686.76,232.0,0.0,0.0,1,2,3,6,At Risk
12496,Spain,2010-03-29 13:57:00,2010-03-29 14:06:00,619,2,54.09,33.0,0.0,0.0,1,2,1,4,Lost
16502,United Kingdom,2010-03-29 13:39:00,2010-03-29 13:44:00,619,2,266.5,251.0,0.0,0.0,1,2,1,4,Lost
12861,United Kingdom,2010-03-30 11:39:00,2010-03-30 11:39:00,619,1,68.25,27.0,0.0,0.0,1,1,1,3,Lost
13412,United Kingdom,2010-03-29 16:28:00,2010-03-29 16:28:00,619,1,487.35,176.0,0.0,0.0,1,1,2,4,Lost
15575,United Kingdom,2010-03-30 12:50:00,2010-03-30 12:50:00,619,1,30.1,6.0,0.0,0.0,1,1,1,3,Lost
15029,United Kingdom,2010-03-30 12:16:00,2010-03-30 12:16:00,619,1,362.15,234.0,1.0,0.0043,1,1,2,4,Lost
13179,United Kingdom,2010-03-31 11:40:00,2010-03-31 11:40:00,618,1,572.31,368.0,0.0,0.0,1,1,2,4,Lost
14706,United Kingdom,2010-03-31 11:09:00,2010-03-31 11:09:00,618,1,390.69,263.0,0.0,0.0,1,1,2,4,Lost
17586,United Kingdom,2010-03-30 13:12:00,2010-03-30 13:12:00,618,1,167.4,68.0,0.0,0.0,1,1,1,3,Lost
15742,United Kingdom,2010-03-30 15:25:00,2010-03-30 15:25:00,618,1,156.87,51.0,0.0,0.0,1,1,1,3,Lost
13219,United Kingdom,2010-03-31 14:18:00,2010-03-31 14:18:00,617,1,76.23,11.0,0.0,0.0,1,1,1,3,Lost
16845,United Kingdom,2010-03-31 13:09:00,2010-03-31 13:09:00,617,1,253.88,167.0,0.0,0.0,1,1,1,3,Lost
17539,United Kingdom,2009-12-13 12:36:00,2010-04-01 12:07:00,617,4,1047.07,747.0,12.0,0.0161,1,3,3,7,At Risk
16704,United Kingdom,2010-02-05 14:14:00,2010-03-31 14:02:00,617,2,695.66,455.0,0.0,0.0,1,2,3,6,At Risk
14694,United Kingdom,2010-04-01 19:46:00,2010-04-01 19:46:00,616,1,244.31,193.0,0.0,0.0,1,1,1,3,Lost
14200,United Kingdom,2010-04-01 13:01:00,2010-04-01 13:01:00,616,1,379.2,140.0,0.0,0.0,1,1,2,4,Lost
17993,United Kingdom,2010-04-01 14:23:00,2010-04-01 14:23:00,616,1,235.19,112.0,0.0,0.0,1,1,1,3,Lost
17477,United Kingdom,2010-03-02 11:53:00,2010-04-06 10:06:00,612,2,1079.0,225.0,14.0,0.0622,1,2,3,6,At Risk
15770,United Kingdom,2010-04-06 11:47:00,2010-04-06 11:47:00,612,1,321.45,67.0,0.0,0.0,1,1,2,4,Lost
16941,United Kingdom,2010-04-07 11:13:00,2010-04-07 11:13:00,611,1,33.0,12.0,0.0,0.0,1,1,1,3,Lost
14990,United Kingdom,2009-12-09 13:31:00,2010-04-06 13:54:00,611,2,305.42,130.0,0.0,0.0,1,2,2,5,Lost
13071,United Kingdom,2010-04-06 13:37:00,2010-04-06 13:37:00,611,1,129.22,30.0,0.0,0.0,1,1,1,3,Lost
12711,Germany,2010-02-01 11:30:00,2010-04-07 11:59:00,611,2,1339.05,770.0,0.0,0.0,1,2,4,7,At Risk
15309,United Kingdom,2009-12-04 13:01:00,2010-04-08 11:11:00,610,4,715.53,440.0,23.0,0.0523,1,3,3,7,At Risk
15112,United Kingdom,2010-04-07 14:17:00,2010-04-07 14:17:00,610,1,209.4,72.0,0.0,0.0,1,1,1,3,Lost
13640,United Kingdom,2010-04-07 15:33:00,2010-04-07 15:33:00,610,1,405.0,108.0,0.0,0.0,1,1,2,4,Lost
13852,United Kingdom,2010-04-08 09:06:00,2010-04-08 09:06:00,610,1,170.45,85.0,6.0,0.0706,1,1,1,3,Lost
16944,United Kingdom,2010-04-09 11:03:00,2010-04-09 11:03:00,609,1,101.36,27.0,0.0,0.0,1,1,1,3,Lost
13197,United Kingdom,2010-04-09 09:14:00,2010-04-09 09:14:00,609,1,373.01,204.0,0.0,0.0,1,1,2,4,Lost
17529,United Kingdom,2010-01-11 12:29:00,2010-04-08 17:51:00,609,2,1240.25,790.0,0.0,0.0,1,2,4,7,At Risk
12786,Netherlands,2010-04-09 12:12:00,2010-04-09 12:12:00,609,1,728.5,324.0,0.0,0.0,1,1,3,5,At Risk
18271,United Kingdom,2009-12-08 11:27:00,2010-04-09 09:26:00,609,2,680.85,319.0,0.0,0.0,1,2,3,6,At Risk
13163,United Kingdom,2010-04-08 16:21:00,2010-04-08 16:21:00,609,1,0.0,3.0,3.0,1.0,1,1,1,3,Lost
14160,United Kingdom,2010-01-10 12:06:00,2010-04-08 14:30:00,609,7,8421.47,4661.0,0.0,0.0,1,4,5,10,At Risk
15613,United Kingdom,2010-04-08 12:51:00,2010-04-08 12:51:00,609,1,433.72,700.0,0.0,0.0,1,1,2,4,Lost
13180,United Kingdom,2010-04-11 13:37:00,2010-04-11 13:37:00,606,1,86.1,42.0,0.0,0.0,1,1,1,3,Lost
15546,United Kingdom,2010-04-12 11:45:00,2010-04-12 11:51:00,606,2,539.55,198.0,99.0,0.5,1,2,2,5,Lost
14791,United Kingdom,2010-04-12 10:24:00,2010-04-12 10:24:00,606,1,303.63,127.0,0.0,0.0,1,1,2,4,Lost
12671,Germany,2010-04-12 16:30:00,2010-04-12 16:30:00,605,1,2622.481,1460.0,0.0,0.0,1,1,4,6,At Risk
12459,Spain,2010-04-13 14:53:00,2010-04-13 14:53:00,604,1,454.36,258.0,0.0,0.0,1,1,2,4,Lost
14172,United Kingdom,2010-03-07 10:58:00,2010-04-13 13:26:00,604,3,389.97,88.0,1.0,0.0114,1,3,2,6,At Risk
15982,United Kingdom,2010-04-13 15:47:00,2010-04-13 15:47:00,604,1,324.51,131.0,0.0,0.0,1,1,2,4,Lost
17039,United Kingdom,2010-04-14 12:56:00,2010-04-14 12:56:00,603,1,1954.99,689.0,0.0,0.0,1,1,4,6,At Risk
15771,United Kingdom,2010-01-15 12:14:00,2010-04-14 13:56:00,603,3,1006.54,512.0,0.0,0.0,1,3,3,7,At Risk
15354,United Kingdom,2010-04-15 16:17:00,2010-04-15 16:24:00,602,3,-94.8,3.0,4.0,1.3333,1,3,1,5,At Risk
12969,United Kingdom,2010-04-16 10:50:00,2010-04-16 10:50:00,602,1,122.45,55.0,0.0,0.0,1,1,1,3,Lost
15979,United Kingdom,2010-04-16 11:35:00,2010-04-16 11:35:00,602,1,329.22,450.0,0.0,0.0,1,1,2,4,Lost
13661,United Kingdom,2010-04-15 14:58:00,2010-04-15 14:58:00,602,1,325.24,118.0,0.0,0.0,1,1,2,4,Lost
17626,United Kingdom,2010-04-16 12:15:00,2010-04-16 12:15:00,602,1,254.0,202.0,0.0,0.0,1,1,1,3,Lost
13287,United Kingdom,2010-01-04 10:43:00,2010-04-15 15:26:00,602,3,519.67,429.0,192.0,0.4476,1,3,2,6,At Risk
16840,United Kingdom,2010-02-03 12:42:00,2010-04-15 15:48:00,602,2,126.71,117.0,1.0,0.0085,1,2,1,4,Lost
17842,United Kingdom,2010-04-16 14:23:00,2010-04-16 14:23:00,601,1,430.69,89.0,0.0,0.0,1,1,2,4,Lost
17474,United Kingdom,2010-04-19 10:43:00,2010-04-19 10:43:00,599,1,1047.0,200.0,0.0,0.0,1,1,3,5,At Risk
14845,United Kingdom,2010-04-19 10:19:00,2010-04-19 10:19:00,599,1,150.0,600.0,0.0,0.0,1,1,1,3,Lost
15273,United Kingdom,2010-04-19 11:31:00,2010-04-19 11:31:00,599,1,228.96,216.0,0.0,0.0,1,1,1,3,Lost
13286,United Kingdom,2010-04-18 15:35:00,2010-04-18 15:35:00,599,1,734.91,274.0,0.0,0.0,1,1,3,5,At Risk
12780,Netherlands,2010-04-20 09:40:00,2010-04-20 09:40:00,598,1,337.4,285.0,0.0,0.0,1,1,2,4,Lost
16548,United Kingdom,2010-04-19 16:15:00,2010-04-19 16:15:00,598,1,30.15,6.0,0.0,0.0,1,1,1,3,Lost
17825,United Kingdom,2009-12-14 12:09:00,2010-04-20 12:01:00,598,4,731.96,540.0,0.0,0.0,1,3,3,7,At Risk
14812,United Kingdom,2010-04-20 12:13:00,2010-04-20 12:13:00,598,1,185.8,136.0,0.0,0.0,1,1,1,3,Lost
15682,United Kingdom,2010-01-21 14:37:00,2010-04-19 15:30:00,598,2,316.99,222.0,1.0,0.0045,1,2,2,5,Lost
17622,United Kingdom,2010-04-20 13:38:00,2010-04-21 12:36:00,597,2,1125.17,379.0,12.0,0.0317,1,2,3,6,At Risk
12983,United Kingdom,2010-04-20 12:58:00,2010-04-20 12:58:00,597,1,490.08,638.0,0.0,0.0,1,1,2,4,Lost
15455,United Kingdom,2010-04-21 12:43:00,2010-04-21 12:43:00,597,1,38.25,3.0,0.0,0.0,1,1,1,3,Lost
18134,United Kingdom,2010-01-14 11:59:00,2010-04-20 14:02:00,597,2,445.0,128.0,0.0,0.0,1,2,2,5,Lost
13042,United Kingdom,2009-12-07 15:42:00,2010-04-20 13:43:00,597,3,1522.79,830.0,5.0,0.006,1,3,4,8,At Risk
14917,United Kingdom,2010-04-22 09:44:00,2010-04-22 11:28:00,596,2,1123.75,891.0,0.0,0.0,1,2,3,6,At Risk
13698,United Kingdom,2010-01-27 09:02:00,2010-04-22 11:52:00,596,2,465.53,231.0,0.0,0.0,1,2,2,5,Lost
17681,United Kingdom,2010-01-15 11:53:00,2010-04-21 17:22:00,596,5,529.6,450.0,96.0,0.2133,1,4,2,7,At Risk
13935,United Kingdom,2010-02-25 16:01:00,2010-04-22 11:21:00,596,3,6116.92,2252.0,0.0,0.0,1,3,5,9,At Risk
13625,United Kingdom,2010-04-22 10:50:00,2010-04-22 10:50:00,596,1,301.26,144.0,0.0,0.0,1,1,2,4,Lost
16028,United Kingdom,2010-04-23 11:45:00,2010-04-23 11:45:00,595,1,82.2,18.0,0.0,0.0,1,1,1,3,Lost
17057,United Kingdom,2010-04-22 19:21:00,2010-04-22 19:21:00,595,1,294.74,129.0,0.0,0.0,1,1,2,4,Lost
17240,United Kingdom,2010-04-22 15:44:00,2010-04-22 15:44:00,595,1,130.6,108.0,0.0,0.0,1,1,1,3,Lost
15548,United Kingdom,2010-04-23 12:20:00,2010-04-23 12:20:00,595,1,158.09,64.0,0.0,0.0,1,1,1,3,Lost
14556,United Kingdom,2010-01-20 11:49:00,2010-04-22 14:57:00,595,3,835.34,331.0,0.0,0.0,1,3,3,7,At Risk
15474,United Kingdom,2010-04-23 11:14:00,2010-04-23 11:14:00,595,1,163.1,56.0,0.0,0.0,1,1,1,3,Lost
17729,United Kingdom,2010-04-22 15:03:00,2010-04-22 15:03:00,595,1,438.65,247.0,0.0,0.0,1,1,2,4,Lost
16585,United Kingdom,2010-01-13 13:31:00,2010-04-25 10:34:00,593,2,341.59,151.0,0.0,0.0,1,2,2,5,Lost
16068,United Kingdom,2010-04-25 11:52:00,2010-04-25 11:52:00,593,1,122.93,52.0,0.0,0.0,1,1,1,3,Lost
14773,United Kingdom,2010-04-26 10:29:00,2010-04-26 10:29:00,592,1,125.7,53.0,3.0,0.0566,1,1,1,3,Lost
15586,United Kingdom,2010-01-08 10:02:00,2010-04-26 11:00:00,592,3,1128.66,1338.0,36.0,0.0269,1,3,3,7,At Risk
14677,United Kingdom,2010-04-26 09:48:00,2010-04-26 09:48:00,592,1,184.91,139.0,0.0,0.0,1,1,1,3,Lost
18091,United Kingdom,2010-04-25 13:18:00,2010-04-25 13:18:00,592,1,360.85,539.0,0.0,0.0,1,1,2,4,Lost
14999,United Kingdom,2010-04-26 10:47:00,2010-04-26 10:47:00,592,1,129.48,88.0,0.0,0.0,1,1,1,3,Lost
14743,United Kingdom,2010-04-26 10:26:00,2010-04-26 10:26:00,592,1,50.48,40.0,0.0,0.0,1,1,1,3,Lost
17093,United Kingdom,2010-04-26 10:22:00,2010-04-26 10:22:00,592,1,235.88,114.0,0.0,0.0,1,1,1,3,Lost
13609,United Kingdom,2010-04-25 13:26:00,2010-04-25 13:26:00,592,1,167.35,19.0,0.0,0.0,1,1,1,3,Lost
17185,United Kingdom,2010-04-20 13:49:00,2010-04-27 12:15:00,591,3,229.46,119.0,0.0,0.0,1,3,1,5,At Risk
17959,United Kingdom,2010-04-26 14:12:00,2010-04-26 14:12:00,591,1,140.75,49.0,0.0,0.0,1,1,1,3,Lost
16543,United Kingdom,2010-04-27 11:38:00,2010-04-27 11:38:00,591,1,277.81,317.0,14.0,0.0442,1,1,2,4,Lost
12392,Australia,2010-04-27 14:04:00,2010-04-27 14:04:00,590,1,234.75,73.0,0.0,0.0,1,1,1,3,Lost
16749,United Kingdom,2009-12-15 14:05:00,2010-04-27 13:06:00,590,2,4387.08,2078.0,0.0,0.0,1,2,5,8,At Risk
14471,United Kingdom,2009-12-07 12:26:00,2010-04-27 17:12:00,590,2,400.95,187.0,0.0,0.0,1,2,2,5,Lost
16408,United Kingdom,2010-04-27 14:08:00,2010-04-27 14:08:00,590,1,231.93,227.0,0.0,0.0,1,1,1,3,Lost
13775,United Kingdom,2010-04-28 12:15:00,2010-04-28 12:15:00,590,1,1049.66,455.0,0.0,0.0,1,1,3,5,At Risk
16267,United Kingdom,2010-04-27 14:10:00,2010-04-27 14:10:00,590,1,186.66,198.0,0.0,0.0,1,1,1,3,Lost
12698,Germany,2010-04-28 15:51:00,2010-04-28 15:51:00,589,1,339.75,111.0,0.0,0.0,1,1,2,4,Lost
14724,United Kingdom,2010-04-28 13:26:00,2010-04-28 13:26:00,589,1,345.25,187.0,0.0,0.0,1,1,2,4,Lost
17605,United Kingdom,2010-04-28 14:45:00,2010-04-28 14:45:00,589,1,160.75,71.0,0.0,0.0,1,1,1,3,Lost
14650,United Kingdom,2010-04-29 20:27:00,2010-04-29 20:27:00,588,1,62.5,22.0,0.0,0.0,1,1,1,3,Lost
18111,United Kingdom,2010-04-29 12:58:00,2010-04-29 12:58:00,588,1,398.9,232.0,4.0,0.0172,1,1,2,4,Lost
15954,United Kingdom,2010-04-29 13:35:00,2010-04-29 13:35:00,588,1,190.75,119.0,0.0,0.0,1,1,1,3,Lost
15818,United Kingdom,2010-04-30 12:58:00,2010-04-30 12:58:00,587,1,340.5,284.0,0.0,0.0,1,1,2,4,Lost
14683,United Kingdom,2010-04-30 17:18:00,2010-04-30 17:18:00,587,1,146.56,386.0,0.0,0.0,1,1,1,3,Lost
16651,United Kingdom,2010-05-02 11:46:00,2010-05-02 11:46:00,586,1,136.2,60.0,0.0,0.0,1,1,1,3,Lost
17565,United Kingdom,2010-05-02 11:54:00,2010-05-02 11:54:00,586,1,131.83,67.0,0.0,0.0,1,1,1,3,Lost
15229,United Kingdom,2010-05-02 13:50:00,2010-05-02 13:50:00,585,1,160.5,114.0,0.0,0.0,1,1,1,3,Lost
13143,United Kingdom,2010-05-04 12:22:00,2010-05-04 12:22:00,584,1,399.2,198.0,2.0,0.0101,1,1,2,4,Lost
15391,United Kingdom,2010-05-04 15:04:00,2010-05-04 15:04:00,583,1,282.92,109.0,1.0,0.0092,1,1,2,4,Lost
13039,United Kingdom,2009-12-17 16:43:00,2010-05-04 16:45:00,583,4,1010.73,290.0,0.0,0.0,1,3,3,7,At Risk
12503,Spain,2010-05-04 13:59:00,2010-05-04 13:59:00,583,1,0.0,561.0,1.0,0.0018,1,1,1,3,Lost
13393,United Kingdom,2009-12-07 18:12:00,2010-05-05 09:34:00,583,4,1105.85,662.0,4.0,0.006,1,3,3,7,At Risk
18163,United Kingdom,2010-05-04 14:51:00,2010-05-04 14:51:00,583,1,639.34,452.0,22.0,0.0487,1,1,3,5,At Risk
15868,United Kingdom,2010-05-05 14:11:00,2010-05-05 14:11:00,582,1,94.53,57.0,0.0,0.0,1,1,1,3,Lost
18028,United Kingdom,2010-05-05 13:28:00,2010-05-05 13:28:00,582,1,192.05,133.0,0.0,0.0,1,1,1,3,Lost
13400,United Kingdom,2010-05-06 09:00:00,2010-05-06 09:00:00,582,1,300.93,284.0,2.0,0.007,1,1,2,4,Lost
15591,United Kingdom,2010-02-04 09:20:00,2010-05-06 09:23:00,582,3,217.9,58.0,0.0,0.0,1,3,1,5,At Risk
17798,United Kingdom,2010-05-07 11:42:00,2010-05-07 11:42:00,581,1,183.09,142.0,0.0,0.0,1,1,1,3,Lost
14826,United Kingdom,2010-01-13 13:08:00,2010-05-07 09:00:00,581,2,385.2,152.0,0.0,0.0,1,2,2,5,Lost
17199,United Kingdom,2010-05-06 13:53:00,2010-05-06 13:53:00,581,1,145.12,304.0,0.0,0.0,1,1,1,3,Lost
13830,United Kingdom,2010-05-07 12:24:00,2010-05-07 12:24:00,581,1,135.95,47.0,2.0,0.0426,1,1,1,3,Lost
13175,United Kingdom,2009-12-04 12:11:00,2010-05-06 13:13:00,581,2,793.1,423.0,31.0,0.0733,1,2,3,6,At Risk
17225,United Kingdom,2010-05-07 11:38:00,2010-05-07 11:38:00,581,1,131.15,36.0,0.0,0.0,1,1,1,3,Lost
18254,United Kingdom,2010-05-07 14:37:00,2010-05-07 14:37:00,580,1,267.9,188.0,0.0,0.0,1,1,2,4,Lost
17028,United Kingdom,2009-12-18 14:28:00,2010-05-07 15:33:00,580,3,1593.83,856.0,0.0,0.0,1,3,4,8,At Risk
14814,United Kingdom,2010-05-07 14:10:00,2010-05-07 14:10:00,580,1,160.46,96.0,0.0,0.0,1,1,1,3,Lost
13007,United Kingdom,2010-05-09 10:38:00,2010-05-09 10:38:00,579,1,175.25,59.0,0.0,0.0,1,1,1,3,Lost
13051,United Kingdom,2010-03-30 11:11:00,2010-05-10 09:14:00,578,2,155.8,72.0,0.0,0.0,1,2,1,4,Lost
14941,United Kingdom,2010-05-10 11:30:00,2010-05-10 11:30:00,578,1,182.1,80.0,0.0,0.0,1,1,1,3,Lost
13407,United Kingdom,2010-02-16 11:13:00,2010-05-10 12:41:00,578,3,2111.89,1690.0,67.0,0.0396,1,3,4,8,At Risk
14361,United Kingdom,2010-05-10 12:29:00,2010-05-10 12:29:00,578,1,214.71,251.0,0.0,0.0,1,1,1,3,Lost
14678,United Kingdom,2010-05-09 14:32:00,2010-05-09 14:32:00,578,1,386.44,179.0,1.0,0.0056,1,1,2,4,Lost
14588,United Kingdom,2010-05-10 15:08:00,2010-05-10 15:08:00,577,1,135.39,62.0,0.0,0.0,1,1,1,3,Lost
18275,United Kingdom,2009-12-08 16:23:00,2010-05-10 15:46:00,577,2,741.85,417.0,0.0,0.0,1,2,3,6,At Risk
17077,United Kingdom,2010-05-10 16:36:00,2010-05-10 16:36:00,577,1,306.0,36.0,0.0,0.0,1,1,2,4,Lost
13943,United Kingdom,2010-05-11 11:30:00,2010-05-11 11:30:00,577,1,246.54,94.0,0.0,0.0,1,1,1,3,Lost
17563,United Kingdom,2010-04-07 10:02:00,2010-05-10 14:54:00,577,2,309.28,256.0,29.0,0.1133,1,2,2,5,Lost
14391,United Kingdom,2010-05-12 09:42:00,2010-05-12 09:42:00,576,1,135.6,168.0,0.0,0.0,1,1,1,3,Lost
13834,United Kingdom,2010-02-08 12:52:00,2010-05-12 10:27:00,576,2,247.89,221.0,7.0,0.0317,1,2,1,4,Lost
16487,United Kingdom,2010-02-18 17:36:00,2010-05-11 13:38:00,576,2,209.4,163.0,0.0,0.0,1,2,1,4,Lost
17016,United Kingdom,2010-05-12 12:32:00,2010-05-12 12:32:00,576,1,552.4,309.0,0.0,0.0,1,1,2,4,Lost
13222,United Kingdom,2010-05-11 13:54:00,2010-05-11 13:54:00,576,1,88.5,30.0,0.0,0.0,1,1,1,3,Lost
12905,United Kingdom,2010-01-26 14:06:00,2010-05-12 10:05:00,576,2,1011.82,532.0,4.0,0.0075,1,2,3,6,At Risk
14685,United Kingdom,2009-12-13 11:32:00,2010-05-12 13:08:00,575,8,4324.31,2012.0,60.0,0.0298,1,4,5,10,At Risk
12549,USA,2010-01-11 12:29:00,2010-05-13 12:05:00,575,6,1575.68,1366.0,0.0,0.0,1,4,4,9,At Risk
12482,Sweden,2010-02-24 10:24:00,2010-05-12 16:51:00,575,29,21893.53,27042.0,3.0,0.0001,1,5,5,11,At Risk
18197,United Kingdom,2010-05-13 10:46:00,2010-05-13 10:46:00,575,1,221.4,166.0,4.0,0.0241,1,1,1,3,Lost
17484,United Kingdom,2010-03-25 16:17:00,2010-05-12 15:41:00,575,2,209.57,339.0,0.0,0.0,1,2,1,4,Lost
15470,United Kingdom,2010-05-13 09:35:00,2010-05-13 09:35:00,575,1,63.42,232.0,0.0,0.0,1,1,1,3,Lost
16088,United Kingdom,2010-04-27 10:56:00,2010-05-13 10:16:00,575,2,1437.43,373.0,0.0,0.0,1,2,4,7,At Risk
12894,United Kingdom,2010-05-13 14:47:00,2010-05-13 14:47:00,574,1,157.35,33.0,0.0,0.0,1,1,1,3,Lost
17113,United Kingdom,2010-01-11 10:14:00,2010-05-14 13:59:00,573,6,2109.16,915.0,99.0,0.1082,1,4,4,9,At Risk
16922,United Kingdom,2010-05-16 11:24:00,2010-05-16 11:24:00,572,1,611.08,281.0,0.0,0.0,1,1,3,5,At Risk
16507,United Kingdom,2010-05-16 12:56:00,2010-05-16 12:56:00,571,1,152.76,116.0,0.0,0.0,1,1,1,3,Lost
14982,United Kingdom,2010-05-16 15:52:00,2010-05-16 15:52:00,571,1,237.78,125.0,0.0,0.0,1,1,1,3,Lost
18157,United Kingdom,2010-05-17 14:09:00,2010-05-17 14:09:00,570,1,215.35,146.0,0.0,0.0,1,1,1,3,Lost
13432,United Kingdom,2010-04-06 14:42:00,2010-05-17 13:18:00,570,2,439.1,217.0,0.0,0.0,1,2,2,5,Lost
14017,United Kingdom,2010-05-17 14:52:00,2010-05-17 14:52:00,570,1,229.75,73.0,0.0,0.0,1,1,1,3,Lost
14325,United Kingdom,2010-05-19 09:20:00,2010-05-19 09:20:00,569,1,245.48,320.0,0.0,0.0,1,1,1,3,Lost
15282,United Kingdom,2010-05-18 16:27:00,2010-05-18 16:27:00,569,1,348.59,395.0,0.0,0.0,1,1,2,4,Lost
16564,United Kingdom,2010-05-19 14:41:00,2010-05-19 14:41:00,568,1,87.8,40.0,0.0,0.0,1,1,1,3,Lost
13164,United Kingdom,2010-02-10 11:52:00,2010-05-19 13:52:00,568,2,297.46,120.0,6.0,0.05,1,2,2,5,Lost
17184,United Kingdom,2009-12-09 14:17:00,2010-05-19 14:24:00,568,2,198.41,73.0,0.0,0.0,1,2,1,4,Lost
16664,United Kingdom,2010-05-19 17:11:00,2010-05-19 17:11:00,568,1,109.2,24.0,0.0,0.0,1,1,1,3,Lost
15559,United Kingdom,2010-05-20 14:06:00,2010-05-20 14:06:00,567,1,1109.4,526.0,0.0,0.0,1,1,3,5,At Risk
14464,United Kingdom,2010-03-22 15:20:00,2010-05-20 18:00:00,567,2,111.0,62.0,0.0,0.0,1,2,1,4,Lost
13616,United Kingdom,2010-01-17 14:56:00,2010-05-20 12:59:00,567,2,288.1,175.0,0.0,0.0,1,2,2,5,Lost
18208,United Kingdom,2010-05-23 11:54:00,2010-05-23 11:54:00,565,1,360.08,82.0,0.0,0.0,1,1,2,4,Lost
14394,United Kingdom,2010-05-24 10:43:00,2010-05-24 10:43:00,564,1,93.8,58.0,0.0,0.0,1,1,1,3,Lost
18052,United Kingdom,2010-05-24 11:11:00,2010-05-24 11:11:00,564,1,10877.18,17766.0,0.0,0.0,1,1,5,7,At Risk
16831,United Kingdom,2010-05-24 09:08:00,2010-05-24 09:08:00,564,1,91.8,48.0,0.0,0.0,1,1,1,3,Lost
15086,United Kingdom,2010-03-24 13:56:00,2010-05-24 12:27:00,564,2,218.53,95.0,0.0,0.0,1,2,1,4,Lost
14010,United Kingdom,2010-05-23 12:46:00,2010-05-23 13:00:00,564,2,288.1,177.0,49.0,0.2768,1,2,2,5,Lost
12773,Portugal,2010-05-24 17:30:00,2010-05-24 17:30:00,563,1,0.0,109.0,109.0,1.0,1,1,1,3,Lost
18000,United Kingdom,2010-05-24 17:34:00,2010-05-24 17:34:00,563,1,124.25,109.0,0.0,0.0,1,1,1,3,Lost
14993,United Kingdom,2010-05-25 12:47:00,2010-05-25 12:47:00,563,1,36.13,21.0,0.0,0.0,1,1,1,3,Lost
15323,United Kingdom,2010-02-16 09:21:00,2010-05-26 10:01:00,562,3,320.9,188.0,49.0,0.2606,1,3,2,6,At Risk
13020,United Kingdom,2010-02-18 10:35:00,2010-05-26 11:12:00,562,2,606.96,278.0,7.0,0.0252,1,2,3,6,At Risk
17074,United Kingdom,2010-05-26 12:04:00,2010-05-26 12:04:00,562,1,203.05,19.0,0.0,0.0,1,1,1,3,Lost
16067,United Kingdom,2010-02-02 18:01:00,2010-05-26 12:33:00,562,3,3026.19,1279.0,70.0,0.0547,1,3,5,9,At Risk
16844,United Kingdom,2010-05-06 09:16:00,2010-05-26 10:29:00,562,2,614.34,281.0,0.0,0.0,1,2,3,6,At Risk
15217,United Kingdom,2010-05-25 13:51:00,2010-05-25 13:51:00,562,1,426.24,190.0,0.0,0.0,1,1,2,4,Lost
16328,United Kingdom,2010-05-25 14:02:00,2010-05-25 14:02:00,562,1,310.83,141.0,0.0,0.0,1,1,2,4,Lost
16604,United Kingdom,2010-05-20 16:34:00,2010-05-26 09:10:00,562,2,326.25,175.0,60.0,0.3429,1,2,2,5,Lost
15340,United Kingdom,2010-05-27 10:27:00,2010-05-27 10:27:00,561,1,105.5,76.0,0.0,0.0,1,1,1,3,Lost
14938,Channel Islands,2010-05-26 13:35:00,2010-05-26 13:38:00,561,2,2289.43,1369.0,8.0,0.0058,1,2,4,7,At Risk
15278,United Kingdom,2010-02-12 14:53:00,2010-05-27 10:03:00,561,4,496.16,458.0,0.0,0.0,1,3,2,6,At Risk
16046,United Kingdom,2010-05-26 13:18:00,2010-05-26 13:18:00,561,1,235.78,248.0,0.0,0.0,1,1,1,3,Lost
15878,United Kingdom,2009-12-06 12:28:00,2010-05-27 12:17:00,561,2,330.77,243.0,0.0,0.0,1,2,2,5,Lost
16695,United Kingdom,2010-05-27 12:24:00,2010-05-27 12:36:00,561,2,193.15,185.0,0.0,0.0,1,2,1,4,Lost
16035,United Kingdom,2010-05-28 15:09:00,2010-05-28 15:09:00,559,1,217.73,33.0,0.0,0.0,1,1,1,3,Lost
12499,Germany,2010-05-28 15:12:00,2010-05-28 15:12:00,559,1,393.72,302.0,0.0,0.0,1,1,2,4,Lost
17583,United Kingdom,2010-05-28 14:24:00,2010-05-28 14:24:00,559,1,135.95,55.0,0.0,0.0,1,1,1,3,Lost
17617,United Kingdom,2010-05-30 12:48:00,2010-05-30 12:48:00,558,1,237.28,255.0,29.0,0.1137,1,1,1,3,Lost
12943,United Kingdom,2010-04-13 11:03:00,2010-05-30 13:52:00,557,2,489.0,222.0,2.0,0.009,1,2,2,5,Lost
15711,United Kingdom,2010-01-24 12:13:00,2010-06-01 12:14:00,556,2,420.25,199.0,0.0,0.0,1,2,2,5,Lost
18038,United Kingdom,2010-06-01 15:59:00,2010-06-01 15:59:00,555,1,149.41,85.0,0.0,0.0,1,1,1,3,Lost
15715,United Kingdom,2010-03-30 12:17:00,2010-06-02 09:56:00,555,5,658.02,246.0,0.0,0.0,1,4,3,8,At Risk
12677,France,2010-02-11 13:55:00,2010-06-02 14:30:00,554,2,389.3,176.0,2.0,0.0114,1,2,2,5,Lost
15305,United Kingdom,2010-06-02 13:50:00,2010-06-02 13:50:00,554,1,93.6,40.0,0.0,0.0,1,1,1,3,Lost
17845,United Kingdom,2010-05-12 13:04:00,2010-06-02 15:20:00,554,4,598.19,196.0,0.0,0.0,1,3,3,7,At Risk
14033,United Kingdom,2010-06-02 15:10:00,2010-06-02 15:10:00,554,1,109.44,576.0,0.0,0.0,1,1,1,3,Lost
16896,United Kingdom,2010-06-02 15:40:00,2010-06-02 15:40:00,554,1,103.95,18.0,0.0,0.0,1,1,1,3,Lost
16798,United Kingdom,2009-12-10 19:35:00,2010-06-03 19:01:00,553,3,837.56,209.0,2.0,0.0096,1,3,3,7,At Risk
15731,United Kingdom,2010-06-04 10:10:00,2010-06-04 10:10:00,553,1,125.3,122.0,0.0,0.0,1,1,1,3,Lost
12675,Italy,2010-05-10 16:44:00,2010-06-04 09:49:00,553,2,934.8,337.0,2.0,0.0059,1,2,3,6,At Risk
17216,United Kingdom,2010-06-03 13:03:00,2010-06-03 13:03:00,553,1,65.05,22.0,0.0,0.0,1,1,1,3,Lost
18206,United Kingdom,2010-06-04 13:47:00,2010-06-04 13:47:00,552,1,314.66,246.0,0.0,0.0,1,1,2,4,Lost
16335,United Kingdom,2009-12-04 10:18:00,2010-06-06 11:35:00,551,7,2747.0,1016.0,4.0,0.0039,1,4,4,9,At Risk
12911,United Kingdom,2010-06-06 12:13:00,2010-06-06 12:13:00,551,1,1680.47,820.0,0.0,0.0,1,1,4,6,At Risk
18234,United Kingdom,2010-06-06 11:22:00,2010-06-06 11:22:00,551,1,179.6,80.0,0.0,0.0,1,1,1,3,Lost
17009,United Kingdom,2010-06-06 16:01:00,2010-06-06 16:01:00,550,1,242.06,336.0,0.0,0.0,1,1,1,3,Lost
18137,United Kingdom,2010-06-06 13:45:00,2010-06-06 14:18:00,550,2,145.99,59.0,0.0,0.0,1,2,1,4,Lost
17915,United Kingdom,2010-06-06 13:22:00,2010-06-06 13:22:00,550,1,242.13,191.0,0.0,0.0,1,1,1,3,Lost
15956,United Kingdom,2009-12-13 11:16:00,2010-06-06 13:06:00,550,2,617.6,278.0,0.0,0.0,1,2,3,6,At Risk
13056,United Kingdom,2010-06-06 14:10:00,2010-06-06 14:10:00,550,1,209.48,158.0,0.0,0.0,1,1,1,3,Lost
14786,United Kingdom,2010-06-07 13:42:00,2010-06-07 13:42:00,549,1,90.96,112.0,0.0,0.0,1,1,1,3,Lost
17784,United Kingdom,2010-06-07 16:08:00,2010-06-07 16:08:00,549,1,112.86,72.0,0.0,0.0,1,1,1,3,Lost
14028,United Kingdom,2010-06-07 12:02:00,2010-06-07 13:33:00,549,3,3175.5,7170.0,2491.0,0.3474,1,3,5,9,At Risk
17543,United Kingdom,2010-06-08 12:41:00,2010-06-08 12:41:00,549,1,120.05,62.0,0.0,0.0,1,1,1,3,Lost
18100,United Kingdom,2010-06-07 14:19:00,2010-06-07 14:19:00,549,1,451.56,440.0,0.0,0.0,1,1,2,4,Lost
15352,United Kingdom,2010-06-09 11:28:00,2010-06-09 11:28:00,548,1,114.95,43.0,0.0,0.0,1,1,1,3,Lost
17417,United Kingdom,2010-06-09 10:00:00,2010-06-09 10:00:00,548,1,164.18,76.0,0.0,0.0,1,1,1,3,Lost
14671,United Kingdom,2010-05-20 18:21:00,2010-06-08 13:39:00,548,2,1127.45,571.0,0.0,0.0,1,2,3,6,At Risk
14308,United Kingdom,2010-06-08 16:39:00,2010-06-08 16:48:00,548,2,-849.45,2.0,3.0,1.5,1,2,1,4,Lost
18103,United Kingdom,2010-06-08 13:36:00,2010-06-08 13:36:00,548,1,105.8,23.0,0.0,0.0,1,1,1,3,Lost
17808,United Kingdom,2010-05-07 16:26:00,2010-06-09 10:44:00,548,4,262.64,143.0,0.0,0.0,1,3,1,5,At Risk
15183,United Kingdom,2010-05-04 11:31:00,2010-06-10 10:43:00,547,3,637.03,297.0,2.0,0.0067,1,3,3,7,At Risk
17032,United Kingdom,2009-12-10 15:36:00,2010-06-10 12:16:00,547,8,2150.06,1695.0,11.0,0.0065,1,4,4,9,At Risk
17971,United Kingdom,2010-06-09 14:04:00,2010-06-09 14:04:00,547,1,161.94,62.0,0.0,0.0,1,1,1,3,Lost
15684,United Kingdom,2009-12-04 16:13:00,2010-06-10 18:51:00,546,3,147.8,77.0,5.0,0.0649,1,3,1,5,At Risk
17246,United Kingdom,2009-12-01 17:45:00,2010-06-11 12:36:00,546,2,38.92,36.0,0.0,0.0,1,2,1,4,Lost
13438,United Kingdom,2010-06-10 18:46:00,2010-06-10 18:46:00,546,1,46.5,10.0,0.0,0.0,1,1,1,3,Lost
17902,United Kingdom,2010-06-11 12:25:00,2010-06-11 12:25:00,546,1,216.4,526.0,0.0,0.0,1,1,1,3,Lost
13794,United Kingdom,2010-06-11 12:30:00,2010-06-11 12:30:00,546,1,126.03,63.0,0.0,0.0,1,1,1,3,Lost
16862,United Kingdom,2010-01-07 12:57:00,2010-06-10 13:05:00,546,4,662.33,513.0,0.0,0.0,1,3,3,7,At Risk
16547,United Kingdom,2010-06-11 13:02:00,2010-06-11 13:02:00,545,1,111.71,113.0,0.0,0.0,1,1,1,3,Lost
14255,United Kingdom,2010-06-11 15:54:00,2010-06-11 15:54:00,545,1,-1441.6,1.0,3.0,3.0,1,1,1,3,Lost
13337,United Kingdom,2010-06-11 13:27:00,2010-06-11 13:27:00,545,1,1548.55,980.0,25.0,0.0255,1,1,4,6,At Risk
13619,United Kingdom,2010-02-03 14:16:00,2010-06-13 11:39:00,544,2,231.69,84.0,0.0,0.0,1,2,1,4,Lost
13383,United Kingdom,2010-06-14 11:45:00,2010-06-14 11:45:00,543,1,305.28,288.0,0.0,0.0,1,1,2,4,Lost
18020,United Kingdom,2010-06-14 12:31:00,2010-06-14 12:31:00,543,1,129.28,67.0,24.0,0.3582,1,1,1,3,Lost
16132,United Kingdom,2010-03-22 10:25:00,2010-06-13 13:49:00,543,2,664.2,280.0,0.0,0.0,1,2,3,6,At Risk
16622,United Kingdom,2010-06-14 10:44:00,2010-06-14 10:44:00,543,1,205.6,44.0,4.0,0.0909,1,1,1,3,Lost
13190,United Kingdom,2009-12-07 12:13:00,2010-06-13 15:47:00,543,3,518.76,308.0,2.0,0.0065,1,3,2,6,At Risk
15905,United Kingdom,2010-06-14 16:00:00,2010-06-14 16:00:00,542,1,114.69,82.0,0.0,0.0,1,1,1,3,Lost
17922,United Kingdom,2010-06-14 16:32:00,2010-06-14 16:32:00,542,1,170.4,49.0,0.0,0.0,1,1,1,3,Lost
15040,United Kingdom,2010-06-16 11:40:00,2010-06-16 11:40:00,541,1,7.49,1.0,0.0,0.0,1,1,1,3,Lost
17020,United Kingdom,2010-03-03 12:27:00,2010-06-15 13:06:00,541,2,935.62,860.0,0.0,0.0,1,2,3,6,At Risk
15926,United Kingdom,2010-06-15 15:23:00,2010-06-15 15:23:00,541,1,134.44,155.0,0.0,0.0,1,1,1,3,Lost
15816,United Kingdom,2010-06-15 12:54:00,2010-06-15 13:36:00,541,2,93.3,54.0,3.0,0.0556,1,2,1,4,Lost
13608,United Kingdom,2010-06-17 12:28:00,2010-06-17 12:28:00,540,1,236.2,113.0,0.0,0.0,1,1,1,3,Lost
17401,United Kingdom,2010-06-16 16:54:00,2010-06-16 16:54:00,540,1,114.85,34.0,0.0,0.0,1,1,1,3,Lost
12746,United Kingdom,2010-06-17 10:41:00,2010-06-17 10:41:00,540,1,230.85,97.0,6.0,0.0619,1,1,1,3,Lost
13112,United Kingdom,2010-06-16 17:03:00,2010-06-16 17:03:00,540,1,-5.44,11.0,12.0,1.0909,1,1,1,3,Lost
14374,United Kingdom,2010-06-16 14:25:00,2010-06-16 14:25:00,540,1,108.0,20.0,0.0,0.0,1,1,1,3,Lost
16492,United Kingdom,2010-06-17 08:20:00,2010-06-17 08:20:00,540,1,385.56,235.0,0.0,0.0,1,1,2,4,Lost
16538,United Kingdom,2010-04-23 16:25:00,2010-06-16 16:59:00,540,3,399.62,257.0,0.0,0.0,1,3,2,6,At Risk
13586,United Kingdom,2010-06-16 13:47:00,2010-06-16 13:47:00,540,1,131.53,39.0,0.0,0.0,1,1,1,3,Lost
16925,United Kingdom,2010-06-17 15:03:00,2010-06-17 15:03:00,539,1,125.65,123.0,0.0,0.0,1,1,1,3,Lost
15718,United Kingdom,2010-06-17 16:20:00,2010-06-17 16:20:00,539,1,293.79,95.0,0.0,0.0,1,1,2,4,Lost
17610,United Kingdom,2009-12-06 16:07:00,2010-06-17 16:34:00,539,5,1427.84,902.0,20.0,0.0222,1,4,4,9,At Risk
16661,United Kingdom,2009-12-17 15:39:00,2010-06-17 15:24:00,539,4,842.18,385.0,89.0,0.2312,1,3,3,7,At Risk
17953,United Kingdom,2010-06-17 15:08:00,2010-06-17 15:08:00,539,1,160.82,99.0,0.0,0.0,1,1,1,3,Lost
13676,United Kingdom,2010-03-30 16:53:00,2010-06-18 17:30:00,538,2,153.15,104.0,45.0,0.4327,1,2,1,4,Lost
14919,United Kingdom,2010-06-18 13:06:00,2010-06-18 13:06:00,538,1,359.35,129.0,0.0,0.0,1,1,2,4,Lost
12932,United Kingdom,2010-02-10 08:46:00,2010-06-18 14:22:00,538,8,1698.56,1609.0,0.0,0.0,1,4,4,9,At Risk
15538,United Kingdom,2010-02-14 12:38:00,2010-06-20 10:49:00,537,6,3027.15,1016.0,28.0,0.0276,1,4,5,10,At Risk
16486,United Kingdom,2010-06-20 12:16:00,2010-06-20 12:16:00,537,1,134.36,24.0,0.0,0.0,1,1,1,3,Lost
18128,United Kingdom,2010-06-20 13:19:00,2010-06-20 13:19:00,536,1,420.04,221.0,0.0,0.0,1,1,2,4,Lost
16390,United Kingdom,2010-01-29 15:25:00,2010-06-21 10:11:00,536,3,467.5,122.0,0.0,0.0,1,3,2,6,At Risk
15126,United Kingdom,2010-01-21 17:09:00,2010-06-21 12:31:00,536,2,449.49,273.0,0.0,0.0,1,2,2,5,Lost
17192,United Kingdom,2010-06-21 16:07:00,2010-06-21 16:07:00,535,1,77.83,46.0,0.0,0.0,1,1,1,3,Lost
12634,USA,2010-06-09 15:41:00,2010-06-22 10:05:00,535,2,490.0,337.0,0.0,0.0,1,2,2,5,Lost
12774,Netherlands,2010-06-22 10:38:00,2010-06-22 10:38:00,535,1,98.7,53.0,0.0,0.0,1,1,1,3,Lost
12810,Japan,2010-02-01 09:52:00,2010-06-23 10:53:00,534,2,534.99,389.0,0.0,0.0,1,2,2,5,Lost
14874,United Kingdom,2010-06-22 14:58:00,2010-06-22 14:58:00,534,1,116.18,148.0,0.0,0.0,1,1,1,3,Lost
13942,United Kingdom,2010-06-23 12:35:00,2010-06-23 12:35:00,534,1,320.0,1000.0,0.0,0.0,1,1,2,4,Lost
15991,United Kingdom,2010-06-23 15:50:00,2010-06-23 15:50:00,533,1,150.55,41.0,0.0,0.0,1,1,1,3,Lost
16683,United Kingdom,2010-06-24 10:36:00,2010-06-24 10:36:00,533,1,309.35,190.0,2.0,0.0105,1,1,2,4,Lost
15913,United Kingdom,2010-06-23 16:31:00,2010-06-23 16:31:00,533,1,6.3,3.0,0.0,0.0,1,1,1,3,Lost
17304,United Kingdom,2010-06-23 16:23:00,2010-06-23 16:23:00,533,1,111.5,73.0,0.0,0.0,1,1,1,3,Lost
14509,United Kingdom,2010-06-23 13:21:00,2010-06-23 13:21:00,533,1,110.95,38.0,0.0,0.0,1,1,1,3,Lost
17099,United Kingdom,2010-06-24 16:25:00,2010-06-24 16:25:00,532,1,582.17,317.0,0.0,0.0,1,1,2,4,Lost
18214,United Kingdom,2010-06-03 19:47:00,2010-06-27 11:21:00,530,4,1480.99,989.0,199.0,0.2012,1,3,4,8,At Risk
15102,United Kingdom,2010-06-11 10:16:00,2010-06-27 12:16:00,530,2,554.67,339.0,0.0,0.0,1,2,2,5,Lost
13585,United Kingdom,2009-12-01 14:56:00,2010-06-27 12:33:00,530,3,674.46,1386.0,48.0,0.0346,1,3,3,7,At Risk
16453,United Kingdom,2010-06-09 13:15:00,2010-06-27 12:46:00,530,2,251.71,139.0,0.0,0.0,1,2,1,4,Lost
13057,United Kingdom,2010-03-18 12:14:00,2010-06-27 15:44:00,529,3,540.74,466.0,13.0,0.0279,1,3,2,6,At Risk
17437,United Kingdom,2010-06-28 11:11:00,2010-06-28 11:11:00,529,1,373.17,284.0,0.0,0.0,1,1,2,4,Lost
16733,United Kingdom,2010-06-28 10:12:00,2010-06-28 10:12:00,529,1,259.68,112.0,0.0,0.0,1,1,1,3,Lost
12485,Sweden,2010-06-28 15:22:00,2010-06-28 15:22:00,528,1,708.1,414.0,0.0,0.0,1,1,3,5,At Risk
14835,United Kingdom,2010-04-01 19:34:00,2010-06-29 10:08:00,528,2,293.1,180.0,2.0,0.0111,1,2,2,5,Lost
12799,Japan,2010-06-28 15:57:00,2010-06-28 15:57:00,528,1,219.35,137.0,0.0,0.0,1,1,1,3,Lost
12741,USA,2010-06-24 16:24:00,2010-06-28 14:36:00,528,2,406.07,214.0,0.0,0.0,1,2,2,5,Lost
14774,United Kingdom,2010-06-29 12:26:00,2010-06-29 12:26:00,528,1,241.45,99.0,0.0,0.0,1,1,1,3,Lost
12529,France,2010-06-29 13:10:00,2010-06-29 13:10:00,527,1,311.78,192.0,2.0,0.0104,1,1,2,4,Lost
17332,United Kingdom,2010-02-21 14:41:00,2010-06-29 16:10:00,527,5,838.27,794.0,0.0,0.0,1,4,3,8,At Risk
13620,United Kingdom,2010-06-29 15:02:00,2010-06-29 15:02:00,527,1,112.34,74.0,0.0,0.0,1,1,1,3,Lost
13872,United Kingdom,2009-12-14 09:56:00,2010-06-30 15:35:00,526,3,891.32,339.0,7.0,0.0206,1,3,3,7,At Risk
15486,United Kingdom,2010-06-30 13:15:00,2010-06-30 13:15:00,526,1,102.0,40.0,0.0,0.0,1,1,1,3,Lost
17748,United Kingdom,2010-06-30 13:49:00,2010-06-30 13:49:00,526,1,358.15,111.0,0.0,0.0,1,1,2,4,Lost
15851,United Kingdom,2010-07-01 12:34:00,2010-07-01 12:34:00,526,1,109.73,67.0,0.0,0.0,1,1,1,3,Lost
14366,United Kingdom,2010-07-02 17:23:00,2010-07-02 17:23:00,524,1,136.0,16.0,0.0,0.0,1,1,1,3,Lost
13125,United Kingdom,2010-07-04 11:58:00,2010-07-04 11:58:00,523,1,158.57,54.0,0.0,0.0,1,1,1,3,Lost
16974,United Kingdom,2010-05-24 10:43:00,2010-07-05 10:18:00,522,2,365.5,70.0,0.0,0.0,1,2,2,5,Lost
12469,Thailand,2010-06-21 10:30:00,2010-07-05 12:40:00,522,2,3070.54,2552.0,0.0,0.0,1,2,5,8,At Risk
14900,United Kingdom,2010-07-05 15:09:00,2010-07-05 15:09:00,521,1,13.92,48.0,0.0,0.0,1,1,1,3,Lost
16158,United Kingdom,2009-12-05 15:00:00,2010-07-05 13:55:00,521,9,611.32,182.0,2.0,0.011,1,5,3,9,At Risk
15650,United Kingdom,2010-03-21 11:46:00,2010-07-06 10:41:00,521,2,539.03,210.0,3.0,0.0143,1,2,2,5,Lost
12730,Germany,2010-07-06 12:19:00,2010-07-06 12:19:00,521,1,829.25,234.0,0.0,0.0,1,1,3,5,At Risk
14876,United Kingdom,2010-05-27 13:49:00,2010-07-06 14:57:00,520,2,256.7,162.0,0.0,0.0,1,2,1,4,Lost
15137,United Kingdom,2010-01-28 15:45:00,2010-07-07 09:41:00,520,2,747.55,596.0,89.0,0.1493,1,2,3,6,At Risk
12825,United Kingdom,2010-03-08 10:17:00,2010-07-06 13:56:00,520,2,518.63,139.0,0.0,0.0,1,2,2,5,Lost
16443,United Kingdom,2010-07-07 11:57:00,2010-07-07 11:57:00,520,1,162.24,96.0,0.0,0.0,1,1,1,3,Lost
14279,United Kingdom,2010-01-27 16:34:00,2010-07-07 08:42:00,520,2,191.86,46.0,0.0,0.0,1,2,1,4,Lost
12632,Germany,2010-05-24 09:07:00,2010-07-07 09:39:00,520,2,738.88,694.0,26.0,0.0375,1,2,3,6,At Risk
16544,United Kingdom,2010-02-15 13:20:00,2010-07-08 11:11:00,519,4,110.3,150.0,96.0,0.64,1,3,1,5,At Risk
17129,United Kingdom,2010-07-07 13:46:00,2010-07-07 13:46:00,519,1,31.85,5.0,0.0,0.0,1,1,1,3,Lost
15056,United Kingdom,2010-07-07 15:58:00,2010-07-07 15:58:00,519,1,133.45,81.0,0.0,0.0,1,1,1,3,Lost
16649,United Kingdom,2010-07-07 15:41:00,2010-07-07 15:41:00,519,1,306.58,82.0,0.0,0.0,1,1,2,4,Lost
14695,United Kingdom,2009-12-07 11:05:00,2010-07-08 14:18:00,518,3,1552.57,678.0,54.0,0.0796,1,3,4,8,At Risk
18279,United Kingdom,2010-07-08 14:48:00,2010-07-08 14:48:00,518,1,231.34,630.0,0.0,0.0,1,1,1,3,Lost
13997,United Kingdom,2010-06-07 17:33:00,2010-07-08 18:06:00,518,3,382.31,146.0,0.0,0.0,1,3,2,6,At Risk
14580,United Kingdom,2010-07-09 15:20:00,2010-07-09 15:20:00,517,1,14.85,3.0,0.0,0.0,1,1,1,3,Lost
13595,United Kingdom,2010-03-03 14:42:00,2010-07-11 12:36:00,516,3,818.22,353.0,0.0,0.0,1,3,3,7,At Risk
14516,United Kingdom,2010-07-11 14:07:00,2010-07-11 14:07:00,515,1,163.92,68.0,0.0,0.0,1,1,1,3,Lost
13779,United Kingdom,2010-07-12 11:24:00,2010-07-12 11:24:00,515,1,161.13,53.0,0.0,0.0,1,1,1,3,Lost
17847,United Kingdom,2010-03-04 12:57:00,2010-07-12 10:00:00,515,2,129.69,29.0,0.0,0.0,1,2,1,4,Lost
18238,United Kingdom,2010-07-12 12:51:00,2010-07-12 12:51:00,514,1,270.92,114.0,0.0,0.0,1,1,2,4,Lost
14069,United Kingdom,2010-05-27 12:30:00,2010-07-13 12:12:00,514,2,230.06,59.0,0.0,0.0,1,2,1,4,Lost
17773,United Kingdom,2010-01-18 14:32:00,2010-07-13 14:07:00,513,2,585.27,260.0,0.0,0.0,1,2,2,5,Lost
17559,United Kingdom,2010-07-15 12:02:00,2010-07-15 12:02:00,512,1,167.62,270.0,0.0,0.0,1,1,1,3,Lost
13559,United Kingdom,2010-06-14 11:52:00,2010-07-15 09:52:00,512,2,990.0,360.0,0.0,0.0,1,2,3,6,At Risk
17145,United Kingdom,2010-02-19 12:07:00,2010-07-15 09:02:00,512,4,3014.64,2591.0,28.0,0.0108,1,3,5,9,At Risk
15259,United Kingdom,2010-01-26 09:41:00,2010-07-15 08:47:00,512,4,1182.38,631.0,0.0,0.0,1,3,3,7,At Risk
14007,United Kingdom,2010-07-15 09:06:00,2010-07-15 09:06:00,512,1,79.48,16.0,0.0,0.0,1,1,1,3,Lost
16435,United Kingdom,2010-07-13 13:29:00,2010-07-15 18:22:00,511,3,1011.57,609.0,0.0,0.0,1,3,3,7,At Risk
14486,United Kingdom,2010-06-04 10:30:00,2010-07-16 09:42:00,511,2,175.5,90.0,0.0,0.0,1,2,1,4,Lost
14084,United Kingdom,2010-07-15 14:36:00,2010-07-15 14:36:00,511,1,150.5,306.0,0.0,0.0,1,1,1,3,Lost
14430,United Kingdom,2010-04-11 15:59:00,2010-07-16 11:35:00,511,3,956.4,446.0,38.0,0.0852,1,3,3,7,At Risk
15542,United Kingdom,2009-12-02 11:53:00,2010-07-15 13:32:00,511,3,895.9,469.0,17.0,0.0362,1,3,3,7,At Risk
16251,United Kingdom,2010-07-15 14:55:00,2010-07-15 14:55:00,511,1,128.31,44.0,0.0,0.0,1,1,1,3,Lost
13074,United Kingdom,2009-12-16 11:46:00,2010-07-16 16:53:00,510,4,1362.84,826.0,2.0,0.0024,1,3,4,8,At Risk
18021,United Kingdom,2010-07-15 18:47:00,2010-07-18 10:52:00,509,2,227.06,169.0,0.0,0.0,1,2,1,4,Lost
14563,United Kingdom,2010-04-26 12:51:00,2010-07-18 12:01:00,509,2,679.44,335.0,0.0,0.0,1,2,3,6,At Risk
17261,United Kingdom,2010-07-18 11:49:00,2010-07-18 11:49:00,509,1,230.44,98.0,0.0,0.0,1,1,1,3,Lost
17541,United Kingdom,2010-07-18 11:36:00,2010-07-18 11:36:00,509,1,124.46,46.0,0.0,0.0,1,1,1,3,Lost
14674,United Kingdom,2010-07-18 14:25:00,2010-07-18 14:25:00,508,1,173.66,103.0,0.0,0.0,1,1,1,3,Lost
16467,United Kingdom,2009-12-02 11:59:00,2010-07-19 11:49:00,508,7,2862.4,7384.0,4.0,0.0005,1,4,5,10,At Risk
15633,United Kingdom,2009-12-08 17:51:00,2010-07-18 13:54:00,508,13,4173.41,2058.0,34.0,0.0165,1,5,5,11,At Risk
15788,United Kingdom,2010-07-19 12:48:00,2010-07-19 12:48:00,508,1,215.53,115.0,3.0,0.0261,1,1,1,3,Lost
13734,United Kingdom,2010-04-16 08:42:00,2010-07-19 12:04:00,508,4,3451.29,303.0,93.0,0.3069,1,3,5,9,At Risk
17395,United Kingdom,2010-07-19 15:34:00,2010-07-19 15:34:00,507,1,97.5,66.0,0.0,0.0,1,1,1,3,Lost
14061,United Kingdom,2009-12-01 18:03:00,2010-07-20 17:22:00,506,3,917.43,133.0,0.0,0.0,1,3,3,7,At Risk
14797,United Kingdom,2010-07-20 14:07:00,2010-07-20 14:07:00,506,1,300.31,99.0,0.0,0.0,1,1,2,4,Lost
13913,United Kingdom,2010-07-21 10:11:00,2010-07-21 10:11:00,506,1,42.22,10.0,0.0,0.0,1,1,1,3,Lost
16736,United Kingdom,2009-12-03 16:12:00,2010-07-22 10:09:00,505,5,2904.51,1050.0,11.0,0.0105,1,4,5,10,At Risk
14858,United Kingdom,2010-07-22 10:51:00,2010-07-22 10:51:00,505,1,180.75,105.0,0.0,0.0,1,1,1,3,Lost
12595,Germany,2010-07-23 09:10:00,2010-07-23 09:10:00,504,1,299.02,271.0,0.0,0.0,1,1,2,4,Lost
13371,United Kingdom,2010-03-17 15:29:00,2010-07-22 17:33:00,504,2,2271.46,1019.0,3.0,0.0029,1,2,4,7,At Risk
17177,United Kingdom,2010-07-22 14:53:00,2010-07-22 14:53:00,504,1,119.5,40.0,0.0,0.0,1,1,1,3,Lost
13788,United Kingdom,2010-07-22 15:50:00,2010-07-22 15:50:00,504,1,3.75,1.0,0.0,0.0,1,1,1,3,Lost
14166,United Kingdom,2010-03-23 15:10:00,2010-07-22 19:42:00,504,2,256.85,84.0,0.0,0.0,1,2,1,4,Lost
16165,United Kingdom,2010-07-22 14:17:00,2010-07-22 14:17:00,504,1,79.9,2.0,0.0,0.0,1,1,1,3,Lost
18132,United Kingdom,2010-07-23 16:54:00,2010-07-23 16:54:00,503,1,226.9,216.0,0.0,0.0,1,1,1,3,Lost
15431,United Kingdom,2010-07-25 12:44:00,2010-07-25 12:44:00,502,1,153.24,84.0,0.0,0.0,1,1,1,3,Lost
16075,United Kingdom,2010-05-24 15:57:00,2010-07-25 11:31:00,502,2,726.98,271.0,1.0,0.0037,1,2,3,6,At Risk
15946,United Kingdom,2010-03-16 10:49:00,2010-07-25 12:18:00,502,3,2304.18,1614.0,0.0,0.0,1,3,4,8,At Risk
17112,United Kingdom,2010-07-25 11:14:00,2010-07-25 11:14:00,502,1,205.17,134.0,0.0,0.0,1,1,1,3,Lost
13201,United Kingdom,2010-03-07 11:01:00,2010-07-25 14:30:00,501,4,1240.61,1039.0,0.0,0.0,1,3,4,8,At Risk
12813,Netherlands,2010-01-15 16:52:00,2010-07-26 09:50:00,501,3,1687.8,1141.0,0.0,0.0,1,3,4,8,At Risk
14435,United Kingdom,2010-07-26 12:33:00,2010-07-26 12:33:00,501,1,90.42,282.0,0.0,0.0,1,1,1,3,Lost
16894,United Kingdom,2010-06-22 14:21:00,2010-07-25 15:43:00,501,3,1282.36,507.0,6.0,0.0118,1,3,4,8,At Risk
17494,United Kingdom,2010-07-26 10:06:00,2010-07-26 10:06:00,501,1,54.7,26.0,0.0,0.0,1,1,1,3,Lost
14115,United Kingdom,2010-02-11 11:44:00,2010-07-26 12:36:00,501,2,622.67,509.0,0.0,0.0,1,2,3,6,At Risk
17224,United Kingdom,2010-07-26 13:30:00,2010-07-26 13:30:00,500,1,100.86,65.0,0.0,0.0,1,1,1,3,Lost
15015,United Kingdom,2009-12-14 14:46:00,2010-07-26 13:50:00,500,13,2275.82,1593.0,30.0,0.0188,1,5,4,10,At Risk
17918,United Kingdom,2010-07-22 14:20:00,2010-07-27 11:51:00,500,3,396.39,352.0,0.0,0.0,1,3,2,6,At Risk
16219,United Kingdom,2010-07-27 11:44:00,2010-07-27 11:44:00,500,1,40.8,48.0,0.0,0.0,1,1,1,3,Lost
12801,Sweden,2010-07-27 09:38:00,2010-07-27 09:38:00,500,1,1031.87,505.0,1.0,0.002,1,1,3,5,At Risk
14384,United Kingdom,2010-07-27 09:53:00,2010-07-27 09:53:00,500,1,58.5,30.0,0.0,0.0,1,1,1,3,Lost
18026,United Kingdom,2010-07-22 16:21:00,2010-07-27 10:37:00,500,2,2074.07,530.0,0.0,0.0,1,2,4,7,At Risk
13855,United Kingdom,2009-12-08 16:56:00,2010-07-27 09:53:00,500,4,1253.94,575.0,14.0,0.0243,1,3,4,8,At Risk
13433,United Kingdom,2010-01-12 08:59:00,2010-07-26 16:55:00,500,4,656.87,190.0,1.0,0.0053,1,3,3,7,At Risk
15331,United Kingdom,2010-04-09 14:26:00,2010-07-28 09:42:00,499,3,755.41,701.0,4.0,0.0057,1,3,3,7,At Risk
15873,United Kingdom,2010-07-27 11:58:00,2010-07-28 12:41:00,499,4,138.24,1152.0,576.0,0.5,1,3,1,5,At Risk
15284,United Kingdom,2010-07-27 13:25:00,2010-07-27 13:25:00,499,1,24.75,5.0,0.0,0.0,1,1,1,3,Lost
13796,United Kingdom,2010-07-28 14:45:00,2010-07-28 14:45:00,498,1,289.7,218.0,0.0,0.0,1,1,2,4,Lost
17168,United Kingdom,2010-07-29 12:33:00,2010-07-29 12:33:00,498,1,400.2,220.0,0.0,0.0,1,1,2,4,Lost
14833,United Kingdom,2010-07-29 10:06:00,2010-07-29 10:06:00,498,1,94.8,58.0,0.0,0.0,1,1,1,3,Lost
16937,United Kingdom,2010-07-28 17:56:00,2010-07-28 17:56:00,498,1,202.1,126.0,0.0,0.0,1,1,1,3,Lost
18207,United Kingdom,2010-07-28 14:26:00,2010-07-28 14:26:00,498,1,505.12,325.0,25.0,0.0769,1,1,2,4,Lost
12737,France,2010-07-29 12:27:00,2010-07-29 12:29:00,498,2,3710.5,2.0,0.0,0.0,1,2,5,8,At Risk
18264,United Kingdom,2010-07-29 10:02:00,2010-07-29 10:02:00,498,1,603.25,241.0,0.0,0.0,1,1,3,5,At Risk
12525,France,2010-03-02 14:01:00,2010-07-29 16:08:00,497,3,835.18,509.0,22.0,0.0432,1,3,3,7,At Risk
17448,United Kingdom,2010-03-04 17:29:00,2010-07-30 14:07:00,496,46,10192.73,11548.0,31.0,0.0027,1,5,5,11,At Risk
15077,United Kingdom,2009-12-09 17:10:00,2010-08-02 11:13:00,494,2,2423.88,528.0,2.0,0.0038,1,2,4,7,At Risk
13766,United Kingdom,2010-08-01 14:25:00,2010-08-01 14:25:00,494,1,190.35,137.0,0.0,0.0,1,1,1,3,Lost
15200,United Kingdom,2010-08-02 09:38:00,2010-08-02 09:38:00,494,1,549.05,195.0,0.0,0.0,1,1,2,4,Lost
13679,United Kingdom,2009-12-04 16:52:00,2010-08-03 12:13:00,493,3,281.26,102.0,0.0,0.0,1,3,2,6,At Risk
16417,United Kingdom,2010-08-04 09:08:00,2010-08-04 09:08:00,492,1,35.7,6.0,0.0,0.0,1,1,1,3,Lost
14253,United Kingdom,2010-03-26 15:08:00,2010-08-03 14:55:00,492,2,363.4,88.0,0.0,0.0,1,2,2,5,Lost
12998,United Kingdom,2010-02-24 11:55:00,2010-08-04 08:05:00,492,3,897.38,1124.0,22.0,0.0196,1,3,3,7,At Risk
15798,United Kingdom,2010-01-27 11:55:00,2010-08-04 09:13:00,492,3,1535.37,915.0,0.0,0.0,1,3,4,8,At Risk
17665,United Kingdom,2010-08-03 13:12:00,2010-08-03 13:12:00,492,1,563.1,690.0,0.0,0.0,1,1,2,4,Lost
15387,United Kingdom,2010-08-04 16:05:00,2010-08-04 16:05:00,491,1,468.65,335.0,0.0,0.0,1,1,2,4,Lost
15403,United Kingdom,2009-12-09 12:45:00,2010-08-05 12:21:00,491,2,170.88,492.0,0.0,0.0,1,2,1,4,Lost
17156,United Kingdom,2010-08-05 11:30:00,2010-08-05 11:30:00,491,1,572.07,391.0,6.0,0.0153,1,1,2,4,Lost
15369,United Kingdom,2009-12-08 07:43:00,2010-08-04 13:54:00,491,11,1713.39,3288.0,1533.0,0.4662,1,5,4,10,At Risk
13084,United Kingdom,2010-08-05 08:49:00,2010-08-05 08:49:00,491,1,116.45,144.0,7.0,0.0486,1,1,1,3,Lost
16334,United Kingdom,2010-08-04 16:38:00,2010-08-04 16:38:00,491,1,277.48,211.0,0.0,0.0,1,1,2,4,Lost
15908,United Kingdom,2010-07-15 19:21:00,2010-08-06 11:56:00,490,2,764.57,174.0,0.0,0.0,1,2,3,6,At Risk
14521,United Kingdom,2010-08-05 16:35:00,2010-08-05 16:35:00,490,1,167.65,211.0,8.0,0.0379,1,1,1,3,Lost
14043,United Kingdom,2009-12-10 15:56:00,2010-08-05 18:18:00,490,2,301.3,153.0,1.0,0.0065,1,2,2,5,Lost
16196,United Kingdom,2010-08-08 11:40:00,2010-08-08 11:40:00,488,1,93.3,26.0,0.0,0.0,1,1,1,3,Lost
16939,United Kingdom,2010-02-28 13:33:00,2010-08-08 12:24:00,488,3,449.0,232.0,0.0,0.0,1,3,2,6,At Risk
14575,United Kingdom,2010-08-08 14:51:00,2010-08-08 14:51:00,487,1,460.71,176.0,0.0,0.0,1,1,2,4,Lost
15595,United Kingdom,2010-08-09 12:27:00,2010-08-09 12:27:00,487,1,357.6,144.0,0.0,0.0,1,1,2,4,Lost
15013,United Kingdom,2010-01-31 12:15:00,2010-08-09 12:05:00,487,10,1641.3,1747.0,0.0,0.0,1,5,4,10,At Risk
13783,United Kingdom,2010-02-04 13:47:00,2010-08-09 09:23:00,487,4,1542.09,3437.0,0.0,0.0,1,3,4,8,At Risk
13653,United Kingdom,2010-08-09 08:19:00,2010-08-09 08:19:00,487,1,152.2,72.0,0.0,0.0,1,1,1,3,Lost
12745,United Kingdom,2010-01-26 16:22:00,2010-08-10 10:14:00,486,3,925.41,468.0,0.0,0.0,1,3,3,7,At Risk
17482,United Kingdom,2010-05-10 14:10:00,2010-08-09 15:33:00,486,2,778.19,241.0,0.0,0.0,1,2,3,6,At Risk
13839,United Kingdom,2010-08-10 13:52:00,2010-08-10 13:52:00,485,1,139.95,25.0,0.0,0.0,1,1,1,3,Lost
16632,United Kingdom,2010-05-07 16:46:00,2010-08-11 11:39:00,485,2,406.4,256.0,0.0,0.0,1,2,2,5,Lost
12771,Portugal,2010-08-11 11:51:00,2010-08-11 11:51:00,485,1,262.5,104.0,4.0,0.0385,1,1,1,3,Lost
14144,United Kingdom,2010-08-10 15:17:00,2010-08-10 15:17:00,485,1,30.6,12.0,0.0,0.0,1,1,1,3,Lost
14736,United Kingdom,2010-08-11 15:13:00,2010-08-11 15:21:00,484,2,401.08,164.0,0.0,0.0,1,2,2,5,Lost
14822,United Kingdom,2010-08-11 12:52:00,2010-08-11 12:52:00,484,1,157.7,94.0,0.0,0.0,1,1,1,3,Lost
14872,United Kingdom,2010-03-16 14:41:00,2010-08-13 12:34:00,483,3,802.68,662.0,48.0,0.0725,1,3,3,7,At Risk
14630,United Kingdom,2010-08-12 16:38:00,2010-08-12 16:38:00,483,1,338.65,111.0,0.0,0.0,1,1,2,4,Lost
12542,Spain,2010-03-09 16:26:00,2010-08-12 19:12:00,483,2,423.38,522.0,8.0,0.0153,1,2,2,5,Lost
13150,United Kingdom,2010-03-19 09:03:00,2010-08-12 12:59:00,483,3,435.02,171.0,1.0,0.0058,1,3,2,6,At Risk
12959,United Kingdom,2010-08-12 17:20:00,2010-08-12 17:20:00,483,1,133.35,109.0,1.0,0.0092,1,1,1,3,Lost
14153,United Kingdom,2010-08-13 14:35:00,2010-08-13 14:35:00,482,1,233.4,312.0,0.0,0.0,1,1,1,3,Lost
15893,United Kingdom,2010-08-15 11:12:00,2010-08-15 11:12:00,481,1,305.28,288.0,0.0,0.0,1,1,2,4,Lost
16631,United Kingdom,2010-02-26 10:49:00,2010-08-15 11:20:00,481,7,1867.02,775.0,2.0,0.0026,1,4,4,9,At Risk
14097,United Kingdom,2010-03-04 10:46:00,2010-08-15 14:20:00,480,2,422.86,352.0,0.0,0.0,1,2,2,5,Lost
14996,United Kingdom,2010-08-15 13:41:00,2010-08-15 13:44:00,480,2,442.29,404.0,0.0,0.0,1,2,2,5,Lost
12687,Sweden,2010-08-16 12:10:00,2010-08-16 12:12:00,480,2,2138.91,1403.0,0.0,0.0,1,2,4,7,At Risk
13063,United Kingdom,2010-08-16 12:27:00,2010-08-16 12:27:00,480,1,188.4,116.0,0.0,0.0,1,1,1,3,Lost
14531,United Kingdom,2010-08-17 10:16:00,2010-08-17 10:16:00,479,1,376.34,260.0,0.0,0.0,1,1,2,4,Lost
14011,United Kingdom,2010-04-11 13:40:00,2010-08-16 15:31:00,479,2,451.92,644.0,2.0,0.0031,1,2,2,5,Lost
15008,United Kingdom,2010-03-12 11:13:00,2010-08-16 13:09:00,479,2,360.0,1500.0,0.0,0.0,1,2,2,5,Lost
14749,United Kingdom,2010-08-17 12:36:00,2010-08-17 12:36:00,479,1,310.15,403.0,0.0,0.0,1,1,2,4,Lost
17627,United Kingdom,2010-08-18 11:27:00,2010-08-18 11:27:00,478,1,285.11,676.0,3.0,0.0044,1,1,2,4,Lost
15268,United Kingdom,2010-04-13 11:27:00,2010-08-18 10:33:00,478,3,941.25,428.0,6.0,0.014,1,3,3,7,At Risk
15310,United Kingdom,2010-08-18 11:38:00,2010-08-18 11:38:00,478,1,1634.64,1476.0,0.0,0.0,1,1,4,6,At Risk
15072,United Kingdom,2010-08-17 15:46:00,2010-08-17 15:46:00,478,1,187.52,164.0,0.0,0.0,1,1,1,3,Lost
17599,United Kingdom,2010-08-19 12:50:00,2010-08-19 12:50:00,477,1,44.55,11.0,2.0,0.1818,1,1,1,3,Lost
17745,United Kingdom,2010-06-02 09:03:00,2010-08-19 12:30:00,477,2,600.34,164.0,0.0,0.0,1,2,3,6,At Risk
16294,United Kingdom,2010-08-20 12:01:00,2010-08-20 12:01:00,476,1,126.05,54.0,0.0,0.0,1,1,1,3,Lost
13965,United Kingdom,2010-01-05 15:21:00,2010-08-20 10:40:00,476,3,777.66,425.0,23.0,0.0541,1,3,3,7,At Risk
18286,United Kingdom,2009-12-16 10:45:00,2010-08-20 11:57:00,476,2,1188.43,608.0,16.0,0.0263,1,2,4,7,At Risk
17699,United Kingdom,2010-05-27 11:53:00,2010-08-20 09:39:00,476,2,442.0,208.0,0.0,0.0,1,2,2,5,Lost
16286,United Kingdom,2010-03-26 09:58:00,2010-08-19 14:48:00,476,2,263.65,101.0,14.0,0.1386,1,2,1,4,Lost
16299,United Kingdom,2010-08-19 17:46:00,2010-08-19 17:46:00,476,1,178.65,107.0,4.0,0.0374,1,1,1,3,Lost
16562,United Kingdom,2010-08-20 11:45:00,2010-08-20 11:45:00,476,1,223.86,264.0,0.0,0.0,1,1,1,3,Lost
16890,United Kingdom,2010-05-06 16:27:00,2010-08-20 11:23:00,476,3,285.41,243.0,0.0,0.0,1,3,2,6,At Risk
16234,United Kingdom,2010-05-27 10:39:00,2010-08-20 14:33:00,475,3,312.78,170.0,8.0,0.0471,1,3,2,6,At Risk
16396,United Kingdom,2010-08-20 14:17:00,2010-08-20 14:17:00,475,1,102.7,80.0,34.0,0.425,1,1,1,3,Lost
15702,Nigeria,2010-01-26 17:23:00,2010-08-20 14:50:00,475,2,140.39,103.0,0.0,0.0,1,2,1,4,Lost
15055,United Kingdom,2009-12-16 15:48:00,2010-08-22 11:06:00,474,3,560.07,230.0,0.0,0.0,1,3,2,6,At Risk
17471,United Kingdom,2010-08-22 11:53:00,2010-08-22 11:53:00,474,1,321.65,153.0,0.0,0.0,1,1,2,4,Lost
16004,United Kingdom,2010-01-25 13:56:00,2010-08-22 11:48:00,474,5,2146.39,1076.0,0.0,0.0,1,4,4,9,At Risk
18140,West Indies,2010-08-23 11:58:00,2010-08-23 11:58:00,473,1,536.41,395.0,0.0,0.0,1,1,2,4,Lost
14187,United Kingdom,2010-08-23 12:06:00,2010-08-23 12:06:00,473,1,123.5,50.0,0.0,0.0,1,1,1,3,Lost
14767,United Kingdom,2010-08-22 14:54:00,2010-08-22 14:54:00,473,1,382.81,117.0,0.0,0.0,1,1,2,4,Lost
13123,United Kingdom,2010-06-28 12:43:00,2010-08-24 10:18:00,472,2,506.75,268.0,0.0,0.0,1,2,2,5,Lost
13415,United Kingdom,2009-12-11 14:20:00,2010-08-24 11:38:00,472,4,681.92,502.0,92.0,0.1833,1,3,3,7,At Risk
15003,United Kingdom,2010-01-26 13:04:00,2010-08-23 15:44:00,472,6,1055.7,547.0,4.0,0.0073,1,4,3,8,At Risk
15666,United Kingdom,2010-08-01 15:41:00,2010-08-24 16:14:00,471,2,632.94,469.0,0.0,0.0,1,2,3,6,At Risk
17292,United Kingdom,2010-05-09 14:52:00,2010-08-24 17:14:00,471,2,271.75,131.0,0.0,0.0,1,2,2,5,Lost
18124,United Kingdom,2010-08-24 17:21:00,2010-08-24 17:21:00,471,1,111.53,51.0,0.0,0.0,1,1,1,3,Lost
12765,Netherlands,2010-03-08 09:43:00,2010-08-24 13:51:00,471,6,1404.58,1009.0,0.0,0.0,1,4,4,9,At Risk
17336,United Kingdom,2010-08-24 15:37:00,2010-08-24 15:37:00,471,1,81.12,48.0,0.0,0.0,1,1,1,3,Lost
13361,United Kingdom,2010-04-01 07:49:00,2010-08-24 14:56:00,471,2,1450.5,324.0,0.0,0.0,1,2,4,7,At Risk
14268,United Kingdom,2010-08-26 10:45:00,2010-08-26 10:45:00,470,1,354.85,147.0,0.0,0.0,1,1,2,4,Lost
13024,United Kingdom,2010-05-06 14:25:00,2010-08-26 09:42:00,470,2,535.42,181.0,7.0,0.0387,1,2,2,5,Lost
14260,United Kingdom,2010-06-09 11:23:00,2010-08-25 14:55:00,470,3,824.28,544.0,0.0,0.0,1,3,3,7,At Risk
17005,United Kingdom,2010-04-30 10:55:00,2010-08-26 10:57:00,470,2,732.41,787.0,1.0,0.0013,1,2,3,6,At Risk
14787,United Kingdom,2010-08-25 14:38:00,2010-08-25 14:38:00,470,1,110.65,59.0,0.0,0.0,1,1,1,3,Lost
14026,United Kingdom,2010-03-24 14:10:00,2010-08-26 10:31:00,470,2,713.11,427.0,0.0,0.0,1,2,3,6,At Risk
17963,United Kingdom,2010-01-19 17:25:00,2010-08-25 15:58:00,470,4,651.51,344.0,0.0,0.0,1,3,3,7,At Risk
16288,United Kingdom,2010-08-26 14:45:00,2010-08-26 14:45:00,469,1,129.85,19.0,0.0,0.0,1,1,1,3,Lost
12800,Portugal,2010-02-01 11:02:00,2010-08-26 14:11:00,469,3,584.25,284.0,0.0,0.0,1,3,2,6,At Risk
16375,United Kingdom,2010-08-26 14:12:00,2010-08-26 14:25:00,469,2,104.0,74.0,0.0,0.0,1,2,1,4,Lost
13478,United Kingdom,2010-01-31 15:51:00,2010-08-27 13:23:00,468,5,2068.03,1189.0,21.0,0.0177,1,4,4,9,At Risk
16197,United Kingdom,2009-12-16 11:44:00,2010-08-27 12:56:00,468,9,2016.71,1420.0,0.0,0.0,1,5,4,10,At Risk
16870,United Kingdom,2010-08-27 13:53:00,2010-08-27 13:53:00,468,1,450.16,278.0,0.0,0.0,1,1,2,4,Lost
17270,United Kingdom,2009-12-07 17:18:00,2010-08-27 14:09:00,468,2,604.4,421.0,0.0,0.0,1,2,3,6,At Risk
14949,United Kingdom,2009-12-18 15:28:00,2010-08-27 15:38:00,468,4,498.55,250.0,7.0,0.028,1,3,2,6,At Risk
15430,United Kingdom,2010-06-29 15:04:00,2010-08-29 10:42:00,467,2,903.75,309.0,8.0,0.0259,1,2,3,6,At Risk
15166,United Kingdom,2010-08-29 12:31:00,2010-08-29 12:31:00,467,1,167.16,140.0,0.0,0.0,1,1,1,3,Lost
15784,United Kingdom,2010-02-05 14:42:00,2010-08-29 10:38:00,467,2,848.33,381.0,0.0,0.0,1,2,3,6,At Risk
17792,United Kingdom,2010-08-18 13:08:00,2010-08-29 14:30:00,466,2,370.05,151.0,0.0,0.0,1,2,2,5,Lost
13540,United Kingdom,2010-02-22 09:22:00,2010-08-29 14:20:00,466,3,632.39,189.0,0.0,0.0,1,3,3,7,At Risk
12804,Netherlands,2010-07-27 13:52:00,2010-08-31 11:58:00,465,2,327.02,271.0,0.0,0.0,1,2,2,5,Lost
14433,United Kingdom,2010-08-31 12:35:00,2010-08-31 12:35:00,465,1,289.6,134.0,0.0,0.0,1,1,2,4,Lost
16819,United Kingdom,2010-08-31 17:31:00,2010-08-31 17:37:00,464,2,182.59,253.0,0.0,0.0,1,2,1,4,Lost
14025,United Kingdom,2010-05-05 09:56:00,2010-09-01 10:11:00,464,8,3969.1,1914.0,16.0,0.0084,1,4,5,10,At Risk
16290,United Kingdom,2010-05-23 11:46:00,2010-09-01 11:52:00,464,4,2069.3,1001.0,0.0,0.0,1,3,4,8,At Risk
13714,United Kingdom,2010-08-31 13:57:00,2010-08-31 13:57:00,464,1,161.35,50.0,0.0,0.0,1,1,1,3,Lost
18258,United Kingdom,2010-05-16 11:35:00,2010-09-01 14:20:00,463,6,2040.97,1981.0,8.0,0.004,1,4,4,9,At Risk
13916,United Kingdom,2010-02-02 10:06:00,2010-09-02 10:04:00,463,4,1260.51,673.0,6.0,0.0089,1,3,4,8,At Risk
16993,United Kingdom,2010-05-12 13:55:00,2010-09-02 12:16:00,463,2,1688.15,285.0,24.0,0.0842,1,2,4,7,At Risk
12898,United Kingdom,2010-02-18 12:36:00,2010-09-02 08:08:00,463,2,310.96,240.0,0.0,0.0,1,2,2,5,Lost
13399,United Kingdom,2010-07-08 17:47:00,2010-09-01 13:59:00,463,3,275.4,120.0,0.0,0.0,1,3,2,6,At Risk
17215,United Kingdom,2010-09-01 13:39:00,2010-09-01 13:39:00,463,1,186.15,104.0,0.0,0.0,1,1,1,3,Lost
17753,United Kingdom,2010-01-06 14:20:00,2010-09-01 15:49:00,463,4,388.06,128.0,2.0,0.0156,1,3,2,6,At Risk
13472,United Kingdom,2010-06-02 09:48:00,2010-09-02 09:41:00,463,2,592.24,310.0,0.0,0.0,1,2,2,5,Lost
14283,United Kingdom,2010-05-19 12:22:00,2010-09-02 14:46:00,462,4,628.44,550.0,0.0,0.0,1,3,3,7,At Risk
15191,United Kingdom,2010-01-20 12:35:00,2010-09-02 15:37:00,462,3,588.05,287.0,0.0,0.0,1,3,2,6,At Risk
18182,United Kingdom,2010-09-02 14:25:00,2010-09-02 14:25:00,462,1,291.13,167.0,0.0,0.0,1,1,2,4,Lost
15779,United Kingdom,2010-06-25 15:55:00,2010-09-02 16:40:00,462,2,124.08,20.0,0.0,0.0,1,2,1,4,Lost
13346,United Kingdom,2010-04-22 12:34:00,2010-09-03 11:41:00,462,6,299.4,180.0,0.0,0.0,1,4,2,7,At Risk
15094,United Kingdom,2010-03-05 12:56:00,2010-09-02 16:55:00,462,2,83.0,28.0,0.0,0.0,1,2,1,4,Lost
14058,United Kingdom,2010-06-27 11:29:00,2010-09-03 09:31:00,462,2,469.19,211.0,0.0,0.0,1,2,2,5,Lost
16100,United Kingdom,2010-09-03 11:39:00,2010-09-03 11:39:00,462,1,582.64,438.0,0.0,0.0,1,1,2,4,Lost
15378,United Kingdom,2010-07-26 08:47:00,2010-09-03 11:30:00,462,2,246.5,130.0,0.0,0.0,1,2,1,4,Lost
15564,United Kingdom,2010-02-01 15:58:00,2010-09-02 15:52:00,462,2,70.74,42.0,0.0,0.0,1,2,1,4,Lost
12788,Netherlands,2010-06-29 13:05:00,2010-09-02 14:21:00,462,4,444.9,194.0,0.0,0.0,1,3,2,6,At Risk
14086,United Kingdom,2010-09-03 10:52:00,2010-09-03 10:52:00,462,1,39.95,1.0,0.0,0.0,1,1,1,3,Lost
16289,United Kingdom,2010-09-03 14:02:00,2010-09-03 14:02:00,461,1,98.81,97.0,10.0,0.1031,1,1,1,3,Lost
12440,Austria,2009-12-22 12:03:00,2010-09-03 13:11:00,461,2,768.15,331.0,23.0,0.0695,1,2,3,6,At Risk
13250,United Kingdom,2010-07-25 14:01:00,2010-09-05 11:33:00,460,2,248.54,108.0,2.0,0.0185,1,2,1,4,Lost
15751,United Kingdom,2009-12-06 13:08:00,2010-09-05 12:44:00,460,11,1318.84,443.0,6.0,0.0135,1,5,4,10,At Risk
15461,United Kingdom,2010-03-18 12:40:00,2010-09-05 12:31:00,460,2,391.3,230.0,4.0,0.0174,1,2,2,5,Lost
14318,United Kingdom,2010-09-05 15:32:00,2010-09-05 15:32:00,459,1,158.02,152.0,0.0,0.0,1,1,1,3,Lost
16246,United Kingdom,2010-02-08 12:32:00,2010-09-06 12:04:00,459,2,827.25,338.0,0.0,0.0,1,2,3,6,At Risk
12859,United Kingdom,2010-09-07 12:20:00,2010-09-07 12:20:00,458,1,575.1,292.0,0.0,0.0,1,1,2,4,Lost
13683,United Kingdom,2010-09-08 10:00:00,2010-09-08 10:00:00,457,1,258.6,180.0,0.0,0.0,1,1,1,3,Lost
12819,United Kingdom,2010-09-07 15:20:00,2010-09-07 15:20:00,457,1,540.52,344.0,0.0,0.0,1,1,2,4,Lost
12777,United Kingdom,2010-09-08 11:35:00,2010-09-08 11:35:00,457,1,519.45,458.0,0.0,0.0,1,1,2,4,Lost
15741,United Kingdom,2010-03-31 11:55:00,2010-09-07 16:21:00,457,2,208.62,70.0,0.0,0.0,1,2,1,4,Lost
15141,United Kingdom,2010-03-28 15:58:00,2010-09-08 11:33:00,457,7,1378.31,1197.0,13.0,0.0109,1,4,4,9,At Risk
12761,Netherlands,2010-09-01 10:47:00,2010-09-08 12:17:00,457,2,782.95,281.0,0.0,0.0,1,2,3,6,At Risk
13076,United Kingdom,2010-09-08 10:27:00,2010-09-08 10:27:00,457,1,135.4,44.0,0.0,0.0,1,1,1,3,Lost
12575,France,2010-07-01 09:15:00,2010-09-08 13:09:00,456,2,622.82,315.0,0.0,0.0,1,2,3,6,At Risk
15627,United Kingdom,2010-07-05 11:56:00,2010-09-08 14:14:00,456,2,566.9,344.0,0.0,0.0,1,2,2,5,Lost
15972,United Kingdom,2010-04-18 14:06:00,2010-09-09 13:20:00,455,5,1810.27,480.0,0.0,0.0,1,4,4,9,At Risk
14445,United Kingdom,2010-09-10 11:09:00,2010-09-10 11:09:00,455,1,221.65,83.0,0.0,0.0,1,1,1,3,Lost
12460,Belgium,2010-09-09 13:51:00,2010-09-09 13:51:00,455,1,326.65,170.0,0.0,0.0,1,1,2,4,Lost
17369,United Kingdom,2010-09-10 09:49:00,2010-09-10 09:49:00,455,1,979.2,1152.0,0.0,0.0,1,1,3,5,At Risk
17762,United Kingdom,2010-09-09 17:40:00,2010-09-09 17:40:00,455,1,129.75,129.0,0.0,0.0,1,1,1,3,Lost
14444,United Kingdom,2010-09-09 18:56:00,2010-09-09 18:56:00,455,1,132.04,180.0,0.0,0.0,1,1,1,3,Lost
16095,United Kingdom,2010-09-09 16:54:00,2010-09-09 16:54:00,455,1,447.05,265.0,0.0,0.0,1,1,2,4,Lost
16886,United Kingdom,2010-09-09 15:08:00,2010-09-09 15:08:00,455,1,0.0,48.0,48.0,1.0,1,1,1,3,Lost
12760,Netherlands,2010-09-10 08:50:00,2010-09-10 08:50:00,455,1,347.8,198.0,0.0,0.0,1,1,2,4,Lost
16032,United Kingdom,2010-07-04 13:31:00,2010-09-09 18:00:00,455,6,1970.45,1480.0,0.0,0.0,1,4,4,9,At Risk
16815,United Kingdom,2010-06-21 12:05:00,2010-09-12 10:59:00,453,2,410.97,238.0,0.0,0.0,1,2,2,5,Lost
16608,United Kingdom,2010-02-14 11:57:00,2010-09-12 11:44:00,453,2,1288.72,613.0,0.0,0.0,1,2,4,7,At Risk
14635,United Kingdom,2010-09-12 10:47:00,2010-09-12 10:47:00,453,1,215.22,118.0,0.0,0.0,1,1,1,3,Lost
15824,United Kingdom,2010-06-25 15:10:00,2010-09-12 13:20:00,452,2,890.94,478.0,0.0,0.0,1,2,3,6,At Risk
16860,United Kingdom,2010-02-15 13:46:00,2010-09-13 10:05:00,452,3,1593.67,625.0,1.0,0.0016,1,3,4,8,At Risk
13613,United Kingdom,2010-02-17 12:40:00,2010-09-13 12:01:00,452,5,1039.85,445.0,0.0,0.0,1,4,3,8,At Risk
15401,United Kingdom,2010-05-20 10:56:00,2010-09-13 13:42:00,451,2,216.95,93.0,0.0,0.0,1,2,1,4,Lost
13129,United Kingdom,2010-06-28 11:54:00,2010-09-13 13:47:00,451,2,233.25,296.0,0.0,0.0,1,2,1,4,Lost
17132,United Kingdom,2010-08-08 13:49:00,2010-09-13 16:31:00,451,2,1272.8,980.0,0.0,0.0,1,2,4,7,At Risk
13312,United Kingdom,2010-09-14 14:36:00,2010-09-14 14:36:00,450,1,124.75,41.0,0.0,0.0,1,1,1,3,Lost
17801,United Kingdom,2010-01-17 11:31:00,2010-09-14 14:32:00,450,3,795.78,838.0,3.0,0.0036,1,3,3,7,At Risk
12768,Korea,2010-09-15 12:08:00,2010-09-15 12:08:00,450,1,0.0,102.0,102.0,1.0,1,1,1,3,Lost
17149,United Kingdom,2010-09-14 14:56:00,2010-09-14 14:56:00,450,1,143.1,18.0,0.0,0.0,1,1,1,3,Lost
15966,United Kingdom,2010-09-15 10:44:00,2010-09-15 10:44:00,450,1,399.58,275.0,7.0,0.0255,1,1,2,4,Lost
13041,United Kingdom,2010-04-29 08:43:00,2010-09-15 11:44:00,450,4,799.13,335.0,0.0,0.0,1,3,3,7,At Risk
14370,United Kingdom,2010-02-01 08:35:00,2010-09-15 10:53:00,450,6,1092.13,266.0,9.0,0.0338,1,4,3,8,At Risk
15685,United Kingdom,2010-09-15 13:43:00,2010-09-15 13:43:00,449,1,55.98,36.0,0.0,0.0,1,1,1,3,Lost
13424,United Kingdom,2010-09-16 10:49:00,2010-09-16 10:49:00,449,1,557.92,529.0,3.0,0.0057,1,1,2,4,Lost
15629,United Kingdom,2010-06-25 11:39:00,2010-09-15 13:46:00,449,4,2240.9,1518.0,0.0,0.0,1,3,4,8,At Risk
16371,United Kingdom,2010-09-17 12:09:00,2010-09-17 12:09:00,448,1,157.2,108.0,0.0,0.0,1,1,1,3,Lost
13443,United Kingdom,2010-01-31 13:30:00,2010-09-17 12:31:00,448,6,1247.71,809.0,11.0,0.0136,1,4,4,9,At Risk
16646,United Kingdom,2010-09-16 13:28:00,2010-09-16 13:28:00,448,1,675.05,1072.0,1.0,0.0009,1,1,3,5,At Risk
12554,Spain,2010-09-17 12:29:00,2010-09-17 12:29:00,448,1,468.5,240.0,0.0,0.0,1,1,2,4,Lost
15962,United Kingdom,2010-09-16 13:48:00,2010-09-16 13:48:00,448,1,295.83,235.0,0.0,0.0,1,1,2,4,Lost
15362,United Kingdom,2009-12-01 09:08:00,2010-09-17 10:37:00,448,2,613.08,368.0,0.0,0.0,1,2,3,6,At Risk
17743,United Kingdom,2010-09-17 14:54:00,2010-09-17 14:54:00,447,1,208.85,96.0,13.0,0.1354,1,1,1,3,Lost
12543,Spain,2010-09-17 15:51:00,2010-09-17 15:51:00,447,1,980.25,688.0,0.0,0.0,1,1,3,5,At Risk
18089,United Kingdom,2010-09-19 11:57:00,2010-09-19 11:57:00,446,1,428.45,95.0,0.0,0.0,1,1,2,4,Lost
13998,United Kingdom,2010-05-12 13:18:00,2010-09-19 10:20:00,446,3,566.7,204.0,0.0,0.0,1,3,2,6,At Risk
13701,United Kingdom,2010-09-19 12:39:00,2010-09-19 12:39:00,446,1,159.55,80.0,1.0,0.0125,1,1,1,3,Lost
16524,United Kingdom,2010-01-17 13:16:00,2010-09-19 13:37:00,445,2,308.14,260.0,0.0,0.0,1,2,2,5,Lost
13702,United Kingdom,2010-09-20 11:40:00,2010-09-20 11:40:00,445,1,135.18,74.0,0.0,0.0,1,1,1,3,Lost
12850,United Kingdom,2010-09-20 12:26:00,2010-09-20 12:26:00,445,1,330.0,200.0,0.0,0.0,1,1,2,4,Lost
17055,United Kingdom,2010-09-20 12:21:00,2010-09-20 12:21:00,445,1,239.55,87.0,0.0,0.0,1,1,1,3,Lost
13465,United Kingdom,2010-05-02 15:30:00,2010-09-19 15:13:00,445,2,931.12,584.0,0.0,0.0,1,2,3,6,At Risk
14906,United Kingdom,2010-09-20 16:30:00,2010-09-20 16:30:00,444,1,-66.98,1.0,2.0,2.0,1,1,1,3,Lost
12751,Brazil,2010-09-21 12:49:00,2010-09-21 12:49:00,444,1,268.27,189.0,0.0,0.0,1,1,2,4,Lost
14668,United Kingdom,2010-09-20 15:03:00,2010-09-20 15:03:00,444,1,111.63,49.0,0.0,0.0,1,1,1,3,Lost
14933,Channel Islands,2010-09-21 17:29:00,2010-09-22 10:47:00,443,4,885.0,600.0,300.0,0.5,1,3,3,7,At Risk
14182,United Kingdom,2010-04-22 15:36:00,2010-09-22 11:45:00,443,4,660.07,174.0,2.0,0.0115,1,3,3,7,At Risk
14611,United Kingdom,2010-04-20 10:19:00,2010-09-22 09:19:00,443,2,599.38,582.0,1.0,0.0017,1,2,3,6,At Risk
17840,United Kingdom,2010-09-22 12:24:00,2010-09-22 12:24:00,443,1,185.72,138.0,0.0,0.0,1,1,1,3,Lost
17161,United Kingdom,2010-09-21 16:44:00,2010-09-21 16:44:00,443,1,856.01,537.0,0.0,0.0,1,1,3,5,At Risk
16857,United Kingdom,2010-09-23 10:49:00,2010-09-23 10:49:00,442,1,352.8,168.0,0.0,0.0,1,1,2,4,Lost
14372,United Kingdom,2010-04-19 15:57:00,2010-09-22 16:17:00,442,2,830.18,378.0,2.0,0.0053,1,2,3,6,At Risk
15761,United Kingdom,2010-09-23 09:33:00,2010-09-23 09:33:00,442,1,143.05,31.0,0.0,0.0,1,1,1,3,Lost
13288,United Kingdom,2010-02-11 14:59:00,2010-09-22 16:32:00,442,5,892.16,379.0,3.0,0.0079,1,4,3,8,At Risk
13264,United Kingdom,2010-09-23 12:42:00,2010-09-23 12:42:00,442,1,722.56,375.0,0.0,0.0,1,1,3,5,At Risk
13205,United Kingdom,2010-09-22 16:26:00,2010-09-22 16:26:00,442,1,2803.2,256.0,0.0,0.0,1,1,4,6,At Risk
17021,United Kingdom,2010-04-29 20:05:00,2010-09-23 20:01:00,441,6,1182.22,992.0,0.0,0.0,1,4,3,8,At Risk
14992,United Kingdom,2010-09-23 17:48:00,2010-09-23 17:48:00,441,1,210.5,145.0,0.0,0.0,1,1,1,3,Lost
16675,United Kingdom,2010-08-18 13:11:00,2010-09-24 12:15:00,441,2,608.86,296.0,0.0,0.0,1,2,3,6,At Risk
18107,United Kingdom,2010-09-23 13:03:00,2010-09-23 13:03:00,441,1,167.13,66.0,0.0,0.0,1,1,1,3,Lost
14094,United Kingdom,2010-09-26 11:58:00,2010-09-26 11:58:00,439,1,334.27,177.0,1.0,0.0056,1,1,2,4,Lost
14269,United Kingdom,2010-09-26 12:53:00,2010-09-26 12:53:00,438,1,261.68,123.0,9.0,0.0732,1,1,1,3,Lost
13281,United Kingdom,2010-09-26 16:03:00,2010-09-26 16:03:00,438,1,306.45,201.0,26.0,0.1294,1,1,2,4,Lost
13290,United Kingdom,2010-09-27 16:29:00,2010-09-27 16:29:00,437,1,-208.63,1.0,2.0,2.0,1,1,1,3,Lost
16269,United Kingdom,2010-09-28 11:50:00,2010-09-28 11:50:00,437,1,714.59,579.0,2.0,0.0035,1,1,3,5,At Risk
15616,United Kingdom,2010-09-27 13:10:00,2010-09-27 13:10:00,437,1,317.11,137.0,0.0,0.0,1,1,2,4,Lost
14328,United Kingdom,2010-09-27 16:01:00,2010-09-27 16:01:00,437,1,-445.06,1.0,2.0,2.0,1,1,1,3,Lost
16636,United Kingdom,2010-03-03 14:06:00,2010-09-27 13:13:00,437,4,3802.04,2186.0,0.0,0.0,1,3,5,9,At Risk
14063,United Kingdom,2009-12-08 13:46:00,2010-09-27 16:18:00,437,9,-3767.2,3850.0,4.0,0.001,1,5,1,7,At Risk
14228,United Kingdom,2010-06-11 12:29:00,2010-09-28 09:45:00,437,3,745.5,260.0,0.0,0.0,1,3,3,7,At Risk
13687,United Kingdom,2010-09-27 16:30:00,2010-09-27 16:30:00,437,1,11880.84,87167.0,0.0,0.0,1,1,5,7,At Risk
16264,United Kingdom,2010-09-19 16:14:00,2010-09-27 15:00:00,437,2,837.53,632.0,0.0,0.0,1,2,3,6,At Risk
17280,United Kingdom,2010-09-27 16:46:00,2010-09-27 16:46:00,437,1,118.86,74.0,0.0,0.0,1,1,1,3,Lost
14634,United Kingdom,2010-06-16 09:48:00,2010-09-28 10:40:00,437,4,1971.82,1906.0,56.0,0.0294,1,3,4,8,At Risk
15614,United Kingdom,2010-03-23 11:13:00,2010-09-28 10:46:00,437,4,3008.86,1632.0,26.0,0.0159,1,3,5,9,At Risk
14802,United Kingdom,2010-09-27 16:32:00,2010-09-27 16:34:00,437,2,-1502.98,2.0,4.0,2.0,1,2,1,4,Lost
12975,United Kingdom,2009-12-06 10:38:00,2010-09-29 09:46:00,436,6,1993.99,911.0,8.0,0.0088,1,4,4,9,At Risk
13797,United Kingdom,2010-03-02 12:17:00,2010-09-29 10:34:00,436,3,1168.45,573.0,3.0,0.0052,1,3,3,7,At Risk
14843,United Kingdom,2010-09-29 12:39:00,2010-09-29 12:39:00,436,1,211.8,132.0,0.0,0.0,1,1,1,3,Lost
18049,United Kingdom,2010-04-28 13:24:00,2010-09-28 14:26:00,436,2,556.52,425.0,0.0,0.0,1,2,2,5,Lost
15871,United Kingdom,2010-09-28 14:16:00,2010-09-28 14:16:00,436,1,33.1,5.0,0.0,0.0,1,1,1,3,Lost
12946,United Kingdom,2010-09-29 10:14:00,2010-09-29 10:14:00,436,1,324.45,149.0,0.0,0.0,1,1,2,4,Lost
16237,United Kingdom,2010-09-28 17:02:00,2010-09-28 17:02:00,436,1,136.65,57.0,0.0,0.0,1,1,1,3,Lost
14909,United Kingdom,2010-02-14 15:47:00,2010-09-28 16:56:00,436,3,1380.98,888.0,2.0,0.0023,1,3,4,8,At Risk
16783,United Kingdom,2010-09-29 11:53:00,2010-09-29 11:53:00,436,1,391.95,163.0,0.0,0.0,1,1,2,4,Lost
12964,United Kingdom,2010-09-28 17:47:00,2010-09-28 17:47:00,436,1,132.24,56.0,0.0,0.0,1,1,1,3,Lost
16522,United Kingdom,2010-09-15 13:32:00,2010-09-30 10:54:00,435,2,433.36,212.0,0.0,0.0,1,2,2,5,Lost
17257,United Kingdom,2010-09-29 12:49:00,2010-09-29 12:51:00,435,2,192.73,188.0,0.0,0.0,1,2,1,4,Lost
13257,United Kingdom,2010-09-29 14:58:00,2010-09-29 14:58:00,435,1,117.95,33.0,4.0,0.1212,1,1,1,3,Lost
12661,Sweden,2010-09-29 16:46:00,2010-09-29 16:46:00,435,1,162.0,216.0,0.0,0.0,1,1,1,3,Lost
13729,United Kingdom,2010-01-24 14:57:00,2010-09-30 10:44:00,435,3,676.43,419.0,14.0,0.0334,1,3,3,7,At Risk
14230,United Kingdom,2010-06-09 13:56:00,2010-09-30 09:07:00,435,3,979.8,246.0,0.0,0.0,1,3,3,7,At Risk
13105,United Kingdom,2010-09-29 13:41:00,2010-09-29 13:41:00,435,1,72.0,100.0,0.0,0.0,1,1,1,3,Lost
14707,United Kingdom,2010-05-12 11:07:00,2010-09-30 11:37:00,435,2,139.2,96.0,0.0,0.0,1,2,1,4,Lost
16490,United Kingdom,2010-09-29 16:30:00,2010-09-29 16:30:00,435,1,179.16,113.0,7.0,0.0619,1,1,1,3,Lost
16044,United Kingdom,2010-09-30 18:12:00,2010-09-30 18:12:00,434,1,340.84,170.0,0.0,0.0,1,1,2,4,Lost
12806,Netherlands,2010-04-30 10:44:00,2010-09-30 13:34:00,434,4,2878.96,2087.0,0.0,0.0,1,3,5,9,At Risk
17533,United Kingdom,2010-10-01 09:14:00,2010-10-01 09:14:00,434,1,34.8,24.0,0.0,0.0,1,1,1,3,Lost
15736,United Kingdom,2010-09-30 14:19:00,2010-09-30 14:20:00,434,2,1717.27,1268.0,9.0,0.0071,1,2,4,7,At Risk
14742,United Kingdom,2010-09-30 14:07:00,2010-09-30 14:07:00,434,1,579.85,374.0,0.0,0.0,1,1,2,4,Lost
14564,Channel Islands,2009-12-04 09:27:00,2010-10-01 09:02:00,434,2,2519.32,1295.0,11.0,0.0085,1,2,4,7,At Risk
14225,United Kingdom,2010-01-12 15:02:00,2010-10-01 10:32:00,434,4,2015.12,1168.0,13.0,0.0111,1,3,4,8,At Risk
13966,United Kingdom,2010-09-30 13:08:00,2010-09-30 13:08:00,434,1,390.86,772.0,0.0,0.0,1,1,2,4,Lost
16958,United Kingdom,2010-09-30 14:25:00,2010-09-30 14:25:00,434,1,809.44,561.0,0.0,0.0,1,1,3,5,At Risk
14568,Channel Islands,2010-09-30 17:15:00,2010-09-30 17:15:00,434,1,909.5,645.0,12.0,0.0186,1,1,3,5,At Risk
12696,Finland,2010-07-19 10:02:00,2010-10-01 10:43:00,434,2,801.15,564.0,1.0,0.0018,1,2,3,6,At Risk
14425,United Kingdom,2009-12-02 11:31:00,2010-10-01 10:24:00,434,3,635.89,325.0,6.0,0.0185,1,3,3,7,At Risk
15420,United Kingdom,2009-12-05 13:29:00,2010-10-01 15:46:00,433,6,743.0,844.0,0.0,0.0,1,4,3,8,At Risk
15451,United Kingdom,2010-04-19 14:08:00,2010-10-01 13:40:00,433,2,233.21,79.0,0.0,0.0,1,2,1,4,Lost
16864,United Kingdom,2010-04-20 11:56:00,2010-10-01 16:16:00,433,2,409.25,283.0,0.0,0.0,1,2,2,5,Lost
15190,United Kingdom,2010-10-01 13:09:00,2010-10-01 13:09:00,433,1,834.44,790.0,0.0,0.0,1,1,3,5,At Risk
16472,United Kingdom,2010-04-21 11:48:00,2010-10-01 13:56:00,433,2,789.6,252.0,0.0,0.0,1,2,3,6,At Risk
18266,United Kingdom,2010-10-01 15:33:00,2010-10-01 15:33:00,433,1,251.1,138.0,0.0,0.0,1,1,1,3,Lost
17380,United Kingdom,2010-06-23 11:24:00,2010-10-01 16:42:00,433,3,643.75,252.0,1.0,0.004,1,3,3,7,At Risk
14254,United Kingdom,2010-10-03 11:52:00,2010-10-03 11:52:00,432,1,601.03,263.0,0.0,0.0,1,1,3,5,At Risk
13380,United Kingdom,2010-10-03 10:18:00,2010-10-03 10:18:00,432,1,62.4,48.0,0.0,0.0,1,1,1,3,Lost
14310,United Kingdom,2010-10-03 12:34:00,2010-10-03 12:34:00,432,1,492.1,230.0,0.0,0.0,1,1,2,4,Lost
15196,United Kingdom,2009-12-13 11:14:00,2010-10-03 10:50:00,432,2,316.25,131.0,0.0,0.0,1,2,2,5,Lost
13674,United Kingdom,2010-10-03 10:41:00,2010-10-03 10:41:00,432,1,215.88,102.0,4.0,0.0392,1,1,1,3,Lost
15859,United Kingdom,2010-10-03 12:52:00,2010-10-03 12:52:00,431,1,438.46,174.0,0.0,0.0,1,1,2,4,Lost
15884,United Kingdom,2009-12-03 18:23:00,2010-10-03 15:55:00,431,2,243.75,158.0,1.0,0.0063,1,2,1,4,Lost
18284,United Kingdom,2010-10-04 11:33:00,2010-10-04 11:33:00,431,1,436.68,494.0,1.0,0.002,1,1,2,4,Lost
13367,United Kingdom,2010-10-04 10:00:00,2010-10-04 10:00:00,431,1,510.2,253.0,0.0,0.0,1,1,2,4,Lost
16476,United Kingdom,2010-10-04 10:29:00,2010-10-04 10:29:00,431,1,337.0,187.0,5.0,0.0267,1,1,2,4,Lost
14008,United Kingdom,2010-10-03 13:09:00,2010-10-03 13:09:00,431,1,493.74,326.0,6.0,0.0184,1,1,2,4,Lost
13326,United Kingdom,2010-10-03 16:00:00,2010-10-03 16:00:00,431,1,281.76,140.0,0.0,0.0,1,1,2,4,Lost
17366,United Kingdom,2010-09-09 19:46:00,2010-10-03 16:04:00,431,2,1094.59,510.0,1.0,0.002,1,2,3,6,At Risk
13920,United Kingdom,2010-05-26 15:48:00,2010-10-04 12:37:00,431,4,1734.88,1772.0,4.0,0.0023,1,3,4,8,At Risk
12486,Sweden,2010-10-04 12:14:00,2010-10-04 12:14:00,431,1,1037.28,523.0,0.0,0.0,1,1,3,5,At Risk
14455,United Kingdom,2010-08-01 13:26:00,2010-10-03 15:48:00,431,4,594.86,719.0,37.0,0.0515,1,3,3,7,At Risk
16312,United Kingdom,2010-10-03 14:15:00,2010-10-03 14:15:00,431,1,171.15,53.0,0.0,0.0,1,1,1,3,Lost
16331,United Kingdom,2010-03-07 10:55:00,2010-10-03 13:47:00,431,6,2037.7,756.0,0.0,0.0,1,4,4,9,At Risk
14579,United Kingdom,2010-10-03 14:36:00,2010-10-03 14:36:00,431,1,105.56,56.0,0.0,0.0,1,1,1,3,Lost
14392,United Kingdom,2010-10-03 12:56:00,2010-10-03 12:56:00,431,1,266.4,114.0,0.0,0.0,1,1,1,3,Lost
16799,United Kingdom,2010-09-12 12:46:00,2010-10-03 14:28:00,431,2,491.03,176.0,1.0,0.0057,1,2,2,5,Lost
13360,United Kingdom,2010-01-08 11:16:00,2010-10-04 12:37:00,431,4,1464.1,942.0,10.0,0.0106,1,3,4,8,At Risk
16061,United Kingdom,2010-10-04 15:29:00,2010-10-04 15:29:00,430,1,44.95,19.0,6.0,0.3158,1,1,1,3,Lost
15778,United Kingdom,2010-10-04 15:10:00,2010-10-04 15:10:00,430,1,307.95,101.0,0.0,0.0,1,1,2,4,Lost
14169,United Kingdom,2010-09-21 13:39:00,2010-10-05 08:45:00,430,2,624.43,208.0,0.0,0.0,1,2,3,6,At Risk
14302,United Kingdom,2009-12-02 08:16:00,2010-10-05 08:10:00,430,3,742.9,298.0,0.0,0.0,1,3,3,7,At Risk
18244,United Kingdom,2010-07-25 10:30:00,2010-10-05 11:15:00,430,2,568.64,856.0,0.0,0.0,1,2,2,5,Lost
13446,United Kingdom,2010-02-14 11:52:00,2010-10-05 18:51:00,429,11,3608.86,2403.0,66.0,0.0275,1,5,5,11,At Risk
13022,Belgium,2010-10-06 10:50:00,2010-10-06 10:50:00,429,1,65.3,35.0,0.0,0.0,1,1,1,3,Lost
14492,United Kingdom,2010-03-30 14:23:00,2010-10-05 13:21:00,429,7,1574.36,751.0,112.0,0.1491,1,4,4,9,At Risk
13818,United Kingdom,2010-10-06 12:35:00,2010-10-06 12:35:00,429,1,61.28,60.0,0.0,0.0,1,1,1,3,Lost
14663,United Kingdom,2010-10-05 13:12:00,2010-10-05 13:21:00,429,2,490.6,397.0,0.0,0.0,1,2,2,5,Lost
13306,United Kingdom,2010-10-05 14:55:00,2010-10-05 14:55:00,429,1,53.65,74.0,0.0,0.0,1,1,1,3,Lost
15490,United Kingdom,2010-10-05 13:11:00,2010-10-05 13:11:00,429,1,188.1,85.0,10.0,0.1176,1,1,1,3,Lost
16760,United Kingdom,2010-10-05 15:55:00,2010-10-05 15:55:00,429,1,228.0,168.0,0.0,0.0,1,1,1,3,Lost
14991,United Kingdom,2010-10-05 13:01:00,2010-10-05 13:01:00,429,1,314.67,191.0,0.0,0.0,1,1,2,4,Lost
16300,United Kingdom,2010-02-02 11:40:00,2010-10-05 13:14:00,429,3,1392.43,658.0,0.0,0.0,1,3,4,8,At Risk
17657,United Kingdom,2010-10-05 14:52:00,2010-10-05 14:52:00,429,1,126.0,60.0,0.0,0.0,1,1,1,3,Lost
17249,United Kingdom,2010-10-07 11:33:00,2010-10-07 11:33:00,428,1,68.03,79.0,0.0,0.0,1,1,1,3,Lost
17008,United Kingdom,2010-10-06 15:19:00,2010-10-06 15:19:00,428,1,81.36,24.0,0.0,0.0,1,1,1,3,Lost
13861,United Kingdom,2010-06-27 11:37:00,2010-10-06 14:20:00,428,2,251.31,225.0,5.0,0.0222,1,2,1,4,Lost
14118,United Kingdom,2010-10-07 11:59:00,2010-10-07 11:59:00,428,1,458.45,97.0,0.0,0.0,1,1,2,4,Lost
12511,Greece,2010-10-07 10:39:00,2010-10-07 10:39:00,428,1,3065.77,1753.0,5.0,0.0029,1,1,5,7,At Risk
17127,United Kingdom,2009-12-04 15:18:00,2010-10-07 09:54:00,428,5,1155.03,340.0,0.0,0.0,1,4,3,8,At Risk
13423,United Kingdom,2010-10-07 09:02:00,2010-10-07 09:02:00,428,1,217.03,141.0,0.0,0.0,1,1,1,3,Lost
13556,United Kingdom,2010-09-30 09:01:00,2010-10-06 16:44:00,428,2,200.82,134.0,0.0,0.0,1,2,1,4,Lost
13785,United Kingdom,2010-09-05 16:01:00,2010-10-07 09:25:00,428,4,542.49,151.0,0.0,0.0,1,3,2,6,At Risk
16307,United Kingdom,2010-05-11 14:40:00,2010-10-06 14:31:00,428,3,1194.92,1123.0,0.0,0.0,1,3,4,8,At Risk
12986,United Kingdom,2010-01-21 10:45:00,2010-10-07 11:57:00,428,10,1991.59,1164.0,283.0,0.2431,1,5,4,10,At Risk
12903,United Kingdom,2010-10-07 12:39:00,2010-10-07 12:39:00,428,1,833.53,493.0,0.0,0.0,1,1,3,5,At Risk
14322,United Kingdom,2010-02-18 08:49:00,2010-10-06 15:17:00,428,4,384.3,158.0,16.0,0.1013,1,3,2,6,At Risk
16329,United Kingdom,2009-12-01 11:34:00,2010-10-08 12:44:00,427,4,1703.07,826.0,0.0,0.0,1,3,4,8,At Risk
15600,United Kingdom,2010-04-25 11:50:00,2010-10-07 14:30:00,427,4,1178.71,657.0,6.0,0.0091,1,3,3,7,At Risk
13776,United Kingdom,2010-10-07 16:07:00,2010-10-07 16:11:00,427,2,-340.17,2.0,6.0,3.0,1,2,1,4,Lost
17196,United Kingdom,2010-10-08 11:31:00,2010-10-08 11:31:00,427,1,352.9,168.0,0.0,0.0,1,1,2,4,Lost
14266,United Kingdom,2010-10-07 13:32:00,2010-10-07 13:32:00,427,1,40.56,24.0,0.0,0.0,1,1,1,3,Lost
16111,United Kingdom,2010-10-07 19:51:00,2010-10-07 19:51:00,427,1,562.48,236.0,0.0,0.0,1,1,2,4,Lost
12835,United Kingdom,2009-12-03 12:13:00,2010-10-08 10:59:00,427,41,6018.67,2357.0,14.0,0.0059,1,5,5,11,At Risk
15080,United Kingdom,2010-07-26 10:03:00,2010-10-08 11:52:00,427,2,546.25,287.0,0.0,0.0,1,2,2,5,Lost
16568,United Kingdom,2010-03-08 14:51:00,2010-10-08 10:54:00,427,2,1020.9,366.0,0.0,0.0,1,2,3,6,At Risk
15931,United Kingdom,2010-10-07 16:46:00,2010-10-07 16:46:00,427,1,239.9,118.0,0.0,0.0,1,1,1,3,Lost
16166,United Kingdom,2010-01-17 14:16:00,2010-10-07 15:44:00,427,2,327.48,173.0,17.0,0.0983,1,2,2,5,Lost
13567,United Kingdom,2010-06-16 12:48:00,2010-10-07 12:51:00,427,4,1078.59,645.0,2.0,0.0031,1,3,3,7,At Risk
14186,United Kingdom,2010-03-05 11:17:00,2010-10-08 13:30:00,426,5,1550.63,1550.0,0.0,0.0,1,4,4,9,At Risk
13541,United Kingdom,2010-05-18 16:15:00,2010-10-08 16:37:00,426,2,717.9,279.0,13.0,0.0466,1,2,3,6,At Risk
14846,United Kingdom,2010-10-08 17:07:00,2010-10-08 17:07:00,426,1,406.8,193.0,12.0,0.0622,1,1,2,4,Lost
13406,United Kingdom,2010-03-18 07:29:00,2010-10-08 14:44:00,426,2,557.22,292.0,6.0,0.0205,1,2,2,5,Lost
12862,United Kingdom,2010-08-01 15:20:00,2010-10-10 11:47:00,425,2,1008.32,613.0,0.0,0.0,1,2,3,6,At Risk
16579,United Kingdom,2010-10-10 11:58:00,2010-10-10 11:58:00,425,1,264.45,119.0,12.0,0.1008,1,1,1,3,Lost
17518,United Kingdom,2010-03-28 13:31:00,2010-10-10 12:40:00,425,2,329.42,267.0,0.0,0.0,1,2,2,5,Lost
17465,United Kingdom,2009-12-03 13:25:00,2010-10-10 11:56:00,425,7,2533.64,1477.0,7.0,0.0047,1,4,4,9,At Risk
13537,United Kingdom,2010-09-14 10:41:00,2010-10-10 12:45:00,425,2,717.85,337.0,0.0,0.0,1,2,3,6,At Risk
14734,United Kingdom,2010-06-06 15:15:00,2010-10-10 12:04:00,425,4,1045.47,378.0,1.0,0.0026,1,3,3,7,At Risk
15177,United Kingdom,2010-10-10 12:48:00,2010-10-10 12:48:00,425,1,948.93,485.0,0.0,0.0,1,1,3,5,At Risk
15418,United Kingdom,2010-05-02 11:31:00,2010-10-10 13:38:00,424,2,452.32,266.0,0.0,0.0,1,2,2,5,Lost
14571,United Kingdom,2010-10-10 15:06:00,2010-10-10 15:06:00,424,1,161.65,57.0,0.0,0.0,1,1,1,3,Lost
14590,United Kingdom,2009-12-07 14:10:00,2010-10-11 12:06:00,424,20,2884.29,904.0,23.0,0.0254,1,5,5,11,At Risk
12655,France,2010-10-12 09:17:00,2010-10-12 09:17:00,423,1,261.35,80.0,0.0,0.0,1,1,1,3,Lost
17710,United Kingdom,2010-10-12 07:49:00,2010-10-12 07:49:00,423,1,293.5,158.0,0.0,0.0,1,1,2,4,Lost
17273,United Kingdom,2010-10-11 15:57:00,2010-10-11 15:57:00,423,1,141.12,133.0,0.0,0.0,1,1,1,3,Lost
13912,United Kingdom,2010-10-12 08:43:00,2010-10-12 08:43:00,423,1,124.95,29.0,0.0,0.0,1,1,1,3,Lost
17264,United Kingdom,2010-10-11 12:52:00,2010-10-11 12:52:00,423,1,279.59,227.0,0.0,0.0,1,1,2,4,Lost
16039,United Kingdom,2010-03-21 15:17:00,2010-10-12 10:44:00,423,2,449.65,409.0,1.0,0.0024,1,2,2,5,Lost
17104,United Kingdom,2010-10-12 12:21:00,2010-10-12 12:21:00,423,1,474.03,149.0,0.0,0.0,1,1,2,4,Lost
14319,United Kingdom,2010-10-11 13:38:00,2010-10-11 13:38:00,423,1,476.95,329.0,2.0,0.0061,1,1,2,4,Lost
17635,United Kingdom,2010-04-28 10:51:00,2010-10-11 15:12:00,423,3,1256.83,770.0,7.0,0.0091,1,3,4,8,At Risk
12467,USA,2010-10-12 15:41:00,2010-10-12 15:41:00,422,1,0.0,129.0,129.0,1.0,1,1,1,3,Lost
15151,United Kingdom,2010-07-18 12:19:00,2010-10-12 16:37:00,422,2,2085.61,795.0,0.0,0.0,1,2,4,7,At Risk
16263,United Kingdom,2010-10-12 14:52:00,2010-10-12 14:52:00,422,1,351.01,200.0,0.0,0.0,1,1,2,4,Lost
14263,United Kingdom,2010-10-12 14:09:00,2010-10-12 14:09:00,422,1,322.93,171.0,0.0,0.0,1,1,2,4,Lost
16238,United Kingdom,2010-10-13 12:36:00,2010-10-13 12:36:00,422,1,63.66,85.0,0.0,0.0,1,1,1,3,Lost
17944,United Kingdom,2010-10-12 16:25:00,2010-10-12 16:25:00,422,1,75.41,85.0,0.0,0.0,1,1,1,3,Lost
13968,United Kingdom,2010-10-12 13:22:00,2010-10-12 13:22:00,422,1,123.66,174.0,0.0,0.0,1,1,1,3,Lost
13909,United Kingdom,2010-07-06 16:52:00,2010-10-12 17:22:00,422,2,286.6,302.0,0.0,0.0,1,2,2,5,Lost
14838,United Kingdom,2009-12-03 09:52:00,2010-10-12 15:46:00,422,2,773.67,362.0,0.0,0.0,1,2,3,6,At Risk
16772,United Kingdom,2009-12-18 10:50:00,2010-10-12 13:19:00,422,3,2785.6,689.0,129.0,0.1872,1,3,4,8,At Risk
17182,United Kingdom,2009-12-21 15:22:00,2010-10-13 10:09:00,422,2,321.3,54.0,0.0,0.0,1,2,2,5,Lost
16975,United Kingdom,2010-07-22 11:38:00,2010-10-12 17:53:00,422,3,902.42,586.0,6.0,0.0102,1,3,3,7,At Risk
13440,United Kingdom,2010-09-14 10:34:00,2010-10-12 13:11:00,422,7,1213.95,573.0,22.0,0.0384,1,4,4,9,At Risk
13696,United Kingdom,2010-02-11 14:17:00,2010-10-14 09:44:00,421,3,2008.7,552.0,6.0,0.0109,1,3,4,8,At Risk
16130,United Kingdom,2010-04-01 13:58:00,2010-10-13 15:14:00,421,4,987.48,296.0,0.0,0.0,1,3,3,7,At Risk
18090,United Kingdom,2010-10-14 12:32:00,2010-10-14 12:32:00,421,1,349.4,321.0,0.0,0.0,1,1,2,4,Lost
15242,United Kingdom,2010-10-13 15:33:00,2010-10-13 15:33:00,421,1,302.04,196.0,0.0,0.0,1,1,2,4,Lost
14316,United Kingdom,2010-03-19 15:18:00,2010-10-13 16:31:00,421,5,1355.34,4494.0,12.0,0.0027,1,4,4,9,At Risk
12900,United Kingdom,2010-10-13 15:17:00,2010-10-13 15:17:00,421,1,340.33,139.0,0.0,0.0,1,1,2,4,Lost
17851,United Kingdom,2009-12-03 17:46:00,2010-10-13 15:13:00,421,6,1563.34,938.0,0.0,0.0,1,4,4,9,At Risk
13770,United Kingdom,2009-12-09 14:44:00,2010-10-13 15:10:00,421,4,785.37,468.0,0.0,0.0,1,3,3,7,At Risk
15817,United Kingdom,2010-06-14 13:31:00,2010-10-15 11:07:00,420,3,2766.4,1596.0,0.0,0.0,1,3,4,8,At Risk
16176,United Kingdom,2010-03-29 14:52:00,2010-10-14 13:54:00,420,4,1964.04,952.0,39.0,0.041,1,3,4,8,At Risk
17717,United Kingdom,2010-10-14 12:54:00,2010-10-14 12:54:00,420,1,376.92,344.0,0.0,0.0,1,1,2,4,Lost
17751,United Kingdom,2010-10-14 13:57:00,2010-10-14 13:57:00,420,1,157.86,147.0,0.0,0.0,1,1,1,3,Lost
16991,United Kingdom,2010-10-14 14:08:00,2010-10-14 14:08:00,420,1,1041.21,793.0,0.0,0.0,1,1,3,5,At Risk
13829,United Kingdom,2010-10-14 18:19:00,2010-10-14 18:19:00,420,1,0.0,12.0,12.0,1.0,1,1,1,3,Lost
17390,United Kingdom,2010-10-15 11:29:00,2010-10-15 11:29:00,420,1,149.3,49.0,0.0,0.0,1,1,1,3,Lost
17687,United Kingdom,2010-10-15 12:30:00,2010-10-15 12:30:00,420,1,432.68,210.0,0.0,0.0,1,1,2,4,Lost
15735,United Kingdom,2010-10-14 13:38:00,2010-10-14 13:38:00,420,1,327.68,206.0,0.0,0.0,1,1,2,4,Lost
14296,United Kingdom,2010-05-14 14:34:00,2010-10-14 14:14:00,420,2,448.45,314.0,1.0,0.0032,1,2,2,5,Lost
16336,United Kingdom,2010-03-18 08:05:00,2010-10-15 12:32:00,420,4,3517.69,1473.0,0.0,0.0,1,3,5,9,At Risk
14168,United Kingdom,2010-05-24 12:28:00,2010-10-15 10:49:00,420,2,305.9,147.0,9.0,0.0612,1,2,2,5,Lost
14956,United Kingdom,2010-10-14 16:40:00,2010-10-14 16:40:00,420,1,1325.0,2500.0,0.0,0.0,1,1,4,6,At Risk
17202,United Kingdom,2010-10-15 11:25:00,2010-10-15 11:25:00,420,1,160.65,55.0,0.0,0.0,1,1,1,3,Lost
14343,United Kingdom,2010-01-18 16:47:00,2010-10-14 13:05:00,420,4,1088.91,631.0,0.0,0.0,1,3,3,7,At Risk
16465,United Kingdom,2010-09-21 10:46:00,2010-10-15 09:27:00,420,2,726.34,504.0,2.0,0.004,1,2,3,6,At Risk
17823,United Kingdom,2010-10-14 16:14:00,2010-10-14 16:24:00,420,2,494.25,262.0,0.0,0.0,1,2,2,5,Lost
17316,United Kingdom,2010-10-15 14:35:00,2010-10-15 14:35:00,419,1,124.45,44.0,0.0,0.0,1,1,1,3,Lost
17822,United Kingdom,2010-05-28 12:15:00,2010-10-15 13:47:00,419,5,2188.5,1389.0,0.0,0.0,1,4,4,9,At Risk
15202,United Kingdom,2010-10-15 12:39:00,2010-10-15 13:05:00,419,3,-2570.18,3.0,5.0,1.6667,1,3,1,5,At Risk
16576,United Kingdom,2010-07-06 10:42:00,2010-10-15 13:37:00,419,2,513.17,323.0,14.0,0.0433,1,2,2,5,Lost
17938,United Kingdom,2010-10-15 14:27:00,2010-10-15 14:27:00,419,1,144.29,53.0,0.0,0.0,1,1,1,3,Lost
15686,United Kingdom,2010-10-15 13:50:00,2010-10-15 13:50:00,419,1,90.0,72.0,0.0,0.0,1,1,1,3,Lost
15688,United Kingdom,2010-10-17 12:06:00,2010-10-17 12:06:00,418,1,190.57,95.0,0.0,0.0,1,1,1,3,Lost
14839,United Kingdom,2010-01-04 16:29:00,2010-10-17 13:01:00,417,3,915.28,927.0,0.0,0.0,1,3,3,7,At Risk
13214,United Kingdom,2010-03-03 14:10:00,2010-10-18 10:00:00,417,7,3264.23,2966.0,0.0,0.0,1,4,5,10,At Risk
15934,United Kingdom,2010-10-06 12:08:00,2010-10-18 10:13:00,417,2,2190.66,2166.0,0.0,0.0,1,2,4,7,At Risk
13820,United Kingdom,2010-01-28 12:26:00,2010-10-17 13:46:00,417,3,640.4,287.0,3.0,0.0105,1,3,3,7,At Risk
13957,United Kingdom,2010-02-19 10:32:00,2010-10-18 10:02:00,417,3,458.25,157.0,0.0,0.0,1,3,2,6,At Risk
16691,United Kingdom,2010-05-27 14:55:00,2010-10-17 15:03:00,417,2,178.83,92.0,0.0,0.0,1,2,1,4,Lost
14940,United Kingdom,2009-12-06 15:46:00,2010-10-18 10:47:00,417,2,531.49,384.0,0.0,0.0,1,2,2,5,Lost
15772,United Kingdom,2010-10-17 13:33:00,2010-10-17 13:33:00,417,1,280.88,110.0,0.0,0.0,1,1,2,4,Lost
17141,United Kingdom,2010-01-24 14:19:00,2010-10-17 14:54:00,417,4,754.33,436.0,0.0,0.0,1,3,3,7,At Risk
16069,United Kingdom,2010-10-18 10:32:00,2010-10-18 10:32:00,417,1,457.7,138.0,0.0,0.0,1,1,2,4,Lost
14877,United Kingdom,2010-03-07 12:25:00,2010-10-17 13:09:00,417,2,437.0,171.0,0.0,0.0,1,2,2,5,Lost
12699,Germany,2010-10-18 12:07:00,2010-10-18 12:07:00,417,1,638.11,373.0,0.0,0.0,1,1,3,5,At Risk
13387,United Kingdom,2010-10-18 14:07:00,2010-10-18 14:07:00,416,1,189.44,125.0,0.0,0.0,1,1,1,3,Lost
13480,United Kingdom,2010-01-29 12:35:00,2010-10-19 11:53:00,416,2,627.82,362.0,0.0,0.0,1,2,3,6,At Risk
15710,United Kingdom,2010-10-18 17:05:00,2010-10-18 17:05:00,416,1,898.87,641.0,0.0,0.0,1,1,3,5,At Risk
17143,United Kingdom,2010-07-12 13:26:00,2010-10-18 15:27:00,416,2,924.11,330.0,0.0,0.0,1,2,3,6,At Risk
13088,United Kingdom,2010-10-18 15:35:00,2010-10-18 15:35:00,416,1,236.11,76.0,0.0,0.0,1,1,1,3,Lost
13152,United Kingdom,2010-01-14 10:01:00,2010-10-18 13:44:00,416,7,2114.98,977.0,8.0,0.0082,1,4,4,9,At Risk
15459,United Kingdom,2010-07-30 14:31:00,2010-10-18 15:25:00,416,2,202.83,121.0,0.0,0.0,1,2,1,4,Lost
16854,United Kingdom,2010-03-09 14:32:00,2010-10-18 16:31:00,416,2,1408.96,997.0,0.0,0.0,1,2,4,7,At Risk
17023,United Kingdom,2010-01-11 15:09:00,2010-10-18 15:37:00,416,3,800.18,530.0,0.0,0.0,1,3,3,7,At Risk
14648,United Kingdom,2009-12-10 13:59:00,2010-10-19 13:12:00,415,15,4458.21,3326.0,41.0,0.0123,1,5,5,11,At Risk
13840,United Kingdom,2010-10-19 13:34:00,2010-10-19 13:34:00,415,1,651.4,358.0,0.0,0.0,1,1,3,5,At Risk
15207,United Kingdom,2010-06-10 17:29:00,2010-10-19 13:29:00,415,3,653.77,428.0,30.0,0.0701,1,3,3,7,At Risk
17137,United Kingdom,2010-01-31 12:27:00,2010-10-19 14:51:00,415,6,1133.63,697.0,0.0,0.0,1,4,3,8,At Risk
13981,United Kingdom,2010-10-20 10:03:00,2010-10-20 10:03:00,415,1,327.39,234.0,1.0,0.0043,1,1,2,4,Lost
14469,United Kingdom,2010-01-29 11:12:00,2010-10-19 14:30:00,415,4,2112.21,980.0,0.0,0.0,1,3,4,8,At Risk
16702,United Kingdom,2009-12-07 16:40:00,2010-10-20 14:10:00,414,4,1100.88,692.0,1.0,0.0014,1,3,3,7,At Risk
15647,United Kingdom,2010-10-20 15:09:00,2010-10-20 15:09:00,414,1,169.0,124.0,0.0,0.0,1,1,1,3,Lost
13374,United Kingdom,2010-09-16 10:29:00,2010-10-21 10:04:00,414,2,422.8,135.0,0.0,0.0,1,2,2,5,Lost
14612,United Kingdom,2010-10-20 16:01:00,2010-10-20 16:01:00,414,1,877.7,134.0,0.0,0.0,1,1,3,5,At Risk
17834,United Kingdom,2010-09-20 15:32:00,2010-10-21 12:09:00,414,2,730.47,687.0,0.0,0.0,1,2,3,6,At Risk
16521,United Kingdom,2010-03-01 13:22:00,2010-10-20 13:09:00,414,3,1148.01,1016.0,0.0,0.0,1,3,3,7,At Risk
18247,United Kingdom,2010-03-18 15:52:00,2010-10-21 09:49:00,414,3,721.43,335.0,30.0,0.0896,1,3,3,7,At Risk
12387,Australia,2010-10-20 16:27:00,2010-10-20 16:27:00,414,1,143.94,134.0,0.0,0.0,1,1,1,3,Lost
12400,Australia,2010-10-21 13:45:00,2010-10-21 13:45:00,413,1,205.25,91.0,0.0,0.0,1,1,1,3,Lost
12972,United Kingdom,2010-02-16 14:30:00,2010-10-22 08:41:00,413,4,1115.95,844.0,15.0,0.0178,1,3,3,7,At Risk
16310,United Kingdom,2010-03-07 15:41:00,2010-10-21 14:47:00,413,2,460.08,270.0,0.0,0.0,1,2,2,5,Lost
12899,United Kingdom,2010-10-22 09:53:00,2010-10-22 09:53:00,413,1,366.4,108.0,0.0,0.0,1,1,2,4,Lost
13195,United Kingdom,2010-10-21 13:07:00,2010-10-21 13:07:00,413,1,172.38,83.0,0.0,0.0,1,1,1,3,Lost
13386,United Kingdom,2010-09-28 13:09:00,2010-10-21 12:52:00,413,2,835.46,514.0,0.0,0.0,1,2,3,6,At Risk
16167,United Kingdom,2009-12-01 10:46:00,2010-10-21 15:33:00,413,5,1149.87,1494.0,35.0,0.0234,1,4,3,8,At Risk
12973,United Kingdom,2010-10-22 10:14:00,2010-10-22 10:14:00,413,1,385.55,31.0,0.0,0.0,1,1,2,4,Lost
14686,United Kingdom,2010-02-18 18:29:00,2010-10-21 18:31:00,413,5,877.88,475.0,1.0,0.0021,1,4,3,8,At Risk
13746,United Kingdom,2010-10-22 11:55:00,2010-10-22 11:55:00,413,1,176.69,83.0,0.0,0.0,1,1,1,3,Lost
16428,United Kingdom,2010-07-30 12:10:00,2010-10-22 12:22:00,413,3,657.33,595.0,1.0,0.0017,1,3,3,7,At Risk
18243,United Kingdom,2010-10-21 14:29:00,2010-10-21 14:29:00,413,1,515.78,221.0,0.0,0.0,1,1,2,4,Lost
14945,United Kingdom,2010-10-22 11:26:00,2010-10-22 11:26:00,413,1,179.4,156.0,0.0,0.0,1,1,1,3,Lost
12960,United Kingdom,2010-02-16 13:32:00,2010-10-22 09:31:00,413,4,1322.07,1379.0,0.0,0.0,1,3,4,8,At Risk
16540,United Kingdom,2010-10-21 17:22:00,2010-10-21 17:22:00,413,1,226.7,114.0,0.0,0.0,1,1,1,3,Lost
15995,United Kingdom,2010-10-21 13:57:00,2010-10-21 13:57:00,413,1,696.19,353.0,0.0,0.0,1,1,3,5,At Risk
14728,United Kingdom,2010-10-22 15:57:00,2010-10-22 15:57:00,412,1,190.58,68.0,0.0,0.0,1,1,1,3,Lost
12369,Austria,2010-03-08 08:09:00,2010-10-22 13:13:00,412,3,1791.15,1241.0,0.0,0.0,1,3,4,8,At Risk
17407,United Kingdom,2010-10-24 11:57:00,2010-10-24 11:57:00,411,1,552.9,426.0,0.0,0.0,1,1,2,4,Lost
13241,United Kingdom,2010-10-24 11:17:00,2010-10-24 11:17:00,411,1,115.58,48.0,0.0,0.0,1,1,1,3,Lost
15337,United Kingdom,2010-10-24 15:29:00,2010-10-24 15:29:00,410,1,344.72,200.0,8.0,0.04,1,1,2,4,Lost
17260,United Kingdom,2010-10-24 13:21:00,2010-10-24 13:21:00,410,1,120.95,23.0,0.0,0.0,1,1,1,3,Lost
17435,United Kingdom,2010-10-24 13:55:00,2010-10-24 13:55:00,410,1,331.35,195.0,0.0,0.0,1,1,2,4,Lost
13733,United Kingdom,2009-12-04 15:28:00,2010-10-25 12:18:00,410,2,484.53,335.0,2.0,0.006,1,2,2,5,Lost
14249,United Kingdom,2010-01-29 14:21:00,2010-10-25 12:34:00,410,12,5625.461,2487.0,0.0,0.0,1,5,5,11,At Risk
16920,United Kingdom,2010-10-24 14:07:00,2010-10-24 14:07:00,410,1,355.45,81.0,0.0,0.0,1,1,2,4,Lost
14197,United Kingdom,2010-10-25 10:01:00,2010-10-25 10:01:00,410,1,390.05,143.0,0.0,0.0,1,1,2,4,Lost
14183,United Kingdom,2010-08-15 15:36:00,2010-10-24 14:45:00,410,2,286.29,61.0,0.0,0.0,1,2,2,5,Lost
15248,United Kingdom,2010-06-23 14:34:00,2010-10-24 13:09:00,410,3,1865.03,1065.0,8.0,0.0075,1,3,4,8,At Risk
13574,United Kingdom,2010-10-24 13:28:00,2010-10-24 13:28:00,410,1,421.25,316.0,0.0,0.0,1,1,2,4,Lost
15294,United Kingdom,2010-10-25 11:45:00,2010-10-25 11:45:00,410,1,222.3,97.0,2.0,0.0206,1,1,1,3,Lost
12926,United Kingdom,2009-12-14 14:35:00,2010-10-24 15:57:00,410,4,1548.46,766.0,0.0,0.0,1,3,4,8,At Risk
13073,United Kingdom,2010-09-28 09:27:00,2010-10-24 14:06:00,410,2,418.08,261.0,0.0,0.0,1,2,2,5,Lost
13977,United Kingdom,2010-10-24 14:08:00,2010-10-24 14:08:00,410,1,519.81,303.0,0.0,0.0,1,1,2,4,Lost
17981,United Kingdom,2010-10-25 10:40:00,2010-10-25 10:40:00,410,1,239.12,260.0,0.0,0.0,1,1,1,3,Lost
14181,United Kingdom,2010-05-26 12:32:00,2010-10-25 08:27:00,410,2,310.55,122.0,0.0,0.0,1,2,2,5,Lost
16677,United Kingdom,2010-02-25 16:11:00,2010-10-24 14:53:00,410,2,849.77,457.0,3.0,0.0066,1,2,3,6,At Risk
17393,United Kingdom,2010-08-08 15:53:00,2010-10-25 11:10:00,410,2,381.15,238.0,0.0,0.0,1,2,2,5,Lost
13333,United Kingdom,2010-02-19 09:26:00,2010-10-24 13:24:00,410,3,1015.74,685.0,0.0,0.0,1,3,3,7,At Risk
14324,United Kingdom,2010-01-15 13:31:00,2010-10-26 11:44:00,409,2,701.61,402.0,0.0,0.0,1,2,3,6,At Risk
14718,United Kingdom,2010-10-25 13:07:00,2010-10-25 13:07:00,409,1,226.42,202.0,0.0,0.0,1,1,1,3,Lost
14278,United Kingdom,2010-10-26 12:07:00,2010-10-26 12:07:00,409,1,205.83,131.0,0.0,0.0,1,1,1,3,Lost
16962,United Kingdom,2010-10-26 11:36:00,2010-10-26 11:36:00,409,1,251.04,158.0,0.0,0.0,1,1,1,3,Lost
16259,United Kingdom,2010-04-13 16:57:00,2010-10-25 14:27:00,409,3,361.94,162.0,0.0,0.0,1,3,2,6,At Risk
17327,United Kingdom,2010-05-26 11:20:00,2010-10-26 09:54:00,409,2,152.35,59.0,0.0,0.0,1,2,1,4,Lost
12411,Australia,2010-10-26 09:25:00,2010-10-26 09:25:00,409,1,346.9,138.0,0.0,0.0,1,1,2,4,Lost
16785,United Kingdom,2010-10-26 10:36:00,2010-10-26 10:36:00,409,1,533.78,313.0,0.0,0.0,1,1,2,4,Lost
15064,United Kingdom,2009-12-22 16:17:00,2010-10-25 14:32:00,409,4,1254.41,810.0,0.0,0.0,1,3,4,8,At Risk
12505,Italy,2010-10-27 09:18:00,2010-10-27 09:18:00,408,1,908.0,324.0,11.0,0.034,2,1,3,6,At Risk
17473,United Kingdom,2010-09-09 19:03:00,2010-10-27 11:45:00,408,2,592.15,270.0,3.0,0.0111,2,2,2,6,Lost
12537,Sweden,2010-10-27 08:36:00,2010-10-27 08:36:00,408,1,732.94,449.0,0.0,0.0,2,1,3,6,At Risk
12563,Italy,2010-10-27 09:52:00,2010-10-27 09:52:00,408,1,249.24,113.0,0.0,0.0,2,1,1,4,Lost
15876,United Kingdom,2010-09-17 15:26:00,2010-10-26 18:58:00,408,2,1449.14,886.0,0.0,0.0,2,2,4,8,At Risk
15536,United Kingdom,2010-10-26 16:31:00,2010-10-26 16:31:00,408,1,259.09,242.0,0.0,0.0,2,1,1,4,Lost
13906,United Kingdom,2010-10-26 15:00:00,2010-10-26 15:00:00,408,1,42.0,100.0,0.0,0.0,2,1,1,4,Lost
13578,United Kingdom,2010-10-26 13:44:00,2010-10-26 13:44:00,408,1,147.66,127.0,0.0,0.0,2,1,1,4,Lost
13274,United Kingdom,2010-10-26 13:48:00,2010-10-26 13:48:00,408,1,360.85,199.0,0.0,0.0,2,1,2,5,Lost
17326,United Kingdom,2010-06-28 14:05:00,2010-10-27 15:38:00,407,2,321.95,140.0,0.0,0.0,2,2,2,6,Lost
18060,United Kingdom,2010-05-24 08:34:00,2010-10-27 16:41:00,407,2,1185.46,902.0,0.0,0.0,2,2,4,8,At Risk
15328,United Kingdom,2010-10-28 09:05:00,2010-10-28 09:05:00,407,1,107.24,88.0,0.0,0.0,2,1,1,4,Lost
13547,United Kingdom,2010-10-27 14:14:00,2010-10-27 14:14:00,407,1,175.53,82.0,0.0,0.0,2,1,1,4,Lost
16382,United Kingdom,2010-06-07 12:42:00,2010-10-27 16:23:00,407,2,353.1,167.0,0.0,0.0,2,2,2,6,Lost
17478,United Kingdom,2010-03-16 14:19:00,2010-10-27 15:01:00,407,2,1272.8,516.0,0.0,0.0,2,2,4,8,At Risk
15285,United Kingdom,2010-10-28 09:46:00,2010-10-28 09:46:00,407,1,94.92,120.0,0.0,0.0,2,1,1,4,Lost
14281,United Kingdom,2010-10-27 14:45:00,2010-10-27 14:45:00,407,1,245.15,45.0,0.0,0.0,2,1,1,4,Lost
13713,United Kingdom,2010-05-05 16:48:00,2010-10-27 16:18:00,407,3,743.26,286.0,0.0,0.0,2,3,3,8,At Risk
14303,United Kingdom,2010-10-01 10:31:00,2010-10-28 15:37:00,406,2,277.94,218.0,0.0,0.0,2,2,2,6,Lost
14294,United Kingdom,2010-10-28 16:25:00,2010-10-28 16:25:00,406,1,375.34,190.0,0.0,0.0,2,1,2,5,Lost
15170,United Kingdom,2010-10-29 10:34:00,2010-10-29 10:34:00,406,1,81.15,33.0,0.0,0.0,2,1,1,4,Lost
16630,United Kingdom,2010-10-28 14:30:00,2010-10-28 14:30:00,406,1,104.3,72.0,2.0,0.0278,2,1,1,4,Lost
17853,United Kingdom,2009-12-03 15:09:00,2010-10-28 15:29:00,406,3,1608.19,627.0,0.0,0.0,2,3,4,9,At Risk
17741,United Kingdom,2010-05-28 12:11:00,2010-10-29 11:59:00,406,2,101.1,114.0,0.0,0.0,2,2,1,5,Lost
15887,United Kingdom,2010-06-02 11:53:00,2010-10-29 08:36:00,406,3,1027.15,605.0,0.0,0.0,2,3,3,8,At Risk
13031,United Kingdom,2010-06-03 14:57:00,2010-10-28 15:34:00,406,5,3419.27,2399.0,0.0,0.0,2,4,5,11,Loyal
16129,United Kingdom,2010-07-20 12:32:00,2010-10-28 14:29:00,406,3,1396.05,1261.0,0.0,0.0,2,3,4,9,At Risk
16635,United Kingdom,2010-10-29 09:41:00,2010-10-29 09:41:00,406,1,473.0,277.0,0.0,0.0,2,1,2,5,Lost
17821,United Kingdom,2010-10-29 13:20:00,2010-10-29 13:20:00,405,1,334.62,162.0,0.0,0.0,2,1,2,5,Lost
14490,United Kingdom,2010-10-07 11:36:00,2010-10-29 15:04:00,405,2,1273.47,933.0,0.0,0.0,2,2,4,8,At Risk
14122,United Kingdom,2009-12-02 14:22:00,2010-10-29 15:11:00,405,3,309.77,114.0,19.0,0.1667,2,3,2,7,At Risk
16058,United Kingdom,2010-10-29 16:48:00,2010-10-29 16:48:00,405,1,62.7,18.0,0.0,0.0,2,1,1,4,Lost
14746,United Kingdom,2010-10-12 11:06:00,2010-10-29 14:44:00,405,4,593.5,398.0,0.0,0.0,2,3,3,8,At Risk
13580,United Kingdom,2010-10-29 15:01:00,2010-10-29 15:01:00,405,1,107.75,45.0,0.0,0.0,2,1,1,4,Lost
12608,United Kingdom,2010-10-31 10:49:00,2010-10-31 10:49:00,404,1,415.79,323.0,0.0,0.0,2,1,2,5,Lost
14213,United Kingdom,2010-10-31 10:37:00,2010-10-31 10:37:00,404,1,0.0,244.0,244.0,1.0,2,1,1,4,Lost
13677,United Kingdom,2010-07-07 17:25:00,2010-10-31 11:32:00,404,2,556.19,218.0,0.0,0.0,2,2,2,6,Lost
16724,United Kingdom,2010-10-31 11:40:00,2010-10-31 11:40:00,404,1,147.35,69.0,0.0,0.0,2,1,1,4,Lost
14848,United Kingdom,2010-10-31 12:22:00,2010-10-31 12:22:00,404,1,310.56,260.0,0.0,0.0,2,1,2,5,Lost
17413,United Kingdom,2010-05-19 11:11:00,2010-10-31 12:33:00,404,2,560.14,302.0,0.0,0.0,2,2,2,6,Lost
15439,United Kingdom,2010-02-24 12:05:00,2010-10-31 10:38:00,404,4,1269.05,572.0,0.0,0.0,2,3,4,9,At Risk
15501,United Kingdom,2010-10-20 12:47:00,2010-10-31 11:15:00,404,2,402.5,206.0,0.0,0.0,2,2,2,6,Lost
14429,United Kingdom,2010-11-01 10:08:00,2010-11-01 10:08:00,403,1,516.28,286.0,0.0,0.0,2,1,2,5,Lost
16876,United Kingdom,2010-11-01 11:59:00,2010-11-01 11:59:00,403,1,136.01,181.0,0.0,0.0,2,1,1,4,Lost
14777,United Kingdom,2010-11-01 12:50:00,2010-11-01 12:50:00,403,1,239.26,212.0,12.0,0.0566,2,1,1,4,Lost
16606,United Kingdom,2010-10-01 13:21:00,2010-10-31 13:57:00,403,2,357.66,148.0,0.0,0.0,2,2,2,6,Lost
15879,United Kingdom,2009-12-17 19:54:00,2010-10-31 16:21:00,403,4,1157.3,643.0,0.0,0.0,2,3,3,8,At Risk
12389,Australia,2010-02-22 10:15:00,2010-11-02 11:52:00,402,3,1433.33,614.0,0.0,0.0,2,3,4,9,At Risk
14617,United Kingdom,2010-10-20 10:40:00,2010-11-02 11:41:00,402,2,190.47,81.0,0.0,0.0,2,2,1,5,Lost
17121,United Kingdom,2010-11-02 11:47:00,2010-11-02 11:47:00,402,1,314.74,106.0,0.0,0.0,2,1,2,5,Lost
13535,United Kingdom,2010-11-02 11:49:00,2010-11-02 11:49:00,402,1,89.5,10.0,0.0,0.0,2,1,1,4,Lost
17003,United Kingdom,2010-05-10 11:20:00,2010-11-02 13:15:00,401,4,830.16,495.0,0.0,0.0,2,3,3,8,At Risk
14363,United Kingdom,2010-09-14 14:39:00,2010-11-02 17:01:00,401,2,227.47,105.0,0.0,0.0,2,2,1,5,Lost
17276,United Kingdom,2010-11-02 16:20:00,2010-11-02 16:20:00,401,1,451.34,189.0,5.0,0.0265,2,1,2,5,Lost
18141,United Kingdom,2010-04-29 15:32:00,2010-11-03 11:44:00,401,2,838.57,433.0,13.0,0.03,2,2,3,7,At Risk
14942,United Kingdom,2009-12-10 10:32:00,2010-11-03 10:51:00,401,4,706.56,354.0,1.0,0.0028,2,3,3,8,At Risk
15336,United Kingdom,2010-11-03 12:39:00,2010-11-03 12:39:00,401,1,240.5,84.0,0.0,0.0,2,1,1,4,Lost
15915,United Kingdom,2010-11-03 11:13:00,2010-11-03 11:13:00,401,1,429.21,451.0,0.0,0.0,2,1,2,5,Lost
13215,United Kingdom,2010-11-02 18:26:00,2010-11-02 18:26:00,401,1,81.6,96.0,0.0,0.0,2,1,1,4,Lost
13921,United Kingdom,2009-12-18 12:19:00,2010-11-02 16:32:00,401,4,720.75,210.0,1.0,0.0048,2,3,3,8,At Risk
13331,United Kingdom,2010-11-03 08:04:00,2010-11-03 08:04:00,401,1,262.4,54.0,0.0,0.0,2,1,1,4,Lost
16865,United Kingdom,2010-11-03 11:34:00,2010-11-03 11:34:00,401,1,130.95,157.0,0.0,0.0,2,1,1,4,Lost
13251,United Kingdom,2010-11-02 13:20:00,2010-11-02 13:20:00,401,1,252.68,215.0,0.0,0.0,2,1,1,4,Lost
16590,United Kingdom,2010-10-21 12:09:00,2010-11-04 09:06:00,400,2,563.6,240.0,6.0,0.025,2,2,2,6,Lost
12914,United Kingdom,2010-11-04 12:28:00,2010-11-04 12:28:00,400,1,223.98,336.0,0.0,0.0,2,1,1,4,Lost
16391,United Kingdom,2010-05-27 11:27:00,2010-11-04 12:27:00,400,4,1103.61,748.0,0.0,0.0,2,3,3,8,At Risk
14398,United Kingdom,2010-06-30 11:57:00,2010-11-03 13:46:00,400,2,707.79,267.0,0.0,0.0,2,2,3,7,At Risk
16060,United Kingdom,2010-08-02 15:26:00,2010-11-04 12:10:00,400,3,541.95,243.0,0.0,0.0,2,3,2,7,At Risk
15481,Norway,2010-11-03 14:52:00,2010-11-03 14:52:00,400,1,1993.34,1450.0,0.0,0.0,2,1,4,7,At Risk
15233,United Kingdom,2010-11-03 13:36:00,2010-11-03 13:36:00,400,1,59.4,12.0,0.0,0.0,2,1,1,4,Lost
14136,United Kingdom,2009-12-08 09:19:00,2010-11-04 11:53:00,400,5,1553.96,1148.0,3.0,0.0026,2,4,4,10,Loyal
16888,United Kingdom,2010-01-07 13:07:00,2010-11-04 12:39:00,400,3,437.15,147.0,0.0,0.0,2,3,2,7,At Risk
13660,United Kingdom,2010-11-04 16:10:00,2010-11-04 16:10:00,399,1,303.69,137.0,2.0,0.0146,2,1,2,5,Lost
13903,United Kingdom,2010-11-04 17:44:00,2010-11-04 17:44:00,399,1,165.45,103.0,0.0,0.0,2,1,1,4,Lost
12958,United Kingdom,2010-05-05 16:22:00,2010-11-04 16:16:00,399,2,539.49,131.0,0.0,0.0,2,2,2,6,Lost
15792,United Kingdom,2010-03-31 09:42:00,2010-11-05 08:21:00,399,2,933.84,606.0,0.0,0.0,2,2,3,7,At Risk
16707,United Kingdom,2010-03-09 15:16:00,2010-11-04 14:39:00,399,4,551.11,402.0,0.0,0.0,2,3,2,7,At Risk
13206,United Kingdom,2009-12-07 13:48:00,2010-11-04 16:50:00,399,13,8280.13,7155.0,277.0,0.0387,2,5,5,12,Loyal
13648,United Kingdom,2009-12-01 18:13:00,2010-11-04 14:46:00,399,8,1679.01,960.0,32.0,0.0333,2,4,4,10,Loyal
13303,United Kingdom,2010-11-04 14:55:00,2010-11-04 14:55:00,399,1,61.72,26.0,0.0,0.0,2,1,1,4,Lost
17876,United Kingdom,2010-02-02 13:00:00,2010-11-05 10:52:00,399,3,3424.02,1958.0,0.0,0.0,2,3,5,10,At Risk
13597,United Kingdom,2010-11-02 09:30:00,2010-11-04 14:54:00,399,2,372.21,231.0,11.0,0.0476,2,2,2,6,Lost
13646,United Kingdom,2010-11-05 12:00:00,2010-11-05 12:13:00,399,2,323.3,79.0,1.0,0.0127,2,2,2,6,Lost
15425,United Kingdom,2010-02-14 12:36:00,2010-11-04 18:13:00,399,4,1944.57,1042.0,0.0,0.0,2,3,4,9,At Risk
13172,United Kingdom,2010-11-04 15:10:00,2010-11-04 15:10:00,399,1,69.6,48.0,0.0,0.0,2,1,1,4,Lost
13154,United Kingdom,2009-12-04 08:46:00,2010-11-05 16:00:00,398,3,997.43,976.0,4.0,0.0041,2,3,3,8,At Risk
13836,United Kingdom,2010-10-21 13:27:00,2010-11-05 13:31:00,398,2,602.52,273.0,3.0,0.011,2,2,3,7,At Risk
15560,United Kingdom,2010-11-07 10:14:00,2010-11-07 10:15:00,397,2,153.52,72.0,0.0,0.0,2,2,1,5,Lost
16787,United Kingdom,2010-01-10 11:12:00,2010-11-07 11:01:00,397,4,1035.43,474.0,0.0,0.0,2,3,3,8,At Risk
18083,United Kingdom,2010-11-07 11:44:00,2010-11-07 11:44:00,397,1,470.73,270.0,0.0,0.0,2,1,2,5,Lost
16640,United Kingdom,2010-11-07 10:48:00,2010-11-07 10:48:00,397,1,179.4,146.0,0.0,0.0,2,1,1,4,Lost
14203,United Kingdom,2010-11-07 13:35:00,2010-11-07 13:35:00,396,1,339.34,80.0,0.0,0.0,2,1,2,5,Lost
13773,United Kingdom,2010-02-18 10:27:00,2010-11-08 11:49:00,396,2,301.54,174.0,0.0,0.0,2,2,2,6,Lost
13377,United Kingdom,2010-03-04 10:06:00,2010-11-08 12:20:00,396,2,1495.43,748.0,4.0,0.0053,2,2,4,8,At Risk
12892,United Kingdom,2010-11-08 09:51:00,2010-11-08 09:51:00,396,1,263.38,140.0,0.0,0.0,2,1,1,4,Lost
17258,United Kingdom,2010-02-12 15:51:00,2010-11-08 12:37:00,396,2,417.3,188.0,0.0,0.0,2,2,2,6,Lost
16559,United Kingdom,2010-11-07 13:52:00,2010-11-07 13:52:00,396,1,185.2,73.0,0.0,0.0,2,1,1,4,Lost
14927,United Kingdom,2010-11-08 12:30:00,2010-11-08 12:30:00,396,1,308.2,196.0,0.0,0.0,2,1,2,5,Lost
15441,United Kingdom,2009-12-09 14:55:00,2010-11-08 15:50:00,395,3,1254.21,587.0,0.0,0.0,2,3,4,9,At Risk
15617,United Kingdom,2010-07-20 13:16:00,2010-11-08 16:07:00,395,3,828.55,485.0,0.0,0.0,2,3,3,8,At Risk
14610,United Kingdom,2010-07-13 16:06:00,2010-11-09 10:58:00,395,2,24.35,15.0,0.0,0.0,2,2,1,5,Lost
17476,United Kingdom,2009-12-02 12:09:00,2010-11-09 10:21:00,395,2,446.51,224.0,4.0,0.0179,2,2,2,6,Lost
13738,United Kingdom,2010-11-08 15:23:00,2010-11-08 15:23:00,395,1,440.93,240.0,0.0,0.0,2,1,2,5,Lost
12907,United Kingdom,2010-08-02 14:33:00,2010-11-09 12:08:00,395,2,440.36,177.0,13.0,0.0734,2,2,2,6,Lost
16420,United Kingdom,2010-11-08 15:15:00,2010-11-08 15:15:00,395,1,75.0,120.0,0.0,0.0,2,1,1,4,Lost
18098,United Kingdom,2010-11-08 16:31:00,2010-11-08 16:31:00,395,1,550.84,217.0,0.0,0.0,2,1,2,5,Lost
15011,United Kingdom,2010-10-19 12:05:00,2010-11-09 11:10:00,395,2,416.6,289.0,0.0,0.0,2,2,2,6,Lost
15635,United Kingdom,2010-11-09 08:58:00,2010-11-09 08:58:00,395,1,100.35,5.0,0.0,0.0,2,1,1,4,Lost
17000,United Kingdom,2010-10-27 14:16:00,2010-11-08 13:35:00,395,2,406.3,305.0,0.0,0.0,2,2,2,6,Lost
14275,United Kingdom,2010-04-11 12:32:00,2010-11-09 09:06:00,395,6,1189.38,538.0,0.0,0.0,2,4,4,10,Loyal
17208,United Kingdom,2010-11-09 12:50:00,2010-11-09 12:50:00,395,1,115.35,103.0,0.0,0.0,2,1,1,4,Lost
16381,United Kingdom,2010-10-17 13:06:00,2010-11-09 09:56:00,395,2,258.7,112.0,0.0,0.0,2,2,1,5,Lost
13691,United Kingdom,2010-11-08 17:34:00,2010-11-08 17:34:00,395,1,212.78,145.0,0.0,0.0,2,1,1,4,Lost
15390,Canada,2010-10-26 17:23:00,2010-11-08 15:19:00,395,2,1216.66,894.0,0.0,0.0,2,2,4,8,At Risk
14899,United Kingdom,2010-11-09 15:20:00,2010-11-09 15:20:00,394,1,1384.88,586.0,0.0,0.0,2,1,4,7,At Risk
16740,United Kingdom,2010-11-09 13:34:00,2010-11-09 13:34:00,394,1,236.81,116.0,0.0,0.0,2,1,1,4,Lost
17983,United Kingdom,2010-11-09 13:23:00,2010-11-09 13:23:00,394,1,171.71,108.0,0.0,0.0,2,1,1,4,Lost
13671,United Kingdom,2010-11-10 10:50:00,2010-11-10 10:50:00,394,1,194.95,107.0,0.0,0.0,2,1,1,4,Lost
12927,United Kingdom,2010-11-10 10:02:00,2010-11-10 10:02:00,394,1,197.31,145.0,0.0,0.0,2,1,1,4,Lost
17307,United Kingdom,2010-01-19 16:38:00,2010-11-09 13:40:00,394,11,3378.31,3667.0,434.0,0.1184,2,5,5,12,Loyal
14365,United Kingdom,2010-01-27 09:44:00,2010-11-10 09:52:00,394,2,634.68,557.0,0.0,0.0,2,2,3,7,At Risk
15131,United Kingdom,2010-11-10 12:07:00,2010-11-10 12:07:00,394,1,80.28,88.0,0.0,0.0,2,1,1,4,Lost
17807,United Kingdom,2010-01-04 14:00:00,2010-11-09 16:21:00,394,3,437.87,262.0,0.0,0.0,2,3,2,7,At Risk
17726,United Kingdom,2010-01-26 14:58:00,2010-11-09 13:37:00,394,7,1089.56,444.0,2.0,0.0045,2,4,3,9,Loyal
15890,United Kingdom,2010-04-14 08:43:00,2010-11-10 12:46:00,394,5,535.65,119.0,0.0,0.0,2,4,2,8,At Risk
17467,United Kingdom,2010-11-09 12:58:00,2010-11-09 12:58:00,394,1,102.6,20.0,0.0,0.0,2,1,1,4,Lost
16977,United Kingdom,2010-03-18 11:06:00,2010-11-09 13:17:00,394,4,496.0,142.0,0.0,0.0,2,3,2,7,At Risk
13945,United Kingdom,2010-08-17 09:59:00,2010-11-10 10:00:00,394,2,854.15,413.0,0.0,0.0,2,2,3,7,At Risk
16021,United Kingdom,2010-06-13 11:05:00,2010-11-09 14:48:00,394,2,532.25,297.0,0.0,0.0,2,2,2,6,Lost
17363,United Kingdom,2010-11-02 17:25:00,2010-11-09 17:11:00,394,3,940.86,523.0,0.0,0.0,2,3,3,8,At Risk
13096,United Kingdom,2010-11-10 14:08:00,2010-11-10 14:08:00,393,1,419.7,6.0,0.0,0.0,2,1,2,5,Lost
16662,United Kingdom,2010-11-10 16:56:00,2010-11-10 16:56:00,393,1,163.8,36.0,0.0,0.0,2,1,1,4,Lost
17688,United Kingdom,2010-11-11 10:41:00,2010-11-11 10:41:00,393,1,286.5,114.0,6.0,0.0526,2,1,2,5,Lost
14922,United Kingdom,2010-07-20 09:45:00,2010-11-11 11:14:00,393,2,843.74,376.0,0.0,0.0,2,2,3,7,At Risk
16868,United Kingdom,2010-04-25 11:31:00,2010-11-10 13:17:00,393,3,393.39,116.0,0.0,0.0,2,3,2,7,At Risk
14615,United Kingdom,2010-06-09 13:59:00,2010-11-10 13:36:00,393,5,934.26,495.0,14.0,0.0283,2,4,3,9,Loyal
15001,United Kingdom,2010-11-10 13:31:00,2010-11-10 13:51:00,393,2,230.86,81.0,0.0,0.0,2,2,1,5,Lost
13915,United Kingdom,2010-11-10 15:17:00,2010-11-10 15:17:00,393,1,31.2,24.0,8.0,0.3333,2,1,1,4,Lost
13252,United Kingdom,2010-03-24 10:30:00,2010-11-10 16:00:00,393,2,341.3,134.0,6.0,0.0448,2,2,2,6,Lost
17903,United Kingdom,2010-11-10 15:39:00,2010-11-10 15:39:00,393,1,381.09,142.0,0.0,0.0,2,1,2,5,Lost
16786,United Kingdom,2010-11-11 08:25:00,2010-11-11 08:25:00,393,1,51.84,72.0,0.0,0.0,2,1,1,4,Lost
14399,United Kingdom,2010-02-03 13:09:00,2010-11-10 13:23:00,393,8,2098.16,968.0,8.0,0.0083,2,4,4,10,Loyal
13202,United Kingdom,2009-12-09 10:48:00,2010-11-10 16:24:00,393,7,1571.35,572.0,1.0,0.0017,2,4,4,10,Loyal
15138,United Kingdom,2010-11-11 09:16:00,2010-11-11 09:16:00,393,1,486.59,300.0,22.0,0.0733,2,1,2,5,Lost
12666,Israel,2010-11-10 16:40:00,2010-11-10 16:40:00,393,1,1020.98,370.0,56.0,0.1514,2,1,3,6,At Risk
17210,United Kingdom,2010-11-12 12:15:00,2010-11-12 12:15:00,392,1,253.37,243.0,0.0,0.0,2,1,1,4,Lost
12803,Netherlands,2010-11-11 14:57:00,2010-11-11 14:57:00,392,1,1092.81,872.0,0.0,0.0,2,1,3,6,At Risk
15566,United Kingdom,2009-12-15 14:53:00,2010-11-12 12:11:00,392,2,227.87,153.0,0.0,0.0,2,2,1,5,Lost
15842,United Kingdom,2010-06-30 09:06:00,2010-11-11 14:08:00,392,2,528.75,296.0,8.0,0.027,2,2,2,6,Lost
13857,United Kingdom,2010-05-17 14:21:00,2010-11-11 12:54:00,392,6,997.11,782.0,2.0,0.0026,2,4,3,9,Loyal
18054,United Kingdom,2010-11-12 08:18:00,2010-11-12 08:18:00,392,1,176.5,96.0,0.0,0.0,2,1,1,4,Lost
17308,United Kingdom,2010-09-13 09:35:00,2010-11-11 13:19:00,392,2,4511.76,5148.0,0.0,0.0,2,2,5,9,At Risk
17558,United Kingdom,2010-11-11 14:36:00,2010-11-11 14:36:00,392,1,259.17,54.0,0.0,0.0,2,1,1,4,Lost
16827,United Kingdom,2010-04-29 19:07:00,2010-11-11 14:04:00,392,5,392.13,125.0,0.0,0.0,2,4,2,8,At Risk
17815,United Kingdom,2010-11-11 14:39:00,2010-11-11 14:39:00,392,1,591.96,612.0,0.0,0.0,2,1,2,5,Lost
18007,United Kingdom,2010-11-12 11:08:00,2010-11-12 11:08:00,392,1,220.32,252.0,0.0,0.0,2,1,1,4,Lost
18057,United Kingdom,2010-01-18 12:42:00,2010-11-11 16:55:00,392,3,1203.56,978.0,0.0,0.0,2,3,4,9,At Risk
16797,United Kingdom,2009-12-02 13:33:00,2010-11-11 19:14:00,392,5,1786.77,909.0,8.0,0.0088,2,4,4,10,Loyal
13961,United Kingdom,2010-11-12 14:40:00,2010-11-12 14:40:00,391,1,498.7,226.0,4.0,0.0177,2,1,2,5,Lost
16199,United Kingdom,2010-03-18 18:47:00,2010-11-12 12:55:00,391,7,942.75,321.0,0.0,0.0,2,4,3,9,Loyal
17803,United Kingdom,2010-11-12 13:53:00,2010-11-12 13:53:00,391,1,184.66,98.0,0.0,0.0,2,1,1,4,Lost
13293,United Kingdom,2010-02-09 12:05:00,2010-11-12 13:28:00,391,6,1180.34,555.0,6.0,0.0108,2,4,3,9,Loyal
14807,United Kingdom,2010-02-28 11:33:00,2010-11-14 12:47:00,390,2,519.29,247.0,0.0,0.0,2,2,2,6,Lost
13545,United Kingdom,2010-06-13 11:49:00,2010-11-14 11:27:00,390,2,347.35,257.0,7.0,0.0272,2,2,2,6,Lost
18063,United Kingdom,2010-03-16 13:05:00,2010-11-14 10:46:00,390,2,186.6,48.0,0.0,0.0,2,2,1,5,Lost
17300,United Kingdom,2010-08-15 11:02:00,2010-11-14 10:56:00,390,2,393.64,467.0,0.0,0.0,2,2,2,6,Lost
16687,United Kingdom,2010-11-14 11:46:00,2010-11-14 11:46:00,390,1,157.63,141.0,0.0,0.0,2,1,1,4,Lost
14559,United Kingdom,2010-11-14 16:05:00,2010-11-14 16:05:00,389,1,75.6,72.0,0.0,0.0,2,1,1,4,Lost
17544,United Kingdom,2010-11-14 14:47:00,2010-11-14 15:08:00,389,3,960.69,439.0,0.0,0.0,2,3,3,8,At Risk
17497,United Kingdom,2010-04-08 08:01:00,2010-11-14 14:17:00,389,2,287.25,59.0,0.0,0.0,2,2,2,6,Lost
15726,United Kingdom,2010-11-14 16:12:00,2010-11-14 16:12:00,389,1,321.91,123.0,0.0,0.0,2,1,2,5,Lost
13582,United Kingdom,2010-04-01 11:38:00,2010-11-15 11:34:00,389,2,241.68,106.0,0.0,0.0,2,2,1,5,Lost
16074,United Kingdom,2010-11-14 13:19:00,2010-11-14 13:19:00,389,1,265.25,39.0,0.0,0.0,2,1,1,4,Lost
12376,Switzerland,2010-10-18 08:42:00,2010-11-15 12:15:00,389,2,503.15,240.0,0.0,0.0,2,2,2,6,Lost
14599,United Kingdom,2010-07-18 15:54:00,2010-11-14 14:49:00,389,2,474.54,295.0,0.0,0.0,2,2,2,6,Lost
15283,United Kingdom,2010-07-09 15:46:00,2010-11-14 14:54:00,389,3,135.43,27.0,2.0,0.0741,2,3,1,6,At Risk
16314,United Kingdom,2010-08-24 11:52:00,2010-11-15 12:06:00,389,3,1491.4,636.0,0.0,0.0,2,3,4,9,At Risk
14526,United Kingdom,2010-11-15 13:32:00,2010-11-15 13:32:00,388,1,262.4,179.0,0.0,0.0,2,1,1,4,Lost
17740,United Kingdom,2010-01-11 13:11:00,2010-11-15 16:33:00,388,6,426.9,222.0,0.0,0.0,2,4,2,8,At Risk
14358,United Kingdom,2010-10-07 17:26:00,2010-11-15 15:51:00,388,2,384.3,338.0,1.0,0.003,2,2,2,6,Lost
17106,United Kingdom,2010-11-15 14:11:00,2010-11-15 14:11:00,388,1,491.23,156.0,0.0,0.0,2,1,2,5,Lost
16087,United Kingdom,2010-01-19 12:30:00,2010-11-15 16:44:00,388,5,1739.92,664.0,0.0,0.0,2,4,4,10,Loyal
14065,United Kingdom,2010-10-04 12:03:00,2010-11-15 16:13:00,388,3,889.37,582.0,1.0,0.0017,2,3,3,8,At Risk
17992,United Kingdom,2010-11-15 13:04:00,2010-11-15 13:04:00,388,1,254.13,131.0,0.0,0.0,2,1,1,4,Lost
13789,United Kingdom,2010-11-16 15:31:00,2010-11-16 15:31:00,387,1,239.46,258.0,0.0,0.0,2,1,1,4,Lost
13237,United Kingdom,2010-11-17 10:07:00,2010-11-17 10:07:00,387,1,643.0,128.0,0.0,0.0,2,1,3,6,At Risk
13795,United Kingdom,2010-03-12 12:44:00,2010-11-16 17:25:00,387,4,836.3,1250.0,0.0,0.0,2,3,3,8,At Risk
18256,United Kingdom,2010-11-17 08:53:00,2010-11-17 08:53:00,387,1,60.6,180.0,70.0,0.3889,2,1,1,4,Lost
14417,United Kingdom,2010-11-17 10:55:00,2010-11-17 10:55:00,387,1,604.2,567.0,0.0,0.0,2,1,3,6,At Risk
17689,United Kingdom,2010-08-22 13:54:00,2010-11-16 13:22:00,387,2,317.08,300.0,0.0,0.0,2,2,2,6,Lost
15968,United Kingdom,2010-11-16 13:04:00,2010-11-16 13:04:00,387,1,418.05,253.0,0.0,0.0,2,1,2,5,Lost
13624,United Kingdom,2010-11-16 13:43:00,2010-11-16 13:43:00,387,1,427.18,820.0,6.0,0.0073,2,1,2,5,Lost
14192,United Kingdom,2010-11-16 17:44:00,2010-11-16 17:44:00,387,1,293.74,218.0,0.0,0.0,2,1,2,5,Lost
15161,United Kingdom,2010-11-16 16:08:00,2010-11-16 16:08:00,387,1,119.92,144.0,0.0,0.0,2,1,1,4,Lost
18195,United Kingdom,2010-11-17 15:03:00,2010-11-17 15:03:00,386,1,101.16,60.0,0.0,0.0,2,1,1,4,Lost
17310,United Kingdom,2010-06-23 11:38:00,2010-11-17 16:00:00,386,2,1025.1,402.0,0.0,0.0,2,2,3,7,At Risk
14405,United Kingdom,2010-11-18 11:40:00,2010-11-18 11:40:00,386,1,195.0,100.0,0.0,0.0,2,1,1,4,Lost
17200,United Kingdom,2010-02-25 13:23:00,2010-11-17 13:04:00,386,4,356.71,367.0,0.0,0.0,2,3,2,7,At Risk
17776,United Kingdom,2009-12-16 14:59:00,2010-11-18 12:14:00,386,2,331.81,277.0,1.0,0.0036,2,2,2,6,Lost
13605,United Kingdom,2010-05-17 15:46:00,2010-11-17 17:16:00,386,2,522.67,425.0,0.0,0.0,2,2,2,6,Lost
15515,United Kingdom,2010-11-17 13:39:00,2010-11-17 13:39:00,386,1,171.81,131.0,0.0,0.0,2,1,1,4,Lost
13964,United Kingdom,2010-10-05 12:38:00,2010-11-17 13:53:00,386,2,421.9,228.0,2.0,0.0088,2,2,2,6,Lost
13864,United Kingdom,2010-11-18 12:50:00,2010-11-18 12:50:00,386,1,662.4,192.0,0.0,0.0,2,1,3,6,At Risk
14811,United Kingdom,2010-11-17 13:09:00,2010-11-17 13:09:00,386,1,170.5,74.0,0.0,0.0,2,1,1,4,Lost
16599,United Kingdom,2010-11-19 12:45:00,2010-11-19 12:45:00,385,1,172.8,159.0,0.0,0.0,2,1,1,4,Lost
16089,United Kingdom,2010-07-18 15:51:00,2010-11-18 13:51:00,385,2,271.44,122.0,0.0,0.0,2,2,2,6,Lost
17269,United Kingdom,2010-11-19 11:12:00,2010-11-19 11:12:00,385,1,537.46,336.0,0.0,0.0,2,1,2,5,Lost
17683,United Kingdom,2010-06-03 17:15:00,2010-11-19 10:11:00,385,3,819.01,781.0,0.0,0.0,2,3,3,8,At Risk
14614,United Kingdom,2010-11-18 13:04:00,2010-11-18 13:04:00,385,1,295.13,189.0,0.0,0.0,2,1,2,5,Lost
17355,United Kingdom,2010-11-18 13:18:00,2010-11-18 13:18:00,385,1,285.11,257.0,0.0,0.0,2,1,2,5,Lost
13665,United Kingdom,2010-07-23 13:29:00,2010-11-18 13:06:00,385,3,1711.66,1652.0,0.0,0.0,2,3,4,9,At Risk
17868,United Kingdom,2010-11-18 18:55:00,2010-11-18 18:55:00,385,1,234.65,91.0,0.0,0.0,2,1,1,4,Lost
12419,Spain,2010-10-22 10:40:00,2010-11-19 10:04:00,385,2,503.01,231.0,0.0,0.0,2,2,2,6,Lost
17089,United Kingdom,2010-11-18 15:33:00,2010-11-18 15:33:00,385,1,128.45,35.0,0.0,0.0,2,1,1,4,Lost
12629,Sweden,2010-10-12 16:40:00,2010-11-19 09:18:00,385,2,1558.22,722.0,0.0,0.0,2,2,4,8,At Risk
17421,United Kingdom,2009-12-04 15:43:00,2010-11-18 16:57:00,385,3,1059.41,807.0,0.0,0.0,2,3,3,8,At Risk
17532,United Kingdom,2010-11-19 08:13:00,2010-11-19 08:13:00,385,1,65.34,30.0,0.0,0.0,2,1,1,4,Lost
13996,United Kingdom,2010-11-05 15:07:00,2010-11-18 16:27:00,385,2,895.76,613.0,0.0,0.0,2,2,3,7,At Risk
13970,United Kingdom,2010-09-28 11:53:00,2010-11-18 13:21:00,385,2,846.55,469.0,0.0,0.0,2,2,3,7,At Risk
16588,United Kingdom,2010-05-14 13:43:00,2010-11-18 17:56:00,385,4,1361.28,882.0,0.0,0.0,2,3,4,9,At Risk
16973,United Kingdom,2010-11-18 13:56:00,2010-11-18 13:56:00,385,1,127.0,60.0,0.0,0.0,2,1,1,4,Lost
12874,Belgium,2010-06-03 12:51:00,2010-11-19 15:23:00,384,2,933.42,623.0,12.0,0.0193,2,2,3,7,At Risk
17493,United Kingdom,2010-11-19 16:57:00,2010-11-19 16:57:00,384,1,100.91,62.0,0.0,0.0,2,1,1,4,Lost
17241,United Kingdom,2010-02-15 14:47:00,2010-11-19 13:01:00,384,12,2744.14,865.0,0.0,0.0,2,5,4,11,Loyal
13156,United Kingdom,2010-02-01 13:45:00,2010-11-19 13:09:00,384,3,1586.54,914.0,0.0,0.0,2,3,4,9,At Risk
15846,United Kingdom,2010-11-19 14:40:00,2010-11-19 14:40:00,384,1,107.01,79.0,0.0,0.0,2,1,1,4,Lost
12978,United Kingdom,2009-12-10 12:10:00,2010-11-19 14:29:00,384,5,2496.07,1394.0,1.0,0.0007,2,4,4,10,Loyal
16228,United Kingdom,2010-11-04 18:54:00,2010-11-19 14:20:00,384,3,886.16,561.0,1.0,0.0018,2,3,3,8,At Risk
16346,United Kingdom,2010-11-19 15:55:00,2010-11-19 15:55:00,384,1,224.51,289.0,0.0,0.0,2,1,1,4,Lost
17335,United Kingdom,2010-01-24 11:15:00,2010-11-21 10:17:00,383,2,508.0,216.0,0.0,0.0,2,2,2,6,Lost
13275,United Kingdom,2010-03-17 14:05:00,2010-11-21 12:09:00,383,2,241.66,140.0,0.0,0.0,2,2,1,5,Lost
12887,United Kingdom,2010-11-21 11:18:00,2010-11-21 11:18:00,383,1,222.4,100.0,0.0,0.0,2,1,1,4,Lost
14134,United Kingdom,2009-12-10 09:25:00,2010-11-22 12:26:00,382,15,11123.35,5814.0,0.0,0.0,2,5,5,12,Loyal
16972,United Kingdom,2010-09-09 11:20:00,2010-11-22 10:59:00,382,2,786.25,190.0,0.0,0.0,2,2,3,7,At Risk
12858,United Kingdom,2010-11-21 12:55:00,2010-11-21 12:55:00,382,1,151.73,63.0,1.0,0.0159,2,1,1,4,Lost
16252,United Kingdom,2010-11-22 11:57:00,2010-11-22 11:57:00,382,1,0.0,158.0,158.0,1.0,2,1,1,4,Lost
17782,United Kingdom,2010-11-22 10:03:00,2010-11-22 11:15:00,382,2,679.02,538.0,0.0,0.0,2,2,3,7,At Risk
16946,United Kingdom,2010-03-02 10:49:00,2010-11-21 14:06:00,382,5,1199.54,509.0,6.0,0.0118,2,4,4,10,Loyal
15377,United Kingdom,2010-10-20 11:42:00,2010-11-22 08:55:00,382,4,1179.95,253.0,4.0,0.0158,2,3,3,8,At Risk
16501,United Kingdom,2010-11-21 14:10:00,2010-11-21 14:10:00,382,1,1237.23,642.0,0.0,0.0,2,1,4,7,At Risk
12807,Sweden,2010-11-21 14:21:00,2010-11-21 14:21:00,382,1,269.95,145.0,25.0,0.1724,2,1,2,5,Lost
17036,United Kingdom,2010-11-21 14:26:00,2010-11-21 14:26:00,382,1,176.9,76.0,0.0,0.0,2,1,1,4,Lost
17275,United Kingdom,2010-11-21 13:26:00,2010-11-21 13:26:00,382,1,114.52,72.0,0.0,0.0,2,1,1,4,Lost
13086,United Kingdom,2010-11-22 10:28:00,2010-11-22 10:28:00,382,1,439.33,155.0,0.0,0.0,2,1,2,5,Lost
13550,United Kingdom,2010-11-21 15:24:00,2010-11-21 15:24:00,382,1,349.51,454.0,0.0,0.0,2,1,2,5,Lost
15519,United Kingdom,2010-09-19 13:57:00,2010-11-21 14:35:00,382,2,344.61,116.0,0.0,0.0,2,2,2,6,Lost
15155,United Kingdom,2010-11-21 12:59:00,2010-11-21 12:59:00,382,1,383.97,192.0,0.0,0.0,2,1,2,5,Lost
17872,United Kingdom,2010-11-23 12:02:00,2010-11-23 12:02:00,381,1,235.87,176.0,0.0,0.0,2,1,1,4,Lost
16373,United Kingdom,2010-10-24 13:10:00,2010-11-22 15:50:00,381,2,309.49,119.0,0.0,0.0,2,2,2,6,Lost
14478,United Kingdom,2009-12-01 13:20:00,2010-11-22 15:29:00,381,4,1276.66,1226.0,0.0,0.0,2,3,4,9,At Risk
17570,United Kingdom,2010-11-23 11:56:00,2010-11-23 11:56:00,381,1,0.0,1.0,1.0,1.0,2,1,1,4,Lost
15590,United Kingdom,2010-04-12 10:09:00,2010-11-22 14:49:00,381,5,1466.41,832.0,1.0,0.0012,2,4,4,10,Loyal
17098,United Kingdom,2010-06-17 10:30:00,2010-11-23 12:13:00,381,3,591.07,125.0,0.0,0.0,2,3,2,7,At Risk
16821,United Kingdom,2010-11-23 10:04:00,2010-11-23 10:04:00,381,1,113.35,13.0,0.0,0.0,2,1,1,4,Lost
15169,United Kingdom,2009-12-13 11:16:00,2010-11-22 13:04:00,381,2,569.22,356.0,0.0,0.0,2,2,2,6,Lost
14926,United Kingdom,2010-04-20 09:59:00,2010-11-23 07:13:00,381,2,337.65,204.0,15.0,0.0735,2,2,2,6,Lost
14679,United Kingdom,2009-12-08 17:13:00,2010-11-23 11:51:00,381,3,1272.95,794.0,5.0,0.0063,2,3,4,9,At Risk
12880,United Kingdom,2010-05-14 11:57:00,2010-11-23 10:50:00,381,2,640.13,279.0,0.0,0.0,2,2,3,7,At Risk
12805,Netherlands,2010-02-03 09:06:00,2010-11-23 12:27:00,381,4,1434.95,593.0,0.0,0.0,2,3,4,9,At Risk
16155,United Kingdom,2010-06-18 11:23:00,2010-11-23 12:03:00,381,5,781.05,495.0,13.0,0.0263,2,4,3,9,Loyal
14994,United Kingdom,2010-03-26 14:16:00,2010-11-22 12:59:00,381,5,886.33,577.0,88.0,0.1525,2,4,3,9,Loyal
16935,United Kingdom,2010-10-14 13:09:00,2010-11-23 09:16:00,381,3,535.1,278.0,0.0,0.0,2,3,2,7,At Risk
17713,United Kingdom,2010-06-09 09:33:00,2010-11-22 16:50:00,381,4,1198.09,989.0,0.0,0.0,2,3,4,9,At Risk
14252,United Kingdom,2010-11-23 13:36:00,2010-11-23 13:36:00,380,1,350.99,111.0,0.0,0.0,2,1,2,5,Lost
14202,United Kingdom,2010-03-25 10:36:00,2010-11-23 17:13:00,380,3,847.76,166.0,0.0,0.0,2,3,3,8,At Risk
14458,United Kingdom,2010-11-24 12:43:00,2010-11-24 12:43:00,380,1,237.42,328.0,0.0,0.0,2,1,1,4,Lost
16437,United Kingdom,2010-10-06 12:34:00,2010-11-23 16:59:00,380,2,301.25,197.0,0.0,0.0,2,2,2,6,Lost
17766,United Kingdom,2010-11-23 14:17:00,2010-11-23 14:29:00,380,2,299.61,155.0,0.0,0.0,2,2,2,6,Lost
13181,United Kingdom,2010-11-23 15:05:00,2010-11-23 15:05:00,380,1,359.69,171.0,0.0,0.0,2,1,2,5,Lost
15173,United Kingdom,2010-04-01 12:26:00,2010-11-24 10:21:00,380,7,1399.26,840.0,12.0,0.0143,2,4,4,10,Loyal
12889,United Kingdom,2010-07-25 14:32:00,2010-11-23 16:08:00,380,4,365.66,124.0,4.0,0.0323,2,3,2,7,At Risk
16001,United Kingdom,2010-11-23 17:10:00,2010-11-23 17:10:00,380,1,519.06,337.0,32.0,0.095,2,1,2,5,Lost
13843,United Kingdom,2010-11-23 17:48:00,2010-11-23 17:48:00,380,1,319.75,145.0,0.0,0.0,2,1,2,5,Lost
17598,United Kingdom,2010-11-23 17:43:00,2010-11-23 17:43:00,380,1,409.98,126.0,0.0,0.0,2,1,2,5,Lost
18047,United Kingdom,2010-11-23 12:57:00,2010-11-23 13:11:00,380,2,342.69,138.0,0.0,0.0,2,2,2,6,Lost
15084,United Kingdom,2010-03-04 10:45:00,2010-11-25 11:58:00,379,2,965.2,600.0,0.0,0.0,2,2,3,7,At Risk
17167,United Kingdom,2010-09-20 14:02:00,2010-11-25 10:05:00,379,3,867.11,429.0,0.0,0.0,2,3,3,8,At Risk
15476,United Kingdom,2010-09-23 14:00:00,2010-11-24 15:17:00,379,4,2180.28,1174.0,6.0,0.0051,2,3,4,9,At Risk
16489,United Kingdom,2010-09-29 15:02:00,2010-11-24 14:40:00,379,2,303.7,38.0,0.0,0.0,2,2,2,6,Lost
15902,United Kingdom,2010-11-24 16:57:00,2010-11-24 16:57:00,379,1,145.01,124.0,0.0,0.0,2,1,1,4,Lost
13554,United Kingdom,2010-09-19 12:39:00,2010-11-24 15:05:00,379,7,1556.39,581.0,15.0,0.0258,2,4,4,10,Loyal
17996,United Kingdom,2010-06-11 11:48:00,2010-11-25 11:00:00,379,3,482.33,587.0,0.0,0.0,2,3,2,7,At Risk
18025,United Kingdom,2010-03-30 17:33:00,2010-11-25 12:37:00,379,6,1177.72,1053.0,0.0,0.0,2,4,3,9,Loyal
13958,United Kingdom,2009-12-05 13:12:00,2010-11-25 10:11:00,379,8,4504.78,2264.0,49.0,0.0216,2,4,5,11,Loyal
18076,United Kingdom,2010-11-24 14:02:00,2010-11-24 14:02:00,379,1,151.49,164.0,0.0,0.0,2,1,1,4,Lost
15728,United Kingdom,2010-09-21 14:46:00,2010-11-25 10:39:00,379,2,409.8,132.0,34.0,0.2576,2,2,2,6,Lost
15509,United Kingdom,2010-11-24 14:48:00,2010-11-24 14:48:00,379,1,166.51,72.0,0.0,0.0,2,1,1,4,Lost
17342,United Kingdom,2010-02-08 09:16:00,2010-11-25 11:07:00,379,4,1155.84,521.0,22.0,0.0422,2,3,3,8,At Risk
13987,United Kingdom,2010-11-04 09:54:00,2010-11-25 10:20:00,379,2,682.54,492.0,0.0,0.0,2,2,3,7,At Risk
17998,United Kingdom,2009-12-01 13:07:00,2010-11-24 15:31:00,379,3,601.74,561.0,30.0,0.0535,2,3,3,8,At Risk
16699,United Kingdom,2009-12-04 13:31:00,2010-11-24 14:38:00,379,7,964.9,640.0,6.0,0.0094,2,4,3,9,Loyal
16231,United Kingdom,2010-04-21 12:06:00,2010-11-25 15:00:00,378,4,1078.22,564.0,0.0,0.0,2,3,3,8,At Risk
14721,United Kingdom,2010-11-25 13:08:00,2010-11-25 13:08:00,378,1,115.77,59.0,0.0,0.0,2,1,1,4,Lost
17882,United Kingdom,2010-11-25 14:35:00,2010-11-25 14:40:00,378,2,313.46,134.0,0.0,0.0,2,2,2,6,Lost
15961,United Kingdom,2010-11-25 15:59:00,2010-11-25 15:59:00,378,1,451.29,154.0,0.0,0.0,2,1,2,5,Lost
16874,United Kingdom,2010-11-25 13:08:00,2010-11-25 13:08:00,378,1,217.74,81.0,0.0,0.0,2,1,1,4,Lost
15936,United Kingdom,2010-08-29 11:42:00,2010-11-25 16:39:00,378,2,282.79,211.0,0.0,0.0,2,2,2,6,Lost
15020,United Kingdom,2010-11-25 13:29:00,2010-11-25 13:29:00,378,1,203.42,112.0,0.0,0.0,2,1,1,4,Lost
18031,United Kingdom,2010-11-26 11:00:00,2010-11-26 11:00:00,378,1,462.1,300.0,0.0,0.0,2,1,2,5,Lost
16138,United Kingdom,2010-04-28 09:51:00,2010-11-26 12:13:00,378,3,902.4,774.0,1.0,0.0013,2,3,3,8,At Risk
17283,United Kingdom,2010-11-26 11:53:00,2010-11-26 11:53:00,378,1,188.46,179.0,0.0,0.0,2,1,1,4,Lost
15638,United Kingdom,2010-04-08 14:37:00,2010-11-26 11:52:00,378,6,2137.2,1134.0,56.0,0.0494,2,4,4,10,Loyal
12961,United Kingdom,2010-11-25 16:44:00,2010-11-25 16:44:00,378,1,211.99,180.0,0.0,0.0,2,1,1,4,Lost
12385,Belgium,2010-11-25 15:14:00,2010-11-25 15:14:00,378,1,1923.4,612.0,1.0,0.0016,2,1,4,7,At Risk
14627,United Kingdom,2010-11-25 16:32:00,2010-11-25 16:32:00,378,1,406.4,284.0,15.0,0.0528,2,1,2,5,Lost
13019,United Kingdom,2009-12-06 15:40:00,2010-11-25 14:56:00,378,6,1212.95,397.0,2.0,0.005,2,4,4,10,Loyal
15495,United Kingdom,2010-11-25 13:46:00,2010-11-25 13:46:00,378,1,246.5,194.0,0.0,0.0,2,1,1,4,Lost
17989,United Kingdom,2010-11-25 13:49:00,2010-11-25 13:49:00,378,1,228.83,329.0,0.0,0.0,2,1,1,4,Lost
16262,United Kingdom,2010-11-26 13:22:00,2010-11-26 13:22:00,377,1,677.78,446.0,17.0,0.0381,2,1,3,6,At Risk
17952,United Kingdom,2010-06-16 11:54:00,2010-11-26 13:54:00,377,4,819.61,504.0,0.0,0.0,2,3,3,8,At Risk
16254,United Kingdom,2010-03-17 15:43:00,2010-11-26 13:22:00,377,3,985.14,549.0,0.0,0.0,2,3,3,8,At Risk
15914,United Kingdom,2010-11-26 16:09:00,2010-11-26 16:10:00,377,2,205.99,149.0,0.0,0.0,2,2,1,5,Lost
13891,United Kingdom,2010-05-06 16:02:00,2010-11-26 15:57:00,377,3,863.56,479.0,0.0,0.0,2,3,3,8,At Risk
17150,United Kingdom,2009-12-06 10:51:00,2010-11-28 11:27:00,376,6,1375.65,403.0,0.0,0.0,2,4,4,10,Loyal
15580,United Kingdom,2010-02-07 11:21:00,2010-11-28 11:00:00,376,8,1221.95,959.0,53.0,0.0553,2,4,4,10,Loyal
15446,United Kingdom,2009-12-13 13:53:00,2010-11-28 11:59:00,376,3,398.85,267.0,4.0,0.015,2,3,2,7,At Risk
13542,United Kingdom,2009-12-10 19:53:00,2010-11-28 11:24:00,376,17,3970.77,815.0,3.0,0.0037,2,5,5,12,Loyal
15404,United Kingdom,2010-11-29 11:03:00,2010-11-29 11:03:00,375,1,257.06,334.0,0.0,0.0,2,1,1,4,Lost
17607,United Kingdom,2010-11-28 13:11:00,2010-11-28 13:11:00,375,1,333.81,269.0,0.0,0.0,2,1,2,5,Lost
18002,United Kingdom,2009-12-08 11:07:00,2010-11-29 10:57:00,375,4,249.92,72.0,0.0,0.0,2,3,1,6,At Risk
13254,United Kingdom,2010-11-28 15:42:00,2010-11-28 15:42:00,375,1,51.41,43.0,0.0,0.0,2,1,1,4,Lost
14454,United Kingdom,2009-12-06 12:56:00,2010-11-28 13:26:00,375,5,970.7,400.0,4.0,0.01,2,4,3,9,Loyal
16421,United Kingdom,2010-08-27 12:02:00,2010-11-28 13:31:00,375,3,526.27,123.0,0.0,0.0,2,3,2,7,At Risk
14986,United Kingdom,2010-01-24 15:54:00,2010-11-28 15:25:00,375,2,566.9,342.0,0.0,0.0,2,2,2,6,Lost
17322,United Kingdom,2009-12-03 11:46:00,2010-11-28 14:41:00,375,5,900.64,631.0,7.0,0.0111,2,4,3,9,Loyal
14510,United Kingdom,2010-09-29 13:35:00,2010-11-29 12:46:00,375,3,991.98,821.0,6.0,0.0073,2,3,3,8,At Risk
12767,Korea,2010-11-29 09:38:00,2010-11-29 09:38:00,375,1,949.82,598.0,0.0,0.0,2,1,3,6,At Risk
18003,United Kingdom,2010-11-28 15:09:00,2010-11-28 15:09:00,375,1,358.61,299.0,0.0,0.0,2,1,2,5,Lost
17547,United Kingdom,2010-02-12 14:34:00,2010-11-29 09:41:00,375,2,692.35,223.0,10.0,0.0448,2,2,3,7,At Risk
12996,United Kingdom,2010-11-29 09:27:00,2010-11-29 09:27:00,375,1,355.5,122.0,0.0,0.0,2,1,2,5,Lost
15037,United Kingdom,2010-11-28 12:14:00,2010-11-28 13:05:00,375,2,402.51,301.0,0.0,0.0,2,2,2,6,Lost
17804,United Kingdom,2009-12-01 12:22:00,2010-11-28 14:01:00,375,3,380.13,195.0,1.0,0.0051,2,3,2,7,At Risk
15989,United Kingdom,2009-12-02 15:51:00,2010-11-29 12:03:00,375,2,372.51,171.0,0.0,0.0,2,2,2,6,Lost
15583,United Kingdom,2010-11-28 15:04:00,2010-11-28 15:04:00,375,1,107.86,63.0,0.0,0.0,2,1,1,4,Lost
14119,United Kingdom,2009-12-21 14:52:00,2010-11-29 10:33:00,375,2,163.47,177.0,2.0,0.0113,2,2,1,5,Lost
17756,United Kingdom,2010-11-10 12:54:00,2010-11-29 12:20:00,375,3,733.7,400.0,0.0,0.0,2,3,3,8,At Risk
12605,Germany,2010-09-07 14:21:00,2010-11-28 14:18:00,375,4,1225.45,929.0,4.0,0.0043,2,3,4,9,At Risk
16355,United Kingdom,2010-11-29 14:21:00,2010-11-29 14:21:00,374,1,349.2,179.0,34.0,0.1899,2,1,2,5,Lost
12870,United Kingdom,2010-03-25 14:32:00,2010-11-29 13:42:00,374,3,1662.05,906.0,2.0,0.0022,2,3,4,9,At Risk
12351,Unspecified,2010-11-29 15:23:00,2010-11-29 15:23:00,374,1,300.93,261.0,0.0,0.0,2,1,2,5,Lost
17814,United Kingdom,2010-10-13 14:03:00,2010-11-29 14:21:00,374,2,1617.32,1440.0,0.0,0.0,2,2,4,8,At Risk
14170,United Kingdom,2010-11-09 14:06:00,2010-11-29 13:10:00,374,3,597.33,290.0,0.0,0.0,2,3,3,8,At Risk
16194,United Kingdom,2010-11-29 13:28:00,2010-11-29 13:28:00,374,1,308.6,140.0,0.0,0.0,2,1,2,5,Lost
16223,United Kingdom,2010-11-09 12:07:00,2010-11-30 11:50:00,374,2,1102.35,651.0,0.0,0.0,2,2,3,7,At Risk
15828,United Kingdom,2010-11-29 16:41:00,2010-11-29 16:41:00,374,1,1108.82,367.0,0.0,0.0,2,1,3,6,At Risk
13010,United Kingdom,2010-03-01 11:28:00,2010-11-30 15:09:00,373,2,330.12,323.0,0.0,0.0,2,2,2,6,Lost
17908,United Kingdom,2009-12-14 12:24:00,2010-12-01 11:45:00,373,5,1114.61,683.0,27.0,0.0395,2,4,3,9,Loyal
12791,Netherlands,2010-03-25 17:29:00,2010-12-01 11:27:00,373,6,585.15,353.0,2.0,0.0057,2,4,2,8,At Risk
13747,United Kingdom,2010-10-11 09:15:00,2010-12-01 10:37:00,373,2,169.8,60.0,0.0,0.0,2,2,1,5,Lost
13693,United Kingdom,2009-12-07 11:29:00,2010-11-30 18:21:00,373,9,1948.32,880.0,9.0,0.0102,2,5,4,11,Loyal
17820,United Kingdom,2010-11-30 17:43:00,2010-11-30 17:43:00,373,1,159.51,112.0,5.0,0.0446,2,1,1,4,Lost
17281,United Kingdom,2010-02-04 13:00:00,2010-11-30 18:05:00,373,6,797.85,295.0,0.0,0.0,2,4,3,9,Loyal
14729,United Kingdom,2010-03-24 13:30:00,2010-12-01 12:43:00,373,3,593.89,377.0,0.0,0.0,2,3,3,8,At Risk
18074,United Kingdom,2010-07-22 10:31:00,2010-12-01 09:53:00,373,2,1019.44,361.0,0.0,0.0,2,2,3,7,At Risk
17968,United Kingdom,2010-07-15 15:01:00,2010-12-01 12:23:00,373,4,610.69,365.0,0.0,0.0,2,3,3,8,At Risk
17826,United Kingdom,2010-11-30 13:23:00,2010-11-30 13:23:00,373,1,134.59,85.0,0.0,0.0,2,1,1,4,Lost
18039,United Kingdom,2010-03-09 11:19:00,2010-11-30 13:07:00,373,4,579.17,570.0,0.0,0.0,2,3,2,7,At Risk
16583,United Kingdom,2010-02-04 12:18:00,2010-12-01 12:03:00,373,2,297.95,153.0,0.0,0.0,2,2,2,6,Lost
17170,United Kingdom,2010-11-15 16:23:00,2010-11-30 15:55:00,373,2,118.98,152.0,6.0,0.0395,2,2,1,5,Lost
14605,United Kingdom,2009-12-08 13:59:00,2010-11-30 14:07:00,373,4,937.16,424.0,0.0,0.0,2,3,3,8,At Risk
17378,United Kingdom,2010-11-30 18:46:00,2010-11-30 18:46:00,373,1,0.0,1.0,1.0,1.0,2,1,1,4,Lost
13444,United Kingdom,2010-07-21 14:34:00,2010-11-30 13:02:00,373,2,631.68,337.0,0.0,0.0,2,2,3,7,At Risk
15960,United Kingdom,2010-09-30 15:50:00,2010-11-30 15:57:00,373,4,394.0,258.0,1.0,0.0039,2,3,2,7,At Risk
15165,United Kingdom,2010-12-01 14:03:00,2010-12-01 14:03:00,372,1,487.75,160.0,0.0,0.0,2,1,2,5,Lost
15350,United Kingdom,2010-11-21 15:14:00,2010-12-01 13:33:00,372,2,547.6,272.0,0.0,0.0,2,2,2,6,Lost
14237,United Kingdom,2010-04-28 10:04:00,2010-12-01 13:20:00,372,2,466.04,238.0,2.0,0.0084,2,2,2,6,Lost
15922,United Kingdom,2010-12-01 13:51:00,2010-12-01 13:51:00,372,1,363.6,138.0,2.0,0.0145,2,1,2,5,Lost
16274,United Kingdom,2010-12-01 15:35:00,2010-12-01 15:35:00,372,1,357.95,155.0,0.0,0.0,2,1,2,5,Lost
12855,United Kingdom,2010-11-02 18:16:00,2010-12-02 09:37:00,372,4,612.84,240.0,0.0,0.0,2,3,3,8,At Risk
15923,United Kingdom,2010-12-02 12:16:00,2010-12-02 12:16:00,372,1,127.08,122.0,0.0,0.0,2,1,1,4,Lost
13108,United Kingdom,2010-09-30 17:09:00,2010-12-02 10:35:00,372,2,748.46,745.0,0.0,0.0,2,2,3,7,At Risk
15363,United Kingdom,2010-08-04 08:41:00,2010-12-02 12:28:00,372,2,670.16,383.0,1.0,0.0026,2,2,3,7,At Risk
16048,United Kingdom,2010-06-08 12:36:00,2010-12-01 15:28:00,372,4,800.09,425.0,2.0,0.0047,2,3,3,8,At Risk
17925,United Kingdom,2010-12-02 10:10:00,2010-12-02 10:10:00,372,1,244.08,72.0,0.0,0.0,2,1,1,4,Lost
14142,United Kingdom,2010-03-03 15:13:00,2010-12-01 16:33:00,372,2,655.94,518.0,6.0,0.0116,2,2,3,7,At Risk
16752,United Kingdom,2010-12-02 12:18:00,2010-12-02 12:18:00,372,1,207.5,54.0,0.0,0.0,2,1,1,4,Lost
15070,United Kingdom,2009-12-15 13:49:00,2010-12-02 11:23:00,372,3,737.05,339.0,0.0,0.0,2,3,3,8,At Risk
17643,United Kingdom,2010-07-22 13:07:00,2010-12-01 14:38:00,372,2,439.7,226.0,0.0,0.0,2,2,2,6,Lost
17855,United Kingdom,2010-12-02 09:44:00,2010-12-02 09:44:00,372,1,208.97,197.0,0.0,0.0,2,1,1,4,Lost
13065,United Kingdom,2010-06-10 11:44:00,2010-12-01 16:52:00,372,5,1050.1,381.0,1.0,0.0026,2,4,3,9,Loyal
17732,United Kingdom,2010-08-09 08:41:00,2010-12-02 09:29:00,372,8,2144.17,1058.0,6.0,0.0057,2,4,4,10,Loyal
18011,United Kingdom,2010-05-21 13:28:00,2010-12-01 17:35:00,372,2,424.24,127.0,0.0,0.0,2,2,2,6,Lost
12738,Germany,2010-12-02 18:27:00,2010-12-02 18:27:00,371,1,155.35,148.0,0.0,0.0,2,1,1,4,Lost
13370,United Kingdom,2010-12-03 10:26:00,2010-12-03 10:26:00,371,1,721.32,343.0,7.0,0.0204,2,1,3,6,At Risk
13011,United Kingdom,2010-12-02 17:22:00,2010-12-02 17:22:00,371,1,50.55,13.0,0.0,0.0,2,1,1,4,Lost
16781,United Kingdom,2010-02-08 13:56:00,2010-12-02 14:26:00,371,2,606.4,192.0,2.0,0.0104,2,2,3,7,At Risk
12686,France,2010-12-03 09:51:00,2010-12-03 09:51:00,371,1,89.14,107.0,0.0,0.0,2,1,1,4,Lost
16510,United Kingdom,2010-01-17 12:30:00,2010-12-02 13:39:00,371,6,1851.9,984.0,0.0,0.0,2,4,4,10,Loyal
15823,United Kingdom,2009-12-08 15:12:00,2010-12-02 15:08:00,371,3,3018.86,1774.0,288.0,0.1623,2,3,5,10,At Risk
17967,United Kingdom,2010-10-19 13:19:00,2010-12-03 11:19:00,371,2,234.22,118.0,0.0,0.0,2,2,1,5,Lost
16754,United Kingdom,2010-03-08 11:32:00,2010-12-02 17:38:00,371,29,54558.18,63551.0,9361.0,0.1473,2,5,5,12,Loyal
14589,United Kingdom,2010-12-03 11:42:00,2010-12-03 11:42:00,371,1,39.75,5.0,0.0,0.0,2,1,1,4,Lost
17976,United Kingdom,2010-12-02 13:49:00,2010-12-02 13:49:00,371,1,353.19,106.0,0.0,0.0,2,1,2,5,Lost
14576,United Kingdom,2010-12-02 17:51:00,2010-12-02 17:51:00,371,1,35.4,12.0,0.0,0.0,2,1,1,4,Lost
17850,United Kingdom,2009-12-05 12:28:00,2010-12-02 15:27:00,371,155,50311.92,21052.0,191.0,0.0091,2,5,5,12,Loyal
16926,United Kingdom,2010-07-01 12:57:00,2010-12-03 13:42:00,370,5,1180.15,202.0,1.0,0.005,2,4,3,9,Loyal
12725,Italy,2010-05-04 13:59:00,2010-12-03 15:45:00,370,4,2266.76,1142.0,0.0,0.0,2,3,4,9,At Risk
14813,United Kingdom,2010-04-08 11:49:00,2010-12-05 11:57:00,369,4,935.44,407.0,0.0,0.0,2,3,3,8,At Risk
16858,United Kingdom,2009-12-15 11:09:00,2010-12-06 09:52:00,368,10,4085.74,1423.0,56.0,0.0394,2,5,5,12,Loyal
17860,United Kingdom,2009-12-11 16:48:00,2010-12-06 12:41:00,368,4,762.74,713.0,0.0,0.0,2,3,3,8,At Risk
15899,United Kingdom,2010-12-06 10:36:00,2010-12-06 10:36:00,368,1,56.25,39.0,0.0,0.0,2,1,1,4,Lost
16718,United Kingdom,2009-12-06 13:07:00,2010-12-05 13:03:00,368,5,3023.78,1930.0,0.0,0.0,2,4,5,11,Loyal
15880,United Kingdom,2010-12-05 13:00:00,2010-12-05 13:00:00,368,1,313.28,211.0,24.0,0.1137,2,1,2,5,Lost
18113,United Kingdom,2010-12-06 12:31:00,2010-12-06 12:31:00,368,1,76.32,72.0,0.0,0.0,2,1,1,4,Lost
18119,United Kingdom,2010-12-07 11:59:00,2010-12-07 11:59:00,367,1,181.12,125.0,0.0,0.0,2,1,1,4,Lost
16658,United Kingdom,2010-03-30 16:24:00,2010-12-06 13:47:00,367,6,573.48,277.0,41.0,0.148,2,4,2,8,At Risk
15180,United Kingdom,2010-04-29 15:27:00,2010-12-07 14:57:00,366,3,816.93,654.0,0.0,0.0,2,3,3,8,At Risk
14821,United Kingdom,2010-02-01 13:33:00,2010-12-08 08:43:00,366,7,1237.65,465.0,0.0,0.0,2,4,4,10,Loyal
15973,United Kingdom,2010-10-06 15:00:00,2010-12-08 11:42:00,366,3,472.57,195.0,19.0,0.0974,2,3,2,7,At Risk
16125,United Kingdom,2009-12-14 15:38:00,2010-12-07 15:48:00,366,14,4298.3,1820.0,0.0,0.0,2,5,5,12,Loyal
12441,France,2010-12-08 10:45:00,2010-12-08 10:45:00,366,1,173.55,121.0,0.0,0.0,2,1,1,4,Lost
13807,United Kingdom,2009-12-04 12:41:00,2010-12-07 15:48:00,366,3,397.3,116.0,2.0,0.0172,2,3,2,7,At Risk
16893,United Kingdom,2010-11-28 15:14:00,2010-12-08 12:06:00,366,2,255.84,120.0,0.0,0.0,2,2,1,5,Lost
13786,United Kingdom,2009-12-03 15:32:00,2010-12-07 13:53:00,366,6,2506.01,1516.0,13.0,0.0086,2,4,4,10,Loyal
13270,United Kingdom,2010-12-08 14:53:00,2010-12-08 14:53:00,365,1,590.0,200.0,0.0,0.0,2,1,2,5,Lost
15347,United Kingdom,2010-09-28 12:50:00,2010-12-08 15:25:00,365,4,1132.3,542.0,6.0,0.0111,2,3,3,8,At Risk
14355,United Kingdom,2010-03-22 15:08:00,2010-12-09 12:16:00,365,3,840.05,617.0,0.0,0.0,2,3,3,8,At Risk
15221,United Kingdom,2010-03-12 10:40:00,2010-12-08 13:08:00,365,4,1702.0,244.0,30.0,0.123,2,3,4,9,At Risk
12797,Portugal,2010-10-11 12:53:00,2010-12-09 10:55:00,365,2,471.43,215.0,43.0,0.2,2,2,2,6,Lost
14437,United Kingdom,2010-05-05 12:20:00,2010-12-09 09:27:00,365,5,766.94,426.0,7.0,0.0164,2,4,3,9,Loyal
15332,Lithuania,2010-07-14 13:01:00,2010-12-08 14:43:00,365,6,4892.68,2306.0,0.0,0.0,2,4,5,11,Loyal
16679,United Kingdom,2010-06-10 18:35:00,2010-12-08 13:51:00,365,3,663.31,247.0,0.0,0.0,2,3,3,8,At Risk
14932,Channel Islands,2010-11-19 09:16:00,2010-12-09 11:48:00,365,2,666.13,257.0,0.0,0.0,2,2,3,7,At Risk
18269,United Kingdom,2010-12-08 13:53:00,2010-12-08 13:53:00,365,1,138.9,76.0,6.0,0.0789,2,1,1,4,Lost
13369,United Kingdom,2010-12-09 11:30:00,2010-12-09 11:30:00,365,1,263.75,149.0,22.0,0.1477,2,1,1,4,Lost
14082,United Kingdom,2010-11-12 11:47:00,2010-12-10 11:02:00,364,2,413.36,246.0,0.0,0.0,2,2,2,6,Lost
17880,United Kingdom,2009-12-09 16:13:00,2010-12-10 10:21:00,364,3,824.92,466.0,0.0,0.0,2,3,3,8,At Risk
15723,United Kingdom,2010-05-14 12:55:00,2010-12-10 11:12:00,364,4,947.65,444.0,0.0,0.0,2,3,3,8,At Risk
17978,United Kingdom,2009-12-08 13:27:00,2010-12-09 14:05:00,364,4,1160.84,1298.0,0.0,0.0,2,3,3,8,At Risk
15945,United Kingdom,2009-12-01 13:47:00,2010-12-09 13:14:00,364,4,646.27,345.0,0.0,0.0,2,3,3,8,At Risk
16795,United Kingdom,2010-01-25 13:14:00,2010-12-09 14:08:00,364,3,2050.31,1220.0,14.0,0.0115,2,3,4,9,At Risk
16065,United Kingdom,2010-09-02 13:27:00,2010-12-09 13:03:00,364,8,1993.53,1216.0,2.0,0.0016,2,4,4,10,Loyal
17456,United Kingdom,2010-09-09 15:28:00,2010-12-09 15:23:00,364,2,975.56,508.0,0.0,0.0,2,2,3,7,At Risk
16565,United Kingdom,2010-06-02 12:47:00,2010-12-10 15:21:00,363,4,700.45,211.0,20.0,0.0948,2,3,3,8,At Risk
12785,Portugal,2009-12-08 13:56:00,2010-12-10 13:48:00,363,3,1079.31,453.0,6.0,0.0132,2,3,3,8,At Risk
16727,United Kingdom,2010-01-20 10:48:00,2010-12-10 13:48:00,363,4,1437.42,1109.0,0.0,0.0,2,3,4,9,At Risk
17251,United Kingdom,2009-12-15 10:36:00,2010-12-12 11:06:00,362,3,803.73,379.0,2.0,0.0053,2,3,3,8,At Risk
15503,United Kingdom,2009-12-13 11:34:00,2010-12-12 10:57:00,362,2,267.15,136.0,0.0,0.0,2,2,1,5,Lost
16665,United Kingdom,2010-12-12 14:03:00,2010-12-12 14:03:00,361,1,135.4,59.0,0.0,0.0,2,1,1,4,Lost
15361,United Kingdom,2010-06-14 13:27:00,2010-12-13 09:52:00,361,4,689.07,373.0,0.0,0.0,2,3,3,8,At Risk
18004,United Kingdom,2010-12-12 13:47:00,2010-12-12 13:47:00,361,1,169.47,78.0,0.0,0.0,2,1,1,4,Lost
15454,United Kingdom,2010-03-31 13:15:00,2010-12-12 14:21:00,361,2,307.69,148.0,0.0,0.0,2,2,2,6,Lost
14413,United Kingdom,2010-01-19 14:27:00,2010-12-12 13:37:00,361,4,770.37,280.0,0.0,0.0,2,3,3,8,At Risk
13948,United Kingdom,2009-12-04 12:14:00,2010-12-14 10:18:00,360,4,536.86,248.0,2.0,0.0081,2,3,2,7,At Risk
16202,United Kingdom,2009-12-02 10:48:00,2010-12-14 10:43:00,360,9,2467.04,1307.0,25.0,0.0191,2,5,4,11,Loyal
16812,United Kingdom,2010-11-22 14:36:00,2010-12-14 12:35:00,360,4,2216.8,1116.0,16.0,0.0143,2,3,4,9,At Risk
17524,United Kingdom,2010-09-27 16:20:00,2010-12-13 14:32:00,360,3,508.9,362.0,72.0,0.1989,2,3,2,7,At Risk
17303,United Kingdom,2010-12-13 13:32:00,2010-12-13 13:32:00,360,1,250.04,144.0,0.0,0.0,2,1,1,4,Lost
16499,United Kingdom,2010-06-11 12:22:00,2010-12-14 13:31:00,359,8,2509.64,1364.0,10.0,0.0073,2,4,4,10,Loyal
13295,United Kingdom,2010-05-12 09:13:00,2010-12-15 11:21:00,359,4,1061.27,733.0,34.0,0.0464,2,3,3,8,At Risk
17525,United Kingdom,2010-10-07 09:12:00,2010-12-15 12:05:00,359,3,1161.9,338.0,0.0,0.0,2,3,3,8,At Risk
18050,United Kingdom,2010-11-11 15:51:00,2010-12-15 14:25:00,358,2,412.06,250.0,0.0,0.0,2,2,2,6,Lost
17551,United Kingdom,2010-12-15 14:12:00,2010-12-15 14:12:00,358,1,306.84,150.0,0.0,0.0,2,1,2,5,Lost
17752,United Kingdom,2010-12-15 16:19:00,2010-12-15 16:19:00,358,1,80.64,192.0,0.0,0.0,2,1,1,4,Lost
17496,United Kingdom,2010-01-14 13:36:00,2010-12-16 08:39:00,358,4,1385.89,675.0,4.0,0.0059,2,3,4,9,At Risk
12967,United Kingdom,2010-11-21 11:03:00,2010-12-16 19:10:00,357,3,2472.37,912.0,195.0,0.2138,2,3,4,9,At Risk
18176,United Kingdom,2010-12-16 15:45:00,2010-12-16 15:45:00,357,1,448.65,283.0,4.0,0.0141,2,1,2,5,Lost
17691,United Kingdom,2010-06-11 11:50:00,2010-12-16 17:20:00,357,4,627.35,315.0,12.0,0.0381,2,3,3,8,At Risk
15224,United Kingdom,2010-01-15 16:14:00,2010-12-16 15:02:00,357,5,837.26,443.0,20.0,0.0451,2,4,3,9,Loyal
12551,Spain,2010-12-17 11:23:00,2010-12-17 11:23:00,357,1,168.0,100.0,0.0,0.0,2,1,1,4,Lost
13874,United Kingdom,2010-02-04 18:39:00,2010-12-16 18:20:00,357,7,1989.2,864.0,13.0,0.015,2,4,4,10,Loyal
14373,United Kingdom,2010-12-16 15:40:00,2010-12-16 15:40:00,357,1,76.55,17.0,0.0,0.0,2,1,1,4,Lost
15789,United Kingdom,2010-03-26 11:21:00,2010-12-16 14:35:00,357,6,1932.01,2499.0,24.0,0.0096,2,4,4,10,Loyal
15160,United Kingdom,2010-10-14 15:26:00,2010-12-17 14:15:00,356,4,589.27,307.0,0.0,0.0,2,3,2,7,At Risk
13033,United Kingdom,2010-10-06 09:37:00,2010-12-17 14:23:00,356,2,220.55,98.0,0.0,0.0,2,2,1,5,Lost
15204,United Kingdom,2010-12-17 13:49:00,2010-12-17 13:49:00,356,1,316.58,258.0,0.0,0.0,2,1,2,5,Lost
17343,United Kingdom,2009-12-03 18:30:00,2010-12-19 15:07:00,354,6,1259.94,454.0,0.0,0.0,2,4,4,10,Loyal
15279,United Kingdom,2010-02-02 10:15:00,2010-12-20 10:48:00,354,5,1554.84,802.0,64.0,0.0798,2,4,4,10,Loyal
15460,United Kingdom,2010-12-20 16:08:00,2010-12-20 16:08:00,353,1,216.76,109.0,0.0,0.0,2,1,1,4,Lost
12734,France,2010-11-12 13:26:00,2010-12-22 12:47:00,352,3,639.65,265.0,0.0,0.0,2,3,3,8,At Risk
12515,Italy,2010-12-21 15:43:00,2010-12-21 15:43:00,352,1,383.7,131.0,0.0,0.0,2,1,2,5,Lost
16270,United Kingdom,2010-12-21 14:26:00,2010-12-21 14:26:00,352,1,1141.24,688.0,0.0,0.0,2,1,3,6,At Risk
13922,United Kingdom,2010-08-29 14:36:00,2010-12-23 10:38:00,351,3,824.7,467.0,14.0,0.03,2,3,3,8,At Risk
15562,United Kingdom,2009-12-13 15:17:00,2010-12-23 09:55:00,351,3,673.38,561.0,0.0,0.0,2,3,3,8,At Risk
13304,United Kingdom,2010-02-08 12:42:00,2010-12-23 14:35:00,350,4,1120.79,716.0,28.0,0.0391,2,3,3,8,At Risk
16282,United Kingdom,2009-12-21 11:52:00,2011-01-04 11:42:00,339,3,1307.58,790.0,0.0,0.0,2,3,4,9,At Risk
15464,United Kingdom,2011-01-05 15:56:00,2011-01-05 15:56:00,337,1,1048.85,350.0,0.0,0.0,2,1,3,6,At Risk
15266,United Kingdom,2010-01-07 12:19:00,2011-01-05 13:40:00,337,5,841.7,236.0,1.0,0.0042,2,4,3,9,Loyal
12386,Australia,2010-12-08 09:53:00,2011-01-06 12:37:00,337,2,401.9,354.0,0.0,0.0,2,2,2,6,Lost
13187,United Kingdom,2010-03-25 17:18:00,2011-01-06 18:57:00,336,4,348.31,375.0,22.0,0.0587,2,3,2,7,At Risk
15607,United Kingdom,2010-01-08 12:16:00,2011-01-07 12:44:00,336,9,1578.57,1470.0,36.0,0.0245,2,5,4,11,Loyal
12829,United Kingdom,2010-06-07 15:04:00,2011-01-07 11:13:00,336,3,345.35,550.0,1.0,0.0018,2,3,2,7,At Risk
12501,Germany,2011-01-07 12:28:00,2011-01-07 12:28:00,336,1,2089.68,1783.0,61.0,0.0342,2,1,4,7,At Risk
15649,United Kingdom,2010-11-17 16:22:00,2011-01-07 13:34:00,335,4,1660.35,365.0,0.0,0.0,2,3,4,9,At Risk
12489,France,2011-01-07 13:13:00,2011-01-07 13:13:00,335,1,334.93,105.0,0.0,0.0,2,1,2,5,Lost
14889,United Kingdom,2011-01-07 15:19:00,2011-01-07 15:19:00,335,1,135.9,90.0,0.0,0.0,2,1,1,4,Lost
17128,United Kingdom,2011-01-09 12:02:00,2011-01-09 12:02:00,334,1,157.09,76.0,0.0,0.0,2,1,1,4,Lost
12793,Portugal,2010-11-03 13:05:00,2011-01-09 12:12:00,334,3,885.53,461.0,0.0,0.0,2,3,3,8,At Risk
12651,France,2010-08-31 15:21:00,2011-01-09 12:46:00,334,4,365.3,265.0,3.0,0.0113,2,3,2,7,At Risk
15326,United Kingdom,2009-12-01 13:19:00,2011-01-10 11:38:00,333,5,1529.82,1351.0,31.0,0.0229,2,4,4,10,Loyal
18032,United Kingdom,2011-01-09 15:32:00,2011-01-09 15:32:00,333,1,73.5,42.0,0.0,0.0,2,1,1,4,Lost
15100,United Kingdom,2010-01-07 14:33:00,2011-01-10 10:35:00,333,7,1750.1,270.0,44.0,0.163,2,4,4,10,Loyal
16850,United Kingdom,2011-01-10 11:09:00,2011-01-10 11:09:00,333,1,332.41,249.0,0.0,0.0,2,1,2,5,Lost
13144,United Kingdom,2010-10-04 14:14:00,2011-01-11 11:15:00,332,2,135.35,29.0,0.0,0.0,2,2,1,5,Lost
12736,France,2011-01-11 07:57:00,2011-01-11 07:57:00,332,1,234.0,173.0,0.0,0.0,2,1,1,4,Lost
16351,United Kingdom,2009-12-04 16:12:00,2011-01-11 10:26:00,332,13,3279.13,2165.0,44.0,0.0203,2,5,5,12,Loyal
17406,United Kingdom,2009-12-06 13:45:00,2011-01-10 15:07:00,332,13,3890.0,1854.0,20.0,0.0108,2,5,5,12,Loyal
15346,United Kingdom,2010-10-04 15:11:00,2011-01-11 11:18:00,332,3,591.65,260.0,3.0,0.0115,2,3,2,7,At Risk
17569,United Kingdom,2011-01-11 14:15:00,2011-01-11 14:15:00,331,1,344.14,159.0,0.0,0.0,2,1,2,5,Lost
14270,United Kingdom,2011-01-12 09:33:00,2011-01-12 09:33:00,331,1,492.65,197.0,0.0,0.0,2,1,2,5,Lost
16315,United Kingdom,2010-06-21 13:53:00,2011-01-13 11:57:00,330,2,402.71,143.0,0.0,0.0,2,2,2,6,Lost
13284,United Kingdom,2011-01-13 09:23:00,2011-01-13 09:23:00,330,1,196.15,91.0,12.0,0.1319,2,1,1,4,Lost
14185,United Kingdom,2011-01-12 13:52:00,2011-01-12 13:52:00,330,1,197.65,6.0,0.0,0.0,2,1,1,4,Lost
15447,United Kingdom,2010-03-24 14:40:00,2011-01-13 11:26:00,330,5,484.93,228.0,1.0,0.0044,2,4,2,8,At Risk
15171,United Kingdom,2011-01-12 15:36:00,2011-01-12 15:36:00,330,1,1034.5,290.0,100.0,0.3448,2,1,3,6,At Risk
15510,United Kingdom,2011-01-13 12:10:00,2011-01-13 12:10:00,330,1,250.0,2.0,0.0,0.0,2,1,1,4,Lost
12652,Germany,2010-10-01 15:16:00,2011-01-12 15:00:00,330,2,1011.58,536.0,3.0,0.0056,2,2,3,7,At Risk
18106,United Kingdom,2010-01-15 11:36:00,2011-01-14 12:23:00,329,6,1461.46,512.0,0.0,0.0,2,4,4,10,Loyal
18085,United Kingdom,2010-03-21 11:57:00,2011-01-13 15:17:00,329,4,1341.85,507.0,0.0,0.0,2,3,4,9,At Risk
12672,France,2010-04-23 09:57:00,2011-01-14 09:20:00,329,2,410.5,138.0,7.0,0.0507,2,2,2,6,Lost
13385,United Kingdom,2011-01-14 09:52:00,2011-01-14 09:52:00,329,1,534.57,281.0,0.0,0.0,2,1,2,5,Lost
12872,United Kingdom,2009-12-03 20:03:00,2011-01-17 10:52:00,326,12,3299.81,1652.0,3.0,0.0018,2,5,5,12,Loyal
15316,United Kingdom,2011-01-17 11:34:00,2011-01-17 11:34:00,326,1,165.0,100.0,0.0,0.0,2,1,1,4,Lost
13898,United Kingdom,2010-10-24 15:42:00,2011-01-18 10:28:00,325,2,686.4,544.0,0.0,0.0,2,2,3,7,At Risk
14238,United Kingdom,2009-12-05 10:58:00,2011-01-17 14:40:00,325,3,434.23,189.0,0.0,0.0,2,3,2,7,At Risk
15395,United Kingdom,2011-01-18 12:40:00,2011-01-18 12:40:00,325,1,107.45,17.0,0.0,0.0,2,1,1,4,Lost
18212,United Kingdom,2010-01-31 14:42:00,2011-01-17 16:14:00,325,2,546.72,167.0,0.0,0.0,2,2,2,6,Lost
12346,United Kingdom,2009-12-14 08:34:00,2011-01-18 10:01:00,325,12,-64.68,74285.0,74233.0,0.9993,2,5,1,8,At Risk
18233,United Kingdom,2011-01-18 08:44:00,2011-01-18 08:44:00,325,1,440.0,4.0,0.0,0.0,2,1,2,5,Lost
13859,United Kingdom,2010-06-28 15:36:00,2011-01-17 16:14:00,325,2,515.86,167.0,0.0,0.0,2,2,2,6,Lost
14090,United Kingdom,2011-01-19 10:51:00,2011-01-19 10:51:00,324,1,76.32,72.0,0.0,0.0,2,1,1,4,Lost
12665,Germany,2010-02-08 15:11:00,2011-01-19 08:34:00,324,3,301.45,165.0,8.0,0.0485,2,3,2,7,At Risk
15262,United Kingdom,2010-08-08 15:55:00,2011-01-20 12:16:00,323,3,418.82,218.0,0.0,0.0,2,3,2,7,At Risk
17862,United Kingdom,2010-05-25 17:22:00,2011-01-20 12:23:00,323,4,1279.09,443.0,0.0,0.0,2,3,4,9,At Risk
15174,United Kingdom,2010-10-25 09:40:00,2011-01-21 09:06:00,322,2,481.46,382.0,0.0,0.0,2,2,2,6,Lost
16387,United Kingdom,2010-03-11 12:22:00,2011-01-21 11:34:00,322,5,918.55,457.0,0.0,0.0,2,4,3,9,Loyal
12402,Belgium,2010-02-07 12:41:00,2011-01-20 13:49:00,322,6,1244.15,584.0,1.0,0.0017,2,4,4,10,Loyal
15422,United Kingdom,2010-02-07 11:52:00,2011-01-20 16:17:00,322,7,1615.02,710.0,1.0,0.0014,2,4,4,10,Loyal
13008,United Kingdom,2009-12-16 16:07:00,2011-01-20 14:24:00,322,3,543.28,379.0,67.0,0.1768,2,3,2,7,At Risk
17890,United Kingdom,2010-12-13 15:12:00,2011-01-21 11:19:00,322,2,602.09,416.0,0.0,0.0,2,2,3,7,At Risk
17094,United Kingdom,2010-10-12 10:48:00,2011-01-21 13:09:00,321,2,370.4,212.0,4.0,0.0189,2,2,2,6,Lost
17714,United Kingdom,2010-07-14 10:41:00,2011-01-23 10:32:00,320,5,1376.58,608.0,18.0,0.0296,2,4,4,10,Loyal
15167,United Kingdom,2010-02-04 14:13:00,2011-01-23 12:41:00,320,5,1659.67,872.0,0.0,0.0,2,4,4,10,Loyal
14068,United Kingdom,2010-01-31 10:10:00,2011-01-23 16:02:00,319,4,1504.97,513.0,12.0,0.0234,2,3,4,9,At Risk
14368,United Kingdom,2011-01-24 09:52:00,2011-01-24 09:52:00,319,1,155.0,36.0,0.0,0.0,2,1,1,4,Lost
14439,Greece,2010-01-21 14:01:00,2011-01-24 11:39:00,319,5,9443.04,2244.0,0.0,0.0,2,4,5,11,Loyal
15820,United Kingdom,2011-01-24 12:00:00,2011-01-24 12:00:00,319,1,206.98,128.0,0.0,0.0,2,1,1,4,Lost
14782,United Kingdom,2011-01-24 11:12:00,2011-01-24 11:12:00,319,1,200.1,114.0,0.0,0.0,2,1,1,4,Lost
16757,United Kingdom,2010-10-26 15:09:00,2011-01-25 11:59:00,318,2,270.48,180.0,0.0,0.0,2,2,2,6,Lost
13551,United Kingdom,2010-02-11 15:01:00,2011-01-24 14:46:00,318,2,244.2,36.0,0.0,0.0,2,2,1,5,Lost
15052,United Kingdom,2011-01-24 15:52:00,2011-01-24 15:52:00,318,1,215.78,82.0,0.0,0.0,2,1,1,4,Lost
14130,United Kingdom,2009-12-11 16:33:00,2011-01-24 16:05:00,318,4,1882.67,1239.0,0.0,0.0,2,3,4,9,At Risk
15222,United Kingdom,2009-12-16 13:49:00,2011-01-25 08:03:00,318,11,3415.66,4458.0,317.0,0.0711,2,5,5,12,Loyal
15213,United Kingdom,2011-01-14 11:05:00,2011-01-25 12:21:00,318,2,325.05,272.0,2.0,0.0074,2,2,2,6,Lost
13615,United Kingdom,2010-01-28 15:43:00,2011-01-25 08:21:00,318,8,6212.23,2910.0,19.0,0.0065,2,4,5,11,Loyal
16222,United Kingdom,2009-12-18 14:31:00,2011-01-25 13:38:00,317,2,1345.22,503.0,0.0,0.0,2,2,4,8,At Risk
13002,United Kingdom,2010-10-01 11:58:00,2011-01-25 15:18:00,317,3,414.13,201.0,0.0,0.0,2,3,2,7,At Risk
13703,United Kingdom,2010-10-20 13:11:00,2011-01-25 13:10:00,317,2,99.5,128.0,118.0,0.9219,2,2,1,5,Lost
14248,United Kingdom,2010-07-12 14:27:00,2011-01-25 14:45:00,317,3,1032.95,692.0,0.0,0.0,2,3,3,8,At Risk
17118,United Kingdom,2011-01-26 12:19:00,2011-01-26 12:19:00,317,1,157.02,154.0,0.0,0.0,2,1,1,4,Lost
15661,United Kingdom,2010-05-10 07:59:00,2011-01-26 13:56:00,316,8,1215.95,779.0,0.0,0.0,2,4,4,10,Loyal
16124,United Kingdom,2009-12-07 10:33:00,2011-01-26 14:45:00,316,4,1709.39,797.0,8.0,0.01,2,3,4,9,At Risk
12764,Lebanon,2011-01-27 10:19:00,2011-01-27 10:19:00,316,1,1693.88,386.0,0.0,0.0,2,1,4,7,At Risk
12591,Italy,2010-10-27 10:42:00,2011-01-26 14:35:00,316,3,1352.15,677.0,0.0,0.0,2,3,4,9,At Risk
12574,France,2011-01-28 09:20:00,2011-01-28 09:20:00,315,1,218.45,61.0,0.0,0.0,2,1,1,4,Lost
13328,United Kingdom,2011-01-27 15:22:00,2011-01-27 15:22:00,315,1,1308.48,680.0,0.0,0.0,2,1,4,7,At Risk
13506,United Kingdom,2010-09-05 12:33:00,2011-01-27 13:53:00,315,5,1308.53,942.0,6.0,0.0064,2,4,4,10,Loyal
12377,Switzerland,2010-04-29 15:34:00,2011-01-28 15:45:00,314,4,3426.32,2105.0,0.0,0.0,2,3,5,10,At Risk
12735,France,2011-01-06 14:26:00,2011-01-28 13:37:00,314,2,779.57,368.0,0.0,0.0,2,2,3,7,At Risk
17062,United Kingdom,2010-09-26 11:57:00,2011-01-30 11:01:00,313,6,909.89,664.0,2.0,0.003,2,4,3,9,Loyal
15448,United Kingdom,2010-02-03 13:29:00,2011-01-31 10:42:00,312,2,788.81,487.0,0.0,0.0,2,2,3,7,At Risk
13161,United Kingdom,2010-07-27 12:44:00,2011-01-30 14:03:00,312,2,478.88,106.0,0.0,0.0,2,2,2,6,Lost
15415,United Kingdom,2011-01-30 14:13:00,2011-01-30 14:13:00,312,1,572.81,575.0,0.0,0.0,2,1,2,5,Lost
18095,United Kingdom,2010-04-19 14:09:00,2011-01-31 12:50:00,312,5,2303.09,1623.0,0.0,0.0,2,4,4,10,Loyal
17431,United Kingdom,2011-01-30 14:36:00,2011-01-30 14:36:00,312,1,403.3,292.0,0.0,0.0,2,1,2,5,Lost
17239,United Kingdom,2010-07-01 10:53:00,2011-01-31 09:41:00,312,4,1174.15,515.0,2.0,0.0039,2,3,3,8,At Risk
14496,United Kingdom,2010-03-16 13:15:00,2011-02-01 09:01:00,311,7,2341.54,905.0,11.0,0.0122,2,4,4,10,Loyal
12929,United Kingdom,2011-02-01 12:08:00,2011-02-01 12:08:00,311,1,105.1,37.0,1.0,0.027,2,1,1,4,Lost
17619,United Kingdom,2011-01-31 14:18:00,2011-01-31 14:18:00,311,1,218.52,127.0,0.0,0.0,2,1,1,4,Lost
17356,United Kingdom,2010-01-20 12:14:00,2011-02-01 11:07:00,311,5,946.47,925.0,0.0,0.0,2,4,3,9,Loyal
16403,United Kingdom,2011-01-31 13:39:00,2011-01-31 13:39:00,311,1,161.05,114.0,11.0,0.0965,2,1,1,4,Lost
14850,United Kingdom,2010-05-20 13:28:00,2011-02-01 11:21:00,311,7,1622.81,1408.0,16.0,0.0114,2,4,4,10,Loyal
13600,United Kingdom,2010-03-15 17:16:00,2011-01-31 15:27:00,311,2,518.42,599.0,0.0,0.0,2,2,2,6,Lost
15881,United Kingdom,2010-12-10 13:32:00,2011-01-31 16:59:00,311,5,438.24,260.0,61.0,0.2346,2,4,2,8,At Risk
13494,United Kingdom,2011-02-01 11:58:00,2011-02-01 11:58:00,311,1,316.26,162.0,0.0,0.0,2,1,2,5,Lost
14411,United Kingdom,2011-02-02 10:56:00,2011-02-02 10:56:00,310,1,1063.0,196.0,0.0,0.0,2,1,3,6,At Risk
15940,United Kingdom,2011-02-01 16:18:00,2011-02-01 16:18:00,310,1,0.0,4.0,5.0,1.25,2,1,1,4,Lost
15226,United Kingdom,2011-02-02 11:41:00,2011-02-02 11:41:00,310,1,154.41,71.0,0.0,0.0,2,1,1,4,Lost
12373,Austria,2010-02-04 12:08:00,2011-02-01 13:10:00,310,3,1127.65,516.0,0.0,0.0,2,3,3,8,At Risk
12559,Germany,2011-01-24 10:12:00,2011-02-02 09:49:00,310,2,536.21,283.0,2.0,0.0071,2,2,2,6,Lost
14549,United Kingdom,2009-12-02 14:06:00,2011-02-01 13:47:00,310,4,916.55,395.0,0.0,0.0,2,3,3,8,At Risk
15107,United Kingdom,2010-09-14 10:47:00,2011-02-01 14:46:00,310,9,740.26,330.0,10.0,0.0303,2,5,3,10,Loyal
14457,United Kingdom,2011-02-02 09:39:00,2011-02-02 09:39:00,310,1,113.64,88.0,0.0,0.0,2,1,1,4,Lost
18250,United Kingdom,2011-02-02 13:16:00,2011-02-02 13:16:00,309,1,342.92,199.0,1.0,0.005,2,1,2,5,Lost
17223,United Kingdom,2010-11-29 17:19:00,2011-02-02 15:57:00,309,3,580.69,158.0,0.0,0.0,2,3,2,7,At Risk
16030,United Kingdom,2011-02-03 11:28:00,2011-02-03 11:28:00,309,1,331.24,283.0,0.0,0.0,2,1,2,5,Lost
12350,Norway,2011-02-02 16:01:00,2011-02-02 16:01:00,309,1,334.4,197.0,0.0,0.0,2,1,2,5,Lost
13800,United Kingdom,2009-12-03 10:03:00,2011-02-03 12:27:00,309,3,1679.56,891.0,0.0,0.0,2,3,4,9,At Risk
17912,United Kingdom,2010-11-29 13:53:00,2011-02-02 14:25:00,309,6,360.1,216.0,2.0,0.0093,2,4,2,8,At Risk
12410,Switzerland,2010-07-25 13:26:00,2011-02-04 10:39:00,308,3,1001.46,341.0,2.0,0.0059,2,3,3,8,At Risk
17517,United Kingdom,2011-02-04 11:48:00,2011-02-04 11:48:00,308,1,153.94,102.0,0.0,0.0,2,1,1,4,Lost
13581,United Kingdom,2010-10-21 16:30:00,2011-02-03 14:41:00,308,2,280.53,119.0,0.0,0.0,2,2,2,6,Lost
14497,United Kingdom,2010-02-04 09:59:00,2011-02-03 17:01:00,308,2,679.16,332.0,2.0,0.006,2,2,3,7,At Risk
17226,United Kingdom,2010-02-12 14:31:00,2011-02-04 11:52:00,308,3,900.12,855.0,0.0,0.0,2,3,3,8,At Risk
13963,United Kingdom,2010-04-21 16:20:00,2011-02-04 14:43:00,307,17,2748.32,2007.0,7.0,0.0035,2,5,4,11,Loyal
17291,United Kingdom,2011-02-04 13:04:00,2011-02-04 13:04:00,307,1,550.8,72.0,0.0,0.0,2,1,2,5,Lost
15090,United Kingdom,2011-02-04 14:03:00,2011-02-04 14:03:00,307,1,381.32,208.0,0.0,0.0,2,1,2,5,Lost
17392,United Kingdom,2010-09-15 16:17:00,2011-02-06 12:48:00,306,3,626.56,493.0,0.0,0.0,2,3,3,8,At Risk
13584,United Kingdom,2010-02-02 08:40:00,2011-02-06 12:49:00,306,3,347.15,363.0,87.0,0.2397,2,3,2,7,At Risk
12956,United Kingdom,2009-12-15 19:03:00,2011-02-06 16:08:00,305,4,521.89,340.0,0.0,0.0,2,3,2,7,At Risk
14600,United Kingdom,2010-11-11 15:56:00,2011-02-07 09:48:00,305,2,865.17,487.0,0.0,0.0,2,2,3,7,At Risk
15808,United Kingdom,2009-12-01 16:30:00,2011-02-06 14:33:00,305,21,17227.38,6874.0,31.0,0.0045,2,5,5,12,Loyal
14438,United Kingdom,2011-02-06 14:56:00,2011-02-06 14:56:00,305,1,131.9,82.0,0.0,0.0,2,1,1,4,Lost
15753,United Kingdom,2011-02-08 12:41:00,2011-02-08 12:41:00,304,1,79.2,144.0,0.0,0.0,2,1,1,4,Lost
17859,United Kingdom,2011-02-08 10:32:00,2011-02-08 10:32:00,304,1,148.21,127.0,0.0,0.0,2,1,1,4,Lost
14048,United Kingdom,2010-11-22 14:08:00,2011-02-07 14:53:00,304,3,713.89,467.0,14.0,0.03,2,3,3,8,At Risk
13809,Cyprus,2010-09-05 11:42:00,2011-02-07 13:15:00,304,3,679.7,281.0,0.0,0.0,2,3,3,8,At Risk
15970,United Kingdom,2010-04-20 11:30:00,2011-02-09 12:08:00,303,2,1017.32,498.0,0.0,0.0,2,2,3,7,At Risk
15843,United Kingdom,2011-02-09 10:19:00,2011-02-09 10:19:00,303,1,118.95,27.0,0.0,0.0,2,1,1,4,Lost
17881,United Kingdom,2011-02-08 17:16:00,2011-02-08 17:16:00,303,1,133.35,32.0,0.0,0.0,2,1,1,4,Lost
14431,United Kingdom,2010-01-21 10:49:00,2011-02-10 10:40:00,302,4,2541.6,1202.0,8.0,0.0067,2,3,4,9,At Risk
17843,United Kingdom,2010-10-24 10:56:00,2011-02-09 15:33:00,302,2,326.23,276.0,0.0,0.0,2,2,2,6,Lost
17358,United Kingdom,2010-02-24 16:42:00,2011-02-09 16:57:00,302,5,866.05,442.0,0.0,0.0,2,4,3,9,Loyal
13706,United Kingdom,2010-03-23 09:18:00,2011-02-10 09:21:00,302,2,631.17,301.0,0.0,0.0,2,2,3,7,At Risk
12401,Belgium,2011-02-09 13:50:00,2011-02-09 13:50:00,302,1,84.3,11.0,0.0,0.0,2,1,1,4,Lost
12561,Germany,2011-02-10 11:39:00,2011-02-10 11:39:00,302,1,238.85,177.0,0.0,0.0,2,1,1,4,Lost
16405,United Kingdom,2011-02-02 17:08:00,2011-02-10 15:24:00,301,2,167.25,187.0,0.0,0.0,2,2,1,5,Lost
17334,United Kingdom,2010-10-29 12:16:00,2011-02-10 14:59:00,301,3,634.73,566.0,1.0,0.0018,2,3,3,8,At Risk
14081,United Kingdom,2009-12-10 18:27:00,2011-02-10 16:17:00,301,10,4826.53,3460.0,20.0,0.0058,2,5,5,12,Loyal
13819,United Kingdom,2009-12-01 16:18:00,2011-02-11 10:38:00,301,6,2631.1,2309.0,7.0,0.003,2,4,4,10,Loyal
16725,United Kingdom,2009-12-13 15:54:00,2011-02-10 16:52:00,301,14,1748.56,720.0,2.0,0.0028,2,5,4,11,Loyal
16425,United Kingdom,2011-02-10 14:30:00,2011-02-10 14:30:00,301,1,302.7,199.0,0.0,0.0,2,1,2,5,Lost
18159,United Kingdom,2011-02-11 14:26:00,2011-02-11 14:26:00,300,1,530.15,139.0,0.0,0.0,2,1,2,5,Lost
13672,United Kingdom,2009-12-09 11:40:00,2011-02-11 13:53:00,300,3,162.07,138.0,58.0,0.4203,2,3,1,6,At Risk
16897,United Kingdom,2011-01-30 11:52:00,2011-02-13 15:02:00,298,2,213.03,73.0,15.0,0.2055,2,2,1,5,Lost
15236,United Kingdom,2011-02-14 10:52:00,2011-02-14 10:52:00,298,1,321.05,269.0,0.0,0.0,2,1,2,5,Lost
17829,United Arab Emirates,2010-02-22 15:39:00,2011-02-14 12:46:00,298,5,4680.42,3009.0,72.0,0.0239,2,4,5,11,Loyal
16084,United Kingdom,2011-02-13 16:05:00,2011-02-13 16:05:00,298,1,436.18,216.0,0.0,0.0,2,1,2,5,Lost
13893,United Kingdom,2011-02-15 11:30:00,2011-02-15 11:30:00,297,1,821.1,190.0,0.0,0.0,2,1,3,6,At Risk
16738,United Kingdom,2011-02-15 09:46:00,2011-02-15 09:46:00,297,1,3.75,3.0,0.0,0.0,2,1,1,4,Lost
15670,United Kingdom,2010-06-01 15:34:00,2011-02-16 10:50:00,296,2,315.2,132.0,8.0,0.0606,2,2,2,6,Lost
14935,Channel Islands,2010-03-30 11:48:00,2011-02-15 14:44:00,296,2,2849.83,1931.0,0.0,0.0,2,2,5,9,At Risk
16073,United Kingdom,2011-02-15 15:41:00,2011-02-15 15:41:00,296,1,94.35,48.0,11.0,0.2292,2,1,1,4,Lost
16494,United Kingdom,2011-02-16 12:49:00,2011-02-16 12:49:00,296,1,826.53,675.0,0.0,0.0,2,1,3,6,At Risk
14760,United Kingdom,2011-02-15 16:27:00,2011-02-15 16:27:00,296,1,53.8,40.0,12.0,0.3,2,1,1,4,Lost
14386,United Kingdom,2011-02-16 09:45:00,2011-02-16 09:45:00,296,1,142.4,54.0,0.0,0.0,2,1,1,4,Lost
14176,United Kingdom,2010-11-23 13:21:00,2011-02-15 13:12:00,296,5,753.56,265.0,2.0,0.0075,2,4,3,9,Loyal
16509,United Kingdom,2011-02-16 09:25:00,2011-02-16 09:25:00,296,1,363.7,64.0,0.0,0.0,2,1,2,5,Lost
13151,United Kingdom,2010-03-22 10:26:00,2011-02-17 12:29:00,295,3,2511.69,832.0,7.0,0.0084,2,3,4,9,At Risk
16148,United Kingdom,2010-09-29 10:12:00,2011-02-16 14:01:00,295,2,370.37,250.0,3.0,0.012,2,2,2,6,Lost
12852,United Kingdom,2011-02-18 08:47:00,2011-02-18 08:47:00,294,1,299.75,149.0,4.0,0.0268,2,1,2,5,Lost
18138,United Kingdom,2011-02-17 14:51:00,2011-02-17 14:51:00,294,1,152.65,38.0,0.0,0.0,2,1,1,4,Lost
13932,United Kingdom,2011-02-18 12:02:00,2011-02-18 12:02:00,294,1,307.4,72.0,0.0,0.0,2,1,2,5,Lost
14371,United Kingdom,2011-02-17 16:35:00,2011-02-17 16:35:00,294,1,100.5,34.0,0.0,0.0,2,1,1,4,Lost
16765,United Kingdom,2010-11-22 13:42:00,2011-02-18 15:41:00,293,2,454.75,311.0,0.0,0.0,2,2,2,6,Lost
12707,France,2011-02-21 08:38:00,2011-02-21 08:38:00,291,1,603.42,256.0,0.0,0.0,2,1,3,6,At Risk
12988,United Kingdom,2011-02-20 14:31:00,2011-02-20 14:31:00,291,1,535.32,136.0,0.0,0.0,2,1,2,5,Lost
16349,United Kingdom,2011-02-22 12:40:00,2011-02-22 12:40:00,290,1,53.5,9.0,0.0,0.0,2,1,1,4,Lost
16546,United Kingdom,2010-09-23 15:43:00,2011-02-22 11:20:00,290,5,4421.04,4211.0,853.0,0.2026,2,4,5,11,Loyal
12365,Cyprus,2011-02-21 13:51:00,2011-02-21 14:04:00,290,2,320.69,174.0,1.0,0.0057,2,2,2,6,Lost
13044,United Kingdom,2010-01-08 14:46:00,2011-02-21 15:20:00,290,11,4824.2,2553.0,2.0,0.0008,2,5,5,12,Loyal
17499,United Kingdom,2010-05-27 09:59:00,2011-02-23 09:14:00,289,2,1296.84,1086.0,9.0,0.0083,2,2,4,8,At Risk
15397,United Kingdom,2011-02-23 09:25:00,2011-02-23 09:25:00,289,1,94.0,20.0,0.0,0.0,2,1,1,4,Lost
15303,United Kingdom,2010-01-25 09:42:00,2011-02-22 13:59:00,289,3,1178.78,514.0,4.0,0.0078,2,3,3,8,At Risk
16913,United Kingdom,2010-02-26 12:06:00,2011-02-22 12:56:00,289,3,423.91,229.0,0.0,0.0,2,3,2,7,At Risk
18114,United Kingdom,2011-02-22 13:20:00,2011-02-22 13:20:00,289,1,220.1,55.0,0.0,0.0,2,1,1,4,Lost
18068,United Kingdom,2011-02-23 14:50:00,2011-02-23 14:50:00,288,1,101.7,6.0,0.0,0.0,2,1,1,4,Lost
12565,Saudi Arabia,2011-02-24 10:34:00,2011-02-24 10:34:00,288,1,131.17,80.0,5.0,0.0625,2,1,1,4,Lost
17171,United Kingdom,2010-02-16 12:02:00,2011-02-23 16:37:00,288,2,384.59,225.0,0.0,0.0,2,2,2,6,Lost
13501,Switzerland,2010-05-18 13:24:00,2011-02-24 18:59:00,287,3,2840.26,1253.0,15.0,0.012,2,3,4,9,At Risk
18056,United Kingdom,2010-03-31 12:29:00,2011-02-24 14:27:00,287,2,539.75,334.0,3.0,0.009,2,2,2,6,Lost
13751,United Kingdom,2011-02-24 15:56:00,2011-02-24 15:56:00,287,1,296.25,152.0,0.0,0.0,2,1,2,5,Lost
13753,United Kingdom,2009-12-03 10:20:00,2011-02-25 12:48:00,287,4,2094.57,1450.0,0.0,0.0,2,3,4,9,At Risk
16072,United Kingdom,2010-06-08 16:47:00,2011-02-24 14:32:00,287,4,4328.89,1611.0,0.0,0.0,2,3,5,10,At Risk
15543,United Kingdom,2010-09-06 11:28:00,2011-02-24 15:26:00,287,2,242.84,169.0,0.0,0.0,2,2,1,5,Lost
17117,United Kingdom,2011-02-24 13:54:00,2011-02-24 13:54:00,287,1,116.2,68.0,0.0,0.0,2,1,1,4,Lost
12945,United Kingdom,2010-02-21 15:18:00,2011-02-24 14:15:00,287,2,900.11,446.0,0.0,0.0,2,2,3,7,At Risk
16997,United Kingdom,2011-01-18 11:51:00,2011-02-24 17:28:00,287,3,702.0,360.0,0.0,0.0,2,3,3,8,At Risk
13345,United Kingdom,2011-02-25 09:01:00,2011-02-25 09:01:00,287,1,377.6,141.0,2.0,0.0142,2,1,2,5,Lost
13973,United Kingdom,2011-02-25 15:21:00,2011-02-25 15:21:00,286,1,264.7,109.0,0.0,0.0,2,1,1,4,Lost
12361,Belgium,2010-01-26 14:37:00,2011-02-25 13:51:00,286,4,511.25,235.0,0.0,0.0,2,3,2,7,At Risk
13684,United Kingdom,2010-03-28 14:48:00,2011-02-27 10:13:00,285,4,546.52,235.0,12.0,0.0511,2,3,2,7,At Risk
16598,United Kingdom,2011-02-27 11:42:00,2011-02-27 11:42:00,285,1,140.7,73.0,3.0,0.0411,2,1,1,4,Lost
14036,United Kingdom,2011-02-28 09:26:00,2011-02-28 09:26:00,284,1,626.65,268.0,0.0,0.0,2,1,3,6,At Risk
15319,United Kingdom,2011-03-01 12:48:00,2011-03-01 12:48:00,283,1,204.5,175.0,0.0,0.0,2,1,1,4,Lost
12509,France,2011-02-28 14:45:00,2011-02-28 14:45:00,283,1,176.5,55.0,0.0,0.0,2,1,1,4,Lost
15709,United Kingdom,2010-04-29 18:31:00,2011-03-01 10:38:00,283,2,327.85,169.0,0.0,0.0,2,2,2,6,Lost
17165,United Kingdom,2009-12-11 09:18:00,2011-02-28 16:39:00,283,6,1783.63,788.0,3.0,0.0038,2,4,4,10,Loyal
14046,United Kingdom,2011-02-28 14:48:00,2011-02-28 14:48:00,283,1,154.99,460.0,0.0,0.0,2,1,1,4,Lost
16339,United Kingdom,2011-02-28 13:41:00,2011-02-28 13:41:00,283,1,109.95,23.0,0.0,0.0,2,1,1,4,Lost
16078,United Kingdom,2010-02-08 13:29:00,2011-03-01 09:47:00,283,2,362.99,200.0,0.0,0.0,2,2,2,6,Lost
15733,United Kingdom,2011-03-02 09:05:00,2011-03-02 09:05:00,282,1,162.3,62.0,0.0,0.0,2,1,1,4,Lost
12834,United Kingdom,2011-03-02 09:49:00,2011-03-02 09:49:00,282,1,312.38,110.0,0.0,0.0,2,1,2,5,Lost
13497,United Kingdom,2010-02-08 10:27:00,2011-03-02 09:04:00,282,6,1139.83,525.0,4.0,0.0076,2,4,3,9,Loyal
15456,United Kingdom,2009-12-08 12:54:00,2011-03-01 13:51:00,282,10,2119.27,2826.0,0.0,0.0,2,5,4,11,Loyal
15257,United Kingdom,2010-10-21 14:03:00,2011-03-01 12:58:00,282,2,600.9,71.0,1.0,0.0141,2,2,3,7,At Risk
12866,Belgium,2010-07-25 11:37:00,2011-03-01 14:11:00,282,3,1227.35,553.0,0.0,0.0,2,3,4,9,At Risk
13166,United Kingdom,2010-10-21 14:29:00,2011-03-01 15:16:00,282,2,881.68,527.0,2.0,0.0038,2,2,3,7,At Risk
15087,United Kingdom,2011-03-03 10:34:00,2011-03-03 10:34:00,281,1,306.94,470.0,0.0,0.0,2,1,2,5,Lost
16792,United Kingdom,2010-01-04 13:47:00,2011-03-02 14:41:00,281,5,623.46,324.0,0.0,0.0,2,4,3,9,Loyal
12873,United Kingdom,2010-01-27 09:50:00,2011-03-02 14:58:00,281,3,2027.3,786.0,0.0,0.0,2,3,4,9,At Risk
17995,United Kingdom,2010-11-17 17:01:00,2011-03-03 12:30:00,281,3,495.48,263.0,0.0,0.0,2,3,2,7,At Risk
16159,United Kingdom,2009-12-03 11:51:00,2011-03-03 12:27:00,281,4,1230.29,635.0,2.0,0.0031,2,3,4,9,At Risk
14483,United Kingdom,2009-12-03 10:16:00,2011-03-03 10:26:00,281,2,249.2,193.0,2.0,0.0104,2,2,1,5,Lost
17923,United Kingdom,2010-06-13 13:58:00,2011-03-02 15:15:00,281,3,497.0,140.0,0.0,0.0,2,3,2,7,At Risk
14570,United Kingdom,2010-09-22 13:07:00,2011-03-04 10:58:00,280,3,613.75,431.0,0.0,0.0,2,3,3,8,At Risk
14779,United Kingdom,2011-01-20 12:04:00,2011-03-04 12:42:00,280,3,386.15,84.0,0.0,0.0,2,3,2,7,At Risk
17789,United Kingdom,2010-02-16 13:16:00,2011-03-03 13:14:00,280,2,397.15,199.0,0.0,0.0,2,2,2,6,Lost
12755,Japan,2010-01-15 11:57:00,2011-03-04 12:42:00,280,11,2611.95,2293.0,1260.0,0.5495,2,5,4,11,Loyal
17508,Greece,2009-12-07 11:46:00,2011-03-04 08:10:00,280,8,4546.78,2891.0,11.0,0.0038,2,4,5,11,Loyal
12817,Austria,2010-10-01 08:57:00,2011-03-03 16:28:00,280,3,690.98,219.0,0.0,0.0,2,3,3,8,At Risk
13382,United Kingdom,2009-12-08 09:56:00,2011-03-04 10:03:00,280,5,1387.58,863.0,0.0,0.0,2,4,4,10,Loyal
13715,United Kingdom,2010-03-11 15:33:00,2011-03-03 19:21:00,280,17,8165.69,4827.0,15.0,0.0031,2,5,5,12,Loyal
14670,United Kingdom,2009-12-07 13:59:00,2011-03-04 14:13:00,279,3,602.0,434.0,0.0,0.0,2,3,3,8,At Risk
17325,United Kingdom,2010-03-08 11:31:00,2011-03-04 13:09:00,279,3,609.57,465.0,0.0,0.0,2,3,3,8,At Risk
17535,United Kingdom,2011-03-04 15:20:00,2011-03-04 15:20:00,279,1,164.4,136.0,0.0,0.0,2,1,1,4,Lost
14012,United Kingdom,2011-03-07 12:26:00,2011-03-07 12:26:00,277,1,328.8,160.0,0.0,0.0,2,1,2,5,Lost
12614,Germany,2011-03-07 10:22:00,2011-03-07 10:22:00,277,1,315.6,76.0,0.0,0.0,2,1,2,5,Lost
18280,United Kingdom,2010-11-10 15:51:00,2011-03-07 09:52:00,277,2,472.45,194.0,2.0,0.0103,2,2,2,6,Lost
15554,United Kingdom,2011-03-07 09:00:00,2011-03-07 09:00:00,277,1,217.2,74.0,0.0,0.0,2,1,1,4,Lost
14247,United Kingdom,2010-06-06 15:07:00,2011-03-06 15:21:00,277,5,769.71,382.0,1.0,0.0026,2,4,3,9,Loyal
15234,United Kingdom,2011-03-08 08:53:00,2011-03-08 08:53:00,276,1,197.0,196.0,0.0,0.0,2,1,1,4,Lost
14586,United Kingdom,2011-03-08 10:04:00,2011-03-08 10:04:00,276,1,134.16,444.0,208.0,0.4685,2,1,1,4,Lost
17654,United Kingdom,2011-03-07 13:17:00,2011-03-07 13:17:00,276,1,117.55,41.0,0.0,0.0,2,1,1,4,Lost
16917,United Kingdom,2010-03-17 15:24:00,2011-03-08 11:55:00,276,2,1848.88,793.0,1.0,0.0013,2,2,4,8,At Risk
15944,United Kingdom,2009-12-13 12:57:00,2011-03-08 10:33:00,276,4,2164.24,859.0,0.0,0.0,2,3,4,9,At Risk
16517,United Kingdom,2011-03-07 13:50:00,2011-03-07 13:50:00,276,1,162.7,96.0,0.0,0.0,2,1,1,4,Lost
15869,United Kingdom,2010-03-23 16:50:00,2011-03-07 17:23:00,276,3,323.66,274.0,0.0,0.0,2,3,2,7,At Risk
13093,United Kingdom,2009-12-04 10:32:00,2011-03-09 12:14:00,275,55,53274.33,25971.0,172.0,0.0066,2,5,5,12,Loyal
14165,United Kingdom,2011-03-09 12:39:00,2011-03-09 12:39:00,275,1,122.54,54.0,0.0,0.0,2,1,1,4,Lost
17639,United Kingdom,2010-08-13 11:59:00,2011-03-08 15:22:00,275,6,615.17,576.0,0.0,0.0,2,4,3,9,Loyal
12623,Germany,2010-01-12 11:45:00,2011-03-08 13:50:00,275,7,3639.84,1971.0,6.0,0.003,2,4,5,11,Loyal
17138,United Kingdom,2010-02-04 14:19:00,2011-03-09 11:54:00,275,7,4417.27,2024.0,0.0,0.0,2,4,5,11,Loyal
12881,United Kingdom,2011-03-09 11:44:00,2011-03-09 11:44:00,275,1,298.0,21.0,0.0,0.0,2,1,2,5,Lost
15057,United Kingdom,2009-12-05 15:27:00,2011-03-09 15:17:00,274,5,3184.56,1394.0,12.0,0.0086,2,4,5,11,Loyal
14603,United Kingdom,2011-03-10 10:27:00,2011-03-10 10:27:00,274,1,660.0,400.0,0.0,0.0,2,1,3,6,At Risk
16625,United Kingdom,2010-06-14 11:56:00,2011-03-10 12:50:00,274,5,1651.08,1057.0,1.0,0.0009,2,4,4,10,Loyal
13493,Switzerland,2011-02-25 16:42:00,2011-03-09 15:35:00,274,2,618.63,380.0,0.0,0.0,2,2,3,7,At Risk
16471,United Kingdom,2010-02-25 10:07:00,2011-03-10 09:41:00,274,4,1186.18,670.0,4.0,0.006,2,3,4,9,At Risk
15049,United Kingdom,2011-03-11 12:13:00,2011-03-11 12:13:00,273,1,121.17,63.0,0.0,0.0,2,1,1,4,Lost
17194,United Kingdom,2010-06-27 13:16:00,2011-03-11 12:05:00,273,3,812.5,420.0,0.0,0.0,2,3,3,8,At Risk
14350,United Kingdom,2010-10-05 15:52:00,2011-03-10 14:14:00,273,3,947.8,543.0,17.0,0.0313,2,3,3,8,At Risk
14727,United Kingdom,2010-06-11 13:23:00,2011-03-10 14:45:00,273,3,291.13,468.0,392.0,0.8376,2,3,2,7,At Risk
18086,United Kingdom,2011-03-10 13:34:00,2011-03-10 13:34:00,273,1,101.34,106.0,0.0,0.0,2,1,1,4,Lost
15308,United Kingdom,2011-03-10 13:08:00,2011-03-10 13:08:00,273,1,302.27,175.0,2.0,0.0114,2,1,2,5,Lost
14114,United Kingdom,2010-04-12 11:07:00,2011-03-11 09:42:00,273,7,1364.09,650.0,0.0,0.0,2,4,4,10,Loyal
13133,United Kingdom,2010-09-06 15:30:00,2011-03-11 10:31:00,273,3,200.45,55.0,0.0,0.0,2,3,1,6,At Risk
16766,United Kingdom,2011-03-11 13:34:00,2011-03-11 15:22:00,272,2,1145.6,536.0,0.0,0.0,2,2,3,7,At Risk
13226,United Kingdom,2010-11-11 13:46:00,2011-03-11 14:35:00,272,2,312.46,179.0,0.0,0.0,2,2,2,6,Lost
13043,United Kingdom,2011-03-11 14:52:00,2011-03-11 14:52:00,272,1,471.57,254.0,3.0,0.0118,2,1,2,5,Lost
13708,United Kingdom,2011-03-13 13:46:00,2011-03-13 13:46:00,270,1,296.88,306.0,0.0,0.0,2,1,2,5,Lost
14962,United Kingdom,2010-05-04 14:57:00,2011-03-14 09:42:00,270,4,366.91,123.0,0.0,0.0,2,3,2,7,At Risk
15388,Canada,2011-03-14 13:53:00,2011-03-14 13:53:00,269,1,140.54,88.0,0.0,0.0,2,1,1,4,Lost
16037,United Kingdom,2010-03-01 12:31:00,2011-03-15 09:13:00,269,5,1489.44,766.0,2.0,0.0026,2,4,4,10,Loyal
16392,United Kingdom,2010-05-27 11:17:00,2011-03-15 12:11:00,269,3,763.05,609.0,0.0,0.0,2,3,3,8,At Risk
17542,United Kingdom,2010-03-08 12:08:00,2011-03-15 11:45:00,269,3,341.7,324.0,0.0,0.0,2,3,2,7,At Risk
15047,United Kingdom,2011-03-15 10:49:00,2011-03-15 10:49:00,269,1,343.62,222.0,0.0,0.0,2,1,2,5,Lost
13121,United Kingdom,2011-03-15 16:47:00,2011-03-15 16:47:00,268,1,254.73,252.0,25.0,0.0992,2,1,1,4,Lost
13716,United Kingdom,2011-03-15 13:49:00,2011-03-15 13:49:00,268,1,138.28,138.0,0.0,0.0,2,1,1,4,Lost
16297,United Kingdom,2011-03-16 08:29:00,2011-03-16 08:29:00,268,1,275.4,206.0,26.0,0.1262,2,1,2,5,Lost
16152,United Kingdom,2011-03-16 09:47:00,2011-03-16 09:47:00,268,1,1829.04,642.0,0.0,0.0,2,1,4,7,At Risk
13358,United Kingdom,2011-03-16 11:52:00,2011-03-16 11:52:00,268,1,439.03,285.0,0.0,0.0,2,1,2,5,Lost
13261,United Kingdom,2011-02-27 10:41:00,2011-03-16 12:22:00,268,2,944.1,210.0,0.0,0.0,2,2,3,7,At Risk
13216,United Kingdom,2011-03-17 12:18:00,2011-03-17 12:18:00,267,1,333.74,297.0,0.0,0.0,2,1,2,5,Lost
14840,United Kingdom,2010-06-18 15:42:00,2011-03-17 12:00:00,267,2,340.21,179.0,6.0,0.0335,2,2,2,6,Lost
13185,United Kingdom,2011-03-17 11:56:00,2011-03-17 11:56:00,267,1,71.4,12.0,0.0,0.0,2,1,1,4,Lost
13299,United Kingdom,2010-06-29 11:30:00,2011-03-16 12:55:00,267,3,1173.3,416.0,8.0,0.0192,2,3,3,8,At Risk
15695,United Kingdom,2010-01-27 10:56:00,2011-03-18 08:32:00,266,4,1131.04,484.0,0.0,0.0,2,3,3,8,At Risk
14066,United Kingdom,2011-03-18 12:21:00,2011-03-18 12:21:00,266,1,152.55,45.0,0.0,0.0,2,1,1,4,Lost
12845,United Kingdom,2011-02-22 14:10:00,2011-03-17 13:34:00,266,4,354.09,204.0,0.0,0.0,2,3,2,7,At Risk
13072,United Kingdom,2011-03-18 08:12:00,2011-03-18 08:12:00,266,1,177.15,69.0,0.0,0.0,2,1,1,4,Lost
16976,United Kingdom,2011-03-17 16:33:00,2011-03-17 16:33:00,266,1,251.52,88.0,0.0,0.0,2,1,1,4,Lost
14059,United Kingdom,2011-03-18 10:06:00,2011-03-18 10:06:00,266,1,183.6,128.0,0.0,0.0,2,1,1,4,Lost
15019,United Kingdom,2011-03-18 12:35:00,2011-03-18 12:35:00,266,1,266.0,159.0,0.0,0.0,2,1,1,4,Lost
16256,United Kingdom,2010-04-21 10:34:00,2011-03-18 12:18:00,266,3,1609.57,1590.0,4.0,0.0025,2,3,4,9,At Risk
16716,United Kingdom,2010-03-19 11:05:00,2011-03-18 10:03:00,266,3,1568.28,912.0,76.0,0.0833,2,3,4,9,At Risk
16216,United Kingdom,2011-03-17 15:34:00,2011-03-17 15:34:00,266,1,914.93,254.0,0.0,0.0,2,1,3,6,At Risk
16377,United Kingdom,2010-04-01 10:36:00,2011-03-17 15:41:00,266,2,1308.48,2928.0,0.0,0.0,2,2,4,8,At Risk
12514,Italy,2010-03-08 12:18:00,2011-03-17 16:38:00,266,2,1597.76,840.0,0.0,0.0,2,2,4,8,At Risk
13707,United Kingdom,2010-06-21 11:57:00,2011-03-17 18:03:00,266,5,3365.86,2210.0,0.0,0.0,2,4,5,11,Loyal
14041,United Kingdom,2011-03-18 13:25:00,2011-03-18 13:25:00,265,1,141.41,94.0,0.0,0.0,2,1,1,4,Lost
14155,United Kingdom,2011-03-18 14:13:00,2011-03-18 14:13:00,265,1,118.75,25.0,0.0,0.0,2,1,1,4,Lost
17060,United Kingdom,2011-03-18 13:27:00,2011-03-18 13:27:00,265,1,234.24,216.0,0.0,0.0,2,1,1,4,Lost
14633,United Kingdom,2011-03-18 17:07:00,2011-03-18 17:07:00,265,1,344.9,96.0,0.0,0.0,2,1,2,5,Lost
12902,United Kingdom,2011-03-20 12:06:00,2011-03-20 12:06:00,264,1,138.68,66.0,0.0,0.0,2,1,1,4,Lost
14693,United Kingdom,2010-07-02 08:28:00,2011-03-20 12:50:00,264,7,1139.86,388.0,2.0,0.0052,2,4,3,9,Loyal
16402,United Kingdom,2010-12-05 13:42:00,2011-03-20 12:25:00,264,2,299.6,149.0,0.0,0.0,2,2,2,6,Lost
15703,United Kingdom,2011-03-20 10:51:00,2011-03-20 10:51:00,264,1,211.5,66.0,0.0,0.0,2,1,1,4,Lost
16096,United Kingdom,2010-03-04 15:44:00,2011-03-20 13:38:00,263,4,1584.97,700.0,0.0,0.0,2,3,4,9,At Risk
17678,United Kingdom,2010-04-15 13:54:00,2011-03-21 11:52:00,263,2,579.81,368.0,1.0,0.0027,2,2,2,6,Lost
16619,United Kingdom,2010-02-22 12:05:00,2011-03-21 08:18:00,263,4,1916.53,1055.0,4.0,0.0038,2,3,4,9,At Risk
14762,United Kingdom,2010-03-23 15:36:00,2011-03-21 08:20:00,263,2,417.57,428.0,0.0,0.0,2,2,2,6,Lost
17230,United Kingdom,2009-12-08 13:41:00,2011-03-20 16:12:00,263,18,9695.91,3903.0,104.0,0.0266,2,5,5,12,Loyal
18224,United Kingdom,2011-03-21 10:30:00,2011-03-21 10:30:00,263,1,158.95,69.0,0.0,0.0,2,1,1,4,Lost
15408,United Kingdom,2011-03-20 15:02:00,2011-03-20 15:02:00,263,1,267.18,106.0,0.0,0.0,2,1,1,4,Lost
13934,United Kingdom,2011-03-21 08:39:00,2011-03-21 08:39:00,263,1,922.1,390.0,0.0,0.0,2,1,3,6,At Risk
15445,United Kingdom,2010-04-28 15:00:00,2011-03-20 15:06:00,263,2,284.5,118.0,0.0,0.0,2,2,2,6,Lost
13262,United Kingdom,2010-04-18 12:14:00,2011-03-21 15:06:00,262,3,573.45,247.0,0.0,0.0,2,3,2,7,At Risk
14632,United Kingdom,2011-03-22 08:49:00,2011-03-22 08:49:00,262,1,114.56,96.0,0.0,0.0,2,1,1,4,Lost
16427,United Kingdom,2011-02-28 15:18:00,2011-03-21 17:10:00,262,2,241.06,156.0,0.0,0.0,2,2,1,5,Lost
17763,United Kingdom,2010-02-18 14:32:00,2011-03-21 14:25:00,262,4,51.15,41.0,14.0,0.3415,2,3,1,6,At Risk
16135,United Kingdom,2010-05-05 09:35:00,2011-03-22 12:30:00,262,2,819.45,395.0,0.0,0.0,2,2,3,7,At Risk
15437,United Kingdom,2010-03-09 10:45:00,2011-03-22 13:11:00,261,2,393.45,177.0,0.0,0.0,2,2,2,6,Lost
12831,United Kingdom,2010-09-02 15:58:00,2011-03-22 13:02:00,261,3,451.11,303.0,0.0,0.0,2,3,2,7,At Risk
14870,United Kingdom,2010-01-25 09:05:00,2011-03-23 10:51:00,261,6,1794.6,483.0,5.0,0.0104,2,4,4,10,Loyal
16721,United Kingdom,2011-03-22 16:08:00,2011-03-22 16:08:00,261,1,292.47,172.0,0.0,0.0,2,1,2,5,Lost
13132,United Kingdom,2011-03-23 12:44:00,2011-03-23 12:44:00,261,1,77.3,20.0,0.0,0.0,2,1,1,4,Lost
15457,United Kingdom,2011-03-22 15:31:00,2011-03-22 15:31:00,261,1,237.07,132.0,0.0,0.0,2,1,1,4,Lost
17507,United Kingdom,2011-02-03 18:08:00,2011-03-23 11:48:00,261,2,605.58,359.0,0.0,0.0,2,2,3,7,At Risk
17102,United Kingdom,2011-03-23 10:08:00,2011-03-23 10:08:00,261,1,25.5,2.0,0.0,0.0,2,1,1,4,Lost
18191,United Kingdom,2010-08-19 17:42:00,2011-03-23 12:08:00,261,2,529.4,332.0,0.0,0.0,2,2,2,6,Lost
12818,Austria,2011-03-23 12:06:00,2011-03-23 12:06:00,261,1,1517.88,929.0,6.0,0.0065,2,1,4,7,At Risk
13239,United Kingdom,2010-07-25 13:34:00,2011-03-23 10:25:00,261,5,1579.84,1151.0,3.0,0.0026,2,4,4,10,Loyal
13341,United Kingdom,2011-03-24 09:50:00,2011-03-24 09:50:00,260,1,775.85,301.0,0.0,0.0,2,1,3,6,At Risk
17486,United Kingdom,2011-03-23 14:00:00,2011-03-23 14:00:00,260,1,396.87,191.0,0.0,0.0,2,1,2,5,Lost
12811,Portugal,2010-10-08 12:20:00,2011-03-24 09:42:00,260,5,1033.9,435.0,0.0,0.0,2,4,3,9,Loyal
12564,France,2011-03-23 14:55:00,2011-03-23 14:55:00,260,1,456.9,133.0,0.0,0.0,2,1,2,5,Lost
16250,United Kingdom,2010-11-18 10:43:00,2011-03-23 15:07:00,260,3,565.24,268.0,0.0,0.0,2,3,2,7,At Risk
13512,United Kingdom,2010-05-05 13:22:00,2011-03-24 10:03:00,260,4,713.39,419.0,0.0,0.0,2,3,3,8,At Risk
17698,United Kingdom,2011-03-24 11:34:00,2011-03-24 11:34:00,260,1,154.95,93.0,0.0,0.0,2,1,1,4,Lost
15178,United Kingdom,2011-03-24 15:12:00,2011-03-24 15:12:00,259,1,40.5,30.0,0.0,0.0,2,1,1,4,Lost
14536,United Kingdom,2011-03-25 12:21:00,2011-03-25 12:21:00,259,1,171.8,40.0,0.0,0.0,2,1,1,4,Lost
14348,United Kingdom,2011-03-24 16:23:00,2011-03-24 16:23:00,259,1,409.57,183.0,0.0,0.0,2,1,2,5,Lost
16063,United Kingdom,2011-03-24 14:55:00,2011-03-24 14:55:00,259,1,335.32,262.0,0.0,0.0,2,1,2,5,Lost
14256,United Kingdom,2010-01-14 10:35:00,2011-03-24 13:17:00,259,5,2397.34,1171.0,9.0,0.0077,2,4,4,10,Loyal
16022,United Kingdom,2011-03-24 13:16:00,2011-03-24 13:16:00,259,1,628.28,261.0,0.0,0.0,2,1,3,6,At Risk
16769,United Kingdom,2009-12-14 11:10:00,2011-03-24 13:41:00,259,4,1141.75,301.0,0.0,0.0,2,3,3,8,At Risk
13452,United Kingdom,2010-08-24 09:53:00,2011-03-25 14:19:00,258,3,729.8,6.0,0.0,0.0,2,3,3,8,At Risk
18071,United Kingdom,2009-12-05 10:31:00,2011-03-27 11:59:00,257,6,1169.68,678.0,0.0,0.0,2,4,3,9,Loyal
13649,United Kingdom,2010-06-30 16:35:00,2011-03-28 11:51:00,256,6,1481.08,796.0,0.0,0.0,2,4,4,10,Loyal
18010,United Kingdom,2011-03-28 12:27:00,2011-03-28 12:27:00,256,1,174.8,60.0,0.0,0.0,2,1,1,4,Lost
12792,Portugal,2010-06-23 10:49:00,2011-03-28 11:36:00,256,2,813.88,394.0,1.0,0.0025,2,2,3,7,At Risk
13368,United Kingdom,2010-10-12 10:43:00,2011-03-28 09:59:00,256,4,1086.1,606.0,12.0,0.0198,2,3,3,8,At Risk
13357,United Kingdom,2010-03-22 14:30:00,2011-03-27 13:56:00,256,5,3838.36,2142.0,0.0,0.0,2,4,5,11,Loyal
15083,United Kingdom,2011-03-28 12:18:00,2011-03-28 12:18:00,256,1,88.2,38.0,0.0,0.0,2,1,1,4,Lost
14476,United Kingdom,2011-03-27 15:39:00,2011-03-27 15:39:00,256,1,215.7,132.0,0.0,0.0,2,1,1,4,Lost
16692,United Kingdom,2010-09-24 11:31:00,2011-03-28 14:46:00,255,4,1914.7,878.0,0.0,0.0,2,3,4,9,At Risk
15589,United Kingdom,2011-02-02 10:46:00,2011-03-29 09:54:00,255,3,456.58,243.0,1.0,0.0041,2,3,2,7,At Risk
15032,United Kingdom,2009-12-10 15:27:00,2011-03-28 15:03:00,255,8,10515.05,6601.0,300.0,0.0454,2,4,5,11,Loyal
15353,United Kingdom,2009-12-02 11:33:00,2011-03-30 12:15:00,254,7,2842.4,1420.0,2.0,0.0014,2,4,4,10,Loyal
16980,United Kingdom,2010-10-07 14:05:00,2011-03-29 16:36:00,254,3,1473.33,1039.0,0.0,0.0,2,3,4,9,At Risk
13439,United Kingdom,2010-07-01 14:36:00,2011-03-29 14:20:00,254,3,986.61,952.0,0.0,0.0,2,3,3,8,At Risk
17775,United Kingdom,2011-03-30 10:50:00,2011-03-30 10:50:00,254,1,56.4,72.0,0.0,0.0,2,1,1,4,Lost
13803,United Kingdom,2010-03-31 10:00:00,2011-03-29 12:57:00,254,3,1319.11,831.0,12.0,0.0144,2,3,4,9,At Risk
14890,United Kingdom,2010-02-18 09:00:00,2011-03-31 11:57:00,253,3,817.25,636.0,0.0,0.0,2,3,3,8,At Risk
15424,United Kingdom,2010-09-02 17:17:00,2011-03-30 13:02:00,253,3,597.78,873.0,0.0,0.0,2,3,3,8,At Risk
15832,United Kingdom,2011-03-30 15:29:00,2011-03-30 15:29:00,253,1,836.79,465.0,0.0,0.0,2,1,3,6,At Risk
15528,United Kingdom,2011-03-30 16:14:00,2011-03-30 16:14:00,253,1,229.33,123.0,0.0,0.0,2,1,1,4,Lost
17438,United Kingdom,2010-03-08 16:53:00,2011-03-31 10:26:00,253,5,1412.62,553.0,3.0,0.0054,2,4,4,10,Loyal
13060,United Kingdom,2011-03-31 11:37:00,2011-03-31 11:37:00,253,1,307.53,123.0,0.0,0.0,2,1,2,5,Lost
18108,United Kingdom,2009-12-02 12:47:00,2011-03-30 13:56:00,253,3,842.46,261.0,2.0,0.0077,2,3,3,8,At Risk
14479,United Kingdom,2009-12-06 13:48:00,2011-03-31 09:07:00,253,4,1124.71,562.0,0.0,0.0,2,3,3,8,At Risk
13841,United Kingdom,2011-04-01 12:10:00,2011-04-01 12:10:00,252,1,85.0,100.0,0.0,0.0,2,1,1,4,Lost
17212,United Kingdom,2010-08-10 09:22:00,2011-03-31 19:42:00,252,3,794.41,727.0,0.0,0.0,2,3,3,8,At Risk
13462,United Kingdom,2009-12-14 09:48:00,2011-04-01 11:20:00,252,5,1145.6,697.0,1.0,0.0014,2,4,3,9,Loyal
17580,United Kingdom,2010-10-13 14:28:00,2011-04-01 12:41:00,252,5,545.27,224.0,0.0,0.0,2,4,2,8,At Risk
15894,United Kingdom,2010-12-05 14:06:00,2011-03-31 13:50:00,252,2,263.55,168.0,0.0,0.0,2,2,1,5,Lost
14886,United Kingdom,2011-04-01 08:56:00,2011-04-01 08:56:00,252,1,364.8,160.0,0.0,0.0,2,1,2,5,Lost
14957,United Kingdom,2010-03-05 10:50:00,2011-03-31 17:59:00,252,2,333.29,105.0,0.0,0.0,2,2,2,6,Lost
17701,United Kingdom,2011-04-01 12:25:00,2011-04-01 12:25:00,252,1,417.95,109.0,0.0,0.0,2,1,2,5,Lost
13626,United Kingdom,2010-11-25 16:12:00,2011-04-01 10:05:00,252,2,689.49,398.0,3.0,0.0075,2,2,3,7,At Risk
16162,United Kingdom,2011-04-01 15:03:00,2011-04-01 15:03:00,251,1,37.4,4.0,0.0,0.0,2,1,1,4,Lost
15691,United Kingdom,2009-12-06 16:01:00,2011-04-01 15:13:00,251,4,511.8,212.0,10.0,0.0472,2,3,2,7,At Risk
13781,United Kingdom,2009-12-18 15:46:00,2011-04-03 12:08:00,250,3,770.88,300.0,1.0,0.0033,2,3,3,8,At Risk
16142,United Kingdom,2011-04-04 10:16:00,2011-04-04 10:16:00,249,1,535.34,422.0,0.0,0.0,2,1,2,5,Lost
13059,United Kingdom,2010-03-31 12:23:00,2011-04-04 10:40:00,249,10,2272.62,864.0,5.0,0.0058,2,5,4,11,Loyal
16586,United Kingdom,2010-03-14 11:24:00,2011-04-05 09:32:00,248,3,1462.78,348.0,0.0,0.0,2,3,4,9,At Risk
15442,United Kingdom,2011-04-05 12:24:00,2011-04-05 12:24:00,248,1,594.0,120.0,0.0,0.0,2,1,3,6,At Risk
14747,United Kingdom,2011-04-04 14:09:00,2011-04-04 14:09:00,248,1,294.3,84.0,2.0,0.0238,2,1,2,5,Lost
18185,United Kingdom,2011-04-04 13:42:00,2011-04-04 13:42:00,248,1,304.25,183.0,0.0,0.0,2,1,2,5,Lost
17956,United Kingdom,2011-04-04 13:47:00,2011-04-04 13:47:00,248,1,12.75,1.0,0.0,0.0,2,1,1,4,Lost
16105,United Kingdom,2010-04-14 13:27:00,2011-04-05 10:13:00,248,5,2386.19,2125.0,0.0,0.0,2,4,4,10,Loyal
13863,United Kingdom,2010-04-25 13:09:00,2011-04-06 10:20:00,247,4,1217.63,553.0,7.0,0.0127,2,3,4,9,At Risk
17492,United Kingdom,2010-07-09 13:27:00,2011-04-05 15:21:00,247,3,1122.42,450.0,0.0,0.0,2,3,3,8,At Risk
15917,United Kingdom,2009-12-02 14:55:00,2011-04-06 10:40:00,247,5,560.63,263.0,0.0,0.0,2,4,2,8,At Risk
16378,United Kingdom,2011-02-02 12:42:00,2011-04-06 15:07:00,246,3,362.95,267.0,0.0,0.0,2,3,2,7,At Risk
14465,United Kingdom,2010-01-07 15:03:00,2011-04-07 12:38:00,246,11,3946.03,2546.0,0.0,0.0,2,5,5,12,Loyal
17140,United Kingdom,2011-04-06 13:33:00,2011-04-06 13:33:00,246,1,465.32,302.0,0.0,0.0,2,1,2,5,Lost
16144,United Kingdom,2011-04-07 10:09:00,2011-04-07 10:09:00,246,1,175.2,16.0,0.0,0.0,2,1,1,4,Lost
12580,Germany,2010-05-12 11:45:00,2011-04-07 10:24:00,246,2,1052.9,569.0,0.0,0.0,2,2,3,7,At Risk
14964,United Kingdom,2011-04-06 14:13:00,2011-04-06 14:13:00,246,1,206.21,143.0,0.0,0.0,2,1,1,4,Lost
14220,United Kingdom,2010-05-19 13:26:00,2011-04-06 13:23:00,246,4,1515.0,468.0,0.0,0.0,2,3,4,9,At Risk
13712,United Kingdom,2010-04-08 11:16:00,2011-04-07 12:33:00,246,2,766.42,1128.0,0.0,0.0,2,2,3,7,At Risk
17906,United Kingdom,2011-04-06 17:25:00,2011-04-06 17:25:00,246,1,72.9,26.0,0.0,0.0,2,1,1,4,Lost
16623,United Kingdom,2010-04-26 14:04:00,2011-04-08 10:09:00,245,4,1002.49,442.0,1.0,0.0023,2,3,3,8,At Risk
15119,United Kingdom,2011-04-08 09:08:00,2011-04-08 09:08:00,245,1,266.4,88.0,0.0,0.0,2,1,1,4,Lost
16010,United Kingdom,2010-10-24 10:54:00,2011-04-08 10:14:00,245,11,1722.11,931.0,1.0,0.0011,2,5,4,11,Loyal
15109,United Kingdom,2009-12-04 12:33:00,2011-04-08 09:58:00,245,3,961.9,258.0,4.0,0.0155,2,3,3,8,At Risk
16643,United Kingdom,2010-10-13 09:47:00,2011-04-08 08:24:00,245,2,915.56,553.0,3.0,0.0054,2,2,3,7,At Risk
14924,United Kingdom,2010-03-10 12:51:00,2011-04-08 09:25:00,245,3,931.01,312.0,0.0,0.0,2,3,3,8,At Risk
17035,United Kingdom,2009-12-03 10:37:00,2011-04-08 11:23:00,245,4,568.39,327.0,28.0,0.0856,2,3,2,7,At Risk
14981,United Kingdom,2010-10-12 11:04:00,2011-04-07 13:45:00,245,2,313.52,241.0,12.0,0.0498,2,2,2,6,Lost
14619,United Kingdom,2010-06-16 14:41:00,2011-04-08 07:37:00,245,2,1276.31,594.0,7.0,0.0118,2,2,4,8,At Risk
13718,United Kingdom,2011-02-17 11:58:00,2011-04-07 13:24:00,245,2,306.55,173.0,0.0,0.0,2,2,2,6,Lost
15775,United Kingdom,2010-03-18 07:32:00,2011-04-08 12:56:00,244,2,150.5,260.0,0.0,0.0,2,2,1,5,Lost
13508,United Kingdom,2010-03-07 11:58:00,2011-04-10 11:58:00,243,2,287.05,180.0,0.0,0.0,2,2,2,6,Lost
14339,United Kingdom,2010-10-07 08:50:00,2011-04-11 11:06:00,242,2,600.66,456.0,18.0,0.0395,2,2,3,7,At Risk
14616,United Kingdom,2010-06-09 09:42:00,2011-04-11 09:54:00,242,5,527.78,170.0,0.0,0.0,2,4,2,8,At Risk
12447,Belgium,2011-04-10 13:25:00,2011-04-10 13:25:00,242,1,476.49,190.0,0.0,0.0,2,1,2,5,Lost
13570,United Kingdom,2011-04-10 13:36:00,2011-04-10 13:36:00,242,1,239.49,161.0,0.0,0.0,2,1,1,4,Lost
18129,United Kingdom,2011-04-10 14:16:00,2011-04-10 14:16:00,242,1,112.55,48.0,0.0,0.0,2,1,1,4,Lost
17574,United Kingdom,2011-04-11 09:47:00,2011-04-11 09:47:00,242,1,185.65,77.0,0.0,0.0,2,1,1,4,Lost
15655,United Kingdom,2011-04-10 15:25:00,2011-04-10 15:25:00,242,1,511.32,324.0,5.0,0.0154,2,1,2,5,Lost
12982,United Kingdom,2010-04-12 13:50:00,2011-04-11 11:51:00,242,8,2562.12,1729.0,64.0,0.037,2,4,4,10,Loyal
16552,United Kingdom,2010-12-01 12:36:00,2011-04-11 10:04:00,242,2,379.73,219.0,0.0,0.0,2,2,2,6,Lost
14311,United Kingdom,2010-05-21 10:28:00,2011-04-11 10:14:00,242,2,435.9,235.0,21.0,0.0894,2,2,2,6,Lost
14669,United Kingdom,2009-12-02 13:06:00,2011-04-12 11:43:00,241,7,3243.93,2054.0,0.0,0.0,2,4,5,11,Loyal
17972,United Kingdom,2011-04-12 12:16:00,2011-04-12 12:16:00,241,1,136.04,37.0,0.0,0.0,2,1,1,4,Lost
14326,United Kingdom,2010-06-25 12:10:00,2011-04-11 15:04:00,241,3,923.98,572.0,4.0,0.007,2,3,3,8,At Risk
15777,United Kingdom,2010-05-20 10:37:00,2011-04-12 16:43:00,240,7,1732.16,599.0,4.0,0.0067,2,4,4,10,Loyal
16697,United Kingdom,2011-04-12 17:12:00,2011-04-12 17:12:00,240,1,112.75,27.0,0.0,0.0,2,1,1,4,Lost
13740,United Kingdom,2009-12-02 12:22:00,2011-04-13 10:32:00,240,5,1597.77,991.0,0.0,0.0,2,4,4,10,Loyal
13484,United Kingdom,2010-03-10 11:46:00,2011-04-12 16:30:00,240,3,767.32,224.0,12.0,0.0536,2,3,3,8,At Risk
17278,United Kingdom,2010-05-23 13:49:00,2011-04-12 13:10:00,240,2,271.24,195.0,0.0,0.0,2,2,2,6,Lost
15212,United Kingdom,2010-11-28 10:45:00,2011-04-12 13:45:00,240,2,195.43,84.0,3.0,0.0357,2,2,1,5,Lost
17746,United Kingdom,2010-04-08 12:54:00,2011-04-13 14:31:00,239,4,873.43,688.0,29.0,0.0422,2,3,3,8,At Risk
15139,United Kingdom,2011-01-07 12:44:00,2011-04-14 11:39:00,239,2,178.96,208.0,0.0,0.0,2,2,1,5,Lost
16097,United Kingdom,2011-04-13 13:47:00,2011-04-13 13:47:00,239,1,185.05,87.0,0.0,0.0,2,1,1,4,Lost
13221,United Kingdom,2010-12-15 13:24:00,2011-04-13 16:58:00,239,2,847.41,244.0,0.0,0.0,2,2,3,7,At Risk
15147,United Kingdom,2011-04-13 15:57:00,2011-04-13 15:57:00,239,1,608.65,366.0,3.0,0.0082,2,1,3,6,At Risk
15135,United Kingdom,2010-06-01 13:33:00,2011-04-14 19:16:00,238,2,293.78,84.0,2.0,0.0238,2,2,2,6,Lost
15935,United Kingdom,2011-04-12 09:35:00,2011-04-14 13:27:00,238,2,108.04,115.0,286.0,2.487,2,2,1,5,Lost
12639,Sweden,2010-03-22 09:05:00,2011-04-15 12:48:00,238,3,1312.37,631.0,0.0,0.0,2,3,4,9,At Risk
17601,United Kingdom,2010-11-24 14:29:00,2011-04-14 18:02:00,238,2,421.48,299.0,0.0,0.0,2,2,2,6,Lost
15230,United Kingdom,2011-04-13 11:04:00,2011-04-14 14:39:00,238,2,429.6,351.0,0.0,0.0,2,2,2,6,Lost
14154,United Kingdom,2010-01-13 12:47:00,2011-04-14 16:26:00,238,8,6263.6,3222.0,18.0,0.0056,2,4,5,11,Loyal
16957,United Kingdom,2011-03-03 09:25:00,2011-04-14 13:56:00,238,2,416.64,172.0,0.0,0.0,2,2,2,6,Lost
12582,Finland,2010-05-11 09:55:00,2011-04-15 08:45:00,238,4,1980.4,985.0,0.0,0.0,2,3,4,9,At Risk
14105,United Kingdom,2009-12-18 16:57:00,2011-04-14 17:58:00,238,5,5703.98,3534.0,51.0,0.0144,2,4,5,11,Loyal
14206,United Kingdom,2010-11-02 11:37:00,2011-04-14 16:38:00,238,3,1145.21,930.0,4.0,0.0043,2,3,3,8,At Risk
17362,United Kingdom,2010-01-06 10:53:00,2011-04-14 14:43:00,238,7,1010.54,549.0,2.0,0.0036,2,4,3,9,Loyal
17142,United Kingdom,2010-01-24 15:23:00,2011-04-14 18:22:00,238,4,1283.75,323.0,0.0,0.0,2,3,4,9,At Risk
12769,Brazil,2011-04-15 10:25:00,2011-04-15 10:25:00,238,1,1143.6,356.0,0.0,0.0,2,1,3,6,At Risk
13120,United Kingdom,2011-04-15 10:19:00,2011-04-15 10:19:00,238,1,30.6,12.0,0.0,0.0,2,1,1,4,Lost
17367,United Kingdom,2011-04-15 14:21:00,2011-04-15 14:21:00,237,1,168.4,150.0,0.0,0.0,2,1,1,4,Lost
15246,United Kingdom,2010-06-02 11:28:00,2011-04-15 14:45:00,237,3,780.4,359.0,0.0,0.0,2,3,3,8,At Risk
17990,United Kingdom,2009-12-07 15:19:00,2011-04-17 11:44:00,236,6,1522.57,777.0,12.0,0.0154,2,4,4,10,Loyal
16193,United Kingdom,2010-10-25 10:25:00,2011-04-17 11:45:00,236,2,630.43,379.0,0.0,0.0,2,2,3,7,At Risk
18213,United Kingdom,2011-04-17 10:21:00,2011-04-17 10:21:00,236,1,232.48,232.0,0.0,0.0,2,1,1,4,Lost
13474,United Kingdom,2010-08-01 14:40:00,2011-04-17 13:53:00,235,3,663.79,334.0,0.0,0.0,2,3,3,8,At Risk
16617,United Kingdom,2011-04-18 10:35:00,2011-04-18 10:35:00,235,1,151.85,91.0,0.0,0.0,2,1,1,4,Lost
16947,United Kingdom,2010-03-03 10:54:00,2011-04-18 09:38:00,235,5,896.73,655.0,42.0,0.0641,2,4,3,9,Loyal
14532,United Kingdom,2010-01-10 11:47:00,2011-04-17 13:05:00,235,11,3846.43,1115.0,1.0,0.0009,2,5,5,12,Loyal
12878,United Kingdom,2011-03-18 14:02:00,2011-04-17 13:07:00,235,2,841.64,547.0,11.0,0.0201,2,2,3,7,At Risk
12754,Japan,2011-02-04 10:31:00,2011-04-18 09:00:00,235,3,2949.12,6481.0,2.0,0.0003,2,3,5,10,At Risk
17697,United Kingdom,2011-04-17 15:40:00,2011-04-17 15:40:00,235,1,338.95,93.0,0.0,0.0,2,1,2,5,Lost
17582,United Kingdom,2010-03-26 12:23:00,2011-04-17 13:18:00,235,5,1433.7,606.0,2.0,0.0033,2,4,4,10,Loyal
14672,United Kingdom,2010-01-28 11:33:00,2011-04-19 10:19:00,234,4,1113.14,646.0,0.0,0.0,2,3,3,8,At Risk
16217,United Kingdom,2011-03-02 15:28:00,2011-04-18 13:31:00,234,2,259.39,91.0,15.0,0.1648,2,2,1,5,Lost
15749,United Kingdom,2011-01-11 12:55:00,2011-04-18 13:20:00,234,3,21535.9,18028.0,9014.0,0.5,2,3,5,10,At Risk
14242,United Kingdom,2011-01-18 08:53:00,2011-04-19 11:46:00,234,2,280.55,123.0,0.0,0.0,2,2,2,6,Lost
18009,United Kingdom,2010-02-25 11:49:00,2011-04-18 13:36:00,234,8,2077.08,653.0,16.0,0.0245,2,4,4,10,Loyal
17217,United Kingdom,2010-03-30 13:35:00,2011-04-19 17:19:00,233,2,218.0,95.0,0.0,0.0,2,2,1,5,Lost
14148,United Kingdom,2010-10-21 14:08:00,2011-04-20 12:02:00,233,2,466.29,223.0,0.0,0.0,2,2,2,6,Lost
13101,United Kingdom,2010-01-27 15:49:00,2011-04-19 14:37:00,233,4,695.4,478.0,0.0,0.0,2,3,3,8,At Risk
12585,Germany,2010-12-23 12:58:00,2011-04-19 13:39:00,233,2,1982.81,1279.0,21.0,0.0164,2,2,4,8,At Risk
15717,United Kingdom,2010-04-26 10:41:00,2011-04-19 13:21:00,233,5,607.0,224.0,0.0,0.0,2,4,3,9,Loyal
15225,United Kingdom,2011-04-19 14:51:00,2011-04-19 14:51:00,233,1,409.4,226.0,0.0,0.0,2,1,2,5,Lost
12733,USA,2010-01-19 13:23:00,2011-04-19 16:19:00,233,4,2326.82,896.0,11.0,0.0123,2,3,4,9,At Risk
17548,United Kingdom,2010-11-08 16:19:00,2011-04-20 12:01:00,233,4,486.48,494.0,190.0,0.3846,2,3,2,7,At Risk
17946,United Kingdom,2011-03-25 14:34:00,2011-04-20 17:00:00,232,2,149.58,75.0,0.0,0.0,2,2,1,5,Lost
12506,France,2011-04-21 08:54:00,2011-04-21 08:54:00,232,1,73.5,23.0,0.0,0.0,2,1,1,4,Lost
15517,United Kingdom,2011-04-20 14:02:00,2011-04-20 14:02:00,232,1,267.03,293.0,0.0,0.0,2,1,1,4,Lost
17120,United Kingdom,2011-04-20 15:21:00,2011-04-20 15:21:00,232,1,307.46,120.0,0.0,0.0,2,1,2,5,Lost
13485,United Kingdom,2009-12-03 13:46:00,2011-04-20 13:58:00,232,11,2957.92,1798.0,10.0,0.0056,2,5,5,12,Loyal
17718,United Kingdom,2010-03-05 08:01:00,2011-04-21 13:39:00,231,2,386.98,274.0,36.0,0.1314,2,2,2,6,Lost
14770,United Kingdom,2010-02-25 18:58:00,2011-04-21 14:21:00,231,8,3624.89,1598.0,1.0,0.0006,2,4,5,11,Loyal
12622,Germany,2011-04-21 16:39:00,2011-04-21 16:39:00,231,1,180.1,69.0,0.0,0.0,2,1,1,4,Lost
16587,United Kingdom,2011-04-21 15:51:00,2011-04-21 15:51:00,231,1,225.15,71.0,0.0,0.0,2,1,1,4,Lost
16163,United Kingdom,2009-12-02 10:00:00,2011-04-21 15:15:00,231,6,1822.03,676.0,127.0,0.1879,2,4,4,10,Loyal
13482,United Kingdom,2010-03-22 10:31:00,2011-04-21 17:03:00,231,2,336.09,187.0,0.0,0.0,2,2,2,6,Lost
12354,Spain,2011-04-21 13:11:00,2011-04-21 13:11:00,231,1,1079.4,530.0,0.0,0.0,2,1,3,6,At Risk
17277,United Kingdom,2011-01-21 12:37:00,2011-04-26 12:47:00,227,2,1065.35,430.0,0.0,0.0,2,2,3,7,At Risk
17670,United Kingdom,2011-04-26 09:12:00,2011-04-26 09:12:00,227,1,205.7,110.0,0.0,0.0,2,1,1,4,Lost
16834,United Kingdom,2010-02-03 14:24:00,2011-04-26 09:37:00,227,2,898.96,760.0,0.0,0.0,2,2,3,7,At Risk
17187,United Kingdom,2010-07-01 14:38:00,2011-04-27 12:39:00,226,2,467.71,426.0,0.0,0.0,2,2,2,6,Lost
18183,United Kingdom,2011-03-10 10:08:00,2011-04-26 15:26:00,226,2,600.52,371.0,9.0,0.0243,2,2,3,7,At Risk
16823,United Kingdom,2009-12-02 09:57:00,2011-04-26 15:00:00,226,7,2253.14,1168.0,1.0,0.0009,2,4,4,10,Loyal
18220,United Kingdom,2009-12-15 11:42:00,2011-04-27 09:03:00,226,6,1771.7,1352.0,94.0,0.0695,2,4,4,10,Loyal
16965,United Kingdom,2011-04-27 12:08:00,2011-04-27 12:08:00,226,1,201.19,291.0,0.0,0.0,2,1,1,4,Lost
16698,United Kingdom,2011-03-31 13:33:00,2011-04-27 10:52:00,226,2,1998.0,840.0,0.0,0.0,2,2,4,8,At Risk
15891,United Kingdom,2011-04-27 12:35:00,2011-04-27 12:35:00,226,1,524.52,442.0,0.0,0.0,2,1,2,5,Lost
12573,France,2010-08-31 17:25:00,2011-04-26 15:52:00,226,5,717.41,479.0,0.0,0.0,2,4,3,9,Loyal
15223,United Kingdom,2009-12-05 11:19:00,2011-04-28 11:31:00,225,5,1117.1,385.0,115.0,0.2987,2,4,3,9,Loyal
14271,United Kingdom,2010-10-26 17:01:00,2011-04-28 12:47:00,225,2,219.13,149.0,0.0,0.0,2,2,1,5,Lost
13229,United Kingdom,2011-04-28 12:07:00,2011-04-28 12:07:00,225,1,160.95,63.0,0.0,0.0,2,1,1,4,Lost
15143,United Kingdom,2010-10-03 13:58:00,2011-04-28 12:03:00,225,2,563.63,320.0,0.0,0.0,2,2,2,6,Lost
17991,United Kingdom,2010-04-27 12:46:00,2011-04-28 15:58:00,224,3,320.55,100.0,0.0,0.0,2,3,2,7,At Risk
17893,United Kingdom,2011-04-28 13:50:00,2011-04-28 13:50:00,224,1,112.25,161.0,0.0,0.0,2,1,1,4,Lost
15210,United Kingdom,2010-05-13 14:42:00,2011-04-28 16:11:00,224,3,1176.19,841.0,0.0,0.0,2,3,3,8,At Risk
14022,United Kingdom,2010-08-10 09:38:00,2011-04-28 14:39:00,224,2,792.15,681.0,0.0,0.0,2,2,3,7,At Risk
16227,United Kingdom,2010-06-22 13:28:00,2011-04-28 13:33:00,224,3,948.82,436.0,54.0,0.1239,2,3,3,8,At Risk
14304,United Kingdom,2010-05-18 10:50:00,2011-05-01 11:50:00,222,3,1523.81,775.0,88.0,0.1135,2,3,4,9,At Risk
16634,United Kingdom,2010-01-21 09:30:00,2011-05-01 12:09:00,222,6,1198.3,1257.0,769.0,0.6118,2,4,4,10,Loyal
16055,United Kingdom,2011-05-03 09:26:00,2011-05-03 09:26:00,220,1,134.8,22.0,0.0,0.0,2,1,1,4,Lost
14149,United Kingdom,2011-05-03 09:44:00,2011-05-03 09:44:00,220,1,259.43,218.0,89.0,0.4083,2,1,1,4,Lost
17501,United Kingdom,2011-05-03 09:46:00,2011-05-03 09:47:00,220,2,288.6,160.0,0.0,0.0,2,2,2,6,Lost
14245,United Kingdom,2011-03-21 10:41:00,2011-05-04 08:40:00,219,2,1677.48,976.0,5.0,0.0051,2,2,4,8,At Risk
17443,Canada,2011-05-04 10:47:00,2011-05-04 10:47:00,219,1,534.24,504.0,0.0,0.0,2,1,2,5,Lost
14340,United Kingdom,2011-05-05 09:44:00,2011-05-05 09:44:00,218,1,134.7,58.0,0.0,0.0,2,1,1,4,Lost
16610,United Kingdom,2011-05-04 13:13:00,2011-05-04 13:13:00,218,1,75.66,66.0,0.0,0.0,2,1,1,4,Lost
16109,United Kingdom,2010-01-10 10:37:00,2011-05-05 09:17:00,218,3,923.58,1092.0,2.0,0.0018,2,3,3,8,At Risk
17374,United Kingdom,2010-11-09 17:14:00,2011-05-05 09:05:00,218,3,711.21,155.0,2.0,0.0129,2,3,3,8,At Risk
13731,United Kingdom,2011-04-07 10:10:00,2011-05-04 14:33:00,218,2,610.59,278.0,0.0,0.0,2,2,3,7,At Risk
18239,United Kingdom,2010-10-13 10:11:00,2011-05-05 12:38:00,218,6,1712.26,844.0,0.0,0.0,2,4,4,10,Loyal
16714,United Kingdom,2010-02-07 11:17:00,2011-05-05 11:09:00,218,4,1254.71,849.0,16.0,0.0188,2,3,4,9,At Risk
16990,United Kingdom,2010-10-13 11:42:00,2011-05-05 08:30:00,218,2,344.0,200.0,0.0,0.0,2,2,2,6,Lost
17646,United Kingdom,2009-12-16 09:37:00,2011-05-04 13:17:00,218,12,3843.16,1308.0,9.0,0.0069,2,5,5,12,Loyal
13762,United Kingdom,2010-01-10 12:13:00,2011-05-05 09:15:00,218,5,2165.76,2608.0,272.0,0.1043,2,4,4,10,Loyal
17394,United Kingdom,2011-05-04 13:22:00,2011-05-04 13:22:00,218,1,203.87,241.0,0.0,0.0,2,1,1,4,Lost
13711,United Kingdom,2009-12-15 19:04:00,2011-05-05 10:31:00,218,9,1632.61,819.0,23.0,0.0281,2,5,4,11,Loyal
14393,United Kingdom,2011-05-05 18:16:00,2011-05-05 18:16:00,217,1,67.95,13.0,0.0,0.0,2,1,1,4,Lost
17174,United Kingdom,2011-05-06 11:47:00,2011-05-06 11:47:00,217,1,59.9,41.0,0.0,0.0,2,1,1,4,Lost
13952,United Kingdom,2009-12-16 09:41:00,2011-05-06 09:00:00,217,14,12790.891,5947.0,9.0,0.0015,2,5,5,12,Loyal
16319,United Kingdom,2011-05-06 11:27:00,2011-05-06 11:27:00,217,1,404.4,72.0,0.0,0.0,2,1,2,5,Lost
14697,United Kingdom,2011-05-05 15:29:00,2011-05-05 15:39:00,217,2,188.61,181.0,0.0,0.0,2,2,1,5,Lost
15235,United Kingdom,2010-11-16 12:48:00,2011-05-06 09:44:00,217,16,2772.76,1676.0,0.0,0.0,2,5,4,11,Loyal
17849,United Kingdom,2010-03-14 15:17:00,2011-05-05 13:46:00,217,8,1063.76,224.0,0.0,0.0,2,4,3,9,Loyal
14423,United Kingdom,2010-01-14 11:49:00,2011-05-05 15:12:00,217,3,914.96,419.0,1.0,0.0024,2,3,3,8,At Risk
18227,United Kingdom,2010-08-12 16:45:00,2011-05-06 12:23:00,217,2,93.75,22.0,1.0,0.0455,2,2,1,5,Lost
17578,United Kingdom,2010-06-28 11:55:00,2011-05-05 18:38:00,217,7,1003.73,529.0,58.0,0.1096,2,4,3,9,Loyal
15759,United Kingdom,2009-12-02 10:08:00,2011-05-05 15:13:00,217,7,810.98,523.0,5.0,0.0096,2,4,3,9,Loyal
16457,United Kingdom,2011-05-05 13:19:00,2011-05-05 13:19:00,217,1,208.36,140.0,0.0,0.0,2,1,1,4,Lost
15668,United Kingdom,2011-05-06 10:39:00,2011-05-06 10:39:00,217,1,76.32,72.0,0.0,0.0,2,1,1,4,Lost
14199,United Kingdom,2010-06-27 12:13:00,2011-05-05 13:44:00,217,4,916.5,254.0,24.0,0.0945,2,3,3,8,At Risk
12414,Austria,2010-09-02 12:22:00,2011-05-06 14:51:00,216,6,692.41,495.0,194.0,0.3919,2,4,3,9,Loyal
17604,United Kingdom,2010-01-27 12:19:00,2011-05-06 13:43:00,216,6,945.93,616.0,0.0,0.0,2,4,3,9,Loyal
18078,United Kingdom,2010-03-21 15:50:00,2011-05-06 14:32:00,216,4,844.6,431.0,0.0,0.0,2,3,3,8,At Risk
15552,United Kingdom,2010-03-26 16:17:00,2011-05-06 14:47:00,216,2,252.52,166.0,0.0,0.0,2,2,1,5,Lost
13723,United Kingdom,2010-04-07 14:32:00,2011-05-06 17:04:00,216,6,1209.2,629.0,0.0,0.0,2,4,4,10,Loyal
13642,United Kingdom,2010-10-03 12:23:00,2011-05-08 12:34:00,215,4,501.97,253.0,1.0,0.004,2,3,2,7,At Risk
13561,United Kingdom,2010-02-28 13:42:00,2011-05-08 12:39:00,215,11,1820.72,1136.0,0.0,0.0,2,5,4,11,Loyal
14161,United Kingdom,2009-12-13 11:46:00,2011-05-08 11:41:00,215,7,3035.73,1495.0,0.0,0.0,2,4,5,11,Loyal
14353,United Kingdom,2010-10-04 12:38:00,2011-05-08 16:06:00,214,3,376.5,344.0,0.0,0.0,2,3,2,7,At Risk
15092,United Kingdom,2010-09-03 12:33:00,2011-05-08 14:10:00,214,3,773.16,230.0,2.0,0.0087,2,3,3,8,At Risk
16756,United Kingdom,2010-03-09 15:56:00,2011-05-09 09:33:00,214,7,1287.42,707.0,7.0,0.0099,2,4,4,10,Loyal
17597,United Kingdom,2010-05-05 15:33:00,2011-05-10 11:54:00,213,5,3425.29,2215.0,10.0,0.0045,2,4,5,11,Loyal
18120,United Kingdom,2011-05-09 13:45:00,2011-05-09 13:45:00,213,1,111.15,31.0,0.0,0.0,2,1,1,4,Lost
15433,United Kingdom,2011-03-17 14:12:00,2011-05-10 10:45:00,213,2,417.87,534.0,135.0,0.2528,2,2,2,6,Lost
14699,United Kingdom,2010-07-02 12:04:00,2011-05-09 14:54:00,213,4,702.6,484.0,0.0,0.0,2,3,3,8,At Risk
16306,United Kingdom,2010-10-01 09:36:00,2011-05-10 12:12:00,213,7,1094.72,712.0,16.0,0.0225,2,4,3,9,Loyal
12888,United Kingdom,2011-03-29 14:31:00,2011-05-09 16:02:00,213,2,313.77,76.0,8.0,0.1053,2,2,2,6,Lost
12355,Bahrain,2010-05-21 11:59:00,2011-05-09 13:49:00,213,2,947.61,543.0,0.0,0.0,2,2,3,7,At Risk
15381,United Kingdom,2010-05-05 14:35:00,2011-05-10 11:55:00,213,5,1887.62,802.0,1.0,0.0012,2,4,4,10,Loyal
12821,United Kingdom,2010-04-07 15:14:00,2011-05-09 15:51:00,213,2,220.8,162.0,0.0,0.0,2,2,1,5,Lost
14920,United Kingdom,2010-05-23 15:25:00,2011-05-11 10:32:00,212,3,1607.17,886.0,0.0,0.0,2,3,4,9,At Risk
16431,United Kingdom,2011-02-15 14:02:00,2011-05-10 14:09:00,212,3,642.81,453.0,0.0,0.0,2,3,3,8,At Risk
15063,United Kingdom,2011-05-10 13:25:00,2011-05-10 13:25:00,212,1,370.8,56.0,0.0,0.0,2,1,2,5,Lost
15079,United Kingdom,2009-12-08 11:22:00,2011-05-11 12:45:00,212,11,3544.8,1459.0,20.0,0.0137,2,5,5,12,Loyal
15729,United Kingdom,2010-11-01 13:44:00,2011-05-11 12:36:00,212,3,154.7,47.0,7.0,0.1489,2,3,1,6,At Risk
14288,United Kingdom,2011-05-10 13:22:00,2011-05-10 13:22:00,212,1,413.85,188.0,1.0,0.0053,2,1,2,5,Lost
13990,United Kingdom,2011-05-10 15:19:00,2011-05-10 15:19:00,212,1,311.3,190.0,0.0,0.0,2,1,2,5,Lost
15732,United Kingdom,2010-02-04 10:10:00,2011-05-11 14:24:00,211,10,1499.42,1264.0,9.0,0.0071,2,5,4,11,Loyal
16244,United Kingdom,2010-12-02 11:41:00,2011-05-12 10:18:00,211,2,1522.75,855.0,0.0,0.0,2,2,4,8,At Risk
12976,United Kingdom,2010-02-12 15:46:00,2011-05-12 09:55:00,211,8,3156.38,2684.0,0.0,0.0,2,4,5,11,Loyal
18133,United Kingdom,2011-05-11 14:14:00,2011-05-11 14:14:00,211,1,715.5,1350.0,1350.0,1.0,2,1,3,6,At Risk
12625,Germany,2010-04-22 11:33:00,2011-05-12 09:54:00,211,4,5095.38,3309.0,35.0,0.0106,2,3,5,10,At Risk
14988,United Kingdom,2010-04-16 13:34:00,2011-05-12 12:05:00,211,7,2066.6,1276.0,0.0,0.0,2,4,4,10,Loyal
17889,United Kingdom,2010-03-31 10:54:00,2011-05-11 16:26:00,211,7,774.87,417.0,0.0,0.0,2,4,3,9,Loyal
16943,United Kingdom,2010-03-25 13:34:00,2011-05-12 11:57:00,211,5,816.73,147.0,2.0,0.0136,2,4,3,9,Loyal
13235,United Kingdom,2011-05-11 17:13:00,2011-05-11 17:13:00,211,1,101.17,441.0,1.0,0.0023,2,1,1,4,Lost
16116,United Kingdom,2011-05-12 12:01:00,2011-05-12 12:01:00,211,1,592.88,248.0,2.0,0.0081,2,1,2,5,Lost
13052,United Kingdom,2010-02-23 12:31:00,2011-05-11 14:12:00,211,7,3168.53,1454.0,0.0,0.0,2,4,5,11,Loyal
13837,United Kingdom,2011-01-26 12:15:00,2011-05-12 12:10:00,211,2,271.24,183.0,0.0,0.0,2,2,2,6,Lost
12770,Japan,2010-09-09 11:43:00,2011-05-13 09:33:00,210,2,2975.95,1843.0,72.0,0.0391,2,2,5,9,At Risk
14000,United Kingdom,2009-12-02 09:50:00,2011-05-12 16:50:00,210,5,1877.59,1838.0,27.0,0.0147,2,4,4,10,Loyal
12857,United Kingdom,2010-01-25 15:37:00,2011-05-13 10:20:00,210,6,3684.25,1420.0,1.0,0.0007,2,4,5,11,Loyal
18218,United Kingdom,2010-02-17 15:11:00,2011-05-12 12:53:00,210,4,1106.3,1076.0,38.0,0.0353,2,3,3,8,At Risk
17970,United Kingdom,2011-05-12 20:03:00,2011-05-12 20:03:00,210,1,582.59,525.0,0.0,0.0,2,1,2,5,Lost
12590,Germany,2011-05-12 14:46:00,2011-05-12 14:52:00,210,2,9853.48,4283.0,6.0,0.0014,2,2,5,9,At Risk
16006,United Kingdom,2010-11-17 12:03:00,2011-05-12 13:12:00,210,2,347.17,211.0,0.0,0.0,2,2,2,6,Lost
14873,United Kingdom,2010-03-16 10:51:00,2011-05-13 13:52:00,209,2,854.13,311.0,0.0,0.0,2,2,3,7,At Risk
14689,United Kingdom,2011-05-15 11:22:00,2011-05-15 11:22:00,208,1,112.8,76.0,0.0,0.0,2,1,1,4,Lost
15813,United Kingdom,2011-04-14 09:09:00,2011-05-16 08:13:00,207,2,1303.91,603.0,0.0,0.0,2,2,4,8,At Risk
15333,United Kingdom,2011-05-15 13:27:00,2011-05-15 13:27:00,207,1,1028.56,344.0,0.0,0.0,2,1,3,6,At Risk
17263,United Kingdom,2011-05-15 14:32:00,2011-05-15 14:32:00,207,1,63.44,36.0,0.0,0.0,2,1,1,4,Lost
14320,United Kingdom,2010-01-21 11:44:00,2011-05-17 09:24:00,206,5,1204.12,713.0,87.0,0.122,2,4,4,10,Loyal
14888,United Kingdom,2011-05-16 14:58:00,2011-05-16 14:58:00,206,1,369.2,184.0,0.0,0.0,2,1,2,5,Lost
14489,United Kingdom,2010-04-06 09:52:00,2011-05-16 14:51:00,206,4,1574.93,1011.0,0.0,0.0,2,3,4,9,At Risk
13976,United Kingdom,2010-02-09 13:08:00,2011-05-17 09:13:00,206,4,1192.36,452.0,0.0,0.0,2,3,4,9,At Risk
17504,United Kingdom,2010-02-08 09:22:00,2011-05-17 12:59:00,205,18,9313.37,5517.0,208.0,0.0377,2,5,5,12,Loyal
13659,United Kingdom,2010-02-17 09:05:00,2011-05-18 12:37:00,205,12,4716.63,2539.0,35.0,0.0138,2,5,5,12,Loyal
12690,France,2011-05-18 09:09:00,2011-05-18 09:09:00,205,1,389.01,106.0,0.0,0.0,2,1,2,5,Lost
14620,United Kingdom,2011-03-01 08:30:00,2011-05-18 11:58:00,205,2,393.28,214.0,26.0,0.1215,2,2,2,6,Lost
17556,United Kingdom,2010-11-25 17:00:00,2011-05-18 10:48:00,205,2,300.67,184.0,0.0,0.0,2,2,2,6,Lost
13572,United Kingdom,2011-05-18 11:59:00,2011-05-18 11:59:00,205,1,1384.25,534.0,0.0,0.0,2,1,4,7,At Risk
17871,United Kingdom,2010-01-15 14:48:00,2011-05-19 11:32:00,204,5,1118.99,713.0,0.0,0.0,2,4,3,9,Loyal
13531,United Kingdom,2009-12-03 15:20:00,2011-05-18 16:56:00,204,6,1433.07,497.0,0.0,0.0,2,4,4,10,Loyal
12897,United Kingdom,2010-06-14 11:58:00,2011-05-19 12:13:00,204,4,514.25,249.0,0.0,0.0,2,3,2,7,At Risk
14896,United Kingdom,2009-12-06 12:42:00,2011-05-19 10:20:00,204,8,1716.25,933.0,17.0,0.0182,2,4,4,10,Loyal
17245,United Kingdom,2010-01-19 15:39:00,2011-05-19 10:43:00,204,2,371.63,307.0,0.0,0.0,2,2,2,6,Lost
14442,Channel Islands,2010-01-18 12:59:00,2011-05-19 11:36:00,204,7,5272.02,1431.0,11.0,0.0077,2,4,5,11,Loyal
15648,United Kingdom,2011-03-17 18:59:00,2011-05-19 15:53:00,203,2,599.9,221.0,8.0,0.0362,2,2,3,7,At Risk
17455,United Kingdom,2011-05-20 12:31:00,2011-05-20 12:31:00,203,1,131.7,66.0,0.0,0.0,2,1,1,4,Lost
12353,Bahrain,2010-10-27 12:44:00,2011-05-19 17:47:00,203,2,406.76,212.0,0.0,0.0,2,2,2,6,Lost
13887,United Kingdom,2011-05-19 17:22:00,2011-05-19 17:22:00,203,1,349.55,147.0,0.0,0.0,2,1,2,5,Lost
13391,United Kingdom,2011-05-20 10:50:00,2011-05-20 10:50:00,203,1,59.8,4.0,0.0,0.0,2,1,1,4,Lost
18048,United Kingdom,2010-08-03 13:03:00,2011-05-20 14:58:00,202,3,401.73,258.0,0.0,0.0,2,3,2,7,At Risk
13243,United Kingdom,2010-03-18 13:10:00,2011-05-20 13:14:00,202,5,1278.04,579.0,0.0,0.0,2,4,4,10,Loyal
16226,United Kingdom,2010-10-22 11:19:00,2011-05-20 14:41:00,202,5,672.17,521.0,0.0,0.0,2,4,3,9,Loyal
17176,United Kingdom,2010-01-31 15:49:00,2011-05-22 12:41:00,201,3,902.32,576.0,0.0,0.0,2,3,3,8,At Risk
13227,United Kingdom,2011-05-22 11:47:00,2011-05-22 11:47:00,201,1,257.7,99.0,0.0,0.0,2,1,1,4,Lost
14195,United Kingdom,2010-03-15 17:12:00,2011-05-22 10:29:00,201,6,2381.24,2144.0,300.0,0.1399,2,4,4,10,Loyal
14647,United Kingdom,2010-07-04 13:27:00,2011-05-22 13:40:00,200,2,519.97,180.0,0.0,0.0,2,2,2,6,Lost
13339,United Kingdom,2011-05-23 08:31:00,2011-05-23 08:31:00,200,1,860.12,326.0,0.0,0.0,2,1,3,6,At Risk
15724,United Kingdom,2010-11-04 10:22:00,2011-05-22 14:40:00,200,3,299.8,117.0,3.0,0.0256,2,3,2,7,At Risk
15705,United Kingdom,2011-05-22 15:37:00,2011-05-22 15:37:00,200,1,143.1,62.0,0.0,0.0,2,1,1,4,Lost
17715,United Kingdom,2010-04-26 12:17:00,2011-05-23 12:32:00,200,2,489.6,576.0,0.0,0.0,2,2,2,6,Lost
15292,United Kingdom,2011-05-22 15:00:00,2011-05-22 15:00:00,200,1,180.94,56.0,0.0,0.0,2,1,1,4,Lost
13479,United Kingdom,2010-08-19 16:18:00,2011-05-23 10:45:00,200,4,808.5,716.0,8.0,0.0112,2,3,3,8,At Risk
14817,United Kingdom,2010-03-22 12:10:00,2011-05-23 13:35:00,199,7,3889.21,2462.0,17.0,0.0069,2,4,5,11,Loyal
13737,United Kingdom,2011-05-23 16:32:00,2011-05-23 16:32:00,199,1,339.6,125.0,0.0,0.0,2,1,2,5,Lost
18202,United Kingdom,2011-02-01 13:36:00,2011-05-24 12:12:00,199,3,1396.99,581.0,0.0,0.0,2,3,4,9,At Risk
13223,United Kingdom,2010-02-12 13:27:00,2011-05-23 13:03:00,199,6,969.12,568.0,0.0,0.0,2,4,3,9,Loyal
17770,United Kingdom,2011-03-02 13:35:00,2011-05-25 12:34:00,198,5,1143.27,365.0,0.0,0.0,2,4,3,9,Loyal
14705,United Kingdom,2011-05-25 12:39:00,2011-05-25 12:39:00,198,1,179.0,100.0,0.0,0.0,2,1,1,4,Lost
15042,United Kingdom,2010-04-23 14:01:00,2011-05-24 16:25:00,198,2,315.45,238.0,0.0,0.0,2,2,2,6,Lost
15314,United Kingdom,2010-10-07 15:41:00,2011-05-24 14:39:00,198,3,800.65,750.0,12.0,0.016,2,3,3,8,At Risk
16763,United Kingdom,2009-12-01 15:26:00,2011-05-25 11:52:00,198,2,947.75,492.0,1.0,0.002,2,2,3,7,At Risk
17375,United Kingdom,2010-10-04 09:14:00,2011-05-24 15:45:00,198,4,632.95,480.0,6.0,0.0125,2,3,3,8,At Risk
17955,United Kingdom,2010-02-12 16:27:00,2011-05-25 12:00:00,198,6,949.9,681.0,0.0,0.0,2,4,3,9,Loyal
15882,United Kingdom,2009-12-10 15:33:00,2011-05-25 11:35:00,198,8,1098.59,650.0,13.0,0.02,2,4,3,9,Loyal
16448,United Kingdom,2010-08-25 16:58:00,2011-05-25 16:28:00,197,2,367.87,179.0,0.0,0.0,2,2,2,6,Lost
12547,Spain,2010-07-27 13:55:00,2011-05-26 12:38:00,197,3,383.58,309.0,0.0,0.0,2,3,2,7,At Risk
16356,United Kingdom,2010-06-06 11:26:00,2011-05-26 11:51:00,197,6,414.42,190.0,1.0,0.0053,2,4,2,8,At Risk
14985,United Kingdom,2010-12-16 19:51:00,2011-05-25 14:29:00,197,2,296.75,260.0,0.0,0.0,2,2,2,6,Lost
14009,United Kingdom,2010-09-03 12:08:00,2011-05-25 15:47:00,197,3,1090.23,951.0,4.0,0.0042,2,3,3,8,At Risk
12974,United Kingdom,2010-05-23 11:45:00,2011-05-26 09:33:00,197,2,408.95,104.0,0.0,0.0,2,2,2,6,Lost
16449,United Kingdom,2011-03-04 12:15:00,2011-05-26 10:25:00,197,2,674.69,367.0,8.0,0.0218,2,2,3,7,At Risk
14816,United Kingdom,2011-05-26 13:16:00,2011-05-26 13:16:00,196,1,271.85,5.0,0.0,0.0,2,1,2,5,Lost
15104,United Kingdom,2011-03-02 14:16:00,2011-05-27 12:29:00,196,2,1002.54,637.0,2.0,0.0031,2,2,3,7,At Risk
16275,United Kingdom,2010-03-08 14:41:00,2011-05-27 12:41:00,196,3,2151.11,1268.0,0.0,0.0,2,3,4,9,At Risk
13135,United Kingdom,2010-08-05 17:28:00,2011-05-27 10:52:00,196,2,3371.45,4423.0,0.0,0.0,2,2,5,9,At Risk
16838,United Kingdom,2010-02-14 15:27:00,2011-05-26 13:13:00,196,4,1126.66,509.0,5.0,0.0098,2,3,3,8,At Risk
17550,United Kingdom,2010-02-07 15:07:00,2011-05-26 14:09:00,196,9,2206.54,989.0,60.0,0.0607,2,5,4,11,Loyal
14828,United Kingdom,2009-12-07 11:19:00,2011-05-27 10:16:00,196,13,9803.46,9718.0,48.0,0.0049,2,5,5,12,Loyal
14280,United Kingdom,2011-05-27 10:37:00,2011-05-27 10:37:00,196,1,134.04,52.0,0.0,0.0,2,1,1,4,Lost
14740,United Kingdom,2010-02-25 11:40:00,2011-05-26 18:17:00,196,11,4068.86,2081.0,22.0,0.0106,2,5,5,12,Loyal
16034,United Kingdom,2010-10-26 13:00:00,2011-05-27 16:17:00,195,6,925.77,597.0,1.0,0.0017,2,4,3,9,Loyal
14625,United Kingdom,2009-12-16 13:23:00,2011-05-27 15:32:00,195,11,4429.18,2155.0,11.0,0.0051,2,5,5,12,Loyal
16323,United Kingdom,2010-05-11 09:48:00,2011-05-27 14:48:00,195,2,353.66,146.0,0.0,0.0,2,2,2,6,Lost
12999,United Kingdom,2011-04-08 10:26:00,2011-05-27 13:24:00,195,3,455.88,342.0,0.0,0.0,2,3,2,7,At Risk
17152,United Kingdom,2010-10-10 12:40:00,2011-05-29 12:19:00,194,4,1830.5,577.0,40.0,0.0693,2,3,4,9,At Risk
12426,Germany,2010-02-15 08:41:00,2011-05-29 12:26:00,194,2,1311.41,584.0,7.0,0.012,2,2,4,8,At Risk
16889,United Kingdom,2010-05-23 10:46:00,2011-05-29 11:05:00,194,6,2530.9,1616.0,0.0,0.0,2,4,4,10,Loyal
17051,United Kingdom,2010-03-21 14:55:00,2011-05-29 14:13:00,193,4,714.39,513.0,0.0,0.0,2,3,3,8,At Risk
15897,United Kingdom,2011-05-29 13:32:00,2011-05-29 13:50:00,193,2,222.05,261.0,0.0,0.0,2,2,1,5,Lost
16567,United Kingdom,2011-01-07 09:31:00,2011-05-29 13:57:00,193,2,865.6,996.0,0.0,0.0,2,2,3,7,At Risk
15925,United Kingdom,2011-05-29 15:35:00,2011-05-29 15:35:00,193,1,207.15,93.0,0.0,0.0,2,1,1,4,Lost
16810,United Kingdom,2010-10-15 15:32:00,2011-05-31 15:32:00,191,2,786.14,372.0,5.0,0.0134,2,2,3,7,At Risk
17454,United Kingdom,2010-01-15 15:40:00,2011-05-31 13:58:00,191,10,1532.64,727.0,6.0,0.0083,2,5,4,11,Loyal
18190,United Kingdom,2009-12-22 12:05:00,2011-05-31 14:48:00,191,5,735.67,490.0,1.0,0.002,2,4,3,9,Loyal
13398,United Kingdom,2010-09-17 09:34:00,2011-05-31 13:17:00,191,2,670.34,341.0,0.0,0.0,2,2,3,7,At Risk
18231,United Kingdom,2010-01-10 12:13:00,2011-05-31 14:18:00,191,28,6848.17,2923.0,15.0,0.0051,2,5,5,12,Loyal
16483,United Kingdom,2011-05-31 13:08:00,2011-05-31 13:08:00,191,1,139.35,44.0,0.0,0.0,2,1,1,4,Lost
15643,United Kingdom,2011-03-02 14:34:00,2011-06-01 07:38:00,191,3,647.4,246.0,4.0,0.0163,2,3,3,8,At Risk
13070,United Kingdom,2009-12-07 14:44:00,2011-05-31 13:45:00,191,4,743.9,372.0,4.0,0.0108,2,3,3,8,At Risk
12790,Netherlands,2010-10-25 13:04:00,2011-05-31 14:14:00,191,2,563.45,306.0,6.0,0.0196,2,2,2,6,Lost
14377,United Kingdom,2011-03-22 13:38:00,2011-06-01 13:32:00,190,2,617.05,219.0,0.0,0.0,2,2,3,7,At Risk
13062,United Kingdom,2011-06-01 15:12:00,2011-06-01 15:12:00,190,1,346.98,343.0,0.0,0.0,2,1,2,5,Lost
13475,United Kingdom,2011-02-14 12:36:00,2011-06-01 13:52:00,190,4,1431.78,1012.0,0.0,0.0,2,3,4,9,At Risk
15918,United Kingdom,2010-03-18 11:40:00,2011-06-02 11:42:00,190,3,582.88,240.0,0.0,0.0,2,3,2,7,At Risk
16424,United Kingdom,2010-11-22 11:24:00,2011-06-01 13:40:00,190,2,392.06,212.0,6.0,0.0283,2,2,2,6,Lost
17472,United Kingdom,2010-03-21 13:27:00,2011-06-01 14:57:00,190,4,935.1,558.0,0.0,0.0,2,3,3,8,At Risk
15658,United Kingdom,2009-12-03 11:19:00,2011-06-02 15:22:00,189,8,1964.14,627.0,29.0,0.0463,2,4,4,10,Loyal
13294,United Kingdom,2010-03-03 12:54:00,2011-06-03 08:54:00,189,3,1689.53,996.0,0.0,0.0,2,3,4,9,At Risk
17900,United Kingdom,2011-06-02 14:28:00,2011-06-02 14:38:00,189,2,15.0,73.0,72.0,0.9863,2,2,1,5,Lost
14453,United Kingdom,2011-06-02 14:15:00,2011-06-02 14:15:00,189,1,119.93,49.0,0.0,0.0,2,1,1,4,Lost
16230,United Kingdom,2011-05-03 15:12:00,2011-06-03 10:06:00,189,2,542.03,365.0,0.0,0.0,2,2,2,6,Lost
17531,United Kingdom,2010-03-31 12:57:00,2011-06-02 19:17:00,189,3,1191.22,472.0,12.0,0.0254,2,3,4,9,At Risk
16117,United Kingdom,2010-04-27 11:50:00,2011-06-03 11:42:00,189,3,650.05,321.0,3.0,0.0093,2,3,3,8,At Risk
12601,Germany,2010-10-31 10:57:00,2011-06-03 10:17:00,189,6,673.76,290.0,1.0,0.0034,2,4,3,9,Loyal
16529,United Kingdom,2010-06-27 13:29:00,2011-06-02 17:23:00,189,4,2012.0,751.0,0.0,0.0,2,3,4,9,At Risk
13885,United Kingdom,2011-05-23 08:52:00,2011-06-03 15:07:00,188,2,506.8,182.0,0.0,0.0,2,2,2,6,Lost
16659,United Kingdom,2011-06-03 15:03:00,2011-06-03 15:03:00,188,1,39.12,72.0,0.0,0.0,2,1,1,4,Lost
16967,United Kingdom,2011-06-03 14:24:00,2011-06-03 14:24:00,188,1,319.02,333.0,0.0,0.0,2,1,2,5,Lost
15405,United Kingdom,2010-05-12 15:56:00,2011-06-03 14:44:00,188,2,659.84,348.0,0.0,0.0,2,2,3,7,At Risk
15508,United Kingdom,2011-04-18 15:31:00,2011-06-03 15:43:00,188,6,1000.27,440.0,0.0,0.0,2,4,3,9,Loyal
17708,United Kingdom,2010-10-12 12:13:00,2011-06-05 10:12:00,187,4,887.93,388.0,0.0,0.0,3,3,3,9,Others
12468,Germany,2010-01-26 10:09:00,2011-06-05 11:36:00,187,5,3624.55,2201.0,17.0,0.0077,3,4,5,12,Loyal
14682,United Kingdom,2010-02-05 14:47:00,2011-06-05 12:12:00,187,6,1514.81,949.0,0.0,0.0,3,4,4,11,Loyal
14512,United Kingdom,2009-12-07 13:49:00,2011-06-05 12:39:00,187,7,1223.47,742.0,0.0,0.0,3,4,4,11,Loyal
15852,United Kingdom,2010-07-01 10:16:00,2011-06-06 11:22:00,186,3,257.26,60.0,0.0,0.0,3,3,1,7,Others
12802,Netherlands,2010-05-25 09:34:00,2011-06-06 09:36:00,186,7,2350.42,1972.0,18.0,0.0091,3,4,4,11,Loyal
13682,United Kingdom,2011-06-05 14:06:00,2011-06-05 14:06:00,186,1,59.5,10.0,0.0,0.0,3,1,1,5,Others
16849,United Kingdom,2011-06-06 09:16:00,2011-06-06 09:16:00,186,1,124.57,33.0,0.0,0.0,3,1,1,5,Others
16963,United Kingdom,2011-06-05 13:48:00,2011-06-05 13:48:00,186,1,110.55,35.0,0.0,0.0,3,1,1,5,Others
16883,United Kingdom,2009-12-04 12:07:00,2011-06-05 12:51:00,186,19,2258.61,1026.0,1.0,0.001,3,5,4,12,Loyal
12891,United Kingdom,2010-02-18 14:32:00,2011-06-07 12:31:00,185,11,819.5,2325.0,50.0,0.0215,3,5,3,11,Loyal
16520,United Kingdom,2010-03-02 16:50:00,2011-06-06 13:24:00,185,6,2140.16,1049.0,2.0,0.0019,3,4,4,11,Loyal
15386,United Kingdom,2011-06-06 13:47:00,2011-06-06 13:47:00,185,1,394.14,446.0,0.0,0.0,3,1,2,6,Others
16611,United Kingdom,2010-03-10 16:07:00,2011-06-06 15:46:00,185,6,1776.63,874.0,1.0,0.0011,3,4,4,11,Loyal
14542,United Kingdom,2011-06-07 08:19:00,2011-06-07 08:19:00,185,1,103.25,19.0,0.0,0.0,3,1,1,5,Others
18072,United Kingdom,2011-06-07 10:44:00,2011-06-07 10:44:00,185,1,0.0,288.0,242.0,0.8403,3,1,1,5,Others
14867,United Kingdom,2009-12-05 15:47:00,2011-06-07 11:39:00,185,16,2910.41,996.0,3.0,0.003,3,5,5,13,Loyal
12868,United Kingdom,2010-11-12 10:05:00,2011-06-07 10:42:00,185,8,2043.76,1170.0,0.0,0.0,3,4,4,11,Loyal
17707,United Kingdom,2009-12-07 12:19:00,2011-06-07 15:03:00,184,8,605.05,546.0,1.0,0.0018,3,4,3,10,Loyal
17987,United Kingdom,2010-06-07 11:23:00,2011-06-07 14:22:00,184,5,928.12,1015.0,136.0,0.134,3,4,3,10,Loyal
16955,United Kingdom,2010-01-31 11:38:00,2011-06-08 10:36:00,184,6,1072.06,723.0,27.0,0.0373,3,4,3,10,Loyal
14375,United Kingdom,2010-06-16 14:34:00,2011-06-07 13:44:00,184,3,1132.99,659.0,0.0,0.0,3,3,3,9,Others
17409,United Kingdom,2009-12-11 12:17:00,2011-06-08 10:36:00,184,10,7793.51,4089.0,0.0,0.0,3,5,5,13,Loyal
17854,United Kingdom,2009-12-08 11:13:00,2011-06-07 16:21:00,184,6,1071.45,610.0,0.0,0.0,3,4,3,10,Loyal
13395,United Kingdom,2010-10-14 13:00:00,2011-06-07 15:04:00,184,3,1180.23,1660.0,0.0,0.0,3,3,3,9,Others
17874,United Kingdom,2011-03-29 11:25:00,2011-06-07 12:54:00,184,6,658.26,221.0,12.0,0.0543,3,4,3,10,Loyal
12383,Belgium,2010-12-22 14:28:00,2011-06-08 08:02:00,184,5,1839.31,1532.0,3.0,0.002,3,4,4,11,Loyal
17124,United Kingdom,2011-06-07 14:02:00,2011-06-07 14:02:00,184,1,298.89,130.0,0.0,0.0,3,1,2,6,Others
14622,United Kingdom,2011-06-08 12:42:00,2011-06-08 12:42:00,184,1,320.58,146.0,0.0,0.0,3,1,2,6,Others
17026,United Kingdom,2010-10-18 15:22:00,2011-06-07 14:28:00,184,3,175.83,107.0,0.0,0.0,3,3,1,7,Others
13811,Germany,2011-04-14 18:40:00,2011-06-09 09:54:00,183,3,591.75,68.0,1.0,0.0147,3,3,2,8,Others
14231,United Kingdom,2010-09-15 09:52:00,2011-06-09 11:05:00,183,4,1131.97,610.0,7.0,0.0115,3,3,3,9,Others
16832,United Kingdom,2010-09-07 12:35:00,2011-06-08 15:36:00,183,5,417.61,179.0,0.0,0.0,3,4,2,9,Others
14241,United Kingdom,2010-01-12 15:11:00,2011-06-09 11:46:00,183,2,333.7,242.0,0.0,0.0,3,2,2,7,Others
15609,United Kingdom,2011-06-08 13:00:00,2011-06-08 13:00:00,183,1,270.03,148.0,3.0,0.0203,3,1,2,6,Others
13466,United Kingdom,2010-03-21 13:50:00,2011-06-08 16:39:00,183,5,952.25,660.0,12.0,0.0182,3,4,3,10,Loyal
14501,United Kingdom,2011-01-24 10:43:00,2011-06-09 12:02:00,183,2,190.31,161.0,42.0,0.2609,3,2,1,6,Others
15780,United Kingdom,2010-12-17 11:43:00,2011-06-09 12:01:00,183,3,475.28,220.0,0.0,0.0,3,3,2,8,Others
13533,United Kingdom,2011-03-17 12:47:00,2011-06-10 11:54:00,182,3,270.79,204.0,0.0,0.0,3,3,2,8,Others
13900,United Kingdom,2010-03-25 13:46:00,2011-06-09 19:26:00,182,6,1608.09,938.0,2.0,0.0021,3,4,4,11,Loyal
17234,United Kingdom,2011-06-10 11:20:00,2011-06-10 11:20:00,182,1,149.89,55.0,0.0,0.0,3,1,1,5,Others
16113,United Kingdom,2011-06-09 16:16:00,2011-06-09 16:16:00,182,1,161.38,176.0,0.0,0.0,3,1,1,5,Others
13686,United Kingdom,2010-11-03 13:44:00,2011-06-10 09:10:00,182,3,409.04,378.0,0.0,0.0,3,3,2,8,Others
16614,United Kingdom,2010-05-10 15:18:00,2011-06-10 11:36:00,182,3,1179.79,349.0,0.0,0.0,3,3,3,9,Others
16581,United Kingdom,2011-06-10 10:05:00,2011-06-10 10:05:00,182,1,70.44,134.0,12.0,0.0896,3,1,1,5,Others
15098,United Kingdom,2011-06-10 15:22:00,2011-06-10 15:33:00,181,3,649.5,121.0,61.0,0.5041,3,3,3,9,Others
14450,United Kingdom,2010-04-08 12:09:00,2011-06-12 10:46:00,180,7,1128.44,522.0,0.0,0.0,3,4,3,10,Loyal
18281,United Kingdom,2010-05-11 10:49:00,2011-06-12 10:53:00,180,2,201.14,146.0,0.0,0.0,3,2,1,6,Others
17795,United Kingdom,2011-03-20 12:02:00,2011-06-13 12:36:00,179,2,350.39,341.0,0.0,0.0,3,2,2,7,Others
14573,United Kingdom,2010-01-08 16:34:00,2011-06-13 11:15:00,179,13,2158.62,701.0,6.0,0.0086,3,5,4,12,Loyal
14823,United Kingdom,2011-05-29 12:48:00,2011-06-12 13:12:00,179,3,321.43,88.0,0.0,0.0,3,3,2,8,Others
13936,United Kingdom,2010-10-21 14:21:00,2011-06-13 08:47:00,179,3,924.36,661.0,6.0,0.0091,3,3,3,9,Others
12732,France,2011-06-13 11:33:00,2011-06-13 11:33:00,179,1,236.26,111.0,0.0,0.0,3,1,1,5,Others
13476,United Kingdom,2010-03-05 09:39:00,2011-06-14 12:00:00,178,5,1915.77,713.0,3.0,0.0042,3,4,4,11,Loyal
13663,United Kingdom,2010-03-03 10:11:00,2011-06-13 15:44:00,178,5,2013.61,893.0,2.0,0.0022,3,4,4,11,Loyal
13080,United Kingdom,2010-04-09 13:07:00,2011-06-13 14:59:00,178,4,260.83,193.0,2.0,0.0104,3,3,1,7,Others
17349,United Kingdom,2010-03-18 14:26:00,2011-06-13 14:29:00,178,5,852.25,840.0,0.0,0.0,3,4,3,10,Loyal
15069,United Kingdom,2011-06-13 14:16:00,2011-06-13 14:16:00,178,1,1109.53,520.0,0.0,0.0,3,1,3,7,Others
13343,United Kingdom,2011-06-15 12:24:00,2011-06-15 12:24:00,177,1,303.93,135.0,9.0,0.0667,3,1,2,6,Others
15574,United Kingdom,2010-09-01 14:37:00,2011-06-15 12:01:00,177,6,1101.05,773.0,100.0,0.1294,3,4,3,10,Loyal
16461,United Kingdom,2010-03-03 13:57:00,2011-06-15 12:07:00,177,3,1615.22,1039.0,0.0,0.0,3,3,4,10,Others
17179,United Kingdom,2010-05-26 11:22:00,2011-06-14 16:48:00,177,6,1507.26,625.0,0.0,0.0,3,4,4,11,Loyal
16644,United Kingdom,2011-05-11 12:53:00,2011-06-15 12:39:00,177,2,833.78,826.0,0.0,0.0,3,2,3,8,Others
17749,United Kingdom,2010-06-11 14:56:00,2011-06-14 15:45:00,177,3,1026.18,446.0,0.0,0.0,3,3,3,9,Others
15912,United Kingdom,2009-12-10 12:58:00,2011-06-14 14:29:00,177,9,1074.7,759.0,0.0,0.0,3,5,3,11,Loyal
12809,Portugal,2010-03-02 14:19:00,2011-06-15 10:51:00,177,3,1705.34,518.0,10.0,0.0193,3,3,4,10,Others
16276,United Kingdom,2010-04-11 12:02:00,2011-06-16 09:34:00,176,3,2629.39,1467.0,0.0,0.0,3,3,4,10,Others
17536,United Kingdom,2010-01-26 12:00:00,2011-06-15 13:23:00,176,3,364.83,201.0,0.0,0.0,3,3,2,8,Others
17446,United Kingdom,2011-02-02 14:40:00,2011-06-16 10:42:00,176,2,120.9,198.0,0.0,0.0,3,2,1,6,Others
15585,United Kingdom,2011-06-16 08:38:00,2011-06-16 08:38:00,176,1,455.3,320.0,0.0,0.0,3,1,2,6,Others
14222,United Kingdom,2011-06-15 16:42:00,2011-06-15 16:42:00,176,1,683.17,607.0,0.0,0.0,3,1,3,7,Others
16257,United Kingdom,2011-06-16 10:11:00,2011-06-16 10:11:00,176,1,46.95,2.0,0.0,0.0,3,1,1,5,Others
18165,United Kingdom,2011-06-15 13:23:00,2011-06-15 13:23:00,176,1,302.46,254.0,0.0,0.0,3,1,2,6,Others
16739,United Kingdom,2010-06-21 09:38:00,2011-06-16 09:17:00,176,2,772.23,391.0,4.0,0.0102,3,2,3,8,Others
18168,United Kingdom,2009-12-03 17:29:00,2011-06-16 19:21:00,175,16,3423.77,2044.0,27.0,0.0132,3,5,5,13,Loyal
15219,United Kingdom,2010-03-01 11:33:00,2011-06-16 16:57:00,175,2,685.45,271.0,0.0,0.0,3,2,3,8,Others
13826,United Kingdom,2011-06-16 13:48:00,2011-06-16 13:48:00,175,1,174.65,82.0,2.0,0.0244,3,1,1,5,Others
12908,United Kingdom,2010-03-19 15:59:00,2011-06-16 15:39:00,175,5,1272.0,3000.0,1200.0,0.4,3,4,4,11,Loyal
13951,United Kingdom,2011-02-18 15:21:00,2011-06-16 16:43:00,175,3,674.45,459.0,0.0,0.0,3,3,3,9,Others
14037,United Kingdom,2009-12-07 11:39:00,2011-06-16 13:57:00,175,6,755.95,590.0,27.0,0.0458,3,4,3,10,Loyal
17204,United Kingdom,2010-06-10 11:37:00,2011-06-17 14:46:00,174,9,5263.69,2651.0,60.0,0.0226,3,5,5,13,Loyal
14491,United Kingdom,2010-12-02 12:10:00,2011-06-17 15:22:00,174,2,340.93,139.0,0.0,0.0,3,2,2,7,Others
13005,United Kingdom,2010-09-08 12:52:00,2011-06-19 10:53:00,173,4,935.03,462.0,7.0,0.0152,3,3,3,9,Others
15909,United Kingdom,2011-06-19 10:38:00,2011-06-19 10:38:00,173,1,191.94,98.0,0.0,0.0,3,1,1,5,Others
16805,United Kingdom,2009-12-08 14:29:00,2011-06-19 11:23:00,173,5,1097.24,1122.0,0.0,0.0,3,4,3,10,Loyal
16484,United Kingdom,2011-06-02 10:39:00,2011-06-19 12:06:00,173,2,379.4,200.0,6.0,0.03,3,2,2,7,Others
13618,United Kingdom,2011-06-19 11:09:00,2011-06-19 11:09:00,173,1,177.34,246.0,0.0,0.0,3,1,1,5,Others
16050,United Kingdom,2010-11-03 15:55:00,2011-06-19 11:44:00,173,3,300.7,388.0,0.0,0.0,3,3,2,8,Others
17616,United Kingdom,2010-09-14 10:43:00,2011-06-19 10:11:00,173,4,734.4,288.0,0.0,0.0,3,3,3,9,Others
14162,United Kingdom,2011-02-20 12:32:00,2011-06-19 11:36:00,173,2,289.36,142.0,0.0,0.0,3,2,2,7,Others
17879,United Kingdom,2011-06-19 12:36:00,2011-06-19 12:36:00,173,1,178.52,45.0,0.0,0.0,3,1,1,5,Others
13568,United Kingdom,2011-06-19 14:42:00,2011-06-19 14:42:00,172,1,192.85,70.0,0.0,0.0,3,1,1,5,Others
17897,United Kingdom,2010-05-12 16:03:00,2011-06-20 11:23:00,172,9,2124.88,887.0,6.0,0.0068,3,5,4,12,Loyal
15076,United Kingdom,2010-07-05 14:11:00,2011-06-20 08:23:00,172,3,1425.84,866.0,2.0,0.0023,3,3,4,10,Others
18062,United Kingdom,2010-04-21 08:55:00,2011-06-19 14:47:00,172,6,1523.37,831.0,14.0,0.0168,3,4,4,11,Loyal
15921,United Kingdom,2010-03-09 11:03:00,2011-06-20 11:03:00,172,4,802.11,342.0,0.0,0.0,3,3,3,9,Others
18260,United Kingdom,2009-12-15 13:50:00,2011-06-20 12:37:00,172,23,9751.95,5247.0,36.0,0.0069,3,5,5,13,Loyal
15535,United Kingdom,2010-09-16 20:04:00,2011-06-19 16:02:00,172,6,998.57,323.0,15.0,0.0464,3,4,3,10,Loyal
15016,United Kingdom,2010-06-14 13:06:00,2011-06-20 12:06:00,172,5,622.3,247.0,3.0,0.0121,3,4,3,10,Loyal
12837,United Kingdom,2010-05-19 15:10:00,2011-06-19 16:07:00,172,2,688.41,209.0,0.0,0.0,3,2,3,8,Others
15280,United Kingdom,2010-05-17 14:17:00,2011-06-20 17:14:00,171,3,406.22,513.0,0.0,0.0,3,3,2,8,Others
16526,United Kingdom,2010-05-04 16:34:00,2011-06-21 12:02:00,171,2,717.21,279.0,0.0,0.0,3,2,3,8,Others
15507,United Kingdom,2011-06-21 11:19:00,2011-06-21 11:19:00,171,1,492.36,162.0,0.0,0.0,3,1,2,6,Others
15825,United Kingdom,2011-06-20 13:27:00,2011-06-20 13:27:00,171,1,532.94,220.0,0.0,0.0,3,1,2,6,Others
15389,United Kingdom,2010-01-27 12:44:00,2011-06-20 16:18:00,171,5,2733.8,3940.0,0.0,0.0,3,4,4,11,Loyal
15700,United Kingdom,2011-06-19 15:36:00,2011-06-20 16:53:00,171,2,664.03,357.0,29.0,0.0812,3,2,3,8,Others
16320,Unspecified,2010-01-27 13:29:00,2011-06-20 15:25:00,171,6,4428.85,3319.0,13.0,0.0039,3,4,5,12,Loyal
17960,United Kingdom,2010-03-08 12:22:00,2011-06-21 14:15:00,170,3,135.08,60.0,0.0,0.0,3,3,1,7,Others
15412,United Kingdom,2011-06-21 15:24:00,2011-06-21 15:24:00,170,1,190.53,108.0,0.0,0.0,3,1,1,5,Others
16214,United Kingdom,2010-09-30 13:57:00,2011-06-22 11:30:00,170,4,2038.25,1308.0,0.0,0.0,3,3,4,10,Others
16114,United Kingdom,2011-06-22 10:13:00,2011-06-22 10:13:00,170,1,135.75,43.0,0.0,0.0,3,1,1,5,Others
15130,United Kingdom,2011-06-23 10:15:00,2011-06-23 10:15:00,169,1,330.11,197.0,0.0,0.0,3,1,2,6,Others
17877,United Kingdom,2011-06-22 13:00:00,2011-06-22 13:00:00,169,1,237.61,98.0,0.0,0.0,3,1,1,5,Others
17709,United Kingdom,2010-04-15 14:48:00,2011-06-23 11:55:00,169,5,671.01,295.0,0.0,0.0,3,4,3,10,Loyal
17630,United Kingdom,2011-04-21 14:03:00,2011-06-23 11:58:00,169,2,503.6,158.0,0.0,0.0,3,2,2,7,Others
14998,United Kingdom,2010-04-13 16:07:00,2011-06-22 17:30:00,169,4,770.73,367.0,0.0,0.0,3,3,3,9,Others
15041,United Kingdom,2010-09-21 13:16:00,2011-06-22 16:16:00,169,2,294.02,197.0,0.0,0.0,3,2,2,7,Others
16287,United Kingdom,2010-01-19 09:46:00,2011-06-23 09:08:00,169,5,1006.98,1426.0,0.0,0.0,3,4,3,10,Loyal
15384,United Kingdom,2010-04-26 12:38:00,2011-06-23 10:57:00,169,4,2021.14,1767.0,3.0,0.0017,3,3,4,10,Others
16647,United Kingdom,2010-06-13 15:52:00,2011-06-23 11:47:00,169,4,541.9,396.0,0.0,0.0,3,3,2,8,Others
14643,United Kingdom,2009-12-11 11:52:00,2011-06-22 14:41:00,169,5,1654.69,1377.0,60.0,0.0436,3,4,4,11,Loyal
16247,United Kingdom,2011-06-22 14:23:00,2011-06-22 14:23:00,169,1,114.56,182.0,0.0,0.0,3,1,1,5,Others
13937,United Kingdom,2010-11-02 12:37:00,2011-06-23 16:35:00,168,2,867.38,587.0,1.0,0.0017,3,2,3,8,Others
14584,United Kingdom,2010-02-17 14:01:00,2011-06-23 18:33:00,168,8,1734.91,963.0,4.0,0.0042,3,4,4,11,Loyal
13856,United Kingdom,2010-03-30 15:40:00,2011-06-24 10:03:00,168,11,1058.88,1105.0,19.0,0.0172,3,5,3,11,Loyal
13929,United Kingdom,2010-01-14 07:25:00,2011-06-23 15:26:00,168,11,3318.1,1566.0,16.0,0.0102,3,5,5,13,Loyal
14656,United Kingdom,2010-04-15 12:10:00,2011-06-23 13:51:00,168,5,814.65,318.0,0.0,0.0,3,4,3,10,Loyal
17704,United Kingdom,2011-04-14 09:28:00,2011-06-24 09:40:00,168,2,885.19,343.0,0.0,0.0,3,2,3,8,Others
15379,United Kingdom,2010-11-04 11:59:00,2011-06-23 13:13:00,168,8,4806.44,3000.0,12.0,0.004,3,4,5,12,Loyal
13300,United Kingdom,2010-05-14 15:56:00,2011-06-23 13:09:00,168,3,1267.21,455.0,8.0,0.0176,3,3,4,10,Others
15258,United Kingdom,2011-05-06 14:16:00,2011-06-24 12:30:00,168,2,623.16,142.0,0.0,0.0,3,2,3,8,Others
15665,United Kingdom,2010-03-14 15:07:00,2011-06-24 14:57:00,167,5,4015.12,2794.0,0.0,0.0,3,4,5,12,Loyal
17969,United Kingdom,2009-12-06 13:53:00,2011-06-26 13:00:00,165,20,2251.19,1017.0,31.0,0.0305,3,5,4,12,Loyal
12548,Spain,2011-06-26 15:35:00,2011-06-26 15:35:00,165,1,95.2,49.0,0.0,0.0,3,1,1,5,Others
17980,United Kingdom,2010-11-11 14:42:00,2011-06-27 12:01:00,165,4,1033.42,782.0,0.0,0.0,3,3,3,9,Others
14795,United Kingdom,2011-06-26 13:04:00,2011-06-26 13:04:00,165,1,131.45,17.0,0.0,0.0,3,1,1,5,Others
12493,France,2011-05-26 14:53:00,2011-06-27 10:17:00,165,2,416.79,207.0,1.0,0.0048,3,2,2,7,Others
15644,United Kingdom,2011-03-23 15:37:00,2011-06-26 14:54:00,165,4,813.0,557.0,0.0,0.0,3,3,3,9,Others
13453,United Kingdom,2010-11-02 13:23:00,2011-06-27 09:34:00,165,3,758.99,341.0,2.0,0.0059,3,3,3,9,Others
15146,United Kingdom,2011-02-21 13:07:00,2011-06-28 12:09:00,164,2,1313.66,1473.0,14.0,0.0095,3,2,4,9,Others
17110,United Kingdom,2010-04-08 13:32:00,2011-06-27 12:58:00,164,3,510.7,142.0,0.0,0.0,3,3,2,8,Others
13656,United Kingdom,2010-04-23 12:50:00,2011-06-28 10:31:00,164,4,1053.35,862.0,3.0,0.0035,3,3,3,9,Others
14481,United Kingdom,2010-01-31 12:43:00,2011-06-28 10:38:00,164,5,1935.32,1584.0,1.0,0.0006,3,4,4,11,Loyal
15976,United Kingdom,2010-06-06 14:01:00,2011-06-27 13:00:00,164,6,1746.64,1078.0,0.0,0.0,3,4,4,11,Loyal
16473,United Kingdom,2010-11-30 16:29:00,2011-06-28 09:10:00,164,4,469.58,296.0,1.0,0.0034,3,3,2,8,Others
16545,United Kingdom,2010-11-29 10:39:00,2011-06-28 10:37:00,164,2,689.82,322.0,0.0,0.0,3,2,3,8,Others
14351,United Kingdom,2011-06-28 11:56:00,2011-06-28 11:56:00,164,1,51.0,12.0,0.0,0.0,3,1,1,5,Others
18193,United Kingdom,2010-09-23 13:33:00,2011-06-27 13:58:00,164,3,1176.55,926.0,4.0,0.0043,3,3,3,9,Others
17391,United Kingdom,2011-06-28 12:21:00,2011-06-29 09:58:00,163,2,508.8,480.0,0.0,0.0,3,2,2,7,Others
15537,United Kingdom,2011-06-29 13:10:00,2011-06-29 13:10:00,162,1,110.92,29.0,0.0,0.0,3,1,1,5,Others
16801,United Kingdom,2011-03-11 13:56:00,2011-06-29 15:33:00,162,4,867.83,499.0,186.0,0.3727,3,3,3,9,Others
14267,United Kingdom,2011-03-24 11:38:00,2011-06-30 10:09:00,162,3,1259.19,530.0,71.0,0.134,3,3,4,10,Others
12424,Australia,2010-06-09 15:15:00,2011-06-30 12:06:00,162,4,3289.78,2025.0,10.0,0.0049,3,3,5,11,Others
14327,United Kingdom,2010-01-08 14:04:00,2011-06-29 13:58:00,162,6,1894.93,1296.0,0.0,0.0,3,4,4,11,Loyal
16553,United Kingdom,2010-02-11 18:46:00,2011-06-29 15:42:00,162,33,16560.12,16475.0,24.0,0.0015,3,5,5,13,Loyal
17408,United Kingdom,2010-07-13 14:02:00,2011-06-29 12:53:00,162,3,164.89,163.0,72.0,0.4417,3,3,1,7,Others
17505,United Kingdom,2010-04-13 16:33:00,2011-07-01 12:50:00,161,5,2435.48,1242.0,0.0,0.0,3,4,4,11,Loyal
14803,United Kingdom,2011-02-20 13:21:00,2011-06-30 13:58:00,161,3,845.55,370.0,0.0,0.0,3,3,3,9,Others
13745,United Kingdom,2010-06-11 17:19:00,2011-06-30 16:43:00,161,2,761.27,1146.0,25.0,0.0218,3,2,3,8,Others
17891,United Kingdom,2011-06-30 20:08:00,2011-06-30 20:08:00,161,1,203.86,393.0,0.0,0.0,3,1,1,5,Others
15578,United Kingdom,2011-06-30 13:03:00,2011-06-30 13:03:00,161,1,127.1,52.0,0.0,0.0,3,1,1,5,Others
17123,United Kingdom,2010-05-16 11:52:00,2011-07-01 10:47:00,161,3,977.17,676.0,0.0,0.0,3,3,3,9,Others
14016,EIRE,2010-01-08 14:12:00,2011-07-01 11:29:00,161,11,11379.71,5722.0,2.0,0.0003,3,5,5,13,Loyal
14338,United Kingdom,2010-06-21 10:32:00,2011-07-01 14:08:00,160,3,894.1,622.0,6.0,0.0096,3,3,3,9,Others
15483,United Kingdom,2010-01-24 15:42:00,2011-07-01 13:07:00,160,10,862.2,944.0,0.0,0.0,3,5,3,11,Loyal
12922,United Kingdom,2011-07-01 15:35:00,2011-07-01 15:35:00,160,1,405.38,370.0,0.0,0.0,3,1,2,6,Others
16498,United Kingdom,2011-06-30 19:52:00,2011-07-01 15:07:00,160,2,86.12,45.0,3.0,0.0667,3,2,1,6,Others
17939,United Kingdom,2011-07-03 12:27:00,2011-07-03 12:27:00,159,1,99.14,40.0,0.0,0.0,3,1,1,5,Others
17765,United Kingdom,2010-09-17 12:45:00,2011-07-04 12:41:00,158,4,530.8,197.0,0.0,0.0,3,3,2,8,Others
17781,United Kingdom,2011-03-31 19:54:00,2011-07-03 16:00:00,158,2,188.02,34.0,0.0,0.0,3,2,1,6,Others
17105,United Kingdom,2011-02-06 14:46:00,2011-07-03 15:53:00,158,2,665.78,693.0,0.0,0.0,3,2,3,8,Others
15007,United Kingdom,2011-07-03 16:00:00,2011-07-03 16:00:00,158,1,156.91,69.0,0.0,0.0,3,1,1,5,Others
13833,United Kingdom,2010-10-31 14:11:00,2011-07-03 13:27:00,158,2,701.36,244.0,0.0,0.0,3,2,3,8,Others
17899,United Kingdom,2011-07-03 14:58:00,2011-07-03 14:58:00,158,1,155.8,171.0,0.0,0.0,3,1,1,5,Others
16344,United Kingdom,2010-02-09 12:16:00,2011-07-04 15:50:00,157,4,842.42,706.0,0.0,0.0,3,3,3,9,Others
14905,United Kingdom,2009-12-03 14:36:00,2011-07-05 12:41:00,157,8,1939.69,1009.0,22.0,0.0218,3,4,4,11,Loyal
13338,United Kingdom,2010-01-05 12:25:00,2011-07-05 09:06:00,157,4,2223.62,1151.0,25.0,0.0217,3,3,4,10,Others
17464,United Kingdom,2010-03-30 13:15:00,2011-07-04 13:19:00,157,3,879.74,652.0,72.0,0.1104,3,3,3,9,Others
15349,United Kingdom,2011-06-05 15:46:00,2011-07-04 16:06:00,157,2,473.81,327.0,0.0,0.0,3,2,2,7,Others
15646,United Kingdom,2010-10-25 13:06:00,2011-07-05 09:53:00,157,5,762.31,821.0,6.0,0.0073,3,4,3,10,Loyal
13085,United Kingdom,2009-12-01 07:45:00,2011-07-05 12:11:00,157,8,1459.46,944.0,109.0,0.1155,3,4,4,11,Loyal
12980,United Kingdom,2009-12-02 11:26:00,2011-07-05 09:34:00,157,21,15909.39,1910.0,27.0,0.0141,3,5,5,13,Loyal
14645,United Kingdom,2010-03-15 11:33:00,2011-07-06 09:15:00,156,3,840.24,587.0,13.0,0.0221,3,3,3,9,Others
15889,United Kingdom,2009-12-10 12:21:00,2011-07-06 11:10:00,156,8,1497.91,840.0,7.0,0.0083,3,4,4,11,Loyal
18203,United Kingdom,2009-12-08 13:19:00,2011-07-05 13:07:00,156,4,504.42,113.0,0.0,0.0,3,3,2,8,Others
16829,United Kingdom,2010-11-16 18:11:00,2011-07-06 10:48:00,156,2,513.32,215.0,0.0,0.0,3,2,2,7,Others
13253,United Kingdom,2010-01-05 12:13:00,2011-07-06 10:09:00,156,4,2951.11,3015.0,0.0,0.0,3,3,5,11,Others
14352,United Kingdom,2011-03-11 14:58:00,2011-07-05 15:41:00,156,4,1078.96,538.0,0.0,0.0,3,3,3,9,Others
16338,United Kingdom,2011-07-05 13:56:00,2011-07-05 13:56:00,156,1,214.8,94.0,0.0,0.0,3,1,1,5,Others
17341,United Kingdom,2010-06-17 18:17:00,2011-07-06 12:33:00,156,5,1376.23,878.0,0.0,0.0,3,4,4,11,Loyal
18142,United Kingdom,2011-05-08 12:31:00,2011-07-05 13:19:00,156,2,1014.9,1276.0,3.0,0.0024,3,2,3,8,Others
17046,United Kingdom,2010-03-29 13:46:00,2011-07-05 14:24:00,156,5,1906.07,1636.0,0.0,0.0,3,4,4,11,Loyal
17440,United Kingdom,2010-06-08 14:40:00,2011-07-06 11:54:00,156,4,314.26,282.0,14.0,0.0496,3,3,2,8,Others
15334,United Kingdom,2011-06-19 13:51:00,2011-07-06 11:22:00,156,3,351.67,274.0,0.0,0.0,3,3,2,8,Others
16146,United Kingdom,2010-09-17 10:46:00,2011-07-05 14:20:00,156,4,946.38,544.0,0.0,0.0,3,3,3,9,Others
16919,United Kingdom,2010-08-19 15:28:00,2011-07-06 13:35:00,155,24,4855.46,2352.0,16.0,0.0068,3,5,5,13,Loyal
15512,United Kingdom,2010-02-01 13:23:00,2011-07-07 10:20:00,155,4,331.58,235.0,0.0,0.0,3,3,2,8,Others
13583,United Kingdom,2010-01-29 13:53:00,2011-07-07 10:40:00,155,2,1445.031,1097.0,0.0,0.0,3,2,4,9,Others
12977,United Kingdom,2010-07-16 16:25:00,2011-07-06 16:40:00,155,4,517.63,131.0,0.0,0.0,3,3,2,8,Others
13291,United Kingdom,2010-02-11 18:36:00,2011-07-07 10:36:00,155,11,3320.84,1619.0,0.0,0.0,3,5,5,13,Loyal
12450,Spain,2010-08-22 13:11:00,2011-07-06 14:41:00,155,5,666.95,442.0,7.0,0.0158,3,4,3,10,Loyal
13302,United Kingdom,2010-07-01 12:32:00,2011-07-07 17:56:00,154,2,159.2,12.0,0.0,0.0,3,2,1,6,Others
14264,United Kingdom,2010-04-07 13:21:00,2011-07-08 10:20:00,154,6,1475.86,553.0,8.0,0.0145,3,4,4,11,Loyal
16091,United Kingdom,2011-05-25 09:18:00,2011-07-08 08:45:00,154,2,315.06,154.0,0.0,0.0,3,2,2,7,Others
14104,United Kingdom,2010-05-28 16:11:00,2011-07-08 12:50:00,154,5,771.58,509.0,0.0,0.0,3,4,3,10,Loyal
13699,United Kingdom,2010-06-07 13:03:00,2011-07-07 16:51:00,154,2,711.4,219.0,5.0,0.0228,3,2,3,8,Others
14021,United Kingdom,2010-04-26 11:22:00,2011-07-07 15:46:00,154,7,1716.58,878.0,0.0,0.0,3,4,4,11,Loyal
12648,Germany,2010-01-07 18:38:00,2011-07-08 11:55:00,154,4,1097.0,518.0,4.0,0.0077,3,3,3,9,Others
18013,United Kingdom,2011-07-07 14:08:00,2011-07-07 14:11:00,154,2,187.29,285.0,0.0,0.0,3,2,1,6,Others
14459,United Kingdom,2010-02-26 13:26:00,2011-07-07 13:35:00,154,2,5339.141,2303.0,1.0,0.0004,3,2,5,10,Others
15182,United Kingdom,2010-02-21 12:03:00,2011-07-08 13:37:00,153,11,2942.752,1186.0,12.0,0.0101,3,5,5,13,Loyal
16398,United Kingdom,2011-03-31 09:38:00,2011-07-08 15:16:00,153,2,1631.15,758.0,13.0,0.0172,3,2,4,9,Others
15920,United Kingdom,2009-12-14 13:09:00,2011-07-08 15:31:00,153,9,571.64,240.0,0.0,0.0,3,5,2,10,Others
13955,United Kingdom,2010-11-29 17:35:00,2011-07-08 17:19:00,153,3,545.17,274.0,0.0,0.0,3,3,2,8,Others
18037,United Kingdom,2009-12-01 13:48:00,2011-07-08 13:39:00,153,15,167.42,37.0,0.0,0.0,3,5,1,9,Others
17787,United Kingdom,2010-12-03 13:43:00,2011-07-10 11:24:00,152,4,1865.19,910.0,0.0,0.0,3,3,4,10,Others
18024,United Kingdom,2011-07-10 12:28:00,2011-07-10 12:40:00,152,2,236.78,184.0,36.0,0.1957,3,2,1,6,Others
14552,United Kingdom,2010-04-26 13:44:00,2011-07-11 12:49:00,151,3,511.28,261.0,0.0,0.0,3,3,2,8,Others
13754,United Kingdom,2010-09-28 15:29:00,2011-07-11 11:51:00,151,3,447.05,315.0,0.0,0.0,3,3,2,8,Others
15045,United Kingdom,2011-03-27 11:44:00,2011-07-11 11:33:00,151,2,633.66,114.0,8.0,0.0702,3,2,3,8,Others
13678,United Kingdom,2011-07-11 10:14:00,2011-07-11 10:14:00,151,1,232.6,924.0,0.0,0.0,3,1,1,5,Others
17126,United Kingdom,2010-08-31 13:41:00,2011-07-10 13:52:00,151,9,2057.54,1468.0,2.0,0.0014,3,5,4,12,Loyal
12669,France,2011-03-28 10:15:00,2011-07-12 09:54:00,150,3,1607.73,1115.0,1.0,0.0009,3,3,4,10,Others
12717,Greece,2010-04-28 14:34:00,2011-07-11 14:47:00,150,3,1258.91,600.0,1.0,0.0017,3,3,4,10,Others
15577,United Kingdom,2009-12-13 16:17:00,2011-07-11 17:03:00,150,5,397.98,121.0,0.0,0.0,3,4,2,9,Others
15265,United Kingdom,2009-12-01 17:08:00,2011-07-11 14:46:00,150,4,3345.64,1570.0,0.0,0.0,3,3,5,11,Others
13675,United Kingdom,2011-02-28 12:14:00,2011-07-11 12:57:00,150,2,486.82,330.0,0.0,0.0,3,2,2,7,Others
17337,United Kingdom,2011-02-02 17:06:00,2011-07-11 14:55:00,150,4,1944.32,1269.0,29.0,0.0229,3,3,4,10,Others
14548,United Kingdom,2009-12-06 14:00:00,2011-07-12 12:19:00,150,9,2627.49,1021.0,0.0,0.0,3,5,4,12,Loyal
13420,United Kingdom,2011-06-22 11:35:00,2011-07-13 08:48:00,149,2,140.35,101.0,13.0,0.1287,3,2,1,6,Others
16998,United Kingdom,2010-09-21 14:39:00,2011-07-13 09:44:00,149,5,394.02,104.0,3.0,0.0288,3,4,2,9,Others
15895,United Kingdom,2011-07-13 10:27:00,2011-07-13 10:27:00,149,1,179.17,94.0,0.0,0.0,3,1,1,5,Others
15795,United Kingdom,2010-01-18 11:31:00,2011-07-13 10:43:00,149,8,1979.87,1411.0,0.0,0.0,3,4,4,11,Loyal
16450,United Kingdom,2010-02-21 15:46:00,2011-07-13 11:47:00,149,3,1475.73,681.0,24.0,0.0352,3,3,4,10,Others
14400,United Kingdom,2010-03-18 12:11:00,2011-07-13 15:50:00,148,3,1703.0,1706.0,13.0,0.0076,3,3,4,10,Others
15256,United Kingdom,2010-05-27 11:41:00,2011-07-14 11:47:00,148,2,170.4,92.0,0.0,0.0,3,2,1,6,Others
13667,United Kingdom,2011-07-13 15:42:00,2011-07-13 15:42:00,148,1,305.02,154.0,0.0,0.0,3,1,2,6,Others
14847,United Kingdom,2010-05-24 12:29:00,2011-07-14 10:52:00,148,3,1320.6,533.0,4.0,0.0075,3,3,4,10,Others
18121,United Kingdom,2011-07-08 12:14:00,2011-07-13 12:53:00,148,2,673.1,450.0,0.0,0.0,3,2,3,8,Others
12653,Israel,2010-07-01 09:56:00,2011-07-14 10:41:00,148,3,4160.83,1681.0,0.0,0.0,3,3,5,11,Others
12915,United Kingdom,2010-04-29 19:36:00,2011-07-14 11:34:00,148,4,885.2,411.0,18.0,0.0438,3,3,3,9,Others
15402,United Kingdom,2010-04-27 12:12:00,2011-07-14 12:17:00,148,6,1816.64,2034.0,2.0,0.001,3,4,4,11,Loyal
12405,Finland,2011-07-14 08:52:00,2011-07-14 08:52:00,148,1,1710.39,857.0,0.0,0.0,3,1,4,8,Others
17259,United Kingdom,2010-02-22 13:38:00,2011-07-14 15:01:00,147,6,1507.7,883.0,0.0,0.0,3,4,4,11,Loyal
14891,United Kingdom,2010-09-29 12:41:00,2011-07-14 18:08:00,147,4,1106.73,788.0,0.0,0.0,3,3,3,9,Others
12815,Poland,2011-05-25 13:34:00,2011-07-15 10:21:00,147,2,1063.46,379.0,0.0,0.0,3,2,3,8,Others
14461,United Kingdom,2010-01-18 12:48:00,2011-07-14 17:11:00,147,13,6697.6,3027.0,2.0,0.0007,3,5,5,13,Loyal
17444,Canada,2011-06-20 09:04:00,2011-07-15 12:05:00,147,3,2940.04,2119.0,0.0,0.0,3,3,5,11,Others
14722,United Kingdom,2010-08-10 13:28:00,2011-07-15 14:58:00,146,3,513.37,222.0,0.0,0.0,3,3,2,8,Others
17948,United Kingdom,2011-07-15 12:58:00,2011-07-15 12:58:00,146,1,358.56,144.0,0.0,0.0,3,1,2,6,Others
15004,United Kingdom,2011-07-15 14:05:00,2011-07-15 14:05:00,146,1,1246.32,630.0,0.0,0.0,3,1,4,8,Others
14958,United Kingdom,2009-12-03 16:02:00,2011-07-15 14:20:00,146,6,957.94,249.0,0.0,0.0,3,4,3,10,Loyal
13967,United Kingdom,2010-11-08 13:24:00,2011-07-17 12:02:00,145,2,166.3,66.0,0.0,0.0,3,2,1,6,Others
15716,United Kingdom,2009-12-07 12:42:00,2011-07-17 11:59:00,145,11,2509.71,1386.0,0.0,0.0,3,5,4,12,Loyal
12833,United Kingdom,2011-07-17 13:46:00,2011-07-17 13:46:00,144,1,417.38,156.0,0.0,0.0,3,1,2,6,Others
17984,United Kingdom,2009-12-01 11:51:00,2011-07-17 15:59:00,144,5,1191.27,973.0,0.0,0.0,3,4,4,11,Loyal
16859,United Kingdom,2010-03-04 12:37:00,2011-07-18 12:19:00,144,7,1657.74,1899.0,171.0,0.09,3,4,4,11,Loyal
13821,United Kingdom,2010-01-04 13:36:00,2011-07-18 09:49:00,144,6,1387.03,483.0,6.0,0.0124,3,4,4,11,Loyal
14758,United Kingdom,2010-04-08 08:27:00,2011-07-18 08:21:00,144,7,2864.97,840.0,0.0,0.0,3,4,5,12,Loyal
16054,United Kingdom,2010-04-01 18:37:00,2011-07-17 13:08:00,144,4,2090.68,791.0,12.0,0.0152,3,3,4,10,Others
14117,United Kingdom,2011-07-19 09:49:00,2011-07-19 09:49:00,143,1,90.0,72.0,0.0,0.0,3,1,1,5,Others
13564,United Kingdom,2009-12-02 11:55:00,2011-07-18 14:33:00,143,37,15246.72,8995.0,104.0,0.0116,3,5,5,13,Loyal
12947,United Kingdom,2010-12-01 16:21:00,2011-07-19 10:06:00,143,6,1407.29,1165.0,8.0,0.0069,3,4,4,11,Loyal
12840,United Kingdom,2010-02-03 14:51:00,2011-07-19 09:29:00,143,7,4013.87,2258.0,14.0,0.0062,3,4,5,12,Loyal
16807,United Kingdom,2010-03-26 14:38:00,2011-07-20 12:00:00,142,6,2064.88,1433.0,20.0,0.014,3,4,4,11,Loyal
15802,United Kingdom,2011-07-20 11:38:00,2011-07-20 11:38:00,142,1,-451.42,1.0,2.0,2.0,3,1,1,5,Others
17866,United Kingdom,2009-12-14 16:01:00,2011-07-20 11:07:00,142,3,1131.0,535.0,1.0,0.0019,3,3,3,9,Others
15713,United Kingdom,2009-12-16 09:41:00,2011-07-19 13:34:00,142,4,814.84,451.0,4.0,0.0089,3,3,3,9,Others
12521,Germany,2011-07-20 10:51:00,2011-07-20 10:51:00,142,1,599.68,309.0,0.0,0.0,3,1,3,7,Others
12510,Spain,2009-12-04 13:47:00,2011-07-20 10:15:00,142,9,3689.33,2049.0,31.0,0.0151,3,5,5,13,Loyal
12875,United Kingdom,2010-01-11 12:37:00,2011-07-19 15:30:00,142,5,1356.99,5187.0,0.0,0.0,3,4,4,11,Loyal
16112,United Kingdom,2011-01-05 11:47:00,2011-07-19 14:28:00,142,4,195.74,574.0,0.0,0.0,3,3,1,7,Others
15108,European Community,2011-04-26 10:54:00,2011-07-21 10:24:00,141,4,1291.75,499.0,2.0,0.004,3,3,4,10,Others
17962,United Kingdom,2010-01-13 15:24:00,2011-07-20 14:16:00,141,4,673.02,651.0,2.0,0.0031,3,3,3,9,Others
17694,United Kingdom,2010-05-26 08:27:00,2011-07-21 12:00:00,141,3,1695.97,1493.0,0.0,0.0,3,3,4,10,Others
14259,United Kingdom,2011-07-21 10:44:00,2011-07-21 10:44:00,141,1,120.0,68.0,0.0,0.0,3,1,1,5,Others
15623,United Kingdom,2009-12-10 14:46:00,2011-07-21 17:26:00,140,8,2437.05,1087.0,0.0,0.0,3,4,4,11,Loyal
16654,United Kingdom,2010-04-06 13:29:00,2011-07-21 15:23:00,140,8,1477.77,640.0,2.0,0.0031,3,4,4,11,Loyal
16866,United Kingdom,2011-07-01 12:34:00,2011-07-22 10:06:00,140,3,207.74,60.0,0.0,0.0,3,3,1,7,Others
18146,United Kingdom,2011-05-03 16:35:00,2011-07-22 12:08:00,140,2,160.35,153.0,0.0,0.0,3,2,1,6,Others
17660,United Kingdom,2009-12-02 16:02:00,2011-07-21 13:37:00,140,2,359.47,268.0,0.0,0.0,3,2,2,7,Others
15704,United Kingdom,2010-05-05 14:51:00,2011-07-22 13:35:00,139,6,3744.18,1723.0,25.0,0.0145,3,4,5,12,Loyal
18262,United Kingdom,2010-04-16 09:05:00,2011-07-22 16:04:00,139,3,577.54,552.0,0.0,0.0,3,3,2,8,Others
16305,United Kingdom,2011-07-24 12:18:00,2011-07-24 12:18:00,138,1,361.22,256.0,0.0,0.0,3,1,2,6,Others
16948,United Kingdom,2010-02-21 13:48:00,2011-07-24 12:46:00,138,7,868.77,2091.0,0.0,0.0,3,4,3,10,Loyal
13802,United Kingdom,2010-02-16 10:11:00,2011-07-24 10:54:00,138,19,25491.56,14129.0,299.0,0.0212,3,5,5,13,Loyal
17265,United Kingdom,2011-06-12 12:00:00,2011-07-24 10:49:00,138,2,562.9,394.0,0.0,0.0,3,2,2,7,Others
12916,United Kingdom,2010-01-24 11:26:00,2011-07-24 10:35:00,138,7,4630.22,1774.0,8.0,0.0045,3,4,5,12,Loyal
17312,United Kingdom,2011-07-03 13:12:00,2011-07-24 11:52:00,138,3,644.3,372.0,0.0,0.0,3,3,3,9,Others
14100,United Kingdom,2011-07-25 11:01:00,2011-07-25 11:01:00,137,1,194.9,64.0,0.0,0.0,3,1,1,5,Others
17040,United Kingdom,2010-06-07 15:08:00,2011-07-25 10:19:00,137,2,463.25,189.0,0.0,0.0,3,2,2,7,Others
17649,United Kingdom,2010-08-24 13:01:00,2011-07-24 15:53:00,137,3,1542.44,723.0,7.0,0.0097,3,3,4,10,Others
17935,United Kingdom,2009-12-04 14:33:00,2011-07-24 13:18:00,137,7,655.54,244.0,12.0,0.0492,3,4,3,10,Loyal
12763,Japan,2010-12-05 15:46:00,2011-07-24 14:12:00,137,2,494.08,316.0,0.0,0.0,3,2,2,7,Others
13037,United Kingdom,2009-12-03 17:04:00,2011-07-24 15:46:00,137,12,3842.55,2130.0,25.0,0.0117,3,5,5,13,Loyal
16178,United Kingdom,2010-11-03 14:46:00,2011-07-24 16:05:00,137,2,612.6,304.0,0.0,0.0,3,2,3,8,Others
13116,United Kingdom,2011-07-24 14:33:00,2011-07-24 14:33:00,137,1,485.19,291.0,1.0,0.0034,3,1,2,6,Others
12864,United Kingdom,2010-07-19 17:22:00,2011-07-24 13:03:00,137,2,299.57,447.0,0.0,0.0,3,2,2,7,Others
17693,United Kingdom,2011-07-25 15:48:00,2011-07-25 15:48:00,136,1,187.02,231.0,2.0,0.0087,3,1,1,5,Others
13296,United Kingdom,2010-05-11 14:29:00,2011-07-25 13:46:00,136,6,792.51,653.0,0.0,0.0,3,4,3,10,Loyal
15372,United Kingdom,2010-02-14 11:24:00,2011-07-25 16:39:00,136,8,5954.42,6410.0,74.0,0.0115,3,4,5,12,Loyal
14692,United Kingdom,2010-04-01 14:04:00,2011-07-25 15:08:00,136,12,1735.59,905.0,10.0,0.011,3,5,4,12,Loyal
15855,United Kingdom,2010-08-20 17:15:00,2011-07-26 10:20:00,136,6,1052.72,712.0,0.0,0.0,3,4,3,10,Loyal
13730,United Kingdom,2011-07-01 12:47:00,2011-07-27 08:35:00,135,2,752.6,488.0,0.0,0.0,3,2,3,8,Others
13194,United Kingdom,2010-10-14 11:54:00,2011-07-27 09:01:00,135,2,472.78,326.0,0.0,0.0,3,2,2,7,Others
16447,United Kingdom,2010-02-17 14:09:00,2011-07-27 12:45:00,135,3,775.14,323.0,0.0,0.0,3,3,3,9,Others
13492,Switzerland,2011-05-09 10:06:00,2011-07-26 14:25:00,135,3,1269.84,408.0,0.0,0.0,3,3,4,10,Others
16951,United Kingdom,2011-02-08 14:58:00,2011-07-28 12:05:00,134,3,1262.75,1318.0,12.0,0.0091,3,3,4,10,Others
12853,United Kingdom,2010-02-05 11:57:00,2011-07-28 11:29:00,134,11,3728.5,1668.0,29.0,0.0174,3,5,5,13,Loyal
15261,United Kingdom,2010-10-01 11:59:00,2011-07-27 15:20:00,134,4,1508.0,806.0,0.0,0.0,3,3,4,10,Others
18151,United Kingdom,2010-03-04 10:47:00,2011-07-28 11:35:00,134,6,1853.94,986.0,6.0,0.0061,3,4,4,11,Loyal
16696,United Kingdom,2011-04-05 15:20:00,2011-07-27 14:23:00,134,4,657.9,146.0,0.0,0.0,3,3,3,9,Others
15746,United Kingdom,2011-07-28 15:21:00,2011-07-28 15:21:00,133,1,182.96,178.0,48.0,0.2697,3,1,1,5,Others
14143,United Kingdom,2011-07-29 09:48:00,2011-07-29 09:48:00,133,1,115.8,30.0,0.0,0.0,3,1,1,5,Others
15639,United Kingdom,2010-04-13 13:11:00,2011-07-28 14:30:00,133,3,1028.33,849.0,17.0,0.02,3,3,3,9,Others
13414,United Kingdom,2010-04-15 17:00:00,2011-07-29 11:45:00,133,6,2482.24,2702.0,2.0,0.0007,3,4,4,11,Loyal
15149,United Kingdom,2010-02-28 11:13:00,2011-07-29 10:58:00,133,5,1554.61,380.0,0.0,0.0,3,4,4,11,Loyal
12507,Spain,2010-05-04 09:23:00,2011-07-28 17:09:00,133,4,1797.31,1256.0,11.0,0.0088,3,3,4,10,Others
16147,United Kingdom,2010-02-05 12:26:00,2011-07-29 09:57:00,133,5,2367.02,1395.0,73.0,0.0523,3,4,4,11,Loyal
12453,Austria,2011-07-28 14:08:00,2011-07-28 14:08:00,133,1,707.09,473.0,0.0,0.0,3,1,3,7,Others
15120,United Kingdom,2011-07-29 09:48:00,2011-07-29 09:48:00,133,1,343.82,296.0,4.0,0.0135,3,1,2,6,Others
12743,Unspecified,2011-07-28 16:06:00,2011-07-28 16:21:00,133,2,546.43,319.0,0.0,0.0,3,2,2,7,Others
14002,United Kingdom,2011-07-06 14:59:00,2011-07-28 15:55:00,133,2,529.73,877.0,0.0,0.0,3,2,2,7,Others
18268,United Kingdom,2009-12-11 10:27:00,2011-07-28 19:13:00,133,6,1451.22,711.0,9.0,0.0127,3,4,4,11,Loyal
15245,United Kingdom,2010-04-23 14:23:00,2011-07-28 18:56:00,133,8,4610.84,3021.0,0.0,0.0,3,4,5,12,Loyal
15942,United Kingdom,2011-07-29 09:01:00,2011-07-29 09:01:00,133,1,337.44,232.0,0.0,0.0,3,1,2,6,Others
17931,United Kingdom,2010-02-16 15:47:00,2011-07-28 18:33:00,133,14,3305.96,1937.0,117.0,0.0604,3,5,5,13,Loyal
15118,United Kingdom,2011-07-28 14:54:00,2011-07-28 14:54:00,133,1,244.8,1440.0,0.0,0.0,3,1,1,5,Others
18064,United Kingdom,2010-02-01 15:01:00,2011-07-29 16:39:00,132,11,4441.18,2709.0,50.0,0.0185,3,5,5,13,Loyal
17926,United Kingdom,2010-05-09 14:07:00,2011-07-29 14:39:00,132,5,1035.49,572.0,0.0,0.0,3,4,3,10,Loyal
13106,United Kingdom,2010-10-22 13:10:00,2011-07-29 15:12:00,132,2,586.46,231.0,4.0,0.0173,3,2,2,7,Others
15776,United Kingdom,2011-07-29 13:46:00,2011-07-29 13:46:00,132,1,241.62,138.0,0.0,0.0,3,1,1,5,Others
17695,United Kingdom,2010-01-28 09:27:00,2011-07-31 10:40:00,131,5,1720.54,1809.0,6.0,0.0033,3,4,4,11,Loyal
14885,United Kingdom,2010-08-31 10:11:00,2011-07-31 12:05:00,131,3,1496.12,1308.0,24.0,0.0183,3,3,4,10,Others
13722,United Kingdom,2010-03-03 14:13:00,2011-07-31 12:44:00,131,10,5629.16,3059.0,1.0,0.0003,3,5,5,13,Loyal
13388,United Kingdom,2010-04-15 10:18:00,2011-07-31 12:52:00,130,3,1135.7,701.0,1.0,0.0014,3,3,3,9,Others
17941,United Kingdom,2010-01-06 15:37:00,2011-08-01 08:30:00,130,4,1433.28,1108.0,0.0,0.0,3,3,4,10,Others
12942,United Kingdom,2010-12-09 09:34:00,2011-07-31 14:39:00,130,3,683.9,203.0,0.0,0.0,3,3,3,9,Others
17053,United Kingdom,2011-08-01 10:23:00,2011-08-01 10:23:00,130,1,496.38,122.0,1.0,0.0082,3,1,2,6,Others
12534,Germany,2011-08-01 10:26:00,2011-08-01 10:26:00,130,1,1089.18,651.0,0.0,0.0,3,1,3,7,Others
15438,United Kingdom,2011-07-31 14:19:00,2011-07-31 14:19:00,130,1,156.58,59.0,0.0,0.0,3,1,1,5,Others
17553,United Kingdom,2010-04-08 09:44:00,2011-08-02 10:00:00,129,4,3757.6,2288.0,0.0,0.0,3,3,5,11,Others
17282,United Kingdom,2010-06-09 12:07:00,2011-08-01 14:29:00,129,5,2339.66,2351.0,0.0,0.0,3,4,4,11,Loyal
12378,Switzerland,2010-05-26 14:07:00,2011-08-02 10:34:00,129,2,5416.32,3316.0,0.0,0.0,3,2,5,10,Others
13075,United Kingdom,2011-08-02 10:19:00,2011-08-02 10:19:00,129,1,919.61,485.0,0.0,0.0,3,1,3,7,Others
15342,United Kingdom,2011-08-02 10:19:00,2011-08-02 10:19:00,129,1,391.76,283.0,7.0,0.0247,3,1,2,6,Others
17615,United Kingdom,2010-08-11 12:54:00,2011-08-01 14:06:00,129,6,725.7,386.0,6.0,0.0155,3,4,3,10,Loyal
14133,United Kingdom,2009-12-06 12:10:00,2011-08-02 11:34:00,129,4,895.84,398.0,6.0,0.0151,3,3,3,9,Others
12644,Germany,2010-01-14 13:02:00,2011-08-02 10:33:00,129,4,1815.54,1032.0,31.0,0.03,3,3,4,10,Others
14403,United Kingdom,2010-03-10 14:00:00,2011-08-01 12:57:00,129,6,1822.76,737.0,11.0,0.0149,3,4,4,11,Loyal
13850,United Kingdom,2011-08-02 14:04:00,2011-08-02 14:04:00,128,1,1586.81,944.0,3.0,0.0032,3,1,4,8,Others
17887,United Kingdom,2011-08-02 17:29:00,2011-08-02 17:29:00,128,1,111.35,30.0,0.0,0.0,3,1,1,5,Others
14076,United Kingdom,2011-08-02 15:19:00,2011-08-02 15:19:00,128,1,122.47,81.0,0.0,0.0,3,1,1,5,Others
12750,Poland,2011-08-03 09:13:00,2011-08-03 09:13:00,128,1,275.88,137.0,0.0,0.0,3,1,2,6,Others
15374,United Kingdom,2010-03-25 12:03:00,2011-08-03 09:59:00,128,2,307.32,290.0,0.0,0.0,3,2,2,7,Others
18178,United Kingdom,2010-02-18 14:25:00,2011-08-03 09:30:00,128,11,6054.49,3850.0,9.0,0.0023,3,5,5,13,Loyal
17353,United Kingdom,2010-03-25 12:52:00,2011-08-02 17:19:00,128,4,3155.55,2168.0,32.0,0.0148,3,3,5,11,Others
13791,United Kingdom,2011-06-24 16:38:00,2011-08-04 11:44:00,127,2,1047.68,1200.0,372.0,0.31,3,2,3,8,Others
16324,United Kingdom,2011-06-15 14:26:00,2011-08-03 12:58:00,127,3,428.68,282.0,0.0,0.0,3,3,2,8,Others
17514,United Kingdom,2010-02-08 14:00:00,2011-08-03 15:45:00,127,2,542.83,295.0,0.0,0.0,3,2,2,7,Others
12643,France,2010-04-07 14:16:00,2011-08-03 12:56:00,127,12,7880.9,4785.0,308.0,0.0644,3,5,5,13,Loyal
14972,United Kingdom,2010-11-23 16:17:00,2011-08-03 14:54:00,127,2,145.07,40.0,0.0,0.0,3,2,1,6,Others
12917,United Kingdom,2009-12-09 14:22:00,2011-08-03 16:42:00,127,6,4329.5,1104.0,6.0,0.0054,3,4,5,12,Loyal
16835,United Kingdom,2010-05-19 08:41:00,2011-08-03 13:50:00,127,6,1389.76,496.0,22.0,0.0444,3,4,4,11,Loyal
15133,United Kingdom,2010-07-07 12:31:00,2011-08-04 10:44:00,127,5,1806.9,960.0,0.0,0.0,3,4,4,11,Loyal
17429,United Kingdom,2010-10-06 12:30:00,2011-08-03 13:22:00,127,5,1342.16,1286.0,10.0,0.0078,3,4,4,11,Loyal
14778,United Kingdom,2011-02-04 11:43:00,2011-08-04 15:23:00,126,2,730.86,306.0,0.0,0.0,3,2,3,8,Others
16572,United Kingdom,2011-03-09 12:04:00,2011-08-04 16:34:00,126,3,999.7,532.0,2.0,0.0038,3,3,3,9,Others
16302,United Kingdom,2011-08-05 09:44:00,2011-08-05 09:44:00,126,1,212.82,158.0,24.0,0.1519,3,1,1,5,Others
13402,United Kingdom,2010-05-24 10:56:00,2011-08-04 15:51:00,126,4,1226.85,917.0,0.0,0.0,3,3,4,10,Others
17267,United Kingdom,2011-08-04 17:19:00,2011-08-04 17:22:00,126,2,317.62,159.0,0.0,0.0,3,2,2,7,Others
13218,United Kingdom,2011-08-04 16:59:00,2011-08-04 16:59:00,126,1,62.64,88.0,0.0,0.0,3,1,1,5,Others
15254,United Kingdom,2010-05-28 10:08:00,2011-08-04 15:04:00,126,3,1073.4,711.0,1.0,0.0014,3,3,3,9,Others
12693,Germany,2010-07-05 13:56:00,2011-08-04 17:51:00,126,7,1640.42,536.0,12.0,0.0224,3,4,4,11,Loyal
17457,United Kingdom,2009-12-07 14:52:00,2011-08-05 12:48:00,126,14,5799.01,2695.0,60.0,0.0223,3,5,5,13,Loyal
17723,United Kingdom,2010-11-29 10:35:00,2011-08-04 18:37:00,126,7,3378.4,912.0,0.0,0.0,3,4,5,12,Loyal
14344,United Kingdom,2010-03-23 15:47:00,2011-08-04 13:51:00,126,20,2993.05,1546.0,0.0,0.0,3,5,5,13,Loyal
13513,United Kingdom,2010-02-22 16:36:00,2011-08-05 11:50:00,126,3,796.99,364.0,12.0,0.033,3,3,3,9,Others
17692,United Kingdom,2010-06-17 11:14:00,2011-08-04 14:01:00,126,12,2962.4,2338.0,8.0,0.0034,3,5,5,13,Loyal
18099,United Kingdom,2011-08-04 15:52:00,2011-08-04 15:52:00,126,1,168.31,149.0,0.0,0.0,3,1,1,5,Others
17400,United Kingdom,2009-12-17 15:41:00,2011-08-05 15:38:00,125,8,4677.05,2199.0,0.0,0.0,3,4,5,12,Loyal
16174,United Kingdom,2010-04-15 15:12:00,2011-08-05 13:26:00,125,7,2246.75,1431.0,0.0,0.0,3,4,4,11,Loyal
13082,United Kingdom,2009-12-22 15:37:00,2011-08-05 16:16:00,125,21,7268.92,8466.0,53.0,0.0063,3,5,5,13,Loyal
13248,United Kingdom,2011-06-03 13:05:00,2011-08-07 12:40:00,124,2,465.68,305.0,0.0,0.0,3,2,2,7,Others
14079,United Kingdom,2010-01-26 17:19:00,2011-08-07 12:10:00,124,2,618.73,302.0,0.0,0.0,3,2,3,8,Others
17331,United Kingdom,2011-08-08 11:55:00,2011-08-08 11:55:00,123,1,175.2,16.0,0.0,0.0,3,1,1,5,Others
13752,United Kingdom,2010-06-30 10:23:00,2011-08-07 14:16:00,123,7,1590.73,1007.0,0.0,0.0,3,4,4,11,Loyal
14331,United Kingdom,2011-07-27 15:14:00,2011-08-07 13:17:00,123,2,462.66,252.0,0.0,0.0,3,2,2,7,Others
14053,United Kingdom,2010-08-10 11:02:00,2011-08-07 14:27:00,123,4,572.3,490.0,0.0,0.0,3,3,2,8,Others
16788,United Kingdom,2010-02-07 12:40:00,2011-08-08 14:53:00,122,5,1950.3,985.0,0.0,0.0,3,4,4,11,Loyal
14127,United Kingdom,2010-10-10 11:53:00,2011-08-09 10:49:00,122,6,1900.08,828.0,0.0,0.0,3,4,4,11,Loyal
13869,United Kingdom,2010-01-17 14:53:00,2011-08-08 13:53:00,122,10,8111.57,4358.0,0.0,0.0,3,5,5,13,Loyal
15985,United Kingdom,2010-05-27 15:51:00,2011-08-08 16:31:00,122,7,2610.28,2750.0,250.0,0.0909,3,4,4,11,Loyal
18248,United Kingdom,2011-06-06 13:18:00,2011-08-09 10:19:00,122,2,783.02,511.0,10.0,0.0196,3,2,3,8,Others
17085,United Kingdom,2009-12-06 12:16:00,2011-08-08 14:15:00,122,28,7757.41,3603.0,48.0,0.0133,3,5,5,13,Loyal
13217,United Kingdom,2010-02-22 12:49:00,2011-08-09 15:32:00,121,4,266.12,512.0,148.0,0.2891,3,3,1,7,Others
13162,United Kingdom,2009-12-04 13:59:00,2011-08-09 15:59:00,121,16,9116.94,5755.0,87.0,0.0151,3,5,5,13,Loyal
17994,United Kingdom,2010-03-29 10:37:00,2011-08-10 11:41:00,121,11,2262.87,2194.0,25.0,0.0114,3,5,4,12,Loyal
13355,United Kingdom,2011-08-09 14:48:00,2011-08-09 14:48:00,121,1,674.7,314.0,0.0,0.0,3,1,3,7,Others
15247,United Kingdom,2010-06-20 14:08:00,2011-08-09 12:52:00,121,3,967.11,514.0,1.0,0.0019,3,3,3,9,Others
13280,United Kingdom,2010-03-05 09:07:00,2011-08-09 13:14:00,121,7,2297.13,1495.0,2.0,0.0013,3,4,4,11,Loyal
16292,United Kingdom,2010-04-14 13:29:00,2011-08-10 12:24:00,121,5,1171.46,688.0,8.0,0.0116,3,4,3,10,Loyal
14024,United Kingdom,2010-11-14 10:51:00,2011-08-10 11:30:00,121,3,645.74,238.0,0.0,0.0,3,3,3,9,Others
14346,United Kingdom,2010-07-30 10:44:00,2011-08-11 09:47:00,120,5,2315.75,1878.0,0.0,0.0,3,4,4,11,Loyal
15581,United Kingdom,2009-12-02 12:19:00,2011-08-11 09:38:00,120,38,5525.44,3042.0,65.0,0.0214,3,5,5,13,Loyal
13888,United Kingdom,2010-05-13 11:57:00,2011-08-12 10:13:00,119,7,2169.05,903.0,0.0,0.0,3,4,4,11,Loyal
13645,United Kingdom,2011-08-11 16:11:00,2011-08-11 16:11:00,119,1,252.1,158.0,0.0,0.0,3,1,1,5,Others
15689,United Kingdom,2010-04-01 09:53:00,2011-08-12 09:37:00,119,3,521.03,207.0,0.0,0.0,3,3,2,8,Others
17642,United Kingdom,2009-12-05 16:01:00,2011-08-12 09:11:00,119,5,1824.49,1475.0,0.0,0.0,3,4,4,11,Loyal
13873,United Kingdom,2010-03-03 12:31:00,2011-08-12 10:08:00,119,8,1031.02,472.0,2.0,0.0042,3,4,3,10,Loyal
16045,United Kingdom,2010-07-29 12:50:00,2011-08-12 12:41:00,119,8,3187.03,2108.0,166.0,0.0787,3,4,5,12,Loyal
13307,United Kingdom,2010-04-26 13:28:00,2011-08-11 17:14:00,119,3,273.34,140.0,0.0,0.0,3,3,2,8,Others
17248,United Kingdom,2010-08-15 11:55:00,2011-08-11 13:34:00,119,2,546.16,292.0,0.0,0.0,3,2,2,7,Others
15192,United Kingdom,2010-01-29 10:13:00,2011-08-12 11:41:00,119,5,1666.39,1448.0,0.0,0.0,3,4,4,11,Loyal
16317,United Kingdom,2010-05-04 10:17:00,2011-08-12 12:46:00,119,5,2179.76,1236.0,1.0,0.0008,3,4,4,11,Loyal
12399,Belgium,2010-03-05 08:45:00,2011-08-12 13:15:00,118,7,1962.3,2198.0,0.0,0.0,3,4,4,11,Loyal
17122,United Kingdom,2010-07-28 09:34:00,2011-08-12 14:33:00,118,4,570.5,368.0,0.0,0.0,3,3,2,8,Others
14855,United Kingdom,2010-04-08 10:30:00,2011-08-12 14:02:00,118,7,6520.3,3510.0,0.0,0.0,3,4,5,12,Loyal
14406,United Kingdom,2011-08-12 16:54:00,2011-08-12 16:54:00,118,1,156.75,77.0,0.0,0.0,3,1,1,5,Others
17048,United Kingdom,2010-01-18 13:55:00,2011-08-14 11:49:00,117,7,1991.45,1068.0,35.0,0.0328,3,4,4,11,Loyal
13621,United Kingdom,2011-08-15 08:26:00,2011-08-15 08:26:00,116,1,213.85,343.0,0.0,0.0,3,1,1,5,Others
15683,United Kingdom,2010-08-23 12:01:00,2011-08-14 12:56:00,116,2,524.54,332.0,0.0,0.0,3,2,2,7,Others
16272,United Kingdom,2011-08-15 10:53:00,2011-08-15 10:53:00,116,1,411.7,224.0,0.0,0.0,3,1,2,6,Others
13799,United Kingdom,2010-03-05 16:39:00,2011-08-15 12:07:00,116,9,2039.82,1539.0,181.0,0.1176,3,5,4,12,Loyal
18143,United Kingdom,2011-07-21 10:44:00,2011-08-15 12:07:00,116,2,1000.16,570.0,0.0,0.0,3,2,3,8,Others
13720,United Kingdom,2011-03-30 09:17:00,2011-08-15 12:46:00,116,4,799.9,501.0,0.0,0.0,3,3,3,9,Others
12758,Portugal,2009-12-01 14:40:00,2011-08-15 10:22:00,116,7,9779.0,6155.0,64.0,0.0104,3,4,5,12,Loyal
17252,United Kingdom,2011-06-06 16:41:00,2011-08-15 09:45:00,116,2,353.86,193.0,0.0,0.0,3,2,2,7,Others
14301,United Kingdom,2010-02-11 13:07:00,2011-08-14 15:33:00,116,4,1956.23,1686.0,13.0,0.0077,3,3,4,10,Others
15624,United Kingdom,2011-03-28 13:32:00,2011-08-15 11:38:00,116,4,588.13,357.0,0.0,0.0,3,3,2,8,Others
17958,United Kingdom,2009-12-11 15:37:00,2011-08-15 12:19:00,116,2,973.88,284.0,0.0,0.0,3,2,3,8,Others
16927,United Kingdom,2010-12-13 11:57:00,2011-08-16 11:10:00,115,3,543.05,993.0,0.0,0.0,3,3,2,8,Others
16902,United Kingdom,2011-08-15 14:17:00,2011-08-15 14:17:00,115,1,1706.88,629.0,0.0,0.0,3,1,4,8,Others
16961,United Kingdom,2010-06-25 14:36:00,2011-08-15 13:46:00,115,3,773.01,482.0,3.0,0.0062,3,3,3,9,Others
14006,United Kingdom,2010-02-25 09:45:00,2011-08-16 09:39:00,115,7,2196.67,2181.0,0.0,0.0,3,4,4,11,Loyal
15002,United Kingdom,2010-01-12 11:40:00,2011-08-16 10:44:00,115,9,4185.63,2239.0,0.0,0.0,3,5,5,13,Loyal
14918,United Kingdom,2010-04-08 11:18:00,2011-08-16 11:50:00,115,9,5955.81,2551.0,0.0,0.0,3,5,5,13,Loyal
15768,United Kingdom,2009-12-03 12:10:00,2011-08-16 10:48:00,115,34,15559.46,4259.0,3.0,0.0007,3,5,5,13,Loyal
15480,Malta,2010-02-01 14:52:00,2011-08-15 14:32:00,115,5,3592.25,1852.0,2.0,0.0011,3,4,5,12,Loyal
12641,Sweden,2011-08-16 13:26:00,2011-08-16 13:26:00,114,1,185.9,72.0,0.0,0.0,3,1,1,5,Others
14323,United Kingdom,2011-04-15 11:44:00,2011-08-17 11:37:00,114,2,574.26,350.0,10.0,0.0286,3,2,2,7,Others
17398,United Kingdom,2011-03-29 13:04:00,2011-08-17 09:48:00,114,3,653.38,310.0,0.0,0.0,3,3,3,9,Others
15734,United Kingdom,2010-06-10 14:25:00,2011-08-17 10:50:00,114,4,2263.3,516.0,0.0,0.0,3,3,4,10,Others
16092,United Kingdom,2010-05-09 16:10:00,2011-08-17 10:46:00,114,6,1515.49,1188.0,37.0,0.0311,3,4,4,11,Loyal
12688,Israel,2011-08-18 08:49:00,2011-08-18 08:49:00,113,1,4873.81,3028.0,0.0,0.0,3,1,5,9,Others
12729,France,2011-08-18 11:40:00,2011-08-18 11:40:00,113,1,453.01,233.0,0.0,0.0,3,1,2,6,Others
15541,United Kingdom,2011-08-17 14:58:00,2011-08-17 14:58:00,113,1,85.13,49.0,0.0,0.0,3,1,1,5,Others
13027,United Kingdom,2010-01-20 10:41:00,2011-08-18 09:39:00,113,19,17148.0,43080.0,243.0,0.0056,3,5,5,13,Loyal
15122,United Kingdom,2010-03-30 14:05:00,2011-08-17 16:48:00,113,11,4461.42,2045.0,26.0,0.0127,3,5,5,13,Loyal
16755,United Kingdom,2009-12-09 14:25:00,2011-08-17 13:21:00,113,7,2882.03,1999.0,7.0,0.0035,3,4,5,12,Loyal
18073,United Kingdom,2011-05-26 19:38:00,2011-08-17 14:02:00,113,12,3864.44,3108.0,10.0,0.0032,3,5,5,13,Loyal
13655,United Kingdom,2010-04-27 09:59:00,2011-08-17 14:25:00,113,6,2259.3,1225.0,13.0,0.0106,3,4,4,11,Loyal
17070,United Kingdom,2010-10-25 15:57:00,2011-08-17 17:01:00,113,2,445.32,234.0,0.0,0.0,3,2,2,7,Others
14745,United Kingdom,2010-03-12 10:33:00,2011-08-19 10:05:00,112,12,2491.46,1977.0,24.0,0.0121,3,5,4,12,Loyal
17742,United Kingdom,2009-12-01 13:16:00,2011-08-18 15:28:00,112,11,2098.48,653.0,0.0,0.0,3,5,4,12,Loyal
16582,United Kingdom,2011-08-18 17:02:00,2011-08-18 17:02:00,112,1,313.62,164.0,0.0,0.0,3,1,2,6,Others
17045,United Kingdom,2010-10-06 14:52:00,2011-08-18 17:09:00,112,5,827.68,294.0,0.0,0.0,3,4,3,10,Loyal
15396,United Kingdom,2010-05-05 09:04:00,2011-08-19 10:56:00,112,2,796.38,278.0,0.0,0.0,3,2,3,8,Others
17747,United Kingdom,2011-08-19 08:13:00,2011-08-19 08:13:00,112,1,64.65,12.0,1.0,0.0833,3,1,1,5,Others
15797,United Kingdom,2010-01-27 13:12:00,2011-08-18 17:04:00,112,6,2821.08,1281.0,0.0,0.0,3,4,4,11,Loyal
16419,United Kingdom,2010-02-09 13:26:00,2011-08-19 12:33:00,112,8,1474.67,721.0,1.0,0.0014,3,4,4,11,Loyal
15472,United Kingdom,2011-08-18 15:17:00,2011-08-18 15:17:00,112,1,371.56,251.0,0.0,0.0,3,1,2,6,Others
15232,United Kingdom,2011-07-22 12:21:00,2011-08-18 16:27:00,112,2,612.06,686.0,0.0,0.0,3,2,3,8,Others
13273,United Kingdom,2011-08-18 14:02:00,2011-08-18 14:02:00,112,1,138.98,153.0,0.0,0.0,3,1,1,5,Others
12513,France,2011-08-19 10:51:00,2011-08-19 10:51:00,112,1,586.79,462.0,6.0,0.013,3,1,2,6,Others
12418,Switzerland,2010-03-19 14:47:00,2011-08-19 11:08:00,112,4,2016.95,1088.0,1.0,0.0009,3,3,4,10,Others
14772,United Kingdom,2011-08-19 15:04:00,2011-08-19 15:04:00,111,1,139.26,82.0,0.0,0.0,3,1,1,5,Others
15938,United Kingdom,2010-06-01 09:42:00,2011-08-19 12:56:00,111,9,734.81,449.0,0.0,0.0,3,5,3,11,Loyal
12968,United Kingdom,2011-08-19 15:44:00,2011-08-19 15:44:00,111,1,135.95,73.0,0.0,0.0,3,1,1,5,Others
13242,United Kingdom,2010-02-09 13:12:00,2011-08-19 12:53:00,111,7,699.4,350.0,0.0,0.0,3,4,3,10,Loyal
14246,United Kingdom,2011-04-08 08:25:00,2011-08-21 11:50:00,110,3,1474.06,804.0,0.0,0.0,3,3,4,10,Others
14566,Channel Islands,2010-06-24 10:34:00,2011-08-21 11:05:00,110,4,4092.0,2400.0,0.0,0.0,3,3,5,11,Others
17029,United Kingdom,2010-02-14 10:19:00,2011-08-21 11:06:00,110,7,2137.3,1265.0,0.0,0.0,3,4,4,11,Loyal
14460,United Kingdom,2009-12-15 19:06:00,2011-08-21 14:19:00,109,9,919.6,1879.0,118.0,0.0628,3,5,3,11,Loyal
14224,United Kingdom,2010-06-13 13:46:00,2011-08-21 13:24:00,109,9,1897.9,863.0,0.0,0.0,3,5,4,12,Loyal
14013,United Kingdom,2010-03-26 10:02:00,2011-08-21 15:01:00,109,5,1006.22,775.0,9.0,0.0116,3,4,3,10,Loyal
16536,United Kingdom,2011-08-21 15:54:00,2011-08-21 15:54:00,109,1,539.02,251.0,1.0,0.004,3,1,2,6,Others
15313,United Kingdom,2011-08-21 16:02:00,2011-08-21 16:02:00,109,1,52.0,25.0,0.0,0.0,3,1,1,5,Others
12363,Unspecified,2011-04-11 13:29:00,2011-08-22 10:18:00,109,2,552.0,408.0,0.0,0.0,3,2,2,7,Others
14930,Channel Islands,2010-04-12 11:22:00,2011-08-23 10:31:00,108,6,5136.64,2199.0,7.0,0.0032,3,4,5,12,Loyal
14364,United Kingdom,2011-05-12 12:56:00,2011-08-23 11:01:00,108,8,3717.35,1967.0,0.0,0.0,3,4,5,12,Loyal
14045,United Kingdom,2010-01-08 10:08:00,2011-08-22 15:27:00,108,16,9334.23,4459.0,340.0,0.0763,3,5,5,13,Loyal
16952,United Kingdom,2009-12-11 13:52:00,2011-08-22 13:03:00,108,5,798.78,344.0,0.0,0.0,3,4,3,10,Loyal
17083,United Kingdom,2010-02-09 11:46:00,2011-08-22 15:43:00,108,9,4035.08,1955.0,5.0,0.0026,3,5,5,13,Loyal
12593,France,2011-05-05 09:29:00,2011-08-23 12:43:00,108,3,418.1,206.0,0.0,0.0,3,3,2,8,Others
13933,United Kingdom,2011-07-14 13:35:00,2011-08-22 14:03:00,108,2,608.79,205.0,0.0,0.0,3,2,3,8,Others
17585,United Kingdom,2010-08-18 16:39:00,2011-08-22 13:30:00,108,7,2093.3,2539.0,0.0,0.0,3,4,4,11,Loyal
16550,United Kingdom,2009-12-02 11:24:00,2011-08-23 11:12:00,108,18,8623.71,5470.0,58.0,0.0106,3,5,5,13,Loyal
14265,Unspecified,2010-04-06 14:39:00,2011-08-22 13:32:00,108,4,1373.35,715.0,0.0,0.0,3,3,4,10,Others
14875,United Kingdom,2010-09-24 10:28:00,2011-08-24 12:20:00,107,3,2841.55,1332.0,5.0,0.0038,3,3,4,10,Others
17268,United Kingdom,2009-12-08 11:46:00,2011-08-24 10:06:00,107,11,1733.89,1395.0,0.0,0.0,3,5,4,12,Loyal
13593,United Kingdom,2010-03-02 16:36:00,2011-08-23 13:35:00,107,14,5475.21,2190.0,28.0,0.0128,3,5,5,13,Loyal
18018,United Kingdom,2010-10-15 11:05:00,2011-08-23 17:37:00,107,4,156.69,186.0,120.0,0.6452,3,3,1,7,Others
13140,United Kingdom,2010-08-05 19:05:00,2011-08-23 15:33:00,107,5,1056.17,573.0,0.0,0.0,3,4,3,10,Loyal
13425,United Kingdom,2010-05-09 14:35:00,2011-08-23 17:13:00,107,5,3375.93,2382.0,6.0,0.0025,3,4,5,12,Loyal
14523,United Kingdom,2011-08-23 13:13:00,2011-08-23 13:13:00,107,1,241.09,251.0,0.0,0.0,3,1,1,5,Others
17242,United Kingdom,2010-01-24 10:27:00,2011-08-23 14:55:00,107,5,2889.28,1459.0,0.0,0.0,3,4,5,12,Loyal
17134,United Kingdom,2010-09-23 18:32:00,2011-08-25 09:53:00,106,3,637.1,148.0,0.0,0.0,3,3,3,9,Others
14314,United Kingdom,2010-10-05 08:00:00,2011-08-25 10:39:00,106,2,221.9,332.0,2.0,0.006,3,2,1,6,Others
16503,United Kingdom,2010-06-21 14:07:00,2011-08-25 11:46:00,106,11,3597.89,1535.0,3.0,0.002,3,5,5,13,Loyal
14973,United Kingdom,2011-04-28 12:22:00,2011-08-24 15:51:00,106,3,1314.45,369.0,0.0,0.0,3,3,4,10,Others
14407,United Kingdom,2011-03-08 11:59:00,2011-08-24 14:02:00,106,6,2111.08,1415.0,3.0,0.0021,3,4,4,11,Loyal
13000,United Kingdom,2009-12-14 17:03:00,2011-08-25 10:43:00,106,4,965.0,548.0,10.0,0.0182,3,3,3,9,Others
17256,United Kingdom,2010-04-18 13:40:00,2011-08-24 13:30:00,106,5,498.93,299.0,0.0,0.0,3,4,2,9,Others
15263,United Kingdom,2011-08-25 10:26:00,2011-08-25 10:26:00,106,1,156.51,89.0,0.0,0.0,3,1,1,5,Others
15812,United Kingdom,2009-12-15 13:40:00,2011-08-24 14:19:00,106,12,5186.17,3450.0,18.0,0.0052,3,5,5,13,Loyal
17869,United Kingdom,2010-06-10 13:47:00,2011-08-24 16:16:00,106,7,821.84,493.0,0.0,0.0,3,4,3,10,Loyal
16093,United Kingdom,2011-08-25 11:09:00,2011-08-25 11:09:00,106,1,17.0,20.0,0.0,0.0,3,1,1,5,Others
12649,Germany,2010-01-12 17:24:00,2011-08-24 14:41:00,106,8,2258.5,1959.0,17.0,0.0087,3,4,4,11,Loyal
16340,United Kingdom,2010-06-06 13:26:00,2011-08-24 14:53:00,106,3,1526.06,1345.0,0.0,0.0,3,3,4,10,Others
14196,United Kingdom,2011-08-25 10:25:00,2011-08-25 10:25:00,106,1,335.52,142.0,0.0,0.0,3,1,2,6,Others
14687,United Kingdom,2010-06-06 10:36:00,2011-08-25 11:59:00,106,3,1402.06,850.0,0.0,0.0,3,3,4,10,Others
13411,United Kingdom,2011-08-24 13:57:00,2011-08-24 13:57:00,106,1,213.55,72.0,0.0,0.0,3,1,1,5,Others
15800,United Kingdom,2010-03-31 13:17:00,2011-08-24 14:23:00,106,7,1242.58,588.0,0.0,0.0,3,4,4,11,Loyal
17844,Canada,2011-08-25 11:27:00,2011-08-25 11:27:00,106,1,51.56,52.0,0.0,0.0,3,1,1,5,Others
18200,United Kingdom,2011-08-25 18:45:00,2011-08-25 18:45:00,105,1,163.8,111.0,0.0,0.0,3,1,1,5,Others
12624,France,2011-06-15 12:34:00,2011-08-25 15:04:00,105,2,641.13,355.0,0.0,0.0,3,2,3,8,Others
17189,United Kingdom,2009-12-02 11:45:00,2011-08-25 19:39:00,105,5,957.63,604.0,0.0,0.0,3,4,3,10,Loyal
16309,United Kingdom,2011-04-13 11:46:00,2011-08-25 15:35:00,105,2,686.67,467.0,2.0,0.0043,3,2,3,8,Others
14210,United Kingdom,2010-01-06 10:17:00,2011-08-26 12:36:00,105,16,5509.37,2511.0,8.0,0.0032,3,5,5,13,Loyal
15663,United Kingdom,2011-08-25 15:50:00,2011-08-25 15:50:00,105,1,138.14,106.0,0.0,0.0,3,1,1,5,Others
12715,Sweden,2011-08-25 15:22:00,2011-08-25 15:22:00,105,1,353.86,197.0,0.0,0.0,3,1,2,6,Others
16641,United Kingdom,2010-01-07 12:22:00,2011-08-26 12:49:00,105,2,554.5,454.0,0.0,0.0,3,2,2,7,Others
13003,United Kingdom,2011-05-09 08:23:00,2011-08-26 10:50:00,105,3,149.05,103.0,0.0,0.0,3,3,1,7,Others
16429,United Kingdom,2011-08-25 13:54:00,2011-08-25 13:54:00,105,1,284.55,9.0,0.0,0.0,3,1,2,6,Others
14055,United Kingdom,2009-12-16 15:11:00,2011-08-25 15:04:00,105,3,1520.96,720.0,0.0,0.0,3,3,4,10,Others
17146,United Kingdom,2010-02-02 09:39:00,2011-08-26 12:44:00,105,13,5795.99,2192.0,16.0,0.0073,3,5,5,13,Loyal
15641,United Kingdom,2009-12-06 15:31:00,2011-08-26 14:04:00,104,12,5345.55,4422.0,0.0,0.0,3,5,5,13,Loyal
15074,United Kingdom,2010-08-29 11:47:00,2011-08-26 14:45:00,104,3,1566.33,1063.0,0.0,0.0,3,3,4,10,Others
13489,United Kingdom,2011-02-18 10:42:00,2011-08-26 13:16:00,104,4,449.52,560.0,0.0,0.0,3,3,2,8,Others
15325,United Kingdom,2010-02-16 13:30:00,2011-08-28 11:55:00,103,8,1596.81,1383.0,8.0,0.0058,3,4,4,11,Loyal
14472,United Kingdom,2010-01-19 13:09:00,2011-08-28 11:01:00,103,9,2228.22,1305.0,0.0,0.0,3,5,4,12,Loyal
15095,United Kingdom,2010-01-21 09:37:00,2011-08-28 12:01:00,103,10,3135.74,2233.0,2.0,0.0009,3,5,5,13,Loyal
13301,United Kingdom,2011-02-20 13:13:00,2011-08-28 11:25:00,103,4,618.09,345.0,0.0,0.0,3,3,3,9,Others
15569,United Kingdom,2010-02-28 10:55:00,2011-08-28 10:15:00,103,10,3586.35,1736.0,0.0,0.0,3,5,5,13,Loyal
15625,United Kingdom,2010-06-15 15:23:00,2011-08-28 10:21:00,103,9,3203.25,3020.0,27.0,0.0089,3,5,5,13,Loyal
13778,United Kingdom,2010-05-23 13:34:00,2011-08-28 15:25:00,102,4,1116.54,511.0,1.0,0.002,3,3,3,9,Others
16816,United Kingdom,2010-12-16 17:01:00,2011-08-28 14:16:00,102,4,417.06,274.0,0.0,0.0,3,3,2,8,Others
16806,United Kingdom,2011-04-14 19:59:00,2011-08-28 15:27:00,102,4,801.49,378.0,0.0,0.0,3,3,3,9,Others
12814,Poland,2011-08-30 12:11:00,2011-08-30 12:11:00,101,1,125.92,49.0,0.0,0.0,3,1,1,5,Others
14078,United Kingdom,2010-03-28 15:05:00,2011-08-30 12:16:00,101,9,1556.39,589.0,0.0,0.0,3,5,4,12,Loyal
16842,United Kingdom,2011-02-10 14:51:00,2011-08-31 10:42:00,100,3,1260.44,693.0,1.0,0.0014,3,3,4,10,Others
16083,United Kingdom,2010-11-16 11:53:00,2011-08-31 10:47:00,100,4,2351.42,1514.0,0.0,0.0,3,3,4,10,Others
17298,United Kingdom,2010-03-08 08:56:00,2011-08-30 16:43:00,100,5,952.52,854.0,12.0,0.0141,3,4,3,10,Loyal
15596,United Kingdom,2010-07-28 11:46:00,2011-08-31 10:55:00,100,9,2621.27,1208.0,23.0,0.019,3,5,4,12,Loyal
14513,United Kingdom,2010-05-20 17:57:00,2011-08-31 11:25:00,100,6,770.91,593.0,6.0,0.0101,3,4,3,10,Loyal
15866,United Kingdom,2011-08-30 14:09:00,2011-08-30 14:09:00,100,1,230.53,126.0,0.0,0.0,3,1,1,5,Others
17588,United Kingdom,2010-03-12 12:34:00,2011-08-31 13:37:00,99,7,2901.65,1379.0,12.0,0.0087,3,4,5,12,Loyal
16180,United Kingdom,2010-06-23 13:19:00,2011-08-31 16:28:00,99,13,16170.27,9813.0,28.0,0.0029,3,5,5,13,Loyal
13631,United Kingdom,2011-03-17 17:13:00,2011-09-01 09:57:00,99,11,3021.77,467.0,7.0,0.015,3,5,5,13,Loyal
16780,United Kingdom,2010-10-28 19:41:00,2011-08-31 16:09:00,99,3,605.55,355.0,0.0,0.0,3,3,3,9,Others
15260,United Kingdom,2009-12-06 11:45:00,2011-08-31 13:55:00,99,25,8677.88,4468.0,37.0,0.0083,3,5,5,13,Loyal
12436,Norway,2011-09-01 12:09:00,2011-09-01 12:09:00,99,1,509.01,211.0,0.0,0.0,3,1,2,6,Others
16278,United Kingdom,2010-07-28 15:40:00,2011-08-31 17:12:00,99,3,1056.59,342.0,15.0,0.0439,3,3,3,9,Others
17320,United Kingdom,2010-01-21 16:29:00,2011-08-31 13:31:00,99,6,2444.85,1182.0,0.0,0.0,3,4,4,11,Loyal
14276,United Kingdom,2010-02-17 13:10:00,2011-09-02 09:45:00,98,7,1929.32,1406.0,62.0,0.0441,3,4,4,11,Loyal
18027,United Kingdom,2011-09-02 10:38:00,2011-09-02 10:38:00,98,1,115.31,78.0,0.0,0.0,3,1,1,5,Others
13045,United Kingdom,2010-08-10 13:02:00,2011-09-01 15:04:00,98,3,808.92,405.0,0.0,0.0,3,3,3,9,Others
14436,United Kingdom,2010-06-04 11:32:00,2011-09-02 10:13:00,98,2,271.7,297.0,0.0,0.0,3,2,2,7,Others
16456,United Kingdom,2010-03-29 11:16:00,2011-09-01 13:50:00,98,13,5398.01,3333.0,1.0,0.0003,3,5,5,13,Loyal
15829,United Kingdom,2011-07-22 10:23:00,2011-09-01 16:45:00,98,2,636.14,996.0,0.0,0.0,3,2,3,8,Others
14420,United Kingdom,2010-01-17 12:41:00,2011-09-01 18:07:00,98,4,1627.72,1120.0,5.0,0.0045,3,3,4,10,Others
13470,United Kingdom,2011-08-16 17:06:00,2011-09-01 14:57:00,98,2,165.0,100.0,0.0,0.0,3,2,1,6,Others
16808,United Kingdom,2011-03-10 19:05:00,2011-09-01 19:34:00,98,2,288.42,196.0,0.0,0.0,3,2,2,7,Others
13376,United Kingdom,2011-04-19 13:03:00,2011-09-01 16:16:00,98,3,1019.76,493.0,0.0,0.0,3,3,3,9,Others
13099,United Kingdom,2011-09-01 17:40:00,2011-09-01 17:40:00,98,1,207.36,288.0,0.0,0.0,3,1,1,5,Others
14463,United Kingdom,2010-07-28 11:35:00,2011-09-02 15:20:00,97,4,786.57,210.0,0.0,0.0,3,3,3,9,Others
14171,United Kingdom,2009-12-09 13:50:00,2011-09-02 16:43:00,97,2,498.79,211.0,0.0,0.0,3,2,2,7,Others
18087,United Kingdom,2009-12-01 09:43:00,2011-09-02 15:12:00,97,17,14411.62,7775.0,347.0,0.0446,3,5,5,13,Loyal
12710,Germany,2011-05-22 14:05:00,2011-09-04 12:00:00,96,3,1130.57,851.0,2.0,0.0024,3,3,3,9,Others
16761,United Kingdom,2011-09-04 11:15:00,2011-09-04 11:15:00,96,1,316.62,341.0,0.0,0.0,3,1,2,6,Others
17774,United Kingdom,2010-02-08 16:06:00,2011-09-04 12:49:00,96,9,2945.7,1609.0,4.0,0.0025,3,5,5,13,Loyal
12851,United Kingdom,2010-08-19 15:13:00,2011-09-04 12:41:00,96,2,284.13,160.0,0.0,0.0,3,2,2,7,Others
13931,United Kingdom,2009-12-03 10:26:00,2011-09-05 10:12:00,95,11,5250.78,3488.0,4.0,0.0011,3,5,5,13,Loyal
17050,United Kingdom,2010-01-26 14:54:00,2011-09-04 13:48:00,95,11,4391.66,2451.0,1.0,0.0004,3,5,5,13,Loyal
16820,United Kingdom,2011-09-05 12:06:00,2011-09-05 12:06:00,95,1,497.61,307.0,0.0,0.0,3,1,2,6,Others
16551,United Kingdom,2009-12-13 16:12:00,2011-09-05 09:38:00,95,7,2237.12,2076.0,0.0,0.0,3,4,4,11,Loyal
13240,United Kingdom,2010-02-25 13:17:00,2011-09-04 14:08:00,95,8,1437.1,728.0,13.0,0.0179,3,4,4,11,Loyal
12816,Poland,2011-06-16 13:24:00,2011-09-05 12:41:00,95,2,572.2,128.0,0.0,0.0,3,2,2,7,Others
14965,United Kingdom,2011-09-04 13:15:00,2011-09-04 13:20:00,95,2,599.0,365.0,0.0,0.0,3,2,3,8,Others
15364,United Kingdom,2011-03-30 13:39:00,2011-09-05 09:46:00,95,2,913.19,493.0,0.0,0.0,3,2,3,8,Others
13851,United Kingdom,2010-01-29 11:54:00,2011-09-05 12:36:00,95,8,4516.76,2525.0,6.0,0.0024,3,4,5,12,Loyal
13748,United Kingdom,2009-12-01 16:44:00,2011-09-05 09:45:00,95,9,2064.35,1028.0,0.0,0.0,3,5,4,12,Loyal
13548,United Kingdom,2010-08-25 13:44:00,2011-09-04 14:50:00,95,3,908.99,565.0,0.0,0.0,3,3,3,9,Others
15307,United Kingdom,2011-09-05 11:38:00,2011-09-05 11:38:00,95,1,205.3,37.0,0.0,0.0,3,1,1,5,Others
12422,Switzerland,2009-12-18 12:44:00,2011-09-05 09:48:00,95,17,4119.35,2596.0,5.0,0.0019,3,5,5,13,Loyal
17229,United Kingdom,2011-07-20 12:38:00,2011-09-04 13:56:00,95,2,318.76,185.0,0.0,0.0,3,2,2,7,Others
17722,United Kingdom,2010-11-29 09:44:00,2011-09-04 15:22:00,95,5,3476.82,2412.0,23.0,0.0095,3,4,5,12,Loyal
12502,Spain,2011-02-03 10:41:00,2011-09-05 11:52:00,95,5,3723.87,820.0,0.0,0.0,3,4,5,12,Loyal
14565,United Kingdom,2010-08-23 09:48:00,2011-09-05 09:07:00,95,5,3833.87,1940.0,8.0,0.0041,3,4,5,12,Loyal
13192,United Kingdom,2010-01-22 08:37:00,2011-09-05 14:13:00,94,6,2544.53,1629.0,11.0,0.0068,3,4,4,11,Loyal
18196,United Kingdom,2010-03-17 14:55:00,2011-09-05 16:22:00,94,4,1464.31,1047.0,0.0,0.0,3,3,4,10,Others
13744,United Kingdom,2011-02-20 14:08:00,2011-09-05 15:19:00,94,2,1156.36,1249.0,0.0,0.0,3,2,3,8,Others
14208,United Kingdom,2010-06-06 13:11:00,2011-09-06 12:48:00,94,2,567.05,529.0,0.0,0.0,3,2,2,7,Others
17560,United Kingdom,2010-02-17 12:11:00,2011-09-06 09:18:00,94,8,1895.8,1588.0,0.0,0.0,3,4,4,11,Loyal
15491,United Kingdom,2011-04-18 10:04:00,2011-09-05 15:56:00,94,6,3090.85,1646.0,22.0,0.0134,3,4,5,12,Loyal
12616,France,2010-11-16 11:38:00,2011-09-05 15:17:00,94,3,1045.35,498.0,17.0,0.0341,3,3,3,9,Others
13158,United Kingdom,2010-11-16 17:12:00,2011-09-06 11:58:00,94,5,1508.18,992.0,0.0,0.0,3,4,4,11,Loyal
17309,United Kingdom,2010-02-04 15:49:00,2011-09-05 15:20:00,94,3,330.59,193.0,0.0,0.0,3,3,2,8,Others
16400,United Kingdom,2009-12-08 12:38:00,2011-09-06 12:27:00,94,9,3159.44,2159.0,0.0,0.0,3,5,5,13,Loyal
16172,United Kingdom,2010-07-14 15:34:00,2011-09-05 13:22:00,94,8,1884.55,1419.0,0.0,0.0,3,4,4,11,Loyal
13210,United Kingdom,2011-09-07 08:18:00,2011-09-07 08:18:00,93,1,353.48,316.0,0.0,0.0,3,1,2,6,Others
16175,United Kingdom,2010-05-25 12:01:00,2011-09-06 14:32:00,93,7,1836.44,932.0,0.0,0.0,3,4,4,11,Loyal
12461,Switzerland,2011-07-08 10:23:00,2011-09-06 16:57:00,93,2,826.88,287.0,0.0,0.0,3,2,3,8,Others
15462,United Kingdom,2010-09-20 10:23:00,2011-09-06 13:11:00,93,4,737.05,495.0,0.0,0.0,3,3,3,9,Others
13122,United Kingdom,2011-04-13 14:12:00,2011-09-06 15:53:00,93,2,922.39,585.0,0.0,0.0,3,2,3,8,Others
17339,United Kingdom,2010-07-18 13:08:00,2011-09-06 13:29:00,93,3,243.36,172.0,20.0,0.1163,3,3,1,7,Others
15071,United Kingdom,2010-05-18 12:45:00,2011-09-07 11:43:00,93,4,1455.56,416.0,0.0,0.0,3,3,4,10,Others
13130,United Kingdom,2011-09-06 15:30:00,2011-09-06 15:30:00,93,1,64.0,32.0,0.0,0.0,3,1,1,5,Others
17460,United Kingdom,2010-01-22 13:25:00,2011-09-06 15:04:00,93,16,1937.1,954.0,71.0,0.0744,3,5,4,12,Loyal
15488,United Kingdom,2010-05-05 13:03:00,2011-09-08 10:11:00,92,5,431.92,251.0,0.0,0.0,3,4,2,9,Others
15885,United Kingdom,2010-01-21 12:47:00,2011-09-08 10:43:00,92,15,1737.57,622.0,25.0,0.0402,3,5,4,12,Loyal
13244,United Kingdom,2011-09-08 11:46:00,2011-09-08 11:46:00,92,1,121.74,38.0,0.0,0.0,3,1,1,5,Others
18093,United Kingdom,2010-03-31 10:27:00,2011-09-07 15:43:00,92,8,4429.61,3429.0,11.0,0.0032,3,4,5,12,Loyal
13330,United Kingdom,2010-02-23 10:12:00,2011-09-08 12:27:00,92,6,2806.18,1975.0,0.0,0.0,3,4,4,11,Loyal
15653,United Kingdom,2011-08-16 09:50:00,2011-09-08 10:49:00,92,2,877.44,1200.0,0.0,0.0,3,2,3,8,Others
18222,United Kingdom,2011-09-08 10:45:00,2011-09-08 10:45:00,92,1,443.0,335.0,0.0,0.0,3,1,2,6,Others
13889,United Kingdom,2010-01-22 14:32:00,2011-09-08 09:13:00,92,6,1855.73,979.0,32.0,0.0327,3,4,4,11,Loyal
16828,United Kingdom,2011-08-19 13:24:00,2011-09-07 15:10:00,92,2,128.5,59.0,0.0,0.0,3,2,1,6,Others
13925,United Kingdom,2011-07-28 12:09:00,2011-09-08 12:47:00,92,4,616.65,331.0,4.0,0.0121,3,3,3,9,Others
14414,United Kingdom,2010-11-30 10:12:00,2011-09-09 12:09:00,91,8,2387.48,2877.0,3.0,0.001,3,4,4,11,Loyal
13249,United Kingdom,2010-01-24 12:11:00,2011-09-08 13:26:00,91,9,1608.93,1246.0,0.0,0.0,3,5,4,12,Loyal
14410,United Kingdom,2010-09-28 15:46:00,2011-09-08 15:08:00,91,11,2122.37,1377.0,280.0,0.2033,3,5,4,12,Loyal
16027,United Kingdom,2010-01-08 13:21:00,2011-09-09 10:47:00,91,15,1799.84,2099.0,79.0,0.0376,3,5,4,12,Loyal
15198,United Kingdom,2010-01-19 10:01:00,2011-09-08 14:42:00,91,5,559.45,327.0,2.0,0.0061,3,4,2,9,Others
15400,United Kingdom,2010-05-28 08:33:00,2011-09-08 13:57:00,91,8,1252.8,662.0,30.0,0.0453,3,4,4,11,Loyal
13814,Germany,2010-06-30 14:12:00,2011-09-08 13:48:00,91,3,2239.07,1214.0,3.0,0.0025,3,3,4,10,Others
13441,United Kingdom,2010-10-04 10:38:00,2011-09-09 09:38:00,91,2,720.9,520.0,0.0,0.0,3,2,3,8,Others
14223,United Kingdom,2011-03-20 16:02:00,2011-09-08 13:38:00,91,3,975.23,585.0,2.0,0.0034,3,3,3,9,Others
13848,United Kingdom,2009-12-09 16:17:00,2011-09-08 12:58:00,91,8,3015.0,9200.0,0.0,0.0,3,4,5,12,Loyal
12592,Germany,2010-07-08 14:06:00,2011-09-08 15:04:00,91,5,1152.62,1875.0,3.0,0.0016,3,4,3,10,Loyal
16031,United Kingdom,2011-04-06 14:23:00,2011-09-08 13:07:00,91,2,548.94,423.0,0.0,0.0,3,2,2,7,Others
12535,France,2011-06-06 12:47:00,2011-09-09 08:48:00,91,2,716.35,219.0,0.0,0.0,3,2,3,8,Others
14915,United Kingdom,2009-12-03 10:17:00,2011-09-09 13:34:00,90,11,1752.65,707.0,8.0,0.0113,3,5,4,12,Loyal
15652,United Kingdom,2010-08-11 16:58:00,2011-09-09 14:22:00,90,5,1411.84,659.0,2.0,0.003,3,4,4,11,Loyal
16723,United Kingdom,2009-12-04 13:23:00,2011-09-09 13:01:00,90,4,1301.63,1002.0,0.0,0.0,3,3,4,10,Others
14628,United Kingdom,2010-01-25 14:40:00,2011-09-09 14:58:00,90,5,1998.0,1147.0,0.0,0.0,3,4,4,11,Loyal
15035,United Kingdom,2011-09-11 11:08:00,2011-09-11 11:08:00,89,1,252.73,245.0,0.0,0.0,3,1,1,5,Others
12635,Germany,2010-09-09 10:50:00,2011-09-11 11:04:00,89,4,2930.41,1949.0,0.0,0.0,3,3,5,11,Others
13124,United Kingdom,2010-11-19 15:50:00,2011-09-11 12:45:00,89,4,4782.45,2783.0,0.0,0.0,3,3,5,11,Others
16384,United Kingdom,2010-04-28 14:01:00,2011-09-11 11:19:00,89,4,1358.95,861.0,0.0,0.0,3,3,4,10,Others
14837,United Kingdom,2010-01-24 10:20:00,2011-09-11 10:58:00,89,9,3445.82,3030.0,8.0,0.0026,3,5,5,13,Loyal
15939,United Kingdom,2010-11-30 12:07:00,2011-09-11 11:30:00,89,16,9047.64,6260.0,3.0,0.0005,3,5,5,13,Loyal
13372,United Kingdom,2011-09-11 12:46:00,2011-09-11 12:46:00,89,1,378.64,159.0,0.0,0.0,3,1,2,6,Others
14212,United Kingdom,2010-09-20 11:48:00,2011-09-11 12:45:00,89,2,2190.14,2046.0,0.0,0.0,3,2,4,9,Others
15636,United Kingdom,2010-05-19 11:37:00,2011-09-11 11:17:00,89,4,1444.58,560.0,0.0,0.0,3,3,4,10,Others
16209,United Kingdom,2010-06-11 11:58:00,2011-09-12 11:58:00,88,9,4146.78,1895.0,0.0,0.0,3,5,5,13,Loyal
18255,United Kingdom,2010-09-09 16:31:00,2011-09-11 13:16:00,88,2,303.15,201.0,0.0,0.0,3,2,2,7,Others
15980,United Kingdom,2010-06-01 14:40:00,2011-09-12 09:41:00,88,7,6546.28,4862.0,36.0,0.0074,3,4,5,12,Loyal
13611,United Kingdom,2009-12-03 07:57:00,2011-09-11 14:51:00,88,10,3281.03,2002.0,13.0,0.0065,3,5,5,13,Loyal
12965,United Kingdom,2011-09-11 15:31:00,2011-09-11 15:31:00,88,1,771.91,283.0,0.0,0.0,3,1,3,7,Others
18215,United Kingdom,2010-03-26 13:03:00,2011-09-11 16:05:00,88,5,2238.99,1143.0,1.0,0.0009,3,4,4,11,Loyal
14307,United Kingdom,2009-12-07 13:06:00,2011-09-12 09:38:00,88,10,4279.97,2816.0,1.0,0.0004,3,5,5,13,Loyal
16796,United Kingdom,2011-09-11 14:01:00,2011-09-11 14:01:00,88,1,305.62,186.0,0.0,0.0,3,1,2,6,Others
16211,United Kingdom,2010-09-27 15:24:00,2011-09-12 12:11:00,88,3,1086.34,519.0,1.0,0.0019,3,3,3,9,Others
13375,United Kingdom,2010-09-21 08:12:00,2011-09-12 10:19:00,88,2,1786.48,1124.0,1.0,0.0009,3,2,4,9,Others
15216,United Kingdom,2010-03-31 09:52:00,2011-09-13 11:41:00,87,2,486.09,217.0,0.0,0.0,3,2,2,7,Others
16141,United Kingdom,2010-10-18 14:12:00,2011-09-12 13:11:00,87,2,955.94,410.0,0.0,0.0,3,2,3,8,Others
12924,United Kingdom,2009-12-09 12:40:00,2011-09-12 13:55:00,87,12,2423.15,1423.0,11.0,0.0077,3,5,4,12,Loyal
16984,United Kingdom,2010-03-07 15:34:00,2011-09-12 13:43:00,87,9,10599.42,5330.0,33.0,0.0062,3,5,5,13,Loyal
15673,United Kingdom,2010-02-22 14:28:00,2011-09-12 16:12:00,87,9,6409.84,3361.0,1.0,0.0003,3,5,5,13,Loyal
16098,United Kingdom,2009-12-15 09:40:00,2011-09-13 09:59:00,87,14,4017.5,2016.0,0.0,0.0,3,5,5,13,Loyal
15996,United Kingdom,2010-11-07 15:49:00,2011-09-12 15:14:00,87,7,1407.75,652.0,2.0,0.0031,3,4,4,11,Loyal
12884,United Kingdom,2011-09-12 13:10:00,2011-09-12 13:10:00,87,1,309.05,43.0,0.0,0.0,3,1,2,6,Others
17037,United Kingdom,2011-09-13 12:49:00,2011-09-13 12:49:00,87,1,1253.22,656.0,4.0,0.0061,3,1,4,8,Others
15764,United Kingdom,2010-08-18 13:58:00,2011-09-12 17:58:00,87,8,4453.28,2945.0,20.0,0.0068,3,4,5,12,Loyal
16451,United Kingdom,2009-12-04 15:11:00,2011-09-13 09:17:00,87,3,1009.4,524.0,3.0,0.0057,3,3,3,9,Others
17919,United Kingdom,2010-09-27 10:40:00,2011-09-12 13:41:00,87,2,1840.32,1452.0,0.0,0.0,3,2,4,9,Others
17433,United Kingdom,2010-11-19 13:37:00,2011-09-12 14:24:00,87,2,569.96,305.0,0.0,0.0,3,2,2,7,Others
16475,United Kingdom,2011-03-11 09:39:00,2011-09-12 14:37:00,87,4,544.3,319.0,0.0,0.0,3,3,2,8,Others
14500,United Kingdom,2011-06-03 10:08:00,2011-09-12 16:45:00,87,3,356.85,117.0,0.0,0.0,3,3,2,8,Others
16036,United Kingdom,2010-03-29 14:47:00,2011-09-13 14:53:00,86,4,2556.84,1369.0,0.0,0.0,3,3,4,10,Others
14163,United Kingdom,2010-09-03 17:15:00,2011-09-13 15:18:00,86,5,2594.62,950.0,0.0,0.0,3,4,4,11,Loyal
16959,United Kingdom,2011-09-13 15:03:00,2011-09-13 15:03:00,86,1,117.35,49.0,0.0,0.0,3,1,1,5,Others
14753,United Kingdom,2010-09-05 11:04:00,2011-09-13 14:50:00,86,2,869.51,412.0,0.0,0.0,3,2,3,8,Others
16745,United Kingdom,2011-02-01 11:31:00,2011-09-14 11:58:00,86,17,7170.7,6735.0,8.0,0.0012,3,5,5,13,Loyal
15343,United Kingdom,2011-09-13 13:55:00,2011-09-13 13:55:00,86,1,364.5,84.0,0.0,0.0,3,1,2,6,Others
16229,United Kingdom,2010-05-24 12:59:00,2011-09-13 17:16:00,86,6,2835.36,1292.0,6.0,0.0046,3,4,4,11,Loyal
17640,United Kingdom,2010-03-23 09:15:00,2011-09-14 09:13:00,86,6,3107.59,1692.0,21.0,0.0124,3,4,5,12,Loyal
12756,Japan,2011-09-14 09:31:00,2011-09-14 09:31:00,86,1,112.08,144.0,0.0,0.0,3,1,1,5,Others
15201,United Kingdom,2010-04-07 14:50:00,2011-09-13 14:53:00,86,7,1525.9,1660.0,251.0,0.1512,3,4,4,11,Loyal
14660,United Kingdom,2011-08-31 10:40:00,2011-09-14 11:34:00,86,2,285.74,228.0,0.0,0.0,3,2,2,7,Others
18251,United Kingdom,2009-12-22 12:01:00,2011-09-13 15:03:00,86,9,26278.86,39639.0,0.0,0.0,3,5,5,13,Loyal
18173,United Kingdom,2010-04-06 10:43:00,2011-09-14 11:26:00,86,5,2696.36,1730.0,0.0,0.0,3,4,4,11,Loyal
17033,United Kingdom,2010-11-07 12:55:00,2011-09-14 14:34:00,85,4,1332.79,871.0,0.0,0.0,3,3,4,10,Others
17002,United Kingdom,2010-03-08 15:46:00,2011-09-15 12:40:00,85,7,2565.6,1265.0,1.0,0.0008,3,4,4,11,Loyal
13662,United Kingdom,2010-02-19 13:21:00,2011-09-15 12:04:00,85,11,2183.13,1179.0,27.0,0.0229,3,5,4,12,Loyal
13134,United Kingdom,2010-10-19 13:21:00,2011-09-15 10:35:00,85,6,2422.28,1364.0,15.0,0.011,3,4,4,11,Loyal
17347,United Kingdom,2011-09-14 13:12:00,2011-09-14 13:12:00,85,1,228.96,216.0,0.0,0.0,3,1,1,5,Others
14177,United Kingdom,2010-02-26 11:59:00,2011-09-14 15:11:00,85,13,2224.39,1048.0,1.0,0.001,3,5,4,12,Loyal
12566,Germany,2011-09-14 14:30:00,2011-09-14 14:30:00,85,1,346.7,265.0,1.0,0.0038,3,1,2,6,Others
13518,United Kingdom,2011-09-15 10:29:00,2011-09-15 10:29:00,85,1,659.44,392.0,0.0,0.0,3,1,3,7,Others
13539,United Kingdom,2010-04-28 12:04:00,2011-09-15 10:18:00,85,7,1531.26,710.0,12.0,0.0169,3,4,4,11,Loyal
13877,United Kingdom,2010-01-19 10:53:00,2011-09-14 15:49:00,85,3,446.33,478.0,3.0,0.0063,3,3,2,8,Others
17333,United Kingdom,2011-09-15 10:11:00,2011-09-15 10:11:00,85,1,494.25,375.0,0.0,0.0,3,1,2,6,Others
15322,United Kingdom,2010-08-20 13:10:00,2011-09-15 09:34:00,85,2,1314.15,971.0,51.0,0.0525,3,2,4,9,Others
14557,United Kingdom,2011-09-15 15:48:00,2011-09-15 15:48:00,84,1,0.0,510.0,510.0,1.0,3,1,1,5,Others
17594,United Kingdom,2010-04-14 08:53:00,2011-09-15 16:34:00,84,4,2497.88,1368.0,0.0,0.0,3,3,4,10,Others
16108,United Kingdom,2010-03-18 14:14:00,2011-09-16 11:48:00,84,4,2171.93,1473.0,27.0,0.0183,3,3,4,10,Others
14894,United Kingdom,2009-12-02 10:42:00,2011-09-15 13:51:00,84,3,1412.21,603.0,12.0,0.0199,3,3,4,10,Others
17047,United Kingdom,2009-12-08 08:48:00,2011-09-15 13:27:00,84,6,2289.23,1184.0,0.0,0.0,3,4,4,11,Loyal
17898,United Kingdom,2010-05-21 17:22:00,2011-09-15 14:56:00,84,4,299.18,251.0,0.0,0.0,3,3,2,8,Others
13141,United Kingdom,2009-12-09 13:34:00,2011-09-16 09:54:00,84,17,7536.63,5169.0,35.0,0.0068,3,5,5,13,Loyal
12722,France,2011-07-12 11:55:00,2011-09-15 14:50:00,84,4,904.33,566.0,6.0,0.0106,3,3,3,9,Others
17786,United Kingdom,2011-01-26 14:35:00,2011-09-15 12:51:00,84,2,278.74,200.0,0.0,0.0,3,2,2,7,Others
12995,United Kingdom,2011-09-15 15:44:00,2011-09-15 15:44:00,84,1,200.72,108.0,10.0,0.0926,3,1,1,5,Others
15417,United Kingdom,2011-09-15 15:26:00,2011-09-15 15:26:00,84,1,508.8,284.0,0.0,0.0,3,1,2,6,Others
12434,Australia,2010-11-23 13:38:00,2011-09-16 12:38:00,84,3,1062.48,532.0,21.0,0.0395,3,3,3,9,Others
17846,United Kingdom,2011-09-15 15:20:00,2011-09-15 15:20:00,84,1,2033.1,1.0,0.0,0.0,3,1,4,8,Others
16573,United Kingdom,2011-02-22 15:14:00,2011-09-16 09:13:00,84,2,648.41,360.0,6.0,0.0167,3,2,3,8,Others
16709,United Kingdom,2009-12-09 13:16:00,2011-09-16 10:56:00,84,14,9087.46,3276.0,0.0,0.0,3,5,5,13,Loyal
15205,United Kingdom,2011-08-04 16:07:00,2011-09-15 19:36:00,84,2,648.83,378.0,1.0,0.0026,3,2,3,8,Others
15466,United Kingdom,2009-12-03 12:28:00,2011-09-15 14:08:00,84,4,1571.01,944.0,0.0,0.0,3,3,4,10,Others
15410,United Kingdom,2010-04-19 08:57:00,2011-09-16 14:47:00,83,10,4685.72,1902.0,0.0,0.0,3,5,5,13,Loyal
15099,United Kingdom,2011-09-16 13:13:00,2011-09-16 13:13:00,83,1,410.48,343.0,0.0,0.0,3,1,2,6,Others
16878,United Kingdom,2011-09-16 17:39:00,2011-09-16 17:39:00,83,1,0.0,12.0,12.0,1.0,3,1,1,5,Others
13563,United Kingdom,2011-07-22 17:21:00,2011-09-16 14:45:00,83,2,777.53,209.0,0.0,0.0,3,2,3,8,Others
15523,United Kingdom,2009-12-02 15:16:00,2011-09-16 16:29:00,83,16,17220.04,15873.0,23.0,0.0014,3,5,5,13,Loyal
14124,United Kingdom,2011-09-16 13:32:00,2011-09-16 13:32:00,83,1,419.58,1618.0,0.0,0.0,3,1,2,6,Others
12871,United Kingdom,2010-09-26 10:34:00,2011-09-16 15:07:00,83,3,744.02,484.0,0.0,0.0,3,3,3,9,Others
15975,United Kingdom,2011-09-16 13:33:00,2011-09-16 13:33:00,83,1,371.01,243.0,0.0,0.0,3,1,2,6,Others
15947,United Kingdom,2011-09-18 10:46:00,2011-09-18 10:46:00,82,1,1708.24,898.0,0.0,0.0,3,1,4,8,Others
18232,United Kingdom,2011-05-26 16:30:00,2011-09-19 11:49:00,81,4,582.47,302.0,3.0,0.0099,3,3,2,8,Others
16370,United Kingdom,2011-04-28 16:40:00,2011-09-18 15:55:00,81,4,1320.56,647.0,0.0,0.0,3,3,4,10,Others
13067,United Kingdom,2010-09-19 13:43:00,2011-09-18 13:38:00,81,3,508.51,131.0,0.0,0.0,3,3,2,8,Others
13325,United Kingdom,2011-09-19 10:36:00,2011-09-19 10:36:00,81,1,675.3,240.0,0.0,0.0,3,1,3,7,Others
14934,Channel Islands,2010-09-24 12:08:00,2011-09-19 10:10:00,81,5,2444.1,2100.0,654.0,0.3114,3,4,4,11,Loyal
13774,United Kingdom,2011-09-19 12:06:00,2011-09-19 12:06:00,81,1,345.0,192.0,0.0,0.0,3,1,2,6,Others
13562,United Kingdom,2010-01-14 16:33:00,2011-09-19 10:51:00,81,8,4838.18,1603.0,0.0,0.0,3,4,5,12,Loyal
13334,United Kingdom,2010-02-25 12:21:00,2011-09-18 15:21:00,81,5,6257.0,3227.0,1.0,0.0003,3,4,5,12,Loyal
17058,United Kingdom,2011-04-14 09:18:00,2011-09-19 10:13:00,81,3,1179.89,592.0,0.0,0.0,3,3,3,9,Others
17802,United Kingdom,2009-12-13 13:39:00,2011-09-18 14:56:00,81,10,4815.64,2711.0,31.0,0.0114,3,5,5,13,Loyal
18094,United Kingdom,2010-01-07 11:16:00,2011-09-19 09:28:00,81,13,6322.62,4164.0,36.0,0.0086,3,5,5,13,Loyal
18194,United Kingdom,2010-01-28 15:30:00,2011-09-18 13:29:00,81,6,4084.2,1774.0,184.0,0.1037,3,4,5,12,Loyal
12497,Germany,2010-03-05 09:39:00,2011-09-19 12:29:00,81,3,6211.75,5685.0,1.0,0.0002,3,3,5,11,Others
12379,Belgium,2010-06-23 12:49:00,2011-09-19 10:09:00,81,4,1618.27,815.0,1.0,0.0012,3,3,4,10,Others
16080,United Kingdom,2010-09-15 14:19:00,2011-09-19 10:42:00,81,4,472.9,298.0,42.0,0.1409,3,3,2,8,Others
16906,United Kingdom,2010-05-13 13:23:00,2011-09-19 11:49:00,81,7,1448.8,613.0,0.0,0.0,3,4,4,11,Loyal
12527,Germany,2010-06-28 15:37:00,2011-09-19 11:55:00,81,5,735.51,526.0,0.0,0.0,3,4,3,10,Loyal
16215,United Kingdom,2011-09-20 10:18:00,2011-09-20 10:18:00,80,1,242.35,104.0,0.0,0.0,3,1,1,5,Others
12752,Norway,2011-09-19 13:32:00,2011-09-19 13:32:00,80,1,4366.78,2262.0,0.0,0.0,3,1,5,9,Others
15675,United Kingdom,2010-10-31 14:14:00,2011-09-19 13:48:00,80,4,542.04,624.0,0.0,0.0,3,3,2,8,Others
13228,United Kingdom,2011-09-19 14:28:00,2011-09-19 14:28:00,80,1,358.0,200.0,0.0,0.0,3,1,2,6,Others
15341,United Kingdom,2010-09-16 16:41:00,2011-09-20 09:40:00,80,2,2401.02,1008.0,2.0,0.002,3,2,4,9,Others
16527,United Kingdom,2010-10-11 13:25:00,2011-09-19 16:21:00,80,2,1272.44,726.0,0.0,0.0,3,2,4,9,Others
17848,United Kingdom,2009-12-06 13:19:00,2011-09-19 16:49:00,80,30,3638.15,1438.0,1.0,0.0007,3,5,5,13,Loyal
15504,United Kingdom,2010-02-12 12:34:00,2011-09-19 13:45:00,80,4,413.9,148.0,1.0,0.0068,3,3,2,8,Others
18017,United Kingdom,2010-10-04 15:11:00,2011-09-19 16:15:00,80,4,688.0,400.0,0.0,0.0,3,3,3,9,Others
14236,United Kingdom,2010-07-22 14:27:00,2011-09-20 09:13:00,80,5,1543.44,774.0,2.0,0.0026,3,4,4,11,Loyal
16624,United Kingdom,2011-05-26 14:20:00,2011-09-20 12:39:00,80,2,810.57,488.0,0.0,0.0,3,2,3,8,Others
17628,United Kingdom,2011-09-19 15:21:00,2011-09-19 15:21:00,80,1,75.75,79.0,0.0,0.0,3,1,1,5,Others
15888,United Kingdom,2010-07-01 11:51:00,2011-09-20 12:30:00,80,3,402.12,139.0,16.0,0.1151,3,3,2,8,Others
12390,Belgium,2011-09-21 09:33:00,2011-09-21 09:33:00,79,1,549.84,353.0,0.0,0.0,3,1,2,6,Others
12435,Denmark,2009-12-02 13:58:00,2011-09-21 09:06:00,79,6,13925.93,4958.0,0.0,0.0,3,4,5,12,Loyal
16584,United Kingdom,2010-02-16 10:41:00,2011-09-20 13:45:00,79,5,3085.47,1919.0,28.0,0.0146,3,4,5,12,Loyal
13038,United Kingdom,2011-02-22 11:43:00,2011-09-20 14:37:00,79,3,908.46,360.0,0.0,0.0,3,3,3,9,Others
17415,United Kingdom,2011-09-21 12:50:00,2011-09-21 12:50:00,79,1,507.84,114.0,0.0,0.0,3,1,2,6,Others
16777,United Kingdom,2010-03-17 12:42:00,2011-09-20 13:41:00,79,5,1277.01,475.0,5.0,0.0105,3,4,4,11,Loyal
13356,United Kingdom,2011-09-20 14:33:00,2011-09-20 14:33:00,79,1,768.24,325.0,0.0,0.0,3,1,3,7,Others
16493,United Kingdom,2010-03-26 13:05:00,2011-09-21 11:10:00,79,7,2110.12,1988.0,51.0,0.0257,3,4,4,11,Loyal
14356,United Kingdom,2011-09-19 14:43:00,2011-09-21 09:18:00,79,2,666.94,277.0,11.0,0.0397,3,2,3,8,Others
15026,United Kingdom,2010-09-17 13:52:00,2011-09-20 13:52:00,79,5,1061.61,673.0,0.0,0.0,3,4,3,10,Loyal
17873,United Kingdom,2009-12-16 15:11:00,2011-09-20 16:41:00,79,18,6014.41,4183.0,552.0,0.132,3,5,5,13,Loyal
16928,United Kingdom,2010-02-03 12:30:00,2011-09-20 15:10:00,79,29,3877.33,2662.0,69.0,0.0259,3,5,5,13,Loyal
13908,United Kingdom,2011-03-08 12:04:00,2011-09-21 11:49:00,79,4,2347.05,1478.0,8.0,0.0054,3,3,4,10,Others
12701,Germany,2010-03-16 13:23:00,2011-09-21 10:47:00,79,6,2446.41,1727.0,0.0,0.0,3,4,4,11,Loyal
14887,United Kingdom,2011-09-21 15:32:00,2011-09-21 15:32:00,78,1,1862.0,1100.0,0.0,0.0,3,1,4,8,Others
14951,United Kingdom,2011-09-21 15:15:00,2011-09-21 15:15:00,78,1,311.69,311.0,0.0,0.0,3,1,2,6,Others
12409,Switzerland,2010-05-23 15:21:00,2011-09-22 10:38:00,78,7,23090.47,13143.0,116.0,0.0088,3,4,5,12,Loyal
13946,United Kingdom,2009-12-04 11:07:00,2011-09-21 13:33:00,78,6,1745.43,2847.0,24.0,0.0084,3,4,4,11,Loyal
16213,United Kingdom,2011-09-22 10:03:00,2011-09-22 10:03:00,78,1,159.0,48.0,0.0,0.0,3,1,1,5,Others
16627,United Kingdom,2011-09-21 14:38:00,2011-09-21 14:38:00,78,1,322.8,162.0,0.0,0.0,3,1,2,6,Others
17027,United Kingdom,2009-12-10 12:10:00,2011-09-22 12:24:00,78,9,1285.41,653.0,6.0,0.0092,3,5,4,12,Loyal
13959,United Kingdom,2010-07-16 15:11:00,2011-09-21 15:06:00,78,6,1076.18,700.0,0.0,0.0,3,4,3,10,Loyal
12520,Germany,2011-03-11 11:35:00,2011-09-21 15:23:00,78,5,2582.51,1439.0,9.0,0.0063,3,4,4,11,Loyal
15603,United Kingdom,2010-03-01 16:02:00,2011-09-22 10:04:00,78,2,74.73,128.0,11.0,0.0859,3,2,1,6,Others
17172,United Kingdom,2009-12-13 11:46:00,2011-09-22 09:36:00,78,3,910.99,1215.0,17.0,0.014,3,3,3,9,Others
13529,United Kingdom,2011-05-19 11:50:00,2011-09-22 09:15:00,78,2,307.76,74.0,0.0,0.0,3,2,2,7,Others
12604,France,2011-03-23 12:06:00,2011-09-21 14:08:00,78,2,254.18,201.0,0.0,0.0,3,2,1,6,Others
15810,United Kingdom,2010-02-04 18:18:00,2011-09-22 09:38:00,78,8,2724.8,1653.0,143.0,0.0865,3,4,4,11,Loyal
17731,United Kingdom,2010-02-09 12:37:00,2011-09-21 15:02:00,78,6,1347.08,707.0,101.0,0.1429,3,4,4,11,Loyal
12854,United Kingdom,2009-12-11 12:55:00,2011-09-22 12:15:00,78,7,2922.37,1635.0,21.0,0.0128,3,4,5,12,Loyal
17475,United Kingdom,2011-09-21 14:55:00,2011-09-21 14:55:00,78,1,194.37,178.0,0.0,0.0,3,1,1,5,Others
16735,United Kingdom,2009-12-08 09:24:00,2011-09-22 11:49:00,78,14,5632.01,4281.0,309.0,0.0722,3,5,5,13,Loyal
12550,Spain,2011-09-21 14:35:00,2011-09-21 14:35:00,78,1,964.83,569.0,0.0,0.0,3,1,3,7,Others
13220,United Kingdom,2010-05-13 10:35:00,2011-09-22 13:38:00,77,5,1336.09,396.0,0.0,0.0,3,4,4,11,Loyal
17388,United Kingdom,2009-12-10 11:45:00,2011-09-23 10:31:00,77,11,2691.57,2567.0,0.0,0.0,3,5,4,12,Loyal
13279,United Kingdom,2011-09-22 17:24:00,2011-09-22 17:24:00,77,1,126.3,73.0,3.0,0.0411,3,1,1,5,Others
13320,United Kingdom,2010-08-18 10:29:00,2011-09-22 18:07:00,77,6,2160.95,1519.0,37.0,0.0244,3,4,4,11,Loyal
12930,United Kingdom,2011-06-21 13:25:00,2011-09-22 15:18:00,77,2,409.9,252.0,2.0,0.0079,3,2,2,7,Others
18189,United Kingdom,2010-03-24 09:57:00,2011-09-23 12:40:00,77,3,1396.58,836.0,3.0,0.0036,3,3,4,10,Others
14038,United Kingdom,2010-02-04 08:56:00,2011-09-22 13:37:00,77,5,3000.93,1708.0,11.0,0.0064,3,4,5,12,Loyal
16236,United Kingdom,2011-09-22 14:10:00,2011-09-22 14:10:00,77,1,432.2,184.0,0.0,0.0,3,1,2,6,Others
13486,United Kingdom,2011-07-07 17:19:00,2011-09-22 13:13:00,77,3,1122.41,669.0,0.0,0.0,3,3,3,9,Others
15075,United Kingdom,2011-09-23 12:27:00,2011-09-23 12:27:00,77,1,773.03,447.0,0.0,0.0,3,1,3,7,Others
13519,United Kingdom,2010-09-23 11:45:00,2011-09-22 18:24:00,77,2,331.26,133.0,1.0,0.0075,3,2,2,7,Others
16715,United Kingdom,2010-05-26 12:35:00,2011-09-22 18:15:00,77,2,625.52,1174.0,0.0,0.0,3,2,3,8,Others
12739,United Arab Emirates,2010-11-10 14:27:00,2011-09-22 13:00:00,77,4,2726.73,951.0,0.0,0.0,3,3,4,10,Others
12425,Portugal,2010-09-17 14:10:00,2011-09-22 17:31:00,77,2,1680.81,1147.0,44.0,0.0384,3,2,4,9,Others
15067,United Kingdom,2010-04-11 15:54:00,2011-09-22 13:20:00,77,5,3865.13,2163.0,1.0,0.0005,3,4,5,12,Loyal
13127,United Kingdom,2011-09-23 10:26:00,2011-09-23 10:26:00,77,1,259.17,127.0,0.0,0.0,3,1,1,5,Others
14854,United Kingdom,2010-01-22 09:48:00,2011-09-22 17:00:00,77,11,4302.17,2999.0,13.0,0.0043,3,5,5,13,Loyal
12516,Germany,2010-04-19 14:14:00,2011-09-23 09:13:00,77,4,2648.62,1952.0,0.0,0.0,3,3,4,10,Others
17603,United Kingdom,2009-12-10 09:44:00,2011-09-22 14:18:00,77,4,120.01,640.0,130.0,0.2031,3,3,1,7,Others
13055,United Kingdom,2010-10-06 08:17:00,2011-09-22 14:26:00,77,4,2292.51,1821.0,16.0,0.0088,3,3,4,10,Others
14147,United Kingdom,2010-03-09 13:43:00,2011-09-22 18:10:00,77,9,2019.3,995.0,158.0,0.1588,3,5,4,12,Loyal
16978,United Kingdom,2010-02-11 16:27:00,2011-09-23 12:50:00,77,3,768.88,285.0,0.0,0.0,3,3,3,9,Others
17079,United Kingdom,2011-09-22 15:34:00,2011-09-22 15:34:00,77,1,118.8,24.0,0.0,0.0,3,1,1,5,Others
17311,United Kingdom,2010-02-03 12:38:00,2011-09-22 14:11:00,77,6,3490.66,2755.0,46.0,0.0167,3,4,5,12,Loyal
12579,France,2011-09-22 17:15:00,2011-09-22 17:15:00,77,1,410.72,285.0,7.0,0.0246,3,1,2,6,Others
17480,United Kingdom,2010-09-21 12:31:00,2011-09-23 11:39:00,77,2,896.72,593.0,2.0,0.0034,3,2,3,8,Others
12609,Germany,2009-12-20 13:30:00,2011-09-22 16:34:00,77,9,3417.86,1553.0,1.0,0.0006,3,5,5,13,Loyal
15744,United Kingdom,2011-09-23 09:52:00,2011-09-23 09:52:00,77,1,34.8,120.0,0.0,0.0,3,1,1,5,Others
15978,United Kingdom,2010-03-05 14:39:00,2011-09-23 15:21:00,76,3,3272.62,2444.0,4.0,0.0016,3,3,5,11,Others
16485,United Kingdom,2009-12-06 12:28:00,2011-09-23 15:50:00,76,5,2137.68,1154.0,27.0,0.0234,3,4,4,11,Loyal
14880,United Kingdom,2011-02-24 12:27:00,2011-09-23 13:42:00,76,3,706.19,373.0,0.0,0.0,3,3,3,9,Others
16872,United Kingdom,2010-09-02 17:36:00,2011-09-23 16:05:00,76,6,1213.13,1079.0,0.0,0.0,3,4,4,11,Loyal
15549,United Kingdom,2010-01-11 13:16:00,2011-09-23 16:22:00,76,8,2308.46,940.0,10.0,0.0106,3,4,4,11,Loyal
15475,United Kingdom,2011-09-23 15:20:00,2011-09-23 15:20:00,76,1,454.11,319.0,0.0,0.0,3,1,2,6,Others
14652,United Kingdom,2011-09-23 14:21:00,2011-09-23 14:21:00,76,1,114.18,53.0,0.0,0.0,3,1,1,5,Others
14014,United Kingdom,2010-05-12 09:04:00,2011-09-23 13:18:00,76,3,1948.21,2004.0,0.0,0.0,3,3,4,10,Others
13336,United Kingdom,2011-09-23 14:05:00,2011-09-23 14:05:00,76,1,795.12,559.0,0.0,0.0,3,1,3,7,Others
16689,United Kingdom,2011-09-18 13:29:00,2011-09-25 11:39:00,75,2,303.26,330.0,162.0,0.4909,3,2,2,7,Others
16480,United Kingdom,2011-09-25 11:40:00,2011-09-25 11:40:00,75,1,769.29,455.0,0.0,0.0,3,1,3,7,Others
13787,United Kingdom,2010-01-14 10:13:00,2011-09-25 12:06:00,75,6,1173.7,998.0,11.0,0.011,3,4,3,10,Loyal
17506,United Kingdom,2011-09-25 11:39:00,2011-09-25 11:39:00,75,1,294.29,139.0,3.0,0.0216,3,1,2,6,Others
15799,United Kingdom,2010-10-17 14:26:00,2011-09-25 12:46:00,75,4,1424.29,1342.0,0.0,0.0,3,3,4,10,Others
17498,United Kingdom,2011-09-25 12:25:00,2011-09-25 12:25:00,75,1,272.22,394.0,0.0,0.0,3,1,2,6,Others
14561,United Kingdom,2011-06-08 13:26:00,2011-09-25 12:39:00,75,3,1080.76,1014.0,0.0,0.0,3,3,3,9,Others
15366,United Kingdom,2010-02-26 10:10:00,2011-09-25 15:01:00,74,7,2389.08,2447.0,0.0,0.0,3,4,4,11,Loyal
14152,United Kingdom,2010-02-18 13:57:00,2011-09-25 12:54:00,74,7,1975.44,1844.0,18.0,0.0098,3,4,4,11,Loyal
13670,United Kingdom,2011-09-25 15:25:00,2011-09-25 15:25:00,74,1,349.7,282.0,0.0,0.0,3,1,2,6,Others
16594,United Kingdom,2011-09-25 14:08:00,2011-09-25 14:08:00,74,1,181.09,64.0,0.0,0.0,3,1,1,5,Others
13390,United Kingdom,2011-09-26 08:38:00,2011-09-26 08:38:00,74,1,544.08,224.0,0.0,0.0,3,1,2,6,Others
15154,United Kingdom,2010-08-18 17:41:00,2011-09-25 16:05:00,74,3,1332.26,349.0,7.0,0.0201,3,3,4,10,Others
12348,Finland,2010-09-27 14:59:00,2011-09-25 13:13:00,74,5,2019.4,2714.0,0.0,0.0,3,4,4,11,Loyal
16603,United Kingdom,2011-09-09 13:02:00,2011-09-26 10:06:00,74,2,482.47,480.0,0.0,0.0,3,2,2,7,Others
14235,United Kingdom,2010-03-30 13:36:00,2011-09-25 14:37:00,74,9,4666.99,3014.0,12.0,0.004,3,5,5,13,Loyal
18066,United Kingdom,2010-10-20 11:42:00,2011-09-25 15:30:00,74,3,1440.4,535.0,0.0,0.0,3,3,4,10,Others
14757,United Kingdom,2011-09-25 14:36:00,2011-09-25 14:36:00,74,1,420.5,160.0,0.0,0.0,3,1,2,6,Others
12823,United Kingdom,2010-01-29 12:52:00,2011-09-26 07:35:00,74,18,6501.5,930.0,0.0,0.0,3,5,5,13,Loyal
12545,Spain,2011-03-25 12:04:00,2011-09-25 13:39:00,74,2,1000.39,523.0,0.0,0.0,3,2,3,8,Others
13927,United Kingdom,2010-09-28 16:12:00,2011-09-26 12:00:00,74,2,689.96,463.0,6.0,0.013,3,2,3,8,Others
17154,United Kingdom,2011-09-25 13:42:00,2011-09-25 13:42:00,74,1,329.34,490.0,0.0,0.0,3,1,2,6,Others
14806,United Kingdom,2010-09-26 15:50:00,2011-09-25 15:32:00,74,2,303.43,423.0,0.0,0.0,3,2,2,7,Others
16383,United Kingdom,2010-02-04 13:18:00,2011-09-26 12:45:00,74,7,2910.84,1620.0,8.0,0.0049,3,4,5,12,Loyal
16342,United Kingdom,2011-06-13 10:10:00,2011-09-25 14:36:00,74,4,322.41,157.0,0.0,0.0,3,3,2,8,Others
16198,United Kingdom,2010-09-28 13:59:00,2011-09-25 14:58:00,74,2,1030.041,384.0,0.0,0.0,3,2,3,8,Others
18155,United Kingdom,2011-02-21 10:36:00,2011-09-25 13:32:00,74,3,347.82,266.0,8.0,0.0301,3,3,2,8,Others
12412,Denmark,2010-06-18 13:22:00,2011-09-26 10:16:00,74,6,2581.03,1997.0,6.0,0.003,3,4,4,11,Loyal
15312,United Kingdom,2009-12-16 09:23:00,2011-09-25 13:10:00,74,12,2916.49,1693.0,4.0,0.0024,3,5,5,13,Loyal
15626,United Kingdom,2010-10-14 17:16:00,2011-09-26 10:03:00,74,3,1049.37,1138.0,5.0,0.0044,3,3,3,9,Others
14908,United Kingdom,2010-09-02 16:39:00,2011-09-26 12:56:00,73,2,381.9,182.0,0.0,0.0,3,2,2,7,Others
13639,United Kingdom,2010-09-29 10:05:00,2011-09-26 13:36:00,73,2,1346.27,997.0,0.0,0.0,3,2,4,9,Others
13434,United Kingdom,2010-02-22 09:54:00,2011-09-26 14:30:00,73,5,1666.86,864.0,0.0,0.0,3,4,4,11,Loyal
12612,Germany,2011-09-26 15:35:00,2011-09-26 15:35:00,73,1,643.59,262.0,11.0,0.042,3,1,3,7,Others
15243,United Kingdom,2010-09-30 17:28:00,2011-09-26 14:12:00,73,2,927.28,543.0,0.0,0.0,3,2,3,8,Others
13514,United Kingdom,2010-01-26 15:11:00,2011-09-27 09:39:00,73,4,815.9,288.0,0.0,0.0,3,3,3,9,Others
13233,United Kingdom,2010-01-14 14:10:00,2011-09-26 13:25:00,73,4,1176.46,1604.0,0.0,0.0,3,3,3,9,Others
15958,United Kingdom,2010-06-07 10:59:00,2011-09-26 13:41:00,73,4,492.99,164.0,0.0,0.0,3,3,2,8,Others
14818,United Kingdom,2010-03-02 12:48:00,2011-09-27 11:01:00,73,6,1170.41,546.0,0.0,0.0,3,4,3,10,Loyal
13866,United Kingdom,2011-09-26 14:54:00,2011-09-26 14:54:00,73,1,145.67,57.0,0.0,0.0,3,1,1,5,Others
17061,United Kingdom,2011-04-21 13:29:00,2011-09-27 11:24:00,73,11,5116.13,1526.0,42.0,0.0275,3,5,5,13,Loyal
17805,United Kingdom,2010-04-08 14:36:00,2011-09-27 11:49:00,73,2,927.03,1126.0,0.0,0.0,3,2,3,8,Others
16462,United Kingdom,2011-03-01 08:58:00,2011-09-27 10:24:00,73,3,102.0,16.0,4.0,0.25,3,3,1,7,Others
16629,United Kingdom,2011-09-04 16:12:00,2011-09-27 10:34:00,73,2,417.73,493.0,0.0,0.0,3,2,2,7,Others
14101,United Kingdom,2010-03-28 13:36:00,2011-09-27 12:28:00,73,13,9942.13,10542.0,12.0,0.0011,3,5,5,13,Loyal
17674,United Kingdom,2010-12-06 10:20:00,2011-09-26 13:35:00,73,2,551.04,672.0,0.0,0.0,3,2,2,7,Others
17997,United Kingdom,2011-06-28 17:28:00,2011-09-26 16:13:00,73,8,1511.3,2298.0,220.0,0.0957,3,4,4,11,Loyal
12987,United Kingdom,2010-01-20 09:57:00,2011-09-27 12:03:00,73,5,1298.51,585.0,2.0,0.0034,3,4,4,11,Loyal
16468,United Kingdom,2010-08-15 13:10:00,2011-09-26 14:13:00,73,3,787.52,371.0,0.0,0.0,3,3,3,9,Others
13405,United Kingdom,2009-12-15 14:13:00,2011-09-26 17:01:00,73,6,1196.561,855.0,7.0,0.0082,3,4,4,11,Loyal
18278,United Kingdom,2010-10-31 12:13:00,2011-09-27 11:58:00,73,2,414.2,140.0,0.0,0.0,3,2,2,7,Others
14272,United Kingdom,2010-05-06 14:01:00,2011-09-27 10:08:00,73,4,920.81,1097.0,0.0,0.0,3,3,3,9,Others
13035,United Kingdom,2010-10-04 15:41:00,2011-09-27 08:57:00,73,3,1328.95,926.0,17.0,0.0184,3,3,4,10,Others
14473,United Kingdom,2011-03-02 13:56:00,2011-09-26 15:10:00,73,2,234.34,88.0,0.0,0.0,3,2,1,6,Others
17788,United Kingdom,2011-08-02 10:38:00,2011-09-27 10:09:00,73,2,1117.9,211.0,0.0,0.0,3,2,3,8,Others
16778,United Kingdom,2011-03-10 15:21:00,2011-09-26 13:48:00,73,2,245.94,194.0,0.0,0.0,3,2,1,6,Others
16266,United Kingdom,2010-02-04 16:21:00,2011-09-27 12:08:00,73,14,1757.95,791.0,0.0,0.0,3,5,4,12,Loyal
13555,United Kingdom,2010-01-19 13:20:00,2011-09-27 12:36:00,73,13,8906.34,4827.0,19.0,0.0039,3,5,5,13,Loyal
15674,United Kingdom,2009-12-08 17:08:00,2011-09-27 15:17:00,72,13,6217.85,3648.0,204.0,0.0559,3,5,5,13,Loyal
13979,United Kingdom,2009-12-03 10:02:00,2011-09-27 13:32:00,72,7,3326.83,2296.0,18.0,0.0078,3,4,5,12,Loyal
15841,United Kingdom,2009-12-10 08:29:00,2011-09-28 12:15:00,72,9,2716.5,2391.0,17.0,0.0071,3,5,4,12,Loyal
13397,United Kingdom,2010-01-20 09:50:00,2011-09-28 10:56:00,72,10,3094.11,1336.0,9.0,0.0067,3,5,5,13,Loyal
12455,Spain,2009-12-18 12:33:00,2011-09-27 15:31:00,72,10,5879.95,3302.0,0.0,0.0,3,5,5,13,Loyal
17370,United Kingdom,2011-06-23 11:50:00,2011-09-28 10:14:00,72,4,446.18,540.0,0.0,0.0,3,3,2,8,Others
13505,Switzerland,2011-04-21 12:07:00,2011-09-28 11:56:00,72,4,4282.88,2486.0,25.0,0.0101,3,3,5,11,Others
17591,United Kingdom,2010-01-17 16:09:00,2011-09-27 13:42:00,72,8,2359.12,1040.0,1.0,0.001,3,4,4,11,Loyal
13016,United Kingdom,2011-08-08 15:00:00,2011-09-27 14:08:00,72,3,789.89,527.0,0.0,0.0,3,3,3,9,Others
17656,United Kingdom,2011-08-03 10:45:00,2011-09-27 13:04:00,72,5,1674.69,1399.0,0.0,0.0,3,4,4,11,Loyal
13515,United Kingdom,2010-03-05 11:58:00,2011-09-28 11:26:00,72,6,1265.82,819.0,0.0,0.0,3,4,4,11,Loyal
15827,United Kingdom,2010-01-08 11:25:00,2011-09-27 15:35:00,72,28,3240.03,1715.0,75.0,0.0437,3,5,5,13,Loyal
14109,United Kingdom,2011-09-28 10:18:00,2011-09-28 10:18:00,72,1,80.2,88.0,32.0,0.3636,3,1,1,5,Others
16181,United Kingdom,2011-09-27 13:38:00,2011-09-27 13:38:00,72,1,305.54,152.0,0.0,0.0,3,1,2,6,Others
16122,United Kingdom,2010-10-10 15:26:00,2011-09-27 15:34:00,72,6,895.62,1280.0,0.0,0.0,3,4,3,10,Loyal
16681,United Kingdom,2010-03-08 14:10:00,2011-09-28 11:11:00,72,7,1921.84,1492.0,0.0,0.0,3,4,4,11,Loyal
16650,United Kingdom,2010-07-08 14:18:00,2011-09-29 09:51:00,71,7,1916.11,1511.0,0.0,0.0,3,4,4,11,Loyal
18192,United Kingdom,2011-09-29 09:53:00,2011-09-29 09:53:00,71,1,957.97,339.0,0.0,0.0,3,1,3,7,Others
13061,United Kingdom,2011-09-28 16:04:00,2011-09-28 16:04:00,71,1,248.61,107.0,0.0,0.0,3,1,1,5,Others
17950,United Kingdom,2010-01-04 17:39:00,2011-09-28 15:18:00,71,7,1159.56,661.0,24.0,0.0363,3,4,3,10,Loyal
16281,United Kingdom,2010-01-26 13:41:00,2011-09-28 14:57:00,71,3,3416.52,1570.0,2.0,0.0013,3,3,5,11,Others
16909,United Kingdom,2011-09-28 16:45:00,2011-09-28 16:45:00,71,1,364.14,436.0,2.0,0.0046,3,1,2,6,Others
12393,Australia,2010-10-07 13:49:00,2011-09-28 15:41:00,71,6,2376.75,1311.0,6.0,0.0046,3,4,4,11,Loyal
14947,United Kingdom,2010-03-25 11:29:00,2011-09-28 15:48:00,71,6,1049.79,416.0,0.0,0.0,3,4,3,10,Loyal
17513,United Kingdom,2010-08-17 15:08:00,2011-09-28 16:42:00,71,3,1158.8,440.0,0.0,0.0,3,3,3,9,Others
16321,Australia,2009-12-01 10:36:00,2011-09-28 14:55:00,71,7,265.5,259.0,157.0,0.6062,3,4,1,8,Others
16690,United Kingdom,2010-09-14 15:00:00,2011-09-28 15:02:00,71,4,336.08,209.0,1.0,0.0048,3,3,2,8,Others
13741,United Kingdom,2011-05-06 13:43:00,2011-09-29 09:19:00,71,3,666.33,218.0,1.0,0.0046,3,3,3,9,Others
15348,United Kingdom,2011-09-28 13:17:00,2011-09-28 13:17:00,71,1,158.04,84.0,0.0,0.0,3,1,1,5,Others
13901,United Kingdom,2010-01-05 09:29:00,2011-09-28 14:48:00,71,15,5599.34,3344.0,18.0,0.0054,3,5,5,13,Loyal
17783,United Kingdom,2010-07-15 12:50:00,2011-09-28 16:07:00,71,3,379.91,439.0,0.0,0.0,3,3,2,8,Others
14978,United Kingdom,2010-04-28 10:50:00,2011-09-28 13:07:00,71,10,3106.34,740.0,4.0,0.0054,3,5,5,13,Loyal
12372,Denmark,2011-02-16 12:46:00,2011-09-29 12:12:00,71,3,1298.04,794.0,0.0,0.0,3,3,4,10,Others
18235,United Kingdom,2011-05-06 13:35:00,2011-09-29 08:27:00,71,3,1796.48,1578.0,0.0,0.0,3,3,4,10,Others
14609,United Kingdom,2010-02-09 09:48:00,2011-09-28 12:54:00,71,10,1366.2,12720.0,2400.0,0.1887,3,5,4,12,Loyal
18265,United Kingdom,2011-07-04 15:26:00,2011-09-28 14:10:00,71,2,801.51,311.0,0.0,0.0,3,2,3,8,Others
17819,United Kingdom,2009-12-13 15:24:00,2011-09-29 10:52:00,71,12,5977.25,1610.0,4.0,0.0025,3,5,5,13,Loyal
16182,United Kingdom,2010-03-09 09:34:00,2011-09-28 13:23:00,71,9,9971.65,5887.0,0.0,0.0,3,5,5,13,Loyal
13321,United Kingdom,2011-09-14 15:18:00,2011-09-28 15:24:00,71,2,567.36,372.0,0.0,0.0,3,2,2,7,Others
15175,United Kingdom,2011-09-29 11:31:00,2011-09-29 11:31:00,71,1,224.14,454.0,0.0,0.0,3,1,1,5,Others
15036,United Kingdom,2011-06-13 12:19:00,2011-09-28 15:42:00,71,3,465.55,327.0,0.0,0.0,3,3,2,8,Others
18242,United Kingdom,2010-01-11 08:49:00,2011-09-28 13:43:00,71,8,3605.21,2021.0,0.0,0.0,3,4,5,12,Loyal
15030,United Kingdom,2010-03-04 17:10:00,2011-09-29 10:50:00,71,8,1964.66,1225.0,2.0,0.0016,3,4,4,11,Loyal
14475,United Kingdom,2010-10-27 09:20:00,2011-09-29 10:46:00,71,4,1025.12,541.0,19.0,0.0351,3,3,3,9,Others
17427,United Kingdom,2011-09-29 11:29:00,2011-09-29 11:29:00,71,1,100.8,34.0,0.0,0.0,3,1,1,5,Others
17894,United Kingdom,2010-08-27 14:13:00,2011-09-29 09:23:00,71,18,2290.89,981.0,44.0,0.0449,3,5,4,12,Loyal
16268,United Kingdom,2011-09-29 18:30:00,2011-09-29 18:30:00,70,2,667.65,533.0,0.0,0.0,3,2,3,8,Others
16574,United Kingdom,2010-02-19 11:46:00,2011-09-29 13:39:00,70,3,1301.78,1002.0,0.0,0.0,3,3,4,10,Others
14916,United Kingdom,2010-04-01 10:57:00,2011-09-30 09:20:00,70,8,2888.21,2415.0,36.0,0.0149,3,4,5,12,Loyal
15062,United Kingdom,2010-04-08 15:41:00,2011-09-29 16:51:00,70,8,2585.62,1872.0,0.0,0.0,3,4,4,11,Loyal
17572,United Kingdom,2009-12-15 10:00:00,2011-09-29 17:53:00,70,10,652.21,327.0,0.0,0.0,3,5,3,11,Loyal
15593,United Kingdom,2011-09-30 11:46:00,2011-09-30 11:46:00,70,1,199.8,60.0,0.0,0.0,3,1,1,5,Others
13764,United Kingdom,2010-03-07 12:56:00,2011-09-30 12:03:00,70,6,2953.26,2099.0,0.0,0.0,3,4,5,12,Loyal
13354,United Kingdom,2011-09-29 13:17:00,2011-09-29 13:17:00,70,1,743.53,604.0,0.0,0.0,3,1,3,7,Others
13972,United Kingdom,2011-05-22 11:34:00,2011-09-30 11:54:00,70,2,190.25,187.0,0.0,0.0,3,2,1,6,Others
12728,France,2010-11-21 11:34:00,2011-09-29 15:31:00,70,5,1070.17,543.0,0.0,0.0,3,4,3,10,Loyal
14305,United Kingdom,2011-07-27 14:14:00,2011-09-29 15:29:00,70,3,1803.76,1089.0,20.0,0.0184,3,3,4,10,Others
13886,United Kingdom,2011-09-29 13:17:00,2011-09-29 13:17:00,70,1,243.56,126.0,0.0,0.0,3,1,1,5,Others
13364,United Kingdom,2011-09-29 18:13:00,2011-09-29 18:13:00,70,1,0.0,71.0,71.0,1.0,3,1,1,5,Others
18204,United Kingdom,2011-05-31 15:26:00,2011-09-29 16:44:00,70,3,1979.3,1200.0,2.0,0.0017,3,3,4,10,Others
16589,United Kingdom,2010-09-15 14:56:00,2011-09-29 14:50:00,70,4,612.36,536.0,0.0,0.0,3,3,3,9,Others
17724,United Kingdom,2011-07-24 13:26:00,2011-09-29 15:26:00,70,3,995.65,300.0,11.0,0.0367,3,3,3,9,Others
12822,United Kingdom,2011-09-13 13:46:00,2011-09-30 10:04:00,70,2,918.98,550.0,2.0,0.0036,3,2,3,8,Others
13092,United Kingdom,2010-02-10 08:44:00,2011-09-30 11:18:00,70,12,2007.33,664.0,63.0,0.0949,3,5,4,12,Loyal
13095,United Kingdom,2011-09-30 12:03:00,2011-09-30 12:03:00,70,1,74.4,144.0,0.0,0.0,3,1,1,5,Others
12718,France,2011-09-29 16:38:00,2011-09-29 16:38:00,70,1,238.25,203.0,0.0,0.0,3,1,1,5,Others
17376,United Kingdom,2010-07-05 11:11:00,2011-09-30 12:36:00,70,4,453.64,244.0,0.0,0.0,3,3,2,8,Others
14409,United Kingdom,2010-05-21 16:45:00,2011-09-29 18:18:00,70,9,3276.09,2233.0,72.0,0.0322,3,5,5,13,Loyal
14681,United Kingdom,2010-02-24 08:54:00,2011-09-29 15:52:00,70,6,875.15,172.0,0.0,0.0,3,4,3,10,Loyal
15321,United Kingdom,2010-02-03 09:47:00,2011-09-30 09:40:00,70,12,6560.65,3653.0,39.0,0.0107,3,5,5,13,Loyal
13503,United Kingdom,2010-02-16 13:49:00,2011-09-29 13:23:00,70,6,1793.54,1118.0,23.0,0.0206,3,4,4,11,Loyal
12458,Switzerland,2010-08-09 10:33:00,2011-09-29 15:25:00,70,4,1777.49,986.0,0.0,0.0,3,3,4,10,Others
12703,Germany,2010-01-24 12:05:00,2011-09-29 17:52:00,70,4,892.18,595.0,56.0,0.0941,3,3,3,9,Others
18053,United Kingdom,2010-06-30 12:36:00,2011-09-30 09:05:00,70,3,527.77,409.0,7.0,0.0171,3,3,2,8,Others
16233,United Kingdom,2009-12-02 13:23:00,2011-09-29 17:27:00,70,9,1671.31,677.0,12.0,0.0177,3,5,4,12,Loyal
16101,United Kingdom,2010-05-27 12:50:00,2011-09-30 10:18:00,70,4,3167.42,1844.0,21.0,0.0114,3,3,5,11,Others
17905,United Kingdom,2010-01-28 17:54:00,2011-09-29 17:33:00,70,13,2172.47,1301.0,2.0,0.0015,3,5,4,12,Loyal
14164,United Kingdom,2011-09-20 12:18:00,2011-09-30 12:24:00,70,2,1631.77,1033.0,0.0,0.0,3,2,4,9,Others
15185,United Kingdom,2011-09-30 14:06:00,2011-09-30 14:06:00,69,1,310.62,666.0,0.0,0.0,3,1,2,6,Others
16404,United Kingdom,2011-09-30 14:55:00,2011-09-30 14:55:00,69,1,430.3,157.0,1.0,0.0064,3,1,2,6,Others
12694,France,2010-10-14 19:39:00,2011-09-30 13:06:00,69,3,1839.45,1355.0,2.0,0.0015,3,3,4,10,Others
16613,United Kingdom,2011-09-30 15:52:00,2011-09-30 15:52:00,69,1,618.59,293.0,0.0,0.0,3,1,3,7,Others
15834,United Kingdom,2010-10-11 14:05:00,2011-09-30 14:41:00,69,7,3624.14,1819.0,4.0,0.0022,3,4,5,12,Loyal
13347,United Kingdom,2011-09-30 13:28:00,2011-09-30 13:28:00,69,1,341.36,205.0,0.0,0.0,3,1,2,6,Others
12842,United Kingdom,2009-12-02 08:15:00,2011-09-30 15:33:00,69,4,1917.99,887.0,0.0,0.0,3,3,4,10,Others
18008,United Kingdom,2010-01-06 12:35:00,2011-09-30 15:17:00,69,23,19787.13,7830.0,0.0,0.0,3,5,5,13,Loyal
15774,United Kingdom,2010-02-21 12:57:00,2011-10-02 12:04:00,68,6,1324.2,473.0,1.0,0.0021,3,4,4,11,Loyal
16591,United Kingdom,2011-10-02 10:43:00,2011-10-02 10:43:00,68,1,213.5,41.0,0.0,0.0,3,1,1,5,Others
15164,United Kingdom,2010-01-18 13:34:00,2011-10-02 12:05:00,68,9,2052.02,931.0,2.0,0.0021,3,5,4,12,Loyal
15579,United Kingdom,2010-10-03 14:37:00,2011-10-02 12:45:00,68,5,1267.25,723.0,76.0,0.1051,3,4,4,11,Loyal
16693,United Kingdom,2010-02-21 12:42:00,2011-10-02 11:10:00,68,5,1199.46,688.0,0.0,0.0,3,4,4,11,Loyal
16667,United Kingdom,2011-02-28 12:57:00,2011-10-02 15:26:00,67,2,570.13,237.0,0.0,0.0,3,2,2,7,Others
14970,United Kingdom,2010-02-14 13:37:00,2011-10-02 13:44:00,67,12,3593.4,982.0,219.0,0.223,3,5,5,13,Loyal
14488,United Kingdom,2011-10-03 09:30:00,2011-10-03 09:30:00,67,1,1047.43,799.0,6.0,0.0075,3,1,3,7,Others
12886,United Kingdom,2011-05-04 11:21:00,2011-10-03 10:09:00,67,2,1351.09,770.0,9.0,0.0117,3,2,4,9,Others
13344,United Kingdom,2011-03-07 10:28:00,2011-10-03 09:45:00,67,3,2543.72,971.0,0.0,0.0,3,3,4,10,Others
13635,United Kingdom,2009-12-01 09:46:00,2011-10-03 10:55:00,67,4,2948.22,1884.0,15.0,0.008,3,3,5,11,Others
16774,United Kingdom,2010-02-16 16:53:00,2011-10-03 12:41:00,67,8,1587.85,785.0,4.0,0.0051,3,4,4,11,Loyal
14644,United Kingdom,2009-12-03 16:24:00,2011-10-03 08:30:00,67,7,2077.47,770.0,15.0,0.0195,3,4,4,11,Loyal
18116,United Kingdom,2010-10-24 15:29:00,2011-10-03 11:00:00,67,13,2154.3,1281.0,0.0,0.0,3,5,4,12,Loyal
15091,United Kingdom,2010-02-03 11:46:00,2011-10-03 12:47:00,67,3,1023.11,582.0,8.0,0.0137,3,3,3,9,Others
14333,United Kingdom,2011-10-03 10:38:00,2011-10-03 10:38:00,67,1,351.45,58.0,6.0,0.1034,3,1,2,6,Others
14193,United Kingdom,2010-11-08 12:31:00,2011-10-03 09:34:00,67,3,1210.19,653.0,0.0,0.0,3,3,4,10,Others
16882,United Kingdom,2011-01-26 17:43:00,2011-10-04 10:42:00,66,3,705.12,424.0,0.0,0.0,3,3,3,9,Others
15299,United Kingdom,2010-01-12 11:34:00,2011-10-03 14:19:00,66,10,5408.61,3356.0,10.0,0.003,3,5,5,13,Loyal
12413,Spain,2010-11-02 13:26:00,2011-10-04 09:00:00,66,4,935.5,319.0,4.0,0.0125,3,3,3,9,Others
14184,United Kingdom,2011-10-04 12:43:00,2011-10-04 12:43:00,66,1,452.89,127.0,0.0,0.0,3,1,2,6,Others
13801,United Kingdom,2011-10-04 10:15:00,2011-10-04 10:15:00,66,1,324.8,168.0,0.0,0.0,3,1,2,6,Others
12637,France,2010-06-14 13:36:00,2011-10-03 13:46:00,66,12,8271.66,4284.0,12.0,0.0028,3,5,5,13,Loyal
15255,United Kingdom,2009-12-03 09:10:00,2011-10-04 12:43:00,66,9,3670.77,2226.0,19.0,0.0085,3,5,5,13,Loyal
16183,United Kingdom,2010-10-28 14:43:00,2011-10-03 14:59:00,66,4,1077.81,351.0,0.0,0.0,3,3,3,9,Others
16441,United Kingdom,2010-03-22 18:00:00,2011-10-03 17:48:00,66,5,1023.48,484.0,1.0,0.0021,3,4,3,10,Loyal
16556,United Kingdom,2009-12-07 10:51:00,2011-10-04 11:36:00,66,17,7610.23,4353.0,24.0,0.0055,3,5,5,13,Loyal
13431,United Kingdom,2010-02-18 11:53:00,2011-10-03 13:49:00,66,8,3289.24,1570.0,4.0,0.0025,3,4,5,12,Loyal
16875,United Kingdom,2010-01-05 09:16:00,2011-10-03 13:39:00,66,11,4053.2,2099.0,44.0,0.021,3,5,5,13,Loyal
15241,United Kingdom,2010-02-23 13:59:00,2011-10-04 09:05:00,66,11,3032.31,3328.0,3.0,0.0009,3,5,5,13,Loyal
16253,United Kingdom,2009-12-08 17:24:00,2011-10-04 09:09:00,66,7,7276.91,6061.0,97.0,0.016,3,4,5,12,Loyal
15930,United Kingdom,2011-10-03 14:52:00,2011-10-03 14:52:00,66,1,426.63,139.0,0.0,0.0,3,1,2,6,Others
16881,United Kingdom,2011-10-04 10:33:00,2011-10-04 10:33:00,66,1,432.0,600.0,0.0,0.0,3,1,2,6,Others
14651,United Kingdom,2010-03-18 11:39:00,2011-10-03 15:52:00,66,9,2034.12,886.0,0.0,0.0,3,5,4,12,Loyal
15739,United Kingdom,2011-10-04 13:42:00,2011-10-04 13:42:00,65,1,449.12,472.0,0.0,0.0,3,1,2,6,Others
15757,United Kingdom,2010-06-10 13:47:00,2011-10-05 12:14:00,65,6,2940.36,1757.0,0.0,0.0,3,4,5,12,Loyal
13552,United Kingdom,2010-02-19 13:28:00,2011-10-04 15:19:00,65,22,6618.63,2654.0,68.0,0.0256,3,5,5,13,Loyal
13792,United Kingdom,2010-10-13 11:05:00,2011-10-04 14:31:00,65,3,383.95,156.0,0.0,0.0,3,3,2,8,Others
15181,United Kingdom,2009-12-08 19:02:00,2011-10-04 13:58:00,65,5,953.4,688.0,50.0,0.0727,3,4,3,10,Loyal
13483,United Kingdom,2011-10-05 11:53:00,2011-10-05 11:53:00,65,1,140.34,160.0,0.0,0.0,3,1,1,5,Others
17667,United Kingdom,2010-02-23 09:57:00,2011-10-04 14:32:00,65,9,3883.8,2192.0,10.0,0.0046,3,5,5,13,Loyal
14462,United Kingdom,2010-10-03 14:13:00,2011-10-04 15:55:00,65,12,2231.89,1072.0,32.0,0.0299,3,5,4,12,Loyal
15127,United Kingdom,2010-07-08 10:07:00,2011-10-05 10:30:00,65,2,711.5,464.0,0.0,0.0,3,2,3,8,Others
16059,United Kingdom,2010-05-19 13:04:00,2011-10-05 09:56:00,65,12,3099.52,1458.0,0.0,0.0,3,5,5,13,Loyal
12457,Switzerland,2010-09-30 17:59:00,2011-10-04 13:13:00,65,8,2472.31,1094.0,157.0,0.1435,3,4,4,11,Loyal
16106,United Kingdom,2011-10-05 10:37:00,2011-10-05 10:37:00,65,1,108.38,74.0,0.0,0.0,3,1,1,5,Others
17957,United Kingdom,2011-10-04 14:58:00,2011-10-04 14:58:00,65,1,111.68,287.0,0.0,0.0,3,1,1,5,Others
12843,United Kingdom,2009-12-13 11:41:00,2011-10-05 12:09:00,65,30,6345.61,3031.0,131.0,0.0432,3,5,5,13,Loyal
15730,United Kingdom,2010-10-04 14:15:00,2011-10-05 12:31:00,65,5,1708.18,1061.0,8.0,0.0075,3,4,4,11,Loyal
15276,United Kingdom,2010-10-01 12:24:00,2011-10-04 16:39:00,65,4,631.03,331.0,4.0,0.0121,3,3,3,9,Others
13351,United Kingdom,2011-10-04 12:55:00,2011-10-04 12:55:00,65,1,373.94,117.0,0.0,0.0,3,1,2,6,Others
16374,United Kingdom,2010-04-30 13:10:00,2011-10-04 15:21:00,65,5,1771.45,800.0,0.0,0.0,3,4,4,11,Loyal
16140,United Kingdom,2010-09-24 12:03:00,2011-10-05 12:15:00,65,3,1412.05,1272.0,3.0,0.0024,3,3,4,10,Others
13989,United Kingdom,2010-05-25 12:13:00,2011-10-05 09:47:00,65,5,2026.06,2207.0,0.0,0.0,3,4,4,11,Loyal
13317,United Kingdom,2009-12-13 11:11:00,2011-10-04 13:35:00,65,19,6068.531,3149.0,97.0,0.0308,3,5,5,13,Loyal
12512,Israel,2011-10-04 14:53:00,2011-10-04 14:55:00,65,2,138.03,99.0,0.0,0.0,3,2,1,6,Others
15339,United Kingdom,2010-02-08 13:38:00,2011-10-04 12:51:00,65,7,1634.09,1143.0,43.0,0.0376,3,4,4,11,Loyal
15228,United Kingdom,2010-07-28 10:21:00,2011-10-04 13:56:00,65,6,5570.52,3375.0,3.0,0.0009,3,4,5,12,Loyal
17647,United Kingdom,2010-02-08 14:39:00,2011-10-05 15:38:00,64,3,331.66,82.0,0.0,0.0,3,3,2,8,Others
13177,United Kingdom,2010-10-05 10:35:00,2011-10-06 09:56:00,64,2,512.2,180.0,0.0,0.0,3,2,2,7,Others
17483,United Kingdom,2010-10-21 12:43:00,2011-10-05 13:10:00,64,4,591.73,265.0,0.0,0.0,3,3,2,8,Others
14538,United Kingdom,2010-01-25 15:42:00,2011-10-06 10:31:00,64,5,1370.84,284.0,0.0,0.0,3,4,4,11,Loyal
16160,United Kingdom,2011-09-15 10:53:00,2011-10-05 14:19:00,64,2,1009.45,1162.0,9.0,0.0077,3,2,3,8,Others
14396,United Kingdom,2009-12-02 14:21:00,2011-10-05 16:09:00,64,7,2011.58,983.0,0.0,0.0,3,4,4,11,Loyal
17382,United Kingdom,2010-05-19 11:33:00,2011-10-05 13:05:00,64,8,902.28,457.0,0.0,0.0,3,4,3,10,Loyal
15416,United Kingdom,2010-02-01 11:55:00,2011-10-06 09:38:00,64,7,4554.65,2420.0,2.0,0.0008,3,4,5,12,Loyal
15837,United Kingdom,2010-08-11 10:16:00,2011-10-06 09:01:00,64,2,777.01,405.0,0.0,0.0,3,2,3,8,Others
17222,United Kingdom,2010-01-10 15:24:00,2011-10-05 13:58:00,64,6,1605.01,863.0,0.0,0.0,3,4,4,11,Loyal
15762,United Kingdom,2011-09-23 15:17:00,2011-10-05 16:15:00,64,2,583.75,251.0,0.0,0.0,3,2,2,7,Others
16040,United Kingdom,2010-04-09 10:12:00,2011-10-05 13:47:00,64,7,2383.7,1185.0,24.0,0.0203,3,4,4,11,Loyal
16758,United Kingdom,2011-10-05 14:47:00,2011-10-05 14:47:00,64,1,369.34,203.0,0.0,0.0,3,1,2,6,Others
18033,United Kingdom,2011-10-05 17:28:00,2011-10-05 17:28:00,64,1,97.97,253.0,0.0,0.0,3,1,1,5,Others
14317,United Kingdom,2011-10-06 10:44:00,2011-10-06 10:44:00,64,1,508.58,255.0,0.0,0.0,3,1,2,6,Others
13947,United Kingdom,2011-10-05 14:42:00,2011-10-05 14:42:00,64,1,90.6,44.0,0.0,0.0,3,1,1,5,Others
16895,United Kingdom,2010-02-12 11:07:00,2011-10-06 12:15:00,64,5,1121.42,433.0,0.0,0.0,3,4,3,10,Loyal
13845,United Kingdom,2011-10-06 08:25:00,2011-10-06 08:25:00,64,1,312.98,182.0,0.0,0.0,3,1,2,6,Others
14054,United Kingdom,2011-10-05 15:49:00,2011-10-05 15:49:00,64,1,92.46,62.0,0.0,0.0,3,1,1,5,Others
13591,United Kingdom,2009-12-14 15:44:00,2011-10-06 12:26:00,64,7,2081.19,850.0,1.0,0.0012,3,4,4,11,Loyal
15048,United Kingdom,2010-12-06 12:15:00,2011-10-05 14:55:00,64,4,380.57,195.0,12.0,0.0615,3,3,2,8,Others
12789,Netherlands,2010-01-15 12:06:00,2011-10-05 13:34:00,64,3,273.35,36.0,0.0,0.0,3,3,2,8,Others
14389,United Kingdom,2010-04-28 14:57:00,2011-10-05 15:17:00,64,5,1821.07,1388.0,55.0,0.0396,3,4,4,11,Loyal
15244,United Kingdom,2010-02-11 14:48:00,2011-10-05 13:19:00,64,3,850.18,472.0,2.0,0.0042,3,3,3,9,Others
16803,United Kingdom,2011-10-05 14:28:00,2011-10-05 14:28:00,64,1,332.3,245.0,0.0,0.0,3,1,2,6,Others
13602,United Kingdom,2010-05-28 11:49:00,2011-10-06 11:47:00,64,4,1025.17,538.0,0.0,0.0,3,3,3,9,Others
14819,United Kingdom,2009-12-21 15:54:00,2011-10-06 13:41:00,63,4,470.16,173.0,0.0,0.0,3,3,2,8,Others
16184,United Kingdom,2011-05-12 13:33:00,2011-10-06 17:43:00,63,6,1155.54,561.0,1.0,0.0018,3,4,3,10,Loyal
13806,United Kingdom,2011-10-07 11:43:00,2011-10-07 11:43:00,63,1,256.38,56.0,0.0,0.0,3,1,1,5,Others
12923,United Kingdom,2010-05-13 14:55:00,2011-10-06 16:20:00,63,3,789.87,237.0,0.0,0.0,3,3,3,9,Others
13876,United Kingdom,2011-10-07 10:22:00,2011-10-07 10:22:00,63,1,122.7,36.0,0.0,0.0,3,1,1,5,Others
16477,United Kingdom,2010-08-12 09:43:00,2011-10-07 09:44:00,63,11,4094.37,2507.0,0.0,0.0,3,5,5,13,Loyal
15766,United Kingdom,2010-01-26 15:55:00,2011-10-06 17:03:00,63,3,799.66,334.0,4.0,0.012,3,3,3,9,Others
13504,United Kingdom,2011-10-06 13:20:00,2011-10-06 13:20:00,63,1,295.93,178.0,0.0,0.0,3,1,2,6,Others
16455,United Kingdom,2010-03-30 10:31:00,2011-10-07 12:17:00,63,11,3925.42,2853.0,43.0,0.0151,3,5,5,13,Loyal
13169,United Kingdom,2010-05-26 15:58:00,2011-10-07 12:11:00,63,3,840.08,296.0,0.0,0.0,3,3,3,9,Others
15937,United Kingdom,2011-10-06 15:48:00,2011-10-06 15:48:00,63,1,145.35,73.0,0.0,0.0,3,1,1,5,Others
17030,United Kingdom,2011-10-07 08:49:00,2011-10-07 08:49:00,63,1,146.87,146.0,0.0,0.0,3,1,1,5,Others
17921,United Kingdom,2010-07-15 20:05:00,2011-10-06 18:56:00,63,10,2383.35,1002.0,13.0,0.013,3,5,4,12,Loyal
12420,Cyprus,2011-10-07 08:55:00,2011-10-07 08:55:00,63,1,600.39,345.0,0.0,0.0,3,1,3,7,Others
14844,United Kingdom,2010-04-12 12:50:00,2011-10-07 10:41:00,63,10,6688.43,4369.0,4.0,0.0009,3,5,5,13,Loyal
15815,United Kingdom,2011-03-25 08:43:00,2011-10-07 12:42:00,63,5,2100.6,1856.0,0.0,0.0,3,4,4,11,Loyal
14518,United Kingdom,2011-10-06 14:43:00,2011-10-06 14:43:00,63,1,174.37,278.0,0.0,0.0,3,1,1,5,Others
16316,United Kingdom,2010-08-03 14:38:00,2011-10-06 13:48:00,63,13,5533.31,3057.0,23.0,0.0075,3,5,5,13,Loyal
13422,United Kingdom,2011-10-06 13:42:00,2011-10-06 13:42:00,63,1,2601.55,1326.0,5.0,0.0038,3,1,4,8,Others
13276,United Kingdom,2010-03-07 14:05:00,2011-10-07 12:44:00,63,5,1918.56,855.0,2.0,0.0023,3,4,4,11,Loyal
16432,United Kingdom,2011-10-06 13:59:00,2011-10-06 13:59:00,63,1,287.4,276.0,0.0,0.0,3,1,2,6,Others
13023,United Kingdom,2010-06-29 09:51:00,2011-10-06 16:27:00,63,3,1449.03,585.0,0.0,0.0,3,3,4,10,Others
14792,United Kingdom,2011-10-07 09:19:00,2011-10-07 09:19:00,63,1,0.0,2.0,2.0,1.0,3,1,1,5,Others
12394,Denmark,2011-05-06 14:01:00,2011-10-07 08:08:00,63,2,1272.48,819.0,0.0,0.0,3,2,4,9,Others
13348,United Kingdom,2011-10-06 17:28:00,2011-10-06 17:28:00,63,1,233.76,136.0,0.0,0.0,3,1,1,5,Others
14257,United Kingdom,2010-03-01 15:36:00,2011-10-06 16:54:00,63,9,5942.0,3332.0,5.0,0.0015,3,5,5,13,Loyal
13771,United Kingdom,2010-02-25 12:37:00,2011-10-06 14:18:00,63,9,5726.07,3140.0,1.0,0.0003,3,5,5,13,Loyal
13419,United Kingdom,2011-10-07 12:49:00,2011-10-07 12:49:00,63,1,221.06,275.0,0.0,0.0,3,1,1,5,Others
15518,United Kingdom,2009-12-20 12:21:00,2011-10-06 13:05:00,63,15,4103.78,2823.0,51.0,0.0181,3,5,5,13,Loyal
15306,United Kingdom,2010-02-18 17:12:00,2011-10-06 12:56:00,63,9,3480.98,3074.0,1.0,0.0003,3,5,5,13,Loyal
15315,United Kingdom,2011-08-15 15:17:00,2011-10-06 12:51:00,63,2,551.54,862.0,24.0,0.0278,3,2,2,7,Others
13049,United Kingdom,2010-11-03 15:39:00,2011-10-06 15:31:00,63,4,1384.14,620.0,14.0,0.0226,3,3,4,10,Others
12519,Germany,2010-08-20 08:21:00,2011-10-07 09:26:00,63,2,695.19,395.0,7.0,0.0177,3,2,3,8,Others
15300,United Kingdom,2011-10-06 17:08:00,2011-10-06 17:08:00,63,1,496.44,292.0,0.0,0.0,3,1,2,6,Others
12781,Czech Republic,2011-02-28 08:43:00,2011-10-07 10:37:00,63,2,707.72,671.0,79.0,0.1177,3,2,3,8,Others
13359,United Kingdom,2010-11-01 15:05:00,2011-10-07 09:30:00,63,2,1001.96,381.0,7.0,0.0184,3,2,3,8,Others
14959,United Kingdom,2011-02-16 13:00:00,2011-10-06 18:23:00,63,4,684.97,494.0,3.0,0.0061,3,3,3,9,Others
12939,United Kingdom,2010-01-12 11:27:00,2011-10-06 14:33:00,63,20,25264.8,10328.0,0.0,0.0,3,5,5,13,Loyal
13587,United Kingdom,2010-02-14 13:17:00,2011-10-07 12:31:00,63,4,1308.1,664.0,20.0,0.0301,3,3,4,10,Others
12740,France,2011-10-07 10:44:00,2011-10-07 10:44:00,63,1,427.6,342.0,0.0,0.0,3,1,2,6,Others
14067,United Kingdom,2011-09-04 12:00:00,2011-10-07 10:21:00,63,2,374.7,361.0,0.0,0.0,3,2,2,7,Others
15874,United Kingdom,2010-01-07 13:56:00,2011-10-07 12:31:00,63,21,11135.0,5102.0,48.0,0.0094,3,5,5,13,Loyal
15264,United Kingdom,2010-06-27 13:29:00,2011-10-06 13:49:00,63,2,844.2,443.0,2.0,0.0045,3,2,3,8,Others
15706,United Kingdom,2011-08-15 14:32:00,2011-10-07 10:09:00,63,4,1001.81,321.0,16.0,0.0498,3,3,3,9,Others
18136,United Kingdom,2010-09-14 15:50:00,2011-10-07 15:40:00,62,5,1531.71,860.0,23.0,0.0267,3,4,4,11,Loyal
13689,United Kingdom,2010-09-21 10:27:00,2011-10-07 13:21:00,62,2,1259.5,722.0,0.0,0.0,3,2,4,9,Others
12885,United Kingdom,2011-08-08 11:45:00,2011-10-07 13:40:00,62,3,1158.27,655.0,1.0,0.0015,3,3,3,9,Others
16354,United Kingdom,2010-04-27 13:33:00,2011-10-07 14:28:00,62,5,1129.51,599.0,0.0,0.0,3,4,3,10,Loyal
14029,United Kingdom,2011-07-18 16:57:00,2011-10-07 14:46:00,62,2,467.66,198.0,0.0,0.0,3,2,2,7,Others
12492,Germany,2010-11-01 14:58:00,2011-10-07 15:15:00,62,3,715.21,444.0,0.0,0.0,3,3,3,9,Others
13763,United Kingdom,2010-09-30 17:39:00,2011-10-07 15:13:00,62,3,5181.99,3224.0,4.0,0.0012,3,3,5,11,Others
16104,United Kingdom,2009-12-06 10:41:00,2011-10-09 10:23:00,61,9,2515.36,1048.0,39.0,0.0372,3,5,4,12,Loyal
13259,United Kingdom,2010-01-10 10:26:00,2011-10-09 10:48:00,61,9,1433.38,517.0,0.0,0.0,3,5,4,12,Loyal
16248,United Kingdom,2011-10-09 11:32:00,2011-10-09 11:32:00,61,1,152.94,78.0,0.0,0.0,3,1,1,5,Others
16595,United Kingdom,2010-01-17 12:12:00,2011-10-09 13:15:00,60,5,1810.18,1378.0,0.0,0.0,3,4,4,11,Loyal
17025,United Kingdom,2010-03-08 13:37:00,2011-10-10 09:06:00,60,5,1349.67,885.0,0.0,0.0,3,4,4,11,Loyal
14027,United Kingdom,2011-10-10 09:01:00,2011-10-10 09:01:00,60,1,104.82,62.0,0.0,0.0,3,1,1,5,Others
16380,United Kingdom,2011-10-09 15:40:00,2011-10-09 15:40:00,60,1,1780.59,1524.0,0.0,0.0,3,1,4,8,Others
13373,United Kingdom,2009-12-06 12:34:00,2011-10-10 10:51:00,60,6,7587.19,4263.0,0.0,0.0,3,4,5,12,Loyal
16982,United Kingdom,2011-10-10 12:28:00,2011-10-10 12:28:00,60,1,384.06,182.0,0.0,0.0,3,1,2,6,Others
13193,United Kingdom,2011-10-09 14:30:00,2011-10-09 14:30:00,60,1,117.88,50.0,0.0,0.0,3,1,1,5,Others
17648,United Kingdom,2010-11-19 16:41:00,2011-10-10 09:41:00,60,5,2208.42,954.0,1.0,0.001,3,4,4,11,Loyal
18088,United Kingdom,2011-10-09 13:41:00,2011-10-09 13:41:00,60,1,167.67,109.0,0.0,0.0,3,1,1,5,Others
14665,United Kingdom,2010-04-26 11:17:00,2011-10-10 09:14:00,60,7,2172.33,1144.0,240.0,0.2098,3,4,4,11,Loyal
15756,United Kingdom,2011-04-04 14:00:00,2011-10-09 13:30:00,60,4,532.96,242.0,0.0,0.0,3,3,2,8,Others
16921,United Kingdom,2010-04-18 15:34:00,2011-10-09 16:22:00,60,3,446.67,299.0,0.0,0.0,3,3,2,8,Others
14128,United Kingdom,2010-06-06 14:05:00,2011-10-10 12:00:00,60,3,909.36,814.0,3.0,0.0037,3,3,3,9,Others
16179,United Kingdom,2011-10-10 09:41:00,2011-10-10 09:41:00,60,1,215.83,99.0,0.0,0.0,3,1,1,5,Others
14514,United Kingdom,2009-12-13 13:21:00,2011-10-09 16:05:00,60,9,4594.73,2496.0,1.0,0.0004,3,5,5,13,Loyal
16685,United Kingdom,2011-10-09 13:44:00,2011-10-09 13:58:00,60,2,324.24,396.0,0.0,0.0,3,2,2,7,Others
15606,United Kingdom,2010-03-02 14:48:00,2011-10-09 15:47:00,60,17,4733.47,1615.0,172.0,0.1065,3,5,5,13,Loyal
15193,United Kingdom,2011-10-10 08:23:00,2011-10-10 08:23:00,60,1,499.32,144.0,0.0,0.0,3,1,2,6,Others
18126,United Kingdom,2011-10-10 12:19:00,2011-10-10 12:19:00,60,1,206.83,144.0,0.0,0.0,3,1,1,5,Others
15304,United Kingdom,2010-10-14 10:24:00,2011-10-10 10:23:00,60,9,782.3,112.0,4.0,0.0357,3,5,3,11,Loyal
16395,United Kingdom,2009-12-06 12:26:00,2011-10-10 12:50:00,60,14,3458.95,2919.0,20.0,0.0069,3,5,5,13,Loyal
18169,United Kingdom,2011-10-10 12:18:00,2011-10-10 12:18:00,60,1,202.65,61.0,0.0,0.0,3,1,1,5,Others
16518,United Kingdom,2010-06-01 13:31:00,2011-10-09 15:04:00,60,4,938.27,524.0,8.0,0.0153,3,3,3,9,Others
13473,United Kingdom,2009-12-15 19:02:00,2011-10-10 11:20:00,60,8,2410.98,1000.0,44.0,0.044,3,4,4,11,Loyal
14801,United Kingdom,2011-10-09 15:24:00,2011-10-09 15:24:00,60,1,193.14,175.0,0.0,0.0,3,1,1,5,Others
13260,United Kingdom,2011-10-09 13:21:00,2011-10-09 13:21:00,60,1,557.62,142.0,0.0,0.0,3,1,2,6,Others
15211,United Kingdom,2010-12-09 16:08:00,2011-10-10 13:31:00,59,2,894.41,240.0,0.0,0.0,3,2,3,8,Others
14451,United Kingdom,2010-01-17 10:35:00,2011-10-10 13:38:00,59,12,3265.59,1757.0,34.0,0.0194,3,5,5,13,Loyal
13980,United Kingdom,2010-02-21 14:18:00,2011-10-10 13:34:00,59,5,753.12,477.0,6.0,0.0126,3,4,3,10,Loyal
16861,United Kingdom,2010-07-19 11:44:00,2011-10-11 09:05:00,59,5,924.48,616.0,7.0,0.0114,3,4,3,10,Loyal
17462,United Kingdom,2011-02-28 17:01:00,2011-10-10 13:56:00,59,2,662.94,227.0,3.0,0.0132,3,2,3,8,Others
16136,United Kingdom,2010-02-14 12:49:00,2011-10-11 09:10:00,59,4,921.08,674.0,52.0,0.0772,3,3,3,9,Others
12530,Germany,2010-03-07 14:37:00,2011-10-11 12:34:00,59,9,3689.86,2713.0,15.0,0.0055,3,5,5,13,Loyal
13352,United Kingdom,2011-10-10 13:55:00,2011-10-10 13:55:00,59,1,389.28,321.0,6.0,0.0187,3,1,2,6,Others
12607,USA,2011-10-10 16:06:00,2011-10-10 16:06:00,59,1,0.0,1228.0,1228.0,1.0,3,1,1,5,Others
16776,United Kingdom,2010-10-20 12:13:00,2011-10-10 13:04:00,59,2,619.85,450.0,0.0,0.0,3,2,3,8,Others
13517,United Kingdom,2011-06-13 08:44:00,2011-10-11 11:43:00,59,3,2109.07,1369.0,9.0,0.0066,3,3,4,10,Others
14535,United Kingdom,2010-02-24 15:03:00,2011-10-10 15:39:00,59,9,5872.63,3240.0,26.0,0.008,3,5,5,13,Loyal
16385,United Kingdom,2010-03-18 12:45:00,2011-10-10 13:12:00,59,5,882.38,479.0,0.0,0.0,3,4,3,10,Loyal
12772,Portugal,2011-10-11 09:19:00,2011-10-11 09:19:00,59,1,892.47,556.0,0.0,0.0,3,1,3,7,Others
14201,United Kingdom,2010-04-30 13:00:00,2011-10-10 13:27:00,59,10,1134.14,806.0,12.0,0.0149,3,5,3,11,Loyal
15128,United Kingdom,2010-10-05 16:46:00,2011-10-10 13:54:00,59,5,1732.22,1583.0,17.0,0.0107,3,4,4,11,Loyal
17589,United Kingdom,2010-03-07 13:48:00,2011-10-10 16:58:00,59,18,13904.82,8788.0,52.0,0.0059,3,5,5,13,Loyal
15886,United Kingdom,2010-04-20 15:03:00,2011-10-10 14:25:00,59,4,1052.87,667.0,0.0,0.0,3,3,3,9,Others
14175,United Kingdom,2010-03-22 10:43:00,2011-10-11 11:55:00,59,8,7350.44,3009.0,89.0,0.0296,3,4,5,12,Loyal
17620,United Kingdom,2011-10-11 12:08:00,2011-10-11 12:08:00,59,1,81.44,60.0,0.0,0.0,3,1,1,5,Others
14857,United Kingdom,2010-03-15 11:00:00,2011-10-11 09:23:00,59,7,3578.931,2081.0,16.0,0.0077,3,4,5,12,Loyal
17552,United Kingdom,2010-03-22 09:19:00,2011-10-10 17:00:00,59,12,2740.68,1951.0,23.0,0.0118,3,5,4,12,Loyal
14952,United Kingdom,2009-12-03 15:34:00,2011-10-11 10:33:00,59,32,17347.25,6977.0,102.0,0.0146,3,5,5,13,Loyal
17284,United Kingdom,2010-09-20 16:18:00,2011-10-10 14:38:00,59,8,2328.22,2071.0,4.0,0.0019,3,4,4,11,Loyal
13109,United Kingdom,2010-06-06 12:59:00,2011-10-11 10:16:00,59,3,1107.58,757.0,7.0,0.0092,3,3,3,9,Others
13224,United Kingdom,2011-07-11 14:10:00,2011-10-10 14:55:00,59,2,2150.85,1518.0,6.0,0.004,3,2,4,9,Others
12824,United Kingdom,2011-10-11 12:49:00,2011-10-11 12:49:00,59,1,397.12,232.0,0.0,0.0,3,1,2,6,Others
13666,United Kingdom,2009-12-04 10:48:00,2011-10-10 15:39:00,59,5,127.9,54.0,0.0,0.0,3,4,1,8,Others
14529,United Kingdom,2011-08-21 14:10:00,2011-10-10 15:27:00,59,3,620.04,348.0,0.0,0.0,3,3,3,9,Others
17214,United Kingdom,2010-12-15 15:14:00,2011-10-10 13:17:00,59,6,984.12,276.0,1.0,0.0036,3,4,3,10,Loyal
15553,United Kingdom,2011-10-10 14:02:00,2011-10-10 14:02:00,59,1,437.23,451.0,0.0,0.0,3,1,2,6,Others
13283,United Kingdom,2010-03-09 14:36:00,2011-10-11 09:50:00,59,4,373.36,204.0,0.0,0.0,3,3,2,8,Others
15421,United Kingdom,2009-12-07 15:10:00,2011-10-12 09:20:00,58,10,3805.34,1927.0,0.0,0.0,3,5,5,13,Loyal
13690,United Kingdom,2011-10-11 15:03:00,2011-10-11 15:03:00,58,1,172.25,67.0,0.0,0.0,3,1,1,5,Others
16086,United Kingdom,2009-12-02 13:20:00,2011-10-11 13:09:00,58,10,2685.65,1450.0,1.0,0.0007,3,5,4,12,Loyal
13627,United Kingdom,2010-03-09 14:03:00,2011-10-11 14:20:00,58,7,2217.55,1632.0,5.0,0.0031,3,4,4,11,Loyal
17913,United Kingdom,2009-12-03 13:02:00,2011-10-12 10:45:00,58,14,3479.64,1745.0,0.0,0.0,3,5,5,13,Loyal
12602,France,2011-10-12 11:22:00,2011-10-12 11:22:00,58,1,153.12,162.0,0.0,0.0,3,1,1,5,Others
18171,United Kingdom,2010-01-05 10:46:00,2011-10-12 09:13:00,58,9,2414.51,991.0,4.0,0.004,3,5,4,12,Loyal
16203,United Kingdom,2010-07-23 13:09:00,2011-10-12 12:31:00,58,6,940.09,537.0,1.0,0.0019,3,4,3,10,Loyal
14642,United Kingdom,2011-10-12 11:08:00,2011-10-12 11:08:00,58,1,96.12,76.0,0.0,0.0,3,1,1,5,Others
14541,United Kingdom,2010-01-07 11:59:00,2011-10-12 10:08:00,58,14,2499.68,1129.0,0.0,0.0,3,5,4,12,Loyal
17064,United Kingdom,2011-01-16 16:10:00,2011-10-12 10:18:00,58,3,859.35,318.0,0.0,0.0,3,3,3,9,Others
15281,United Kingdom,2010-10-08 12:14:00,2011-10-12 09:10:00,58,16,8317.62,5233.0,52.0,0.0099,3,5,5,13,Loyal
16652,United Kingdom,2010-03-17 10:22:00,2011-10-12 09:38:00,58,16,17312.83,7477.0,31.0,0.0041,3,5,5,13,Loyal
17489,United Kingdom,2011-05-11 11:34:00,2011-10-12 08:56:00,58,2,376.64,428.0,0.0,0.0,3,2,2,7,Others
15038,United Kingdom,2010-10-10 14:35:00,2011-10-12 11:33:00,58,9,1143.53,395.0,30.0,0.0759,3,5,3,11,Loyal
13208,United Kingdom,2009-12-03 13:25:00,2011-10-12 09:54:00,58,9,1970.5,1345.0,18.0,0.0134,3,5,4,12,Loyal
14761,United Kingdom,2010-09-21 14:22:00,2011-10-12 12:10:00,58,3,447.92,206.0,0.0,0.0,3,3,2,8,Others
17863,United Kingdom,2010-02-25 12:01:00,2011-10-11 13:45:00,58,12,5360.48,4676.0,0.0,0.0,3,5,5,13,Loyal
13520,Switzerland,2009-12-17 11:11:00,2011-10-12 10:20:00,58,11,6377.25,3179.0,64.0,0.0201,3,5,5,13,Loyal
13842,United Kingdom,2010-02-16 15:54:00,2011-10-12 10:51:00,58,18,5294.39,2716.0,7.0,0.0026,3,5,5,13,Loyal
15840,United Kingdom,2011-06-20 11:42:00,2011-10-12 09:08:00,58,2,345.66,396.0,2.0,0.0051,3,2,2,7,Others
12679,France,2011-03-01 12:26:00,2011-10-12 12:30:00,58,4,1058.67,554.0,24.0,0.0433,3,3,3,9,Others
17190,United Kingdom,2010-03-05 13:21:00,2011-10-12 11:33:00,58,7,1548.04,2225.0,1.0,0.0004,3,4,4,11,Loyal
15199,United Kingdom,2010-05-13 10:14:00,2011-10-11 15:12:00,58,10,3122.4,894.0,0.0,0.0,3,5,5,13,Loyal
16120,United Kingdom,2010-10-13 15:07:00,2011-10-11 14:22:00,58,6,3041.91,2205.0,12.0,0.0054,3,4,5,12,Loyal
13919,Denmark,2010-06-17 09:30:00,2011-10-11 14:24:00,58,4,1326.03,1133.0,37.0,0.0327,3,3,4,10,Others
12633,Germany,2010-07-02 11:44:00,2011-10-12 11:40:00,58,7,5595.21,3238.0,31.0,0.0096,3,4,5,12,Loyal
12836,United Kingdom,2009-12-01 14:19:00,2011-10-11 15:10:00,58,15,6546.47,2236.0,4.0,0.0018,3,5,5,13,Loyal
16171,United Kingdom,2011-10-11 14:51:00,2011-10-11 14:51:00,58,1,73.2,24.0,0.0,0.0,3,1,1,5,Others
15831,United Kingdom,2011-01-19 14:52:00,2011-10-12 13:14:00,57,3,747.76,1105.0,8.0,0.0072,4,3,3,10,Potential Loyalist
13865,United Kingdom,2011-02-23 12:04:00,2011-10-12 13:31:00,57,4,501.56,204.0,0.0,0.0,4,3,2,9,Potential Loyalist
14852,United Kingdom,2010-03-05 14:51:00,2011-10-12 13:20:00,57,18,6123.63,4371.0,5.0,0.0011,4,5,5,14,Champions
16753,United Kingdom,2011-10-12 13:14:00,2011-10-12 13:14:00,57,1,223.92,189.0,0.0,0.0,4,1,1,6,Others
17169,United Kingdom,2010-05-10 13:00:00,2011-10-13 10:25:00,57,3,1129.88,671.0,12.0,0.0179,4,3,3,10,Potential Loyalist
17509,United Kingdom,2011-10-07 13:14:00,2011-10-13 10:26:00,57,8,6100.74,3534.0,4.0,0.0011,4,4,5,13,Champions
13930,United Kingdom,2011-07-26 11:00:00,2011-10-13 09:45:00,57,2,337.34,274.0,0.0,0.0,4,2,2,8,Potential Loyalist
14537,United Kingdom,2010-03-26 13:44:00,2011-10-13 10:54:00,57,2,635.45,228.0,1.0,0.0044,4,2,3,9,Potential Loyalist
18277,United Kingdom,2010-08-02 10:26:00,2011-10-12 15:22:00,57,5,1111.38,449.0,5.0,0.0111,4,4,3,11,Loyal
13827,United Kingdom,2011-07-19 15:38:00,2011-10-13 12:38:00,57,3,412.05,141.0,0.0,0.0,4,3,2,9,Potential Loyalist
12359,Cyprus,2009-12-05 13:32:00,2011-10-13 12:47:00,57,10,8714.89,2752.0,226.0,0.0821,4,5,5,14,Champions
12446,RSA,2011-10-13 12:50:00,2011-10-13 12:50:00,57,1,1002.31,351.0,0.0,0.0,4,1,3,8,Others
13487,United Kingdom,2009-12-05 10:25:00,2011-10-13 12:07:00,57,5,846.87,362.0,0.0,0.0,4,4,3,11,Loyal
13464,United Kingdom,2010-03-31 15:22:00,2011-10-12 15:01:00,57,6,3083.89,1440.0,11.0,0.0076,4,4,5,13,Champions
17279,United Kingdom,2011-10-13 11:58:00,2011-10-13 11:58:00,57,1,187.83,48.0,0.0,0.0,4,1,1,6,Others
14775,United Kingdom,2010-12-02 16:38:00,2011-10-12 15:27:00,57,3,1011.9,1174.0,0.0,0.0,4,3,3,10,Potential Loyalist
16770,United Kingdom,2010-08-22 16:08:00,2011-10-13 12:21:00,57,9,1769.23,1064.0,14.0,0.0132,4,5,4,13,Champions
12667,Finland,2011-10-12 17:00:00,2011-10-12 17:00:00,57,1,620.13,395.0,0.0,0.0,4,1,3,8,Others
12876,Belgium,2010-04-28 13:26:00,2011-10-13 12:26:00,57,4,4068.59,3047.0,8.0,0.0026,4,3,5,12,Potential Loyalist
13858,United Kingdom,2011-10-13 16:17:00,2011-10-13 16:17:00,56,1,216.17,75.0,0.0,0.0,4,1,1,6,Others
16773,United Kingdom,2009-12-06 15:01:00,2011-10-13 14:37:00,56,3,421.24,252.0,0.0,0.0,4,3,2,9,Potential Loyalist
13213,United Kingdom,2010-05-20 14:50:00,2011-10-14 11:42:00,56,11,3834.62,2962.0,10.0,0.0034,4,5,5,14,Champions
17181,United Kingdom,2010-04-23 11:21:00,2011-10-13 14:48:00,56,3,309.85,268.0,0.0,0.0,4,3,2,9,Potential Loyalist
15367,United Kingdom,2009-12-10 14:20:00,2011-10-13 14:13:00,56,11,5005.73,2944.0,8.0,0.0027,4,5,5,14,Champions
18160,United Kingdom,2010-11-18 16:33:00,2011-10-13 15:50:00,56,3,1003.88,519.0,0.0,0.0,4,3,3,10,Potential Loyalist
14975,United Kingdom,2010-10-14 14:11:00,2011-10-13 14:08:00,56,2,472.39,507.0,0.0,0.0,4,2,2,8,Potential Loyalist
12613,Germany,2009-12-14 13:10:00,2011-10-13 14:59:00,56,10,6591.52,4163.0,120.0,0.0288,4,5,5,14,Champions
16950,United Kingdom,2010-01-24 11:26:00,2011-10-14 09:06:00,56,10,3553.19,2460.0,93.0,0.0378,4,5,5,14,Champions
14937,Channel Islands,2011-08-01 14:16:00,2011-10-14 12:29:00,56,3,1617.63,484.0,1.0,0.0021,4,3,4,11,Potential Loyalist
16413,United Kingdom,2010-11-29 12:49:00,2011-10-14 12:08:00,56,2,528.98,284.0,0.0,0.0,4,2,2,8,Potential Loyalist
17771,United Kingdom,2010-04-29 13:21:00,2011-10-14 11:43:00,56,4,387.41,373.0,0.0,0.0,4,3,2,9,Potential Loyalist
17614,United Kingdom,2011-10-13 16:01:00,2011-10-13 16:01:00,56,1,390.07,238.0,0.0,0.0,4,1,2,7,Others
15620,United Kingdom,2010-10-26 11:32:00,2011-10-14 12:41:00,56,4,1909.93,1249.0,21.0,0.0168,4,3,4,11,Potential Loyalist
18228,United Kingdom,2011-09-21 10:48:00,2011-10-14 09:21:00,56,2,769.2,238.0,2.0,0.0084,4,2,3,9,Potential Loyalist
16793,United Kingdom,2011-10-13 15:08:00,2011-10-13 15:08:00,56,1,243.84,146.0,0.0,0.0,4,1,1,6,Others
14976,United Kingdom,2011-01-17 11:09:00,2011-10-13 16:37:00,56,7,765.86,234.0,4.0,0.0171,4,4,3,11,Loyal
13911,United Kingdom,2010-03-01 16:31:00,2011-10-13 15:43:00,56,20,4200.04,4487.0,11.0,0.0025,4,5,5,14,Champions
14567,United Kingdom,2011-08-01 13:48:00,2011-10-14 10:21:00,56,2,1524.46,412.0,2.0,0.0049,4,2,4,10,Potential Loyalist
16394,United Kingdom,2011-02-23 10:58:00,2011-10-14 09:48:00,56,5,1412.06,2604.0,287.0,0.1102,4,4,4,12,Champions
16121,United Kingdom,2010-05-23 10:52:00,2011-10-13 12:59:00,56,5,1457.19,897.0,2.0,0.0022,4,4,4,12,Champions
16430,United Kingdom,2010-01-27 12:45:00,2011-10-13 14:47:00,56,7,1117.94,307.0,0.0,0.0,4,4,3,11,Loyal
16224,United Kingdom,2010-11-17 13:14:00,2011-10-13 17:51:00,56,5,1616.54,1555.0,0.0,0.0,4,4,4,12,Champions
14089,United Kingdom,2011-10-14 10:38:00,2011-10-14 10:38:00,56,1,161.0,134.0,0.0,0.0,4,1,1,6,Others
15272,United Kingdom,2010-02-14 13:39:00,2011-10-13 12:59:00,56,6,2085.48,687.0,0.0,0.0,4,4,4,12,Champions
16239,United Kingdom,2010-09-02 19:17:00,2011-10-14 08:29:00,56,6,1450.9,692.0,10.0,0.0145,4,4,4,12,Champions
13853,United Kingdom,2011-10-13 14:18:00,2011-10-13 14:18:00,56,1,1056.94,312.0,8.0,0.0256,4,1,3,8,Others
14421,United Kingdom,2010-01-17 11:30:00,2011-10-13 13:24:00,56,6,2456.62,1342.0,1.0,0.0007,4,4,4,12,Champions
12631,Finland,2010-01-15 14:50:00,2011-10-13 13:53:00,56,6,3452.27,1607.0,14.0,0.0087,4,4,5,13,Champions
14555,United Kingdom,2009-12-18 11:39:00,2011-10-13 16:24:00,56,6,2306.48,850.0,3.0,0.0035,4,4,4,12,Champions
14624,United Kingdom,2010-04-14 10:44:00,2011-10-13 13:44:00,56,6,814.07,645.0,0.0,0.0,4,4,3,11,Loyal
16081,United Kingdom,2010-02-03 12:46:00,2011-10-14 13:06:00,55,8,4302.58,2191.0,0.0,0.0,4,4,5,13,Champions
12454,Spain,2010-10-14 17:33:00,2011-10-14 17:13:00,55,5,4292.71,7703.0,5471.0,0.7102,4,4,5,13,Champions
15826,United Kingdom,2010-05-20 17:00:00,2011-10-14 16:05:00,55,4,2583.13,1824.0,13.0,0.0071,4,3,4,11,Potential Loyalist
13006,United Kingdom,2011-10-14 13:49:00,2011-10-14 13:49:00,55,1,81.57,55.0,0.0,0.0,4,1,1,6,Others
17892,United Kingdom,2011-07-07 12:56:00,2011-10-14 16:49:00,55,3,244.1,109.0,0.0,0.0,4,3,1,8,Potential Loyalist
17180,United Kingdom,2010-01-21 17:43:00,2011-10-14 15:46:00,55,11,2236.33,1828.0,6.0,0.0033,4,5,4,13,Champions
17986,United Kingdom,2011-10-14 14:22:00,2011-10-14 14:22:00,55,1,20.8,10.0,0.0,0.0,4,1,1,6,Others
13136,United Kingdom,2009-12-08 18:30:00,2011-10-14 13:41:00,55,13,6097.9,3109.0,67.0,0.0216,4,5,5,14,Champions
15994,United Kingdom,2010-03-14 11:55:00,2011-10-16 12:28:00,54,3,1198.84,469.0,2.0,0.0043,4,3,4,11,Potential Loyalist
13878,United Kingdom,2010-04-14 13:50:00,2011-10-16 12:19:00,54,4,2473.06,959.0,0.0,0.0,4,3,4,11,Potential Loyalist
14780,United Kingdom,2011-09-21 15:15:00,2011-10-16 12:46:00,54,2,447.68,310.0,0.0,0.0,4,2,2,8,Potential Loyalist
16934,United Kingdom,2010-03-28 12:43:00,2011-10-16 12:40:00,54,6,2090.74,939.0,3.0,0.0032,4,4,4,12,Champions
12940,United Kingdom,2011-09-13 10:16:00,2011-10-16 12:09:00,54,2,876.29,411.0,5.0,0.0122,4,2,3,9,Potential Loyalist
16206,United Kingdom,2010-01-24 15:25:00,2011-10-16 10:41:00,54,13,2597.37,1384.0,1.0,0.0007,4,5,4,13,Champions
16674,United Kingdom,2011-09-02 13:59:00,2011-10-16 11:31:00,54,2,319.61,188.0,0.0,0.0,4,2,2,8,Potential Loyalist
15440,United Kingdom,2011-05-15 11:30:00,2011-10-16 12:16:00,54,3,383.68,197.0,0.0,0.0,4,3,2,9,Potential Loyalist
13034,United Kingdom,2010-11-03 15:22:00,2011-10-16 12:21:00,54,3,756.82,406.0,0.0,0.0,4,3,3,10,Potential Loyalist
13875,United Kingdom,2009-12-17 10:30:00,2011-10-17 09:36:00,53,14,4814.37,3072.0,0.0,0.0,4,5,5,14,Champions
17205,United Kingdom,2010-05-24 15:36:00,2011-10-17 12:46:00,53,3,999.35,2214.0,0.0,0.0,4,3,3,10,Potential Loyalist
13760,United Kingdom,2010-04-25 13:10:00,2011-10-16 16:13:00,53,5,1358.64,623.0,4.0,0.0064,4,4,4,12,Champions
16412,United Kingdom,2010-02-04 13:46:00,2011-10-17 12:35:00,53,5,647.23,311.0,0.0,0.0,4,4,3,11,Loyal
17520,United Kingdom,2011-10-17 12:04:00,2011-10-17 12:04:00,53,1,546.81,365.0,0.0,0.0,4,1,2,7,Others
15545,United Kingdom,2010-12-03 17:28:00,2011-10-16 13:24:00,53,2,292.72,163.0,0.0,0.0,4,2,2,8,Potential Loyalist
16052,United Kingdom,2011-10-16 15:13:00,2011-10-16 15:13:00,53,1,362.06,282.0,0.0,0.0,4,1,2,7,Others
17734,United Kingdom,2010-03-07 13:55:00,2011-10-17 12:33:00,53,6,1442.32,741.0,0.0,0.0,4,4,4,12,Champions
13923,United Kingdom,2011-10-17 12:33:00,2011-10-17 12:33:00,53,1,351.13,185.0,0.0,0.0,4,1,2,7,Others
13750,United Kingdom,2010-04-01 14:49:00,2011-10-17 12:16:00,53,11,3563.6,1370.0,10.0,0.0073,4,5,5,14,Champions
17527,United Kingdom,2011-05-05 13:43:00,2011-10-17 12:32:00,53,4,888.86,488.0,25.0,0.0512,4,3,3,10,Potential Loyalist
16542,United Kingdom,2010-11-03 14:44:00,2011-10-17 10:47:00,53,2,257.32,142.0,0.0,0.0,4,2,1,7,Potential Loyalist
15335,United Kingdom,2011-10-17 12:50:00,2011-10-17 12:50:00,53,1,173.97,80.0,0.0,0.0,4,1,1,6,Others
14443,United Kingdom,2010-11-25 14:18:00,2011-10-17 10:10:00,53,5,2063.65,1357.0,7.0,0.0052,4,4,4,12,Champions
17534,United Kingdom,2010-02-25 16:55:00,2011-10-17 12:47:00,53,5,1668.83,860.0,0.0,0.0,4,4,4,12,Champions
17201,United Kingdom,2010-02-10 12:26:00,2011-10-17 11:55:00,53,4,1226.44,1075.0,24.0,0.0223,4,3,4,11,Potential Loyalist
15012,United Kingdom,2010-05-12 11:49:00,2011-10-17 12:22:00,53,3,669.56,393.0,0.0,0.0,4,3,3,10,Potential Loyalist
16563,United Kingdom,2009-12-01 18:35:00,2011-10-17 11:51:00,53,6,4412.56,2596.0,12.0,0.0046,4,4,5,13,Champions
18042,United Kingdom,2010-06-16 10:53:00,2011-10-17 11:49:00,53,2,281.15,69.0,0.0,0.0,4,2,2,8,Potential Loyalist
12475,Germany,2010-10-26 08:49:00,2011-10-17 10:10:00,53,2,1149.64,771.0,0.0,0.0,4,2,3,9,Potential Loyalist
16389,United Kingdom,2011-03-01 15:47:00,2011-10-17 14:41:00,52,4,1362.27,1242.0,12.0,0.0097,4,3,4,11,Potential Loyalist
16737,United Kingdom,2010-05-11 09:53:00,2011-10-17 13:03:00,52,2,835.2,576.0,0.0,0.0,4,2,3,9,Potential Loyalist
14798,United Kingdom,2010-03-01 08:38:00,2011-10-18 10:58:00,52,8,715.11,601.0,2.0,0.0033,4,4,3,11,Loyal
12463,Belgium,2011-04-12 12:47:00,2011-10-17 13:44:00,52,4,1303.63,776.0,19.0,0.0245,4,3,4,11,Potential Loyalist
15678,United Kingdom,2010-07-05 12:49:00,2011-10-18 09:25:00,52,3,1893.89,1067.0,0.0,0.0,4,3,4,11,Potential Loyalist
14015,United Kingdom,2011-10-18 10:02:00,2011-10-18 10:02:00,52,1,917.34,378.0,0.0,0.0,4,1,3,8,Others
12794,Portugal,2011-09-02 12:01:00,2011-10-17 14:54:00,52,2,860.41,592.0,0.0,0.0,4,2,3,9,Potential Loyalist
17206,United Kingdom,2011-10-17 13:25:00,2011-10-17 13:25:00,52,1,204.24,76.0,0.0,0.0,4,1,1,6,Others
15598,United Kingdom,2010-10-08 09:20:00,2011-10-17 16:04:00,52,2,543.02,404.0,4.0,0.0099,4,2,2,8,Potential Loyalist
16848,United Kingdom,2010-10-03 11:01:00,2011-10-18 08:42:00,52,4,1411.62,780.0,0.0,0.0,4,3,4,11,Potential Loyalist
13594,United Kingdom,2010-08-11 10:23:00,2011-10-18 10:19:00,52,2,508.42,396.0,2.0,0.0051,4,2,2,8,Potential Loyalist
14830,United Kingdom,2011-10-17 14:29:00,2011-10-17 14:29:00,52,1,197.13,169.0,0.0,0.0,4,1,1,6,Others
16249,United Kingdom,2011-04-14 13:50:00,2011-10-18 10:07:00,52,5,1800.07,950.0,0.0,0.0,4,4,4,12,Champions
17679,United Kingdom,2009-12-03 17:32:00,2011-10-18 07:43:00,52,7,3166.56,1755.0,341.0,0.1943,4,4,5,13,Champions
17244,United Kingdom,2009-12-06 11:27:00,2011-10-17 15:19:00,52,5,1826.04,1419.0,0.0,0.0,4,4,4,12,Champions
16363,United Kingdom,2011-10-17 14:14:00,2011-10-17 14:14:00,52,1,109.36,52.0,0.0,0.0,4,1,1,6,Others
15637,United Kingdom,2009-12-15 17:54:00,2011-10-18 08:28:00,52,5,797.59,651.0,0.0,0.0,4,4,3,11,Loyal
14211,United Kingdom,2009-12-09 12:48:00,2011-10-17 13:23:00,52,18,4301.69,2575.0,24.0,0.0093,4,5,5,14,Champions
13265,United Kingdom,2011-03-11 09:54:00,2011-10-17 15:02:00,52,5,2107.66,1752.0,0.0,0.0,4,4,4,12,Champions
15505,United Kingdom,2011-07-07 13:33:00,2011-10-18 07:56:00,52,5,3497.14,2390.0,42.0,0.0176,4,4,5,13,Champions
13015,United Kingdom,2010-04-15 16:35:00,2011-10-17 13:19:00,52,11,6465.72,3535.0,72.0,0.0204,4,5,5,14,Champions
15327,United Kingdom,2011-10-18 11:55:00,2011-10-18 11:55:00,52,1,208.75,116.0,0.0,0.0,4,1,1,6,Others
16932,United Kingdom,2010-05-17 14:15:00,2011-10-17 14:12:00,52,3,440.71,229.0,0.0,0.0,4,3,2,9,Potential Loyalist
17612,United Kingdom,2009-12-17 11:59:00,2011-10-17 14:59:00,52,18,5156.14,3521.0,60.0,0.017,4,5,5,14,Champions
15066,United Kingdom,2011-10-17 13:25:00,2011-10-17 13:25:00,52,1,760.59,317.0,38.0,0.1199,4,1,3,8,Others
17785,United Kingdom,2010-05-23 13:01:00,2011-10-17 13:43:00,52,3,403.38,227.0,0.0,0.0,4,3,2,9,Potential Loyalist
14841,United Kingdom,2009-12-02 16:49:00,2011-10-17 15:03:00,52,14,7163.0,4164.0,0.0,0.0,4,5,5,14,Champions
17262,United Kingdom,2009-12-15 11:26:00,2011-10-18 12:56:00,51,11,2488.76,635.0,0.0,0.0,4,5,4,13,Champions
15604,United Kingdom,2011-10-18 14:47:00,2011-10-18 14:47:00,51,1,216.39,159.0,0.0,0.0,4,1,1,6,Others
15610,United Kingdom,2011-10-19 10:36:00,2011-10-19 10:36:00,51,1,112.46,66.0,0.0,0.0,4,1,1,6,Others
16131,United Kingdom,2009-12-02 10:09:00,2011-10-19 11:53:00,51,12,9866.27,4768.0,15.0,0.0031,4,5,5,14,Champions
12744,Singapore,2010-04-27 16:19:00,2011-10-19 11:18:00,51,11,13158.16,6994.0,7.0,0.001,4,5,5,14,Champions
16470,United Kingdom,2009-12-11 12:21:00,2011-10-19 12:11:00,51,11,2453.65,1357.0,1.0,0.0007,4,5,4,13,Champions
15220,United Kingdom,2011-03-04 10:24:00,2011-10-19 12:39:00,51,6,1758.92,1393.0,16.0,0.0115,4,4,4,12,Champions
15140,United Kingdom,2010-09-23 13:07:00,2011-10-18 14:07:00,51,8,3239.44,2010.0,5.0,0.0025,4,4,5,13,Champions
13805,United Kingdom,2011-08-02 15:29:00,2011-10-18 14:50:00,51,2,924.6,1900.0,0.0,0.0,4,2,3,9,Potential Loyalist
17148,United Kingdom,2011-10-19 09:59:00,2011-10-19 09:59:00,51,1,124.88,82.0,0.0,0.0,4,1,1,6,Others
13637,United Kingdom,2011-04-27 13:06:00,2011-10-18 13:32:00,51,3,810.5,409.0,0.0,0.0,4,3,3,10,Potential Loyalist
12360,Austria,2010-02-22 09:32:00,2011-10-18 15:22:00,51,8,4212.89,2459.0,1.0,0.0004,4,4,5,13,Champions
16730,United Kingdom,2011-01-24 14:01:00,2011-10-18 14:11:00,51,3,702.79,994.0,96.0,0.0966,4,3,3,10,Potential Loyalist
12863,United Kingdom,2010-04-29 13:54:00,2011-10-18 14:15:00,51,6,2775.55,895.0,2.0,0.0022,4,4,4,12,Champions
16940,United Kingdom,2009-12-08 13:08:00,2011-10-18 13:15:00,51,8,6245.41,4503.0,33.0,0.0073,4,4,5,13,Champions
16123,United Kingdom,2011-10-19 09:18:00,2011-10-19 09:18:00,51,1,307.78,170.0,0.0,0.0,4,1,2,7,Others
12759,Netherlands,2009-12-04 10:47:00,2011-10-18 14:49:00,51,8,5020.74,3202.0,0.0,0.0,4,4,5,13,Champions
18019,United Kingdom,2011-10-19 12:10:00,2011-10-19 12:10:00,51,1,38.45,7.0,0.0,0.0,4,1,1,6,Others
14107,United Kingdom,2009-12-09 14:20:00,2011-10-19 12:12:00,51,11,4853.7,3489.0,8.0,0.0023,4,5,5,14,Champions
17973,United Kingdom,2011-10-19 10:34:00,2011-10-19 10:34:00,51,1,337.04,176.0,0.0,0.0,4,1,2,7,Others
13849,United Kingdom,2010-03-25 12:03:00,2011-10-19 10:59:00,51,5,3443.8,1883.0,2.0,0.0011,4,4,5,13,Champions
16621,United Kingdom,2011-03-07 11:32:00,2011-10-19 11:38:00,51,4,813.48,302.0,0.0,0.0,4,3,3,10,Potential Loyalist
15853,United Kingdom,2011-10-19 10:38:00,2011-10-19 10:38:00,51,1,110.8,135.0,0.0,0.0,4,1,1,6,Others
12611,Italy,2011-10-18 13:12:00,2011-10-18 13:12:00,51,1,1193.32,846.0,0.0,0.0,4,1,4,9,Others
17934,United Kingdom,2010-10-29 12:23:00,2011-10-19 11:16:00,51,3,1049.15,628.0,0.0,0.0,4,3,3,10,Potential Loyalist
16734,United Kingdom,2011-08-17 15:00:00,2011-10-18 13:44:00,51,3,650.51,346.0,0.0,0.0,4,3,3,10,Potential Loyalist
16515,United Kingdom,2010-06-17 12:17:00,2011-10-18 13:10:00,51,10,3216.3,1601.0,0.0,0.0,4,5,5,14,Champions
14229,United Kingdom,2010-08-25 11:47:00,2011-10-19 10:03:00,51,7,2468.99,934.0,23.0,0.0246,4,4,4,12,Champions
14381,United Kingdom,2010-09-14 16:15:00,2011-10-18 17:10:00,51,2,631.34,453.0,0.0,0.0,4,2,3,9,Potential Loyalist
14861,United Kingdom,2009-12-08 12:12:00,2011-10-18 12:54:00,51,10,1318.4,1076.0,22.0,0.0204,4,5,4,13,Champions
13032,United Kingdom,2010-09-05 14:01:00,2011-10-18 15:54:00,51,9,2817.59,1281.0,12.0,0.0094,4,5,4,13,Champions
13491,United Kingdom,2009-12-07 08:24:00,2011-10-19 08:32:00,51,27,4467.66,2349.0,0.0,0.0,4,5,5,14,Champions
14639,United Kingdom,2010-02-16 12:35:00,2011-10-18 15:06:00,51,9,4946.81,2410.0,3.0,0.0012,4,5,5,14,Champions
15296,United Kingdom,2010-01-21 13:48:00,2011-10-20 11:47:00,50,12,10223.93,5464.0,26.0,0.0048,4,5,5,14,Champions
16593,United Kingdom,2009-12-05 10:44:00,2011-10-20 12:41:00,50,8,1051.24,377.0,2.0,0.0053,4,4,3,11,Loyal
15664,United Kingdom,2010-02-28 12:50:00,2011-10-20 10:57:00,50,4,1212.35,530.0,19.0,0.0358,4,3,4,11,Potential Loyalist
13245,United Kingdom,2010-10-03 14:03:00,2011-10-20 11:40:00,50,2,989.22,371.0,0.0,0.0,4,2,3,9,Potential Loyalist
14273,United Kingdom,2011-04-11 13:24:00,2011-10-19 13:20:00,50,4,559.97,264.0,0.0,0.0,4,3,2,9,Potential Loyalist
14261,United Kingdom,2011-09-22 10:47:00,2011-10-20 10:04:00,50,2,1163.45,406.0,0.0,0.0,4,2,3,9,Potential Loyalist
17354,United Kingdom,2010-10-07 13:22:00,2011-10-20 10:34:00,50,4,3143.46,2535.0,0.0,0.0,4,3,5,12,Potential Loyalist
17007,United Kingdom,2010-09-28 13:51:00,2011-10-20 10:47:00,50,7,1107.6,717.0,10.0,0.0139,4,4,3,11,Loyal
14638,United Kingdom,2011-10-20 10:10:00,2011-10-20 10:10:00,50,1,443.6,166.0,0.0,0.0,4,1,2,7,Others
12370,Cyprus,2010-02-09 09:41:00,2011-10-19 14:51:00,50,7,4320.31,2605.0,0.0,0.0,4,4,5,13,Champions
16170,United Kingdom,2010-02-18 13:50:00,2011-10-20 08:21:00,50,20,6813.67,6056.0,25.0,0.0041,4,5,5,14,Champions
15301,United Kingdom,2010-09-15 15:41:00,2011-10-20 09:57:00,50,17,6887.84,3787.0,7.0,0.0018,4,5,5,14,Champions
17824,United Kingdom,2011-10-19 14:14:00,2011-10-19 14:14:00,50,1,298.4,408.0,0.0,0.0,4,1,2,7,Others
15006,United Kingdom,2010-09-12 13:03:00,2011-10-19 15:08:00,50,2,825.14,416.0,0.0,0.0,4,2,3,9,Potential Loyalist
16826,United Kingdom,2011-10-19 14:05:00,2011-10-19 14:05:00,50,1,341.7,158.0,0.0,0.0,4,1,2,7,Others
14495,United Kingdom,2010-02-18 08:49:00,2011-10-20 12:28:00,50,3,166.3,68.0,1.0,0.0147,4,3,1,8,Potential Loyalist
14799,United Kingdom,2009-12-02 11:18:00,2011-10-19 16:16:00,50,2,338.15,495.0,0.0,0.0,4,2,2,8,Potential Loyalist
15754,United Kingdom,2010-02-22 13:31:00,2011-10-19 14:40:00,50,9,3001.86,1762.0,7.0,0.004,4,5,5,14,Champions
14306,United Kingdom,2010-01-31 13:42:00,2011-10-19 13:23:00,50,6,3141.5,2065.0,2.0,0.001,4,4,5,13,Champions
13669,United Kingdom,2010-10-28 15:05:00,2011-10-20 09:32:00,50,3,413.55,393.0,0.0,0.0,4,3,2,9,Potential Loyalist
12596,Spain,2011-04-11 13:22:00,2011-10-19 13:02:00,50,2,618.27,474.0,0.0,0.0,4,2,3,9,Potential Loyalist
18149,United Kingdom,2010-03-14 12:41:00,2011-10-20 12:04:00,50,7,1624.71,918.0,0.0,0.0,4,4,4,12,Champions
14776,United Kingdom,2010-09-19 14:12:00,2011-10-19 15:34:00,50,15,3339.02,4658.0,454.0,0.0975,4,5,5,14,Champions
16260,United Kingdom,2011-10-20 09:40:00,2011-10-20 09:40:00,50,1,1035.45,311.0,0.0,0.0,4,1,3,8,Others
14923,United Kingdom,2011-10-20 11:51:00,2011-10-20 11:51:00,50,1,749.1,418.0,0.0,0.0,4,1,3,8,Others
17764,United Kingdom,2009-12-03 14:28:00,2011-10-20 11:03:00,50,5,1623.64,729.0,0.0,0.0,4,4,4,12,Champions
15468,United Kingdom,2010-11-12 09:39:00,2011-10-19 13:49:00,50,3,1387.48,1400.0,10.0,0.0071,4,3,4,11,Potential Loyalist
18252,United Kingdom,2009-12-18 16:13:00,2011-10-20 12:43:00,50,7,1465.59,937.0,6.0,0.0064,4,4,4,12,Champions
15803,United Kingdom,2010-02-01 16:29:00,2011-10-19 14:56:00,50,4,1929.66,1030.0,0.0,0.0,4,3,4,11,Potential Loyalist
14631,United Kingdom,2010-08-09 14:45:00,2011-10-20 11:17:00,50,6,2023.17,1407.0,12.0,0.0085,4,4,4,12,Champions
17092,United Kingdom,2010-02-02 16:42:00,2011-10-20 19:51:00,49,11,5563.31,3801.0,6.0,0.0016,4,5,5,14,Champions
16846,United Kingdom,2010-03-10 12:03:00,2011-10-20 13:55:00,49,3,842.41,517.0,0.0,0.0,4,3,3,10,Potential Loyalist
15129,United Kingdom,2010-04-08 17:15:00,2011-10-20 14:40:00,49,23,6860.18,4002.0,0.0,0.0,4,5,5,14,Champions
16497,United Kingdom,2009-12-03 14:11:00,2011-10-21 10:55:00,49,23,6695.28,3050.0,0.0,0.0,4,5,5,14,Champions
13366,United Kingdom,2011-10-20 13:37:00,2011-10-20 13:37:00,49,1,56.16,144.0,0.0,0.0,4,1,1,6,Others
17420,United Kingdom,2010-11-03 13:09:00,2011-10-20 14:52:00,49,6,943.68,446.0,2.0,0.0045,4,4,3,11,Loyal
13918,United Kingdom,2011-03-31 18:05:00,2011-10-21 12:25:00,49,2,1212.84,1140.0,0.0,0.0,4,2,4,10,Potential Loyalist
15469,United Kingdom,2010-09-27 10:09:00,2011-10-20 16:21:00,49,3,834.4,287.0,7.0,0.0244,4,3,3,10,Potential Loyalist
13725,United Kingdom,2011-02-04 12:18:00,2011-10-21 10:03:00,49,8,1809.81,806.0,147.0,0.1824,4,4,4,12,Champions
14967,United Kingdom,2009-12-03 14:07:00,2011-10-21 11:06:00,49,6,1680.52,652.0,1.0,0.0015,4,4,4,12,Champions
15286,United Kingdom,2011-10-21 11:08:00,2011-10-21 11:08:00,49,1,240.55,55.0,0.0,0.0,4,1,1,6,Others
14484,United Kingdom,2009-12-17 10:57:00,2011-10-20 14:11:00,49,4,1070.98,744.0,0.0,0.0,4,3,3,10,Potential Loyalist
16918,United Kingdom,2009-12-03 12:27:00,2011-10-21 12:50:00,49,16,3138.06,2069.0,20.0,0.0097,4,5,5,14,Champions
12556,Spain,2011-07-11 13:35:00,2011-10-20 13:06:00,49,2,603.71,358.0,0.0,0.0,4,2,3,9,Potential Loyalist
15565,United Kingdom,2011-09-30 10:44:00,2011-10-20 14:33:00,49,2,173.16,60.0,0.0,0.0,4,2,1,7,Potential Loyalist
17672,United Kingdom,2010-01-26 17:20:00,2011-10-20 14:18:00,49,7,5707.08,2758.0,18.0,0.0065,4,4,5,13,Champions
13573,United Kingdom,2010-03-12 16:06:00,2011-10-20 14:33:00,49,6,916.47,660.0,0.0,0.0,4,4,3,11,Loyal
13761,United Kingdom,2010-02-21 11:08:00,2011-10-20 14:01:00,49,6,1952.17,1079.0,0.0,0.0,4,4,4,12,Champions
13917,United Kingdom,2011-06-01 12:46:00,2011-10-21 09:56:00,49,2,272.04,228.0,0.0,0.0,4,2,2,8,Potential Loyalist
16177,United Kingdom,2010-03-02 14:03:00,2011-10-20 12:57:00,49,8,2141.61,1021.0,20.0,0.0196,4,4,4,12,Champions
17832,United Kingdom,2011-10-21 11:43:00,2011-10-21 11:43:00,49,1,155.37,208.0,0.0,0.0,4,1,1,6,Others
17571,United Kingdom,2010-06-15 12:50:00,2011-10-20 15:57:00,49,5,1703.75,1020.0,0.0,0.0,4,4,4,12,Champions
12407,Belgium,2011-03-20 13:21:00,2011-10-21 10:11:00,49,5,1708.12,1416.0,0.0,0.0,4,4,4,12,Champions
16153,United Kingdom,2010-05-26 12:41:00,2011-10-21 10:50:00,49,11,5037.51,3693.0,37.0,0.01,4,5,5,14,Champions
12403,Denmark,2010-07-06 11:39:00,2011-10-21 10:51:00,49,2,1001.36,260.0,1.0,0.0038,4,2,3,9,Potential Loyalist
15121,United Kingdom,2011-02-24 12:41:00,2011-10-20 14:51:00,49,2,457.72,199.0,0.0,0.0,4,2,2,8,Potential Loyalist
15807,United Kingdom,2010-02-11 15:32:00,2011-10-20 14:10:00,49,5,1807.57,1532.0,1.0,0.0007,4,4,4,12,Champions
14427,United Kingdom,2010-03-18 09:49:00,2011-10-20 14:23:00,49,4,1263.52,538.0,0.0,0.0,4,3,4,11,Potential Loyalist
15587,United Kingdom,2010-08-05 08:44:00,2011-10-20 13:37:00,49,7,1522.08,528.0,0.0,0.0,4,4,4,12,Champions
17125,United Kingdom,2011-10-20 14:41:00,2011-10-20 14:41:00,49,1,259.35,291.0,0.0,0.0,4,1,1,6,Others
13897,United Kingdom,2010-01-31 13:48:00,2011-10-20 14:30:00,49,3,1160.72,820.0,0.0,0.0,4,3,3,10,Potential Loyalist
14585,United Kingdom,2010-10-19 12:17:00,2011-10-20 14:33:00,49,5,1143.27,630.0,0.0,0.0,4,4,3,11,Loyal
15836,United Kingdom,2011-10-20 17:13:00,2011-10-20 17:13:00,49,1,117.47,26.0,2.0,0.0769,4,1,1,6,Others
16099,United Kingdom,2010-03-03 11:13:00,2011-10-20 13:13:00,49,7,1568.25,960.0,1.0,0.001,4,4,4,12,Champions
15819,United Kingdom,2010-03-18 11:08:00,2011-10-21 14:50:00,48,10,3911.28,2928.0,15.0,0.0051,4,5,5,14,Champions
14233,United Kingdom,2010-03-05 16:35:00,2011-10-21 15:54:00,48,7,2766.96,1261.0,35.0,0.0278,4,4,4,12,Champions
13974,United Kingdom,2010-05-06 17:55:00,2011-10-21 14:41:00,48,2,663.52,356.0,2.0,0.0056,4,2,3,9,Potential Loyalist
17361,United Kingdom,2010-02-01 14:30:00,2011-10-21 15:43:00,48,5,880.64,383.0,0.0,0.0,4,4,3,11,Loyal
15740,United Kingdom,2011-10-21 14:29:00,2011-10-21 14:29:00,48,1,154.88,152.0,0.0,0.0,4,1,1,6,Others
17940,United Kingdom,2009-12-03 12:31:00,2011-10-21 13:27:00,48,16,26960.02,85580.0,6.0,0.0001,4,5,5,14,Champions
15677,United Kingdom,2010-09-02 12:08:00,2011-10-21 15:36:00,48,3,1305.63,675.0,0.0,0.0,4,3,4,11,Potential Loyalist
13157,United Kingdom,2010-03-08 11:59:00,2011-10-21 13:50:00,48,9,5667.71,4762.0,9.0,0.0019,4,5,5,14,Champions
14800,United Kingdom,2010-09-30 14:38:00,2011-10-23 12:46:00,47,17,6859.75,6530.0,123.0,0.0188,4,5,5,14,Champions
16007,United Kingdom,2010-06-14 13:18:00,2011-10-23 11:05:00,47,7,3075.14,2643.0,0.0,0.0,4,4,5,13,Champions
16768,United Kingdom,2009-12-07 11:47:00,2011-10-23 10:38:00,47,9,1647.07,777.0,12.0,0.0154,4,5,4,13,Champions
15000,United Kingdom,2011-10-23 11:42:00,2011-10-23 11:42:00,47,1,490.52,218.0,0.0,0.0,4,1,2,7,Others
16325,United Kingdom,2009-12-04 13:21:00,2011-10-24 08:48:00,46,12,3463.84,2464.0,47.0,0.0191,4,5,5,14,Champions
17186,United Kingdom,2011-10-10 12:52:00,2011-10-24 10:20:00,46,2,144.0,200.0,0.0,0.0,4,2,1,7,Potential Loyalist
17111,United Kingdom,2010-10-10 15:21:00,2011-10-23 15:59:00,46,2,476.58,601.0,0.0,0.0,4,2,2,8,Potential Loyalist
14764,United Kingdom,2011-10-24 11:54:00,2011-10-24 11:54:00,46,1,250.55,190.0,15.0,0.0789,4,1,1,6,Others
16017,United Kingdom,2010-01-05 12:06:00,2011-10-23 12:56:00,46,5,1553.83,640.0,0.0,0.0,4,4,4,12,Champions
12546,Spain,2011-09-23 09:44:00,2011-10-24 12:09:00,46,2,1141.5,633.0,16.0,0.0253,4,2,3,9,Potential Loyalist
14312,United Kingdom,2010-07-23 15:05:00,2011-10-24 09:46:00,46,11,3090.29,1904.0,0.0,0.0,4,5,5,14,Champions
17836,United Kingdom,2011-10-23 16:13:00,2011-10-23 16:13:00,46,1,110.21,88.0,0.0,0.0,4,1,1,6,Others
16019,United Kingdom,2009-12-14 14:12:00,2011-10-24 11:51:00,46,27,16640.15,6976.0,349.0,0.05,4,5,5,14,Champions
15592,United Kingdom,2011-10-24 08:59:00,2011-10-24 08:59:00,46,1,388.58,354.0,0.0,0.0,4,1,2,7,Others
15277,United Kingdom,2010-10-10 16:02:00,2011-10-24 10:08:00,46,2,476.34,373.0,0.0,0.0,4,2,2,8,Potential Loyalist
14019,United Kingdom,2011-07-24 15:39:00,2011-10-24 10:13:00,46,3,1398.96,1037.0,3.0,0.0029,4,3,4,11,Potential Loyalist
14145,United Kingdom,2010-04-08 09:47:00,2011-10-24 12:10:00,46,7,7006.05,1655.0,120.0,0.0725,4,4,5,13,Champions
14504,United Kingdom,2011-03-06 14:38:00,2011-10-23 16:00:00,46,4,673.26,308.0,0.0,0.0,4,3,3,10,Potential Loyalist
14731,United Kingdom,2011-05-11 13:06:00,2011-10-23 15:54:00,46,3,380.02,256.0,0.0,0.0,4,3,2,9,Potential Loyalist
15215,United Kingdom,2010-04-06 11:21:00,2011-10-24 11:41:00,46,7,1496.46,776.0,306.0,0.3943,4,4,4,12,Champions
13598,United Kingdom,2010-02-26 11:22:00,2011-10-23 14:28:00,46,5,776.84,401.0,1.0,0.0025,4,4,3,11,Loyal
16742,United Kingdom,2009-12-16 17:22:00,2011-10-24 12:02:00,46,14,2387.71,2600.0,190.0,0.0731,4,5,4,13,Champions
16491,United Kingdom,2010-10-22 15:42:00,2011-10-24 10:18:00,46,2,1524.31,1060.0,3.0,0.0028,4,2,4,10,Potential Loyalist
16686,United Kingdom,2009-12-06 15:48:00,2011-10-23 13:49:00,46,16,5051.57,3510.0,5.0,0.0014,4,5,5,14,Champions
15806,United Kingdom,2011-03-08 09:24:00,2011-10-24 14:35:00,45,3,784.58,602.0,0.0,0.0,4,3,3,10,Potential Loyalist
15786,United Kingdom,2010-06-21 10:13:00,2011-10-24 14:13:00,45,5,8392.85,5981.0,88.0,0.0147,4,4,5,13,Champions
15142,United Kingdom,2010-07-27 09:05:00,2011-10-24 12:51:00,45,6,2608.97,2155.0,1.0,0.0005,4,4,4,12,Champions
15068,United Kingdom,2010-03-28 13:18:00,2011-10-24 14:47:00,45,4,1176.85,835.0,0.0,0.0,4,3,3,10,Potential Loyalist
16023,United Kingdom,2011-03-18 13:32:00,2011-10-24 16:34:00,45,3,719.81,358.0,0.0,0.0,4,3,3,10,Potential Loyalist
17423,United Kingdom,2010-11-11 12:26:00,2011-10-24 13:36:00,45,3,1084.17,790.0,38.0,0.0481,4,3,3,10,Potential Loyalist
17317,United Kingdom,2011-09-11 12:45:00,2011-10-24 17:19:00,45,3,2524.02,1146.0,72.0,0.0628,4,3,4,11,Potential Loyalist
15801,United Kingdom,2011-08-22 09:53:00,2011-10-24 13:52:00,45,3,1042.19,570.0,8.0,0.014,4,3,3,10,Potential Loyalist
12398,Switzerland,2011-10-25 10:27:00,2011-10-25 10:27:00,45,1,1635.66,1394.0,0.0,0.0,4,1,4,9,Others
14001,United Kingdom,2010-08-03 12:49:00,2011-10-25 10:31:00,45,9,4216.1,1779.0,3.0,0.0017,4,5,5,14,Champions
13176,United Kingdom,2011-10-24 15:43:00,2011-10-24 15:43:00,45,1,492.84,453.0,0.0,0.0,4,1,2,7,Others
14474,United Kingdom,2010-05-09 12:12:00,2011-10-24 13:26:00,45,2,1268.13,453.0,1.0,0.0022,4,2,4,10,Potential Loyalist
13652,United Kingdom,2010-02-25 17:37:00,2011-10-25 08:51:00,45,5,2262.05,1458.0,0.0,0.0,4,4,4,12,Champions
13165,United Kingdom,2010-10-22 17:04:00,2011-10-24 15:05:00,45,3,1451.16,1736.0,0.0,0.0,4,3,4,11,Potential Loyalist
15345,United Kingdom,2011-10-25 11:28:00,2011-10-25 11:28:00,45,1,367.69,81.0,3.0,0.037,4,1,2,7,Others
18240,United Kingdom,2011-10-24 13:06:00,2011-10-24 13:06:00,45,1,422.58,126.0,0.0,0.0,4,1,2,7,Others
18147,United Kingdom,2011-08-23 12:22:00,2011-10-25 11:46:00,45,2,179.34,203.0,0.0,0.0,4,2,1,7,Potential Loyalist
17344,United Kingdom,2009-12-11 12:31:00,2011-10-24 12:56:00,45,2,454.61,213.0,2.0,0.0094,4,2,2,8,Potential Loyalist
16728,United Kingdom,2011-03-20 13:28:00,2011-10-24 14:36:00,45,4,1054.67,677.0,0.0,0.0,4,3,3,10,Potential Loyalist
14139,United Kingdom,2010-06-15 09:17:00,2011-10-24 13:34:00,45,4,1086.8,1049.0,0.0,0.0,4,3,3,10,Potential Loyalist
16708,United Kingdom,2011-10-25 12:20:00,2011-10-25 12:20:00,45,1,656.63,285.0,0.0,0.0,4,1,3,8,Others
17004,United Kingdom,2010-10-11 15:43:00,2011-10-24 14:25:00,45,4,2425.16,1281.0,0.0,0.0,4,3,4,11,Potential Loyalist
15844,United Kingdom,2011-10-24 15:19:00,2011-10-24 15:19:00,45,1,130.74,134.0,0.0,0.0,4,1,1,6,Others
13481,United Kingdom,2009-12-04 12:37:00,2011-10-25 09:07:00,45,11,3803.09,2055.0,15.0,0.0073,4,5,5,14,Champions
14997,United Kingdom,2010-02-22 12:11:00,2011-10-24 13:28:00,45,4,771.38,1408.0,18.0,0.0128,4,3,3,10,Potential Loyalist
16444,United Kingdom,2010-03-24 14:06:00,2011-10-24 13:50:00,45,17,3582.38,1959.0,12.0,0.0061,4,5,5,14,Champions
16454,United Kingdom,2010-04-07 15:54:00,2011-10-26 11:40:00,44,4,1.9,9.0,4.0,0.4444,4,3,1,8,Potential Loyalist
12879,United Kingdom,2011-09-09 12:11:00,2011-10-26 12:24:00,44,3,552.57,370.0,7.0,0.0189,4,3,2,9,Potential Loyalist
12371,Switzerland,2010-03-04 18:23:00,2011-10-26 10:16:00,44,5,4067.38,1436.0,0.0,0.0,4,4,5,13,Champions
16750,United Kingdom,2011-04-21 16:53:00,2011-10-26 12:48:00,44,5,623.93,214.0,0.0,0.0,4,4,3,11,Loyal
13601,United Kingdom,2010-06-11 15:03:00,2011-10-25 17:31:00,44,4,1185.14,972.0,0.0,0.0,4,3,3,10,Potential Loyalist
16188,United Kingdom,2010-10-27 11:50:00,2011-10-26 12:19:00,44,5,1077.71,838.0,1.0,0.0012,4,4,3,11,Loyal
14754,United Kingdom,2010-01-18 11:04:00,2011-10-26 12:01:00,44,6,1546.28,1011.0,2.0,0.002,4,4,4,12,Champions
14341,United Kingdom,2009-12-01 12:20:00,2011-10-25 15:48:00,44,18,4443.47,2819.0,3.0,0.0011,4,5,5,14,Champions
17928,United Kingdom,2010-05-17 15:30:00,2011-10-25 13:52:00,44,3,341.24,222.0,0.0,0.0,4,3,2,9,Potential Loyalist
13182,United Kingdom,2011-10-25 13:46:00,2011-10-25 13:46:00,44,1,121.18,201.0,0.0,0.0,4,1,1,6,Others
15656,United Kingdom,2011-02-28 15:32:00,2011-10-25 14:56:00,44,4,748.5,343.0,0.0,0.0,4,3,3,10,Potential Loyalist
16225,United Kingdom,2010-02-07 12:41:00,2011-10-26 08:30:00,44,15,2821.91,1285.0,6.0,0.0047,4,5,4,13,Champions
18045,United Kingdom,2011-10-25 13:07:00,2011-10-25 13:07:00,44,1,189.4,142.0,0.0,0.0,4,1,1,6,Others
15158,United Kingdom,2010-11-03 13:46:00,2011-10-25 13:53:00,44,2,437.66,219.0,9.0,0.0411,4,2,2,8,Potential Loyalist
16056,United Kingdom,2011-10-25 15:19:00,2011-10-25 15:19:00,44,1,664.85,347.0,0.0,0.0,4,1,3,8,Others
17470,United Kingdom,2010-07-19 16:16:00,2011-10-26 12:42:00,44,11,2626.47,2731.0,0.0,0.0,4,5,4,13,Champions
16258,United Kingdom,2010-03-10 14:19:00,2011-10-25 13:30:00,44,15,11833.52,7200.0,20.0,0.0028,4,5,5,14,Champions
16208,United Kingdom,2010-02-24 14:24:00,2011-10-26 11:36:00,44,10,3440.45,1541.0,0.0,0.0,4,5,5,14,Champions
17917,United Kingdom,2010-12-12 12:08:00,2011-10-25 13:20:00,44,3,341.28,187.0,0.0,0.0,4,3,2,9,Potential Loyalist
17024,United Kingdom,2011-07-05 09:31:00,2011-10-25 13:47:00,44,3,95.85,69.0,0.0,0.0,4,3,1,8,Potential Loyalist
12812,Japan,2011-10-26 09:54:00,2011-10-26 09:54:00,44,1,229.64,164.0,0.0,0.0,4,1,1,6,Others
15630,United Kingdom,2010-03-05 14:30:00,2011-10-25 15:36:00,44,3,1475.45,987.0,1.0,0.001,4,3,4,11,Potential Loyalist
16418,United Kingdom,2010-10-13 12:31:00,2011-10-26 12:39:00,44,5,1101.94,580.0,0.0,0.0,4,4,3,11,Loyal
15240,United Kingdom,2009-12-05 14:57:00,2011-10-26 09:50:00,44,12,4320.45,3214.0,59.0,0.0184,4,5,5,14,Champions
16071,United Kingdom,2010-02-22 14:48:00,2011-10-26 11:14:00,44,4,1076.8,697.0,0.0,0.0,4,3,3,10,Potential Loyalist
17712,United Kingdom,2011-10-26 12:28:00,2011-10-26 12:28:00,44,1,522.91,215.0,0.0,0.0,4,1,2,7,Others
15516,United Kingdom,2011-10-24 11:33:00,2011-10-26 10:51:00,44,3,62.43,27.0,0.0,0.0,4,3,1,8,Potential Loyalist
18079,United Kingdom,2010-08-05 12:19:00,2011-10-25 15:27:00,44,5,4242.75,8815.0,0.0,0.0,4,4,5,13,Champions
13340,United Kingdom,2010-02-22 14:54:00,2011-10-25 13:15:00,44,12,22100.56,9636.0,0.0,0.0,4,5,5,14,Champions
14315,United Kingdom,2010-03-15 12:49:00,2011-10-26 12:06:00,44,8,3168.72,1344.0,12.0,0.0089,4,4,5,13,Champions
16110,United Kingdom,2010-07-05 13:04:00,2011-10-25 14:35:00,44,4,1819.27,902.0,0.0,0.0,4,3,4,11,Potential Loyalist
16345,United Kingdom,2010-08-13 17:13:00,2011-10-26 16:03:00,43,2,1198.74,620.0,0.0,0.0,4,2,4,10,Potential Loyalist
14842,United Kingdom,2011-02-04 15:32:00,2011-10-27 12:37:00,43,4,2456.8,1166.0,20.0,0.0172,4,3,4,11,Potential Loyalist
14379,United Kingdom,2010-08-16 15:31:00,2011-10-26 16:43:00,43,4,1268.91,713.0,0.0,0.0,4,3,4,11,Potential Loyalist
15835,United Kingdom,2011-01-13 10:35:00,2011-10-26 15:47:00,43,4,954.09,439.0,0.0,0.0,4,3,3,10,Potential Loyalist
14752,United Kingdom,2011-10-27 11:55:00,2011-10-27 11:55:00,43,1,389.64,260.0,0.0,0.0,4,1,2,7,Others
15320,United Kingdom,2011-10-26 13:27:00,2011-10-26 13:27:00,43,1,267.13,326.0,0.0,0.0,4,1,1,6,Others
15791,United Kingdom,2010-03-08 09:41:00,2011-10-27 10:14:00,43,5,3541.79,1970.0,21.0,0.0107,4,4,5,13,Champions
12448,Spain,2011-10-26 13:46:00,2011-10-26 13:46:00,43,1,449.45,243.0,0.0,0.0,4,1,2,7,Others
17684,United Kingdom,2011-10-27 11:10:00,2011-10-27 11:10:00,43,1,239.41,145.0,0.0,0.0,4,1,1,6,Others
17175,United Kingdom,2011-02-16 14:56:00,2011-10-26 15:31:00,43,4,1430.94,866.0,1.0,0.0012,4,3,4,11,Potential Loyalist
14690,United Kingdom,2010-10-25 12:20:00,2011-10-26 15:39:00,43,4,781.24,344.0,7.0,0.0203,4,3,3,10,Potential Loyalist
18226,United Kingdom,2010-03-05 10:05:00,2011-10-26 13:36:00,43,26,11748.58,7883.0,53.0,0.0067,4,5,5,14,Champions
14598,United Kingdom,2010-05-19 13:07:00,2011-10-26 13:19:00,43,2,221.97,354.0,165.0,0.4661,4,2,1,7,Potential Loyalist
12456,Switzerland,2011-03-30 09:12:00,2011-10-26 14:41:00,43,3,3153.89,1633.0,17.0,0.0104,4,3,5,12,Potential Loyalist
13107,United Kingdom,2010-02-04 10:50:00,2011-10-26 14:52:00,43,9,5109.62,4316.0,61.0,0.0141,4,5,5,14,Champions
15821,United Kingdom,2011-10-09 13:28:00,2011-10-26 15:48:00,43,2,570.96,202.0,0.0,0.0,4,2,2,8,Potential Loyalist
15990,United Kingdom,2010-02-28 12:30:00,2011-10-26 15:58:00,43,7,2010.05,1090.0,0.0,0.0,4,4,4,12,Champions
17878,United Kingdom,2010-11-09 13:50:00,2011-10-27 11:24:00,43,3,1412.33,1038.0,0.0,0.0,4,3,4,11,Potential Loyalist
16232,United Kingdom,2010-06-07 14:04:00,2011-10-27 12:16:00,43,7,2692.02,1849.0,13.0,0.007,4,4,4,12,Champions
13416,United Kingdom,2009-12-03 13:02:00,2011-10-27 08:56:00,43,3,940.8,208.0,0.0,0.0,4,3,3,10,Potential Loyalist
18276,United Kingdom,2009-12-10 17:14:00,2011-10-27 10:54:00,43,6,1620.67,1246.0,7.0,0.0056,4,4,4,12,Champions
17895,United Kingdom,2011-10-26 17:00:00,2011-10-26 17:00:00,43,1,98.0,130.0,0.0,0.0,4,1,1,6,Others
15659,United Kingdom,2010-02-24 13:32:00,2011-10-27 09:23:00,43,3,532.49,161.0,0.0,0.0,4,3,2,9,Potential Loyalist
17414,United Kingdom,2009-12-03 16:49:00,2011-10-27 12:13:00,43,6,2249.52,6256.0,0.0,0.0,4,4,4,12,Champions
16415,United Kingdom,2010-02-01 12:30:00,2011-10-26 13:35:00,43,3,719.44,527.0,0.0,0.0,4,3,3,10,Potential Loyalist
14716,United Kingdom,2010-09-21 12:07:00,2011-10-27 17:29:00,42,3,565.45,752.0,0.0,0.0,4,3,2,9,Potential Loyalist
14004,United Kingdom,2010-09-30 09:39:00,2011-10-27 14:40:00,42,11,6258.45,3425.0,0.0,0.0,4,5,5,14,Champions
14232,United Kingdom,2011-03-20 12:44:00,2011-10-28 11:09:00,42,5,2043.93,1941.0,4.0,0.0021,4,4,4,12,Champions
14357,United Kingdom,2011-10-27 16:23:00,2011-10-27 16:23:00,42,1,225.77,148.0,0.0,0.0,4,1,1,6,Others
14498,United Kingdom,2010-06-07 16:05:00,2011-10-28 12:09:00,42,10,3911.27,2122.0,0.0,0.0,4,5,5,14,Champions
14738,United Kingdom,2009-12-07 10:21:00,2011-10-28 08:56:00,42,9,1763.64,757.0,30.0,0.0396,4,5,4,13,Champions
16026,United Kingdom,2011-10-27 13:53:00,2011-10-27 13:53:00,42,1,236.09,243.0,0.0,0.0,4,1,1,6,Others
16150,United Kingdom,2009-12-17 15:33:00,2011-10-28 12:39:00,42,10,3761.27,1990.0,66.0,0.0332,4,5,5,14,Champions
13538,United Kingdom,2010-02-02 12:47:00,2011-10-27 16:34:00,42,12,3112.73,963.0,0.0,0.0,4,5,5,14,Champions
14412,United Kingdom,2010-10-11 12:33:00,2011-10-28 10:45:00,42,3,1417.49,1428.0,2.0,0.0014,4,3,4,11,Potential Loyalist
13993,United Kingdom,2009-12-03 11:57:00,2011-10-28 09:06:00,42,19,6690.36,2135.0,15.0,0.007,4,5,5,14,Champions
16847,United Kingdom,2010-03-31 13:32:00,2011-10-27 13:29:00,42,2,614.89,255.0,0.0,0.0,4,2,3,9,Potential Loyalist
16843,United Kingdom,2009-12-10 11:40:00,2011-10-28 09:06:00,42,35,19528.78,18502.0,43.0,0.0023,4,5,5,14,Champions
15014,United Kingdom,2011-06-16 19:40:00,2011-10-27 20:07:00,42,2,260.17,151.0,0.0,0.0,4,2,1,7,Potential Loyalist
15288,United Kingdom,2010-02-12 15:27:00,2011-10-27 16:58:00,42,10,3717.48,1338.0,0.0,0.0,4,5,5,14,Champions
17545,United Kingdom,2010-05-11 10:04:00,2011-10-27 14:04:00,42,6,1448.54,733.0,0.0,0.0,4,4,4,12,Champions
17669,United Kingdom,2010-04-01 18:48:00,2011-10-28 08:53:00,42,10,6142.35,3505.0,0.0,0.0,4,5,5,14,Champions
15622,United Kingdom,2010-03-04 10:29:00,2011-10-27 16:44:00,42,17,7318.08,4091.0,130.0,0.0318,4,5,5,14,Champions
14239,United Kingdom,2009-12-05 12:36:00,2011-10-27 14:40:00,42,21,4203.72,1729.0,8.0,0.0046,4,5,5,14,Champions
18261,United Kingdom,2011-09-05 09:34:00,2011-10-27 15:36:00,42,2,324.24,146.0,0.0,0.0,4,2,2,8,Potential Loyalist
12536,France,2011-10-11 14:52:00,2011-10-27 14:20:00,42,3,4106.82,2803.0,151.0,0.0539,4,3,5,12,Potential Loyalist
12432,Norway,2011-06-20 13:27:00,2011-10-28 11:43:00,42,5,5059.32,1801.0,0.0,0.0,4,4,5,13,Champions
17459,United Kingdom,2011-10-10 17:00:00,2011-10-27 13:25:00,42,2,657.3,537.0,0.0,0.0,4,2,3,9,Potential Loyalist
12430,Norway,2011-10-27 15:09:00,2011-10-27 15:09:00,42,1,256.4,117.0,0.0,0.0,4,1,1,6,Others
16680,United Kingdom,2010-06-23 09:30:00,2011-10-27 17:35:00,42,3,821.45,377.0,0.0,0.0,4,3,3,10,Potential Loyalist
15096,United Kingdom,2011-10-28 10:27:00,2011-10-28 10:27:00,42,1,219.39,120.0,0.0,0.0,4,1,1,6,Others
18287,United Kingdom,2010-05-17 11:55:00,2011-10-28 09:29:00,42,7,4177.89,3013.0,2.0,0.0007,4,4,5,13,Champions
13654,United Kingdom,2009-12-02 11:43:00,2011-10-27 16:24:00,42,11,6308.0,4762.0,0.0,0.0,4,5,5,14,Champions
14218,United Kingdom,2011-10-28 10:00:00,2011-10-28 10:00:00,42,1,169.48,160.0,0.0,0.0,4,1,1,6,Others
16648,United Kingdom,2010-04-28 14:58:00,2011-10-28 08:58:00,42,3,653.0,503.0,12.0,0.0239,4,3,3,10,Potential Loyalist
13812,Germany,2011-08-26 12:54:00,2011-10-28 14:27:00,41,3,539.0,333.0,0.0,0.0,4,3,2,9,Potential Loyalist
17272,United Kingdom,2011-03-22 12:05:00,2011-10-28 16:37:00,41,4,2144.53,1778.0,2.0,0.0011,4,3,4,11,Potential Loyalist
17839,United Kingdom,2011-10-28 17:27:00,2011-10-28 17:27:00,41,1,338.8,285.0,0.0,0.0,4,1,2,7,Others
17418,United Kingdom,2010-11-17 13:42:00,2011-10-28 13:00:00,41,3,670.06,521.0,0.0,0.0,4,3,3,10,Potential Loyalist
17837,United Kingdom,2011-06-29 16:44:00,2011-10-28 16:13:00,41,8,1560.53,518.0,3.0,0.0058,4,4,4,12,Champions
16554,United Kingdom,2009-12-15 09:42:00,2011-10-28 14:51:00,41,8,2407.17,1346.0,177.0,0.1315,4,4,4,12,Champions
14221,United Kingdom,2010-04-06 14:10:00,2011-10-28 13:42:00,41,17,6506.59,3808.0,2.0,0.0005,4,5,5,14,Champions
16102,United Kingdom,2011-08-03 12:50:00,2011-10-28 13:19:00,41,3,1842.14,942.0,0.0,0.0,4,3,4,11,Potential Loyalist
12678,France,2010-01-07 16:46:00,2011-10-28 13:04:00,41,21,33851.13,22372.0,139.0,0.0062,4,5,5,14,Champions
12895,United Kingdom,2011-09-14 08:35:00,2011-10-28 13:51:00,41,2,347.3,210.0,6.0,0.0286,4,2,2,8,Potential Loyalist
13278,United Kingdom,2010-04-08 11:59:00,2011-10-30 11:49:00,40,4,1428.2,1358.0,3.0,0.0022,4,3,4,11,Potential Loyalist
15708,United Kingdom,2010-10-10 11:33:00,2011-10-30 10:54:00,40,9,3981.62,1517.0,11.0,0.0073,4,5,5,14,Champions
17372,United Kingdom,2009-12-03 18:41:00,2011-10-30 11:37:00,40,28,4325.43,1876.0,49.0,0.0261,4,5,5,14,Champions
17255,United Kingdom,2010-09-19 15:53:00,2011-10-30 12:18:00,40,4,799.13,594.0,0.0,0.0,4,3,3,10,Potential Loyalist
15059,United Kingdom,2009-12-06 12:17:00,2011-10-30 11:35:00,40,19,3427.62,1617.0,19.0,0.0118,4,5,5,14,Champions
13566,United Kingdom,2010-03-10 12:22:00,2011-10-30 11:59:00,40,5,1708.12,1266.0,0.0,0.0,4,4,4,12,Champions
16601,United Kingdom,2010-03-26 13:39:00,2011-10-30 11:09:00,40,3,684.25,395.0,0.0,0.0,4,3,3,10,Potential Loyalist
14582,United Kingdom,2011-10-30 11:56:00,2011-10-30 11:56:00,40,1,114.11,73.0,0.0,0.0,4,1,1,6,Others
17018,United Kingdom,2009-12-05 10:27:00,2011-10-30 11:42:00,40,6,2287.7,456.0,0.0,0.0,4,4,4,12,Champions
14077,United Kingdom,2010-11-09 16:01:00,2011-10-30 12:35:00,40,6,615.08,376.0,0.0,0.0,4,4,3,11,Loyal
16235,United Kingdom,2010-08-26 12:10:00,2011-10-30 10:56:00,40,9,1990.61,788.0,8.0,0.0102,4,5,4,13,Champions
15865,United Kingdom,2010-01-05 13:58:00,2011-10-30 12:43:00,40,5,2248.92,1147.0,0.0,0.0,4,4,4,12,Champions
13524,United Kingdom,2011-05-04 12:26:00,2011-10-30 12:34:00,40,5,680.18,324.0,0.0,0.0,4,4,3,11,Loyal
14179,United Kingdom,2011-10-18 14:00:00,2011-10-30 12:07:00,40,2,719.78,330.0,0.0,0.0,4,2,3,9,Potential Loyalist
14810,United Kingdom,2010-10-06 13:12:00,2011-10-30 11:19:00,40,13,2356.58,1163.0,0.0,0.0,4,5,4,13,Champions
17609,United Kingdom,2010-04-09 16:54:00,2011-10-30 12:28:00,40,11,1758.99,1325.0,77.0,0.0581,4,5,4,13,Champions
15860,United Kingdom,2009-12-06 12:31:00,2011-10-30 11:25:00,40,17,2402.55,1270.0,0.0,0.0,4,5,4,13,Champions
14040,United Kingdom,2009-12-01 12:14:00,2011-10-30 12:42:00,40,35,12457.84,5044.0,50.0,0.0099,4,5,5,14,Champions
15370,United Kingdom,2010-10-25 12:08:00,2011-10-30 10:58:00,40,8,3713.51,1397.0,2.0,0.0014,4,4,5,13,Champions
12581,Germany,2011-10-31 08:56:00,2011-10-31 08:56:00,39,1,197.71,161.0,0.0,0.0,4,1,1,6,Others
17951,United Kingdom,2010-10-31 15:15:00,2011-10-31 12:30:00,39,4,1322.88,780.0,6.0,0.0077,4,3,4,11,Potential Loyalist
12571,France,2011-08-10 12:35:00,2011-10-31 10:19:00,39,2,519.61,523.0,0.0,0.0,4,2,2,8,Potential Loyalist
18067,United Kingdom,2011-10-30 15:58:00,2011-10-30 15:58:00,39,1,396.33,189.0,0.0,0.0,4,1,2,7,Others
14808,United Kingdom,2011-06-20 12:53:00,2011-10-31 12:21:00,39,8,2175.37,2147.0,93.0,0.0433,4,4,4,12,Champions
16049,United Kingdom,2010-07-11 13:53:00,2011-10-30 13:19:00,39,6,1899.68,1165.0,0.0,0.0,4,4,4,12,Champions
17373,United Kingdom,2010-02-28 14:17:00,2011-10-30 15:28:00,39,7,1167.5,738.0,0.0,0.0,4,4,3,11,Loyal
15478,United Kingdom,2010-05-13 18:49:00,2011-10-30 14:19:00,39,3,2024.98,904.0,0.0,0.0,4,3,4,11,Potential Loyalist
14295,United Kingdom,2009-12-08 09:49:00,2011-10-30 15:50:00,39,5,2316.06,1029.0,7.0,0.0068,4,4,4,12,Champions
16190,United Kingdom,2009-12-14 11:59:00,2011-10-30 15:59:00,39,8,2723.55,1231.0,0.0,0.0,4,4,4,12,Champions
15748,United Kingdom,2010-09-16 16:52:00,2011-10-30 12:51:00,39,3,614.76,262.0,0.0,0.0,4,3,3,10,Potential Loyalist
15752,United Kingdom,2010-09-08 11:56:00,2011-10-31 11:37:00,39,9,3939.44,2814.0,5.0,0.0018,4,5,5,14,Champions
13421,United Kingdom,2010-02-14 14:45:00,2011-10-30 14:21:00,39,8,4088.82,2420.0,3.0,0.0012,4,4,5,13,Champions
15669,United Kingdom,2011-03-21 09:13:00,2011-10-30 16:03:00,39,4,677.69,342.0,3.0,0.0088,4,3,3,10,Potential Loyalist
16836,United Kingdom,2010-05-14 12:52:00,2011-10-31 10:05:00,39,4,782.37,539.0,0.0,0.0,4,3,3,10,Potential Loyalist
15376,United Kingdom,2011-05-01 13:45:00,2011-10-30 15:04:00,39,3,1233.36,619.0,0.0,0.0,4,3,4,11,Potential Loyalist
13617,United Kingdom,2010-08-01 15:23:00,2011-10-30 13:50:00,39,8,1263.8,593.0,1.0,0.0017,4,4,4,12,Champions
17796,United Kingdom,2010-10-14 13:37:00,2011-10-30 15:38:00,39,7,1247.34,351.0,0.0,0.0,4,4,4,12,Champions
13607,United Kingdom,2010-11-02 11:48:00,2011-10-30 16:17:00,39,2,1060.61,468.0,6.0,0.0128,4,2,3,9,Potential Loyalist
17213,United Kingdom,2009-12-15 10:28:00,2011-10-30 14:53:00,39,13,4766.03,2087.0,22.0,0.0105,4,5,5,14,Champions
13544,United Kingdom,2010-03-05 11:31:00,2011-10-31 11:57:00,39,6,820.5,358.0,1.0,0.0028,4,4,3,11,Loyal
15521,United Kingdom,2010-01-05 10:19:00,2011-10-30 13:42:00,39,16,6674.44,4516.0,166.0,0.0368,4,5,5,14,Champions
12909,United Kingdom,2010-02-24 12:14:00,2011-10-31 12:43:00,39,8,3034.77,1948.0,16.0,0.0082,4,4,5,13,Champions
15385,United Kingdom,2010-01-31 13:02:00,2011-10-30 15:11:00,39,3,942.08,428.0,0.0,0.0,4,3,3,10,Potential Loyalist
15360,United Kingdom,2011-10-31 09:35:00,2011-10-31 09:35:00,39,1,427.93,223.0,0.0,0.0,4,1,2,7,Others
13103,United Kingdom,2010-05-11 14:41:00,2011-10-31 09:38:00,39,3,709.64,426.0,0.0,0.0,4,3,3,10,Potential Loyalist
13813,Germany,2009-12-06 10:16:00,2011-10-31 10:38:00,39,8,2686.42,1292.0,16.0,0.0124,4,4,4,12,Champions
13145,United Kingdom,2010-04-19 11:11:00,2011-10-31 12:45:00,39,7,1124.77,265.0,3.0,0.0113,4,4,3,11,Loyal
15667,United Kingdom,2011-10-31 10:56:00,2011-10-31 10:56:00,39,1,301.32,240.0,0.0,0.0,4,1,2,7,Others
14158,United Kingdom,2011-10-30 15:08:00,2011-10-30 15:08:00,39,1,507.66,781.0,0.0,0.0,4,1,2,7,Others
17447,United Kingdom,2011-09-29 10:10:00,2011-10-30 14:18:00,39,2,541.53,443.0,0.0,0.0,4,2,2,8,Potential Loyalist
13186,United Kingdom,2011-08-03 09:09:00,2011-10-31 11:40:00,39,3,1539.69,820.0,16.0,0.0195,4,3,4,11,Potential Loyalist
15329,United Kingdom,2009-12-14 12:18:00,2011-10-31 15:36:00,38,11,2760.68,1219.0,58.0,0.0476,4,5,4,13,Champions
17733,United Kingdom,2011-03-23 09:54:00,2011-11-01 08:16:00,38,2,692.19,463.0,0.0,0.0,4,2,3,9,Potential Loyalist
12491,France,2011-11-01 12:18:00,2011-11-01 12:18:00,38,1,460.4,260.0,0.0,0.0,4,1,2,7,Others
14485,United Kingdom,2011-11-01 12:25:00,2011-11-01 12:25:00,38,1,165.75,71.0,0.0,0.0,4,1,1,6,Others
13982,United Kingdom,2010-01-20 14:04:00,2011-10-31 16:24:00,38,9,3990.19,2528.0,12.0,0.0047,4,5,5,14,Champions
12522,Germany,2011-10-19 14:41:00,2011-10-31 15:30:00,38,2,192.72,194.0,0.0,0.0,4,2,1,7,Potential Loyalist
13697,United Kingdom,2011-11-01 09:14:00,2011-11-01 09:14:00,38,1,151.3,177.0,0.0,0.0,4,1,1,6,Others
14995,United Kingdom,2011-03-04 13:14:00,2011-11-01 11:39:00,38,2,233.23,103.0,0.0,0.0,4,2,1,7,Potential Loyalist
16830,United Kingdom,2009-12-13 12:11:00,2011-11-01 11:35:00,38,4,1183.7,699.0,6.0,0.0086,4,3,3,10,Potential Loyalist
12588,Finland,2010-04-21 12:22:00,2011-10-31 15:01:00,38,4,938.98,438.0,4.0,0.0091,4,3,3,10,Potential Loyalist
16825,United Kingdom,2010-06-23 13:14:00,2011-11-01 11:51:00,38,5,1826.89,1297.0,0.0,0.0,4,4,4,12,Champions
17166,United Kingdom,2011-05-20 08:18:00,2011-11-01 09:46:00,38,2,189.49,78.0,3.0,0.0385,4,2,1,7,Potential Loyalist
17396,United Kingdom,2010-09-24 13:04:00,2011-10-31 14:12:00,38,14,8132.1,2313.0,94.0,0.0406,4,5,5,14,Champions
13726,United Kingdom,2011-08-31 11:06:00,2011-11-01 10:49:00,38,2,1079.66,1054.0,0.0,0.0,4,2,3,9,Potential Loyalist
16029,United Kingdom,2009-12-08 11:23:00,2011-11-01 10:27:00,38,107,87529.39,54550.0,8121.0,0.1489,4,5,5,14,Champions
16127,United Kingdom,2009-12-13 12:19:00,2011-10-31 13:58:00,38,2,801.31,391.0,0.0,0.0,4,2,3,9,Potential Loyalist
15974,United Kingdom,2011-02-24 10:10:00,2011-10-31 13:13:00,38,7,3429.55,2262.0,6.0,0.0027,4,4,5,13,Champions
16969,United Kingdom,2011-06-01 12:10:00,2011-10-31 13:12:00,38,3,650.41,816.0,0.0,0.0,4,3,3,10,Potential Loyalist
18257,United Kingdom,2010-02-18 16:20:00,2011-10-31 14:48:00,38,12,4496.8,2369.0,40.0,0.0169,4,5,5,14,Champions
12552,Italy,2011-10-31 12:11:00,2011-11-01 10:02:00,38,2,437.82,88.0,0.0,0.0,4,2,2,8,Potential Loyalist
12674,France,2011-05-16 09:10:00,2011-11-01 12:12:00,38,4,1919.31,1133.0,31.0,0.0274,4,3,4,11,Potential Loyalist
13292,United Kingdom,2010-07-01 14:36:00,2011-11-01 10:04:00,38,5,987.79,530.0,16.0,0.0302,4,4,3,11,Loyal
14167,United Kingdom,2010-01-27 16:07:00,2011-10-31 14:29:00,38,8,1296.49,350.0,0.0,0.0,4,4,4,12,Champions
14345,United Kingdom,2011-11-01 09:51:00,2011-11-01 09:51:00,38,1,108.98,50.0,0.0,0.0,4,1,1,6,Others
13461,United Kingdom,2010-04-21 16:01:00,2011-11-01 09:01:00,38,6,4138.5,3132.0,4.0,0.0013,4,4,5,13,Champions
15018,United Kingdom,2010-12-07 10:47:00,2011-11-01 12:47:00,38,3,456.26,189.0,1.0,0.0053,4,3,2,9,Potential Loyalist
16018,United Kingdom,2009-12-07 13:57:00,2011-10-31 14:13:00,38,4,698.13,503.0,0.0,0.0,4,3,3,10,Potential Loyalist
16960,United Kingdom,2010-03-02 13:36:00,2011-11-01 11:35:00,38,8,2021.98,1515.0,11.0,0.0073,4,4,4,12,Champions
13327,United Kingdom,2009-12-18 15:35:00,2011-11-01 10:21:00,38,20,8996.03,4203.0,31.0,0.0074,4,5,5,14,Champions
16014,United Kingdom,2010-01-31 12:43:00,2011-11-02 12:04:00,37,5,1121.02,478.0,4.0,0.0084,4,4,3,11,Loyal
15830,United Kingdom,2011-11-02 10:40:00,2011-11-02 10:40:00,37,1,547.7,415.0,6.0,0.0145,4,1,2,7,Others
12779,Poland,2009-12-03 07:25:00,2011-11-02 11:43:00,37,14,6158.6,3501.0,169.0,0.0483,4,5,5,14,Champions
17965,United Kingdom,2009-12-14 13:19:00,2011-11-02 09:31:00,37,29,6960.98,4463.0,26.0,0.0058,4,5,5,14,Champions
16729,United Kingdom,2011-04-12 14:22:00,2011-11-01 14:29:00,37,21,7076.28,5783.0,14.0,0.0024,4,5,5,14,Champions
16308,United Kingdom,2009-12-15 15:48:00,2011-11-02 11:24:00,37,7,5120.0,16000.0,0.0,0.0,4,4,5,13,Champions
15847,United Kingdom,2010-03-08 08:47:00,2011-11-01 14:41:00,37,5,822.57,643.0,0.0,0.0,4,4,3,11,Loyal
16747,United Kingdom,2011-10-03 10:18:00,2011-11-02 11:37:00,37,2,826.96,583.0,6.0,0.0103,4,2,3,9,Potential Loyalist
17719,United Kingdom,2011-03-29 11:29:00,2011-11-02 10:36:00,37,15,5367.8,2466.0,11.0,0.0045,4,5,5,14,Champions
18270,United Kingdom,2010-10-03 10:49:00,2011-11-01 13:57:00,37,3,400.35,209.0,4.0,0.0191,4,3,2,9,Potential Loyalist
17696,United Kingdom,2009-12-10 17:09:00,2011-11-01 13:43:00,37,27,7380.89,5891.0,142.0,0.0241,4,5,5,14,Champions
17966,United Kingdom,2010-01-18 13:24:00,2011-11-02 10:26:00,37,10,1974.42,3943.0,0.0,0.0,4,5,4,13,Champions
15065,United Kingdom,2010-10-25 09:13:00,2011-11-02 09:45:00,37,5,3304.71,1446.0,28.0,0.0194,4,4,5,13,Champions
15275,United Kingdom,2011-11-02 11:20:00,2011-11-02 11:20:00,37,1,609.19,498.0,1.0,0.002,4,1,3,8,Others
15576,United Kingdom,2011-11-02 12:03:00,2011-11-02 12:03:00,37,1,940.67,404.0,0.0,0.0,4,1,3,8,Others
12830,United Kingdom,2011-06-21 10:53:00,2011-11-02 11:54:00,37,6,6748.4,9848.0,1.0,0.0001,4,4,5,13,Champions
16884,United Kingdom,2010-05-18 12:00:00,2011-11-02 11:52:00,37,4,1073.92,521.0,0.0,0.0,4,3,3,10,Potential Loyalist
15423,United Kingdom,2010-03-28 13:42:00,2011-11-01 14:01:00,37,3,219.14,198.0,5.0,0.0253,4,3,1,8,Potential Loyalist
13477,United Kingdom,2010-01-25 11:52:00,2011-11-02 12:04:00,37,11,2821.12,2095.0,3.0,0.0014,4,5,4,13,Champions
16043,United Kingdom,2010-08-15 11:26:00,2011-11-02 12:50:00,37,8,1856.59,1011.0,0.0,0.0,4,4,4,12,Champions
12594,Italy,2010-03-03 13:51:00,2011-11-02 12:20:00,37,15,5044.51,2768.0,25.0,0.009,4,5,5,14,Champions
18105,United Kingdom,2011-11-02 12:04:00,2011-11-02 12:04:00,37,1,113.48,46.0,0.0,0.0,4,1,1,6,Others
14383,United Kingdom,2011-06-29 10:18:00,2011-11-01 15:53:00,37,3,1247.69,817.0,0.0,0.0,4,3,4,11,Potential Loyalist
16971,United Kingdom,2011-11-01 15:06:00,2011-11-01 15:06:00,37,1,232.21,72.0,1.0,0.0139,4,1,1,6,Others
13636,United Kingdom,2011-02-27 14:29:00,2011-11-03 10:30:00,36,5,941.62,592.0,6.0,0.0101,4,4,3,11,Loyal
17816,United Kingdom,2009-12-15 15:27:00,2011-11-03 11:34:00,36,6,96.11,80.0,0.0,0.0,4,4,1,9,Others
17999,United Kingdom,2010-11-26 13:16:00,2011-11-02 15:56:00,36,3,540.56,301.0,0.0,0.0,4,3,2,9,Potential Loyalist
14974,United Kingdom,2011-11-02 13:01:00,2011-11-02 13:01:00,36,1,114.39,44.0,0.0,0.0,4,1,1,6,Others
16367,United Kingdom,2010-11-21 13:23:00,2011-11-02 13:13:00,36,3,1362.4,1117.0,0.0,0.0,4,3,4,11,Potential Loyalist
15998,United Kingdom,2009-12-01 11:45:00,2011-11-03 12:45:00,36,16,8220.39,5372.0,19.0,0.0035,4,5,5,14,Champions
16221,United Kingdom,2010-08-10 13:32:00,2011-11-03 11:43:00,36,9,2062.27,1463.0,2.0,0.0014,4,5,4,13,Champions
14815,United Kingdom,2011-10-03 11:36:00,2011-11-03 11:36:00,36,2,778.5,744.0,0.0,0.0,4,2,3,9,Potential Loyalist
13728,United Kingdom,2009-12-09 17:13:00,2011-11-03 10:49:00,36,16,2855.17,1269.0,0.0,0.0,4,5,5,14,Champions
16706,United Kingdom,2011-08-17 15:53:00,2011-11-02 13:50:00,36,3,531.35,249.0,0.0,0.0,4,3,2,9,Potential Loyalist
13271,United Kingdom,2011-11-02 14:31:00,2011-11-02 14:31:00,36,1,178.26,253.0,72.0,0.2846,4,1,1,6,Others
17947,United Kingdom,2011-11-02 13:05:00,2011-11-02 13:05:00,36,1,176.68,168.0,0.0,0.0,4,1,1,6,Others
15227,United Kingdom,2010-03-16 08:23:00,2011-11-03 11:59:00,36,9,2488.49,1217.0,0.0,0.0,4,5,4,13,Champions
17653,United Kingdom,2011-08-11 15:24:00,2011-11-03 12:46:00,36,4,1175.88,1409.0,8.0,0.0057,4,3,3,10,Potential Loyalist
18164,United Kingdom,2011-11-02 12:56:00,2011-11-02 12:56:00,36,1,394.7,184.0,1.0,0.0054,4,1,2,7,Others
16841,United Kingdom,2010-01-12 11:32:00,2011-11-03 11:51:00,36,12,3841.16,3478.0,33.0,0.0095,4,5,5,14,Champions
18104,United Kingdom,2011-11-02 14:07:00,2011-11-02 14:07:00,36,1,754.64,362.0,0.0,0.0,4,1,3,8,Others
17800,United Kingdom,2011-01-09 13:50:00,2011-11-02 12:57:00,36,9,1199.01,736.0,0.0,0.0,4,5,4,13,Champions
14528,United Kingdom,2011-11-02 17:09:00,2011-11-02 17:09:00,36,1,364.22,278.0,0.0,0.0,4,1,2,7,Others
16337,United Kingdom,2011-11-03 10:03:00,2011-11-03 10:03:00,36,1,151.05,87.0,0.0,0.0,4,1,1,6,Others
12808,Portugal,2010-09-03 10:24:00,2011-11-03 10:05:00,36,5,776.7,322.0,0.0,0.0,4,4,3,11,Loyal
13316,United Kingdom,2010-03-10 10:01:00,2011-11-02 13:40:00,36,10,12906.93,21372.0,49.0,0.0023,4,5,5,14,Champions
15551,United Kingdom,2010-06-07 15:05:00,2011-11-03 12:37:00,36,7,1659.28,814.0,8.0,0.0098,4,4,4,12,Champions
17442,United Kingdom,2010-02-15 15:54:00,2011-11-03 09:17:00,36,15,4517.7,3134.0,25.0,0.008,4,5,5,14,Champions
13904,United Kingdom,2011-02-18 11:18:00,2011-11-02 13:41:00,36,2,332.64,332.0,0.0,0.0,4,2,2,8,Potential Loyalist
14098,United Kingdom,2011-11-03 10:13:00,2011-11-03 10:13:00,36,1,147.35,104.0,0.0,0.0,4,1,1,6,Others
15651,United Kingdom,2010-04-22 13:26:00,2011-11-03 08:41:00,36,5,1259.06,871.0,0.0,0.0,4,4,4,12,Champions
15809,United Kingdom,2010-06-22 14:23:00,2011-11-03 16:40:00,35,7,862.88,700.0,51.0,0.0729,4,4,3,11,Loyal
14913,United Kingdom,2010-08-11 08:40:00,2011-11-04 08:29:00,35,8,4073.13,3955.0,0.0,0.0,4,4,5,13,Champions
13721,United Kingdom,2010-11-09 17:59:00,2011-11-03 14:05:00,35,2,741.54,512.0,0.0,0.0,4,2,3,9,Potential Loyalist
17193,United Kingdom,2009-12-02 10:02:00,2011-11-04 12:47:00,35,9,2254.6,1668.0,52.0,0.0312,4,5,4,13,Champions
16914,United Kingdom,2011-11-03 15:27:00,2011-11-03 15:27:00,35,1,208.46,121.0,0.0,0.0,4,1,1,6,Others
17203,United Kingdom,2010-11-16 12:52:00,2011-11-04 12:27:00,35,10,5575.88,4606.0,0.0,0.0,4,5,5,14,Champions
15252,United Kingdom,2010-04-07 10:24:00,2011-11-03 13:30:00,35,5,2053.06,1430.0,15.0,0.0105,4,4,4,12,Champions
15605,United Kingdom,2010-01-14 14:03:00,2011-11-03 14:17:00,35,9,1738.55,641.0,4.0,0.0062,4,5,4,13,Champions
13324,United Kingdom,2010-05-25 10:23:00,2011-11-03 16:28:00,35,18,10421.37,8448.0,18.0,0.0021,4,5,5,14,Champions
16409,United Kingdom,2009-12-13 15:38:00,2011-11-03 16:45:00,35,12,5709.04,3706.0,0.0,0.0,4,5,5,14,Champions
17930,United Kingdom,2010-03-04 10:41:00,2011-11-04 10:23:00,35,13,4242.92,3795.0,25.0,0.0066,4,5,5,14,Champions
18205,United Kingdom,2011-09-26 12:02:00,2011-11-03 13:22:00,35,2,517.36,192.0,0.0,0.0,4,2,2,8,Potential Loyalist
13592,United Kingdom,2011-03-20 14:01:00,2011-11-04 09:49:00,35,4,247.96,84.0,0.0,0.0,4,3,1,8,Potential Loyalist
12576,Poland,2010-07-01 13:46:00,2011-11-04 10:11:00,35,8,2083.87,1494.0,15.0,0.01,4,4,4,12,Champions
15722,United Kingdom,2010-03-09 15:05:00,2011-11-04 11:43:00,35,11,5120.05,2283.0,20.0,0.0088,4,5,5,14,Champions
16602,United Kingdom,2010-11-16 09:13:00,2011-11-03 15:54:00,35,2,711.63,429.0,23.0,0.0536,4,2,3,9,Potential Loyalist
18035,United Kingdom,2010-11-19 13:42:00,2011-11-04 12:39:00,35,5,1276.74,1161.0,0.0,0.0,4,4,4,12,Champions
18022,United Kingdom,2010-06-11 13:59:00,2011-11-04 12:45:00,35,5,1651.79,1390.0,0.0,0.0,4,4,4,12,Champions
17979,United Kingdom,2011-03-25 11:34:00,2011-11-04 12:05:00,35,4,737.81,397.0,2.0,0.005,4,3,3,10,Potential Loyalist
14856,United Kingdom,2011-10-14 09:35:00,2011-11-03 14:53:00,35,3,1311.38,714.0,0.0,0.0,4,3,4,11,Potential Loyalist
13168,United Kingdom,2010-06-15 15:00:00,2011-11-03 12:56:00,35,5,1866.26,912.0,2.0,0.0022,4,4,4,12,Champions
12544,Spain,2011-11-03 16:15:00,2011-11-03 16:15:00,35,1,355.7,136.0,4.0,0.0294,4,1,2,7,Others
15612,United Kingdom,2011-10-09 12:49:00,2011-11-03 14:52:00,35,2,195.15,52.0,0.0,0.0,4,2,1,7,Potential Loyalist
17634,United Kingdom,2011-01-06 12:45:00,2011-11-03 13:09:00,35,9,2361.97,840.0,0.0,0.0,4,5,4,13,Champions
17076,United Kingdom,2009-12-04 12:12:00,2011-11-03 17:53:00,35,6,1242.75,514.0,0.0,0.0,4,4,4,12,Champions
17351,United Kingdom,2009-12-10 18:43:00,2011-11-03 18:45:00,35,12,1988.23,383.0,0.0,0.0,4,5,4,13,Champions
12352,Norway,2010-11-12 10:20:00,2011-11-03 14:37:00,35,10,1889.21,724.0,66.0,0.0912,4,5,4,13,Champions
15010,United Kingdom,2011-11-04 12:42:00,2011-11-04 12:42:00,35,1,308.94,184.0,0.0,0.0,4,1,2,7,Others
18081,United Kingdom,2011-07-29 11:56:00,2011-11-03 16:30:00,35,3,343.45,195.0,0.0,0.0,4,3,2,9,Potential Loyalist
17403,United Kingdom,2010-09-15 12:29:00,2011-11-03 15:18:00,35,2,400.57,194.0,0.0,0.0,4,2,2,8,Potential Loyalist
14150,United Kingdom,2010-12-15 10:04:00,2011-11-04 10:05:00,35,2,658.64,496.0,0.0,0.0,4,2,3,9,Potential Loyalist
12431,Belgium,2010-01-15 09:04:00,2011-11-04 11:55:00,35,27,10361.16,4610.0,68.0,0.0148,4,5,5,14,Champions
12397,Belgium,2011-07-27 14:21:00,2011-11-04 09:52:00,35,2,2409.9,1263.0,0.0,0.0,4,2,4,10,Potential Loyalist
12944,United Kingdom,2010-12-20 10:41:00,2011-11-04 11:04:00,35,2,604.51,289.0,0.0,0.0,4,2,3,9,Potential Loyalist
14636,United Kingdom,2011-03-16 09:52:00,2011-11-03 16:12:00,35,2,609.85,241.0,0.0,0.0,4,2,3,9,Potential Loyalist
17078,United Kingdom,2011-11-03 18:49:00,2011-11-03 19:17:00,35,2,378.2,788.0,0.0,0.0,4,2,2,8,Potential Loyalist
17084,United Kingdom,2010-11-08 14:20:00,2011-11-04 14:54:00,34,3,5199.72,3292.0,1.0,0.0003,4,3,5,12,Potential Loyalist
13938,United Kingdom,2011-11-04 14:37:00,2011-11-04 14:37:00,34,1,71.66,70.0,0.0,0.0,4,1,1,6,Others
17274,United Kingdom,2010-11-09 12:06:00,2011-11-04 13:16:00,34,2,577.38,273.0,0.0,0.0,4,2,2,8,Potential Loyalist
17703,United Kingdom,2010-10-17 16:16:00,2011-11-04 15:51:00,34,4,1094.84,897.0,0.0,0.0,4,3,3,10,Potential Loyalist
14971,United Kingdom,2011-10-27 13:33:00,2011-11-04 17:07:00,34,3,1116.57,644.0,0.0,0.0,4,3,3,10,Potential Loyalist
13651,United Kingdom,2010-11-23 09:44:00,2011-11-04 14:59:00,34,3,208.95,62.0,2.0,0.0323,4,3,1,8,Potential Loyalist
16012,United Kingdom,2010-06-28 11:39:00,2011-11-04 13:25:00,34,5,2989.79,1766.0,0.0,0.0,4,4,5,13,Champions
17233,United Kingdom,2009-12-15 12:03:00,2011-11-04 14:06:00,34,3,560.86,298.0,0.0,0.0,4,3,2,9,Potential Loyalist
16887,United Kingdom,2009-12-01 13:41:00,2011-11-04 14:07:00,34,3,660.72,424.0,0.0,0.0,4,3,3,10,Potential Loyalist
16318,United Kingdom,2011-11-04 13:05:00,2011-11-04 13:05:00,34,1,328.15,199.0,0.0,0.0,4,1,2,7,Others
16555,United Kingdom,2010-07-22 13:39:00,2011-11-04 14:31:00,34,6,285.89,1816.0,1641.0,0.9036,4,4,2,10,Others
14592,United Kingdom,2011-10-06 18:08:00,2011-11-04 16:35:00,34,3,570.46,415.0,0.0,0.0,4,3,2,9,Potential Loyalist
12577,France,2009-12-03 19:31:00,2011-11-04 13:24:00,34,8,1591.35,1197.0,6.0,0.005,4,4,4,12,Champions
12928,United Kingdom,2010-06-08 10:16:00,2011-11-04 14:24:00,34,12,4304.89,2899.0,0.0,0.0,4,5,5,14,Champions
15707,United Kingdom,2011-09-14 14:19:00,2011-11-04 14:35:00,34,4,945.58,605.0,0.0,0.0,4,3,3,10,Potential Loyalist
15597,United Kingdom,2010-05-13 13:10:00,2011-11-04 13:26:00,34,2,554.52,393.0,3.0,0.0076,4,2,2,8,Potential Loyalist
15017,United Kingdom,2011-11-06 10:33:00,2011-11-06 10:33:00,33,1,125.58,63.0,0.0,0.0,4,1,1,6,Others
14404,United Kingdom,2009-12-20 14:40:00,2011-11-06 12:30:00,33,13,2666.63,1599.0,20.0,0.0125,4,5,4,13,Champions
15407,United Kingdom,2011-02-07 13:18:00,2011-11-06 11:55:00,33,4,1056.44,558.0,0.0,0.0,4,3,3,10,Potential Loyalist
13772,United Kingdom,2010-02-23 13:55:00,2011-11-06 11:43:00,33,8,3094.72,1456.0,22.0,0.0151,4,4,5,13,Champions
12838,United Kingdom,2010-04-26 09:59:00,2011-11-06 12:20:00,33,10,2985.24,1617.0,7.0,0.0043,4,5,5,14,Champions
16243,United Kingdom,2011-10-16 12:09:00,2011-11-06 12:32:00,33,2,409.1,110.0,0.0,0.0,4,2,2,8,Potential Loyalist
16676,United Kingdom,2010-10-17 13:07:00,2011-11-06 12:01:00,33,6,2328.5,927.0,5.0,0.0054,4,4,4,12,Champions
14936,Channel Islands,2010-05-05 12:26:00,2011-11-06 10:30:00,33,12,12378.46,6274.0,3.0,0.0005,4,5,5,14,Champions
12645,Germany,2010-02-09 10:49:00,2011-11-06 12:38:00,33,8,3499.1,2125.0,36.0,0.0169,4,4,5,13,Champions
16466,United Kingdom,2010-03-07 14:31:00,2011-11-06 11:35:00,33,15,3713.59,1806.0,1.0,0.0006,4,5,5,14,Champions
16445,United Kingdom,2010-10-24 12:39:00,2011-11-06 12:32:00,33,4,602.73,299.0,0.0,0.0,4,3,3,10,Potential Loyalist
13527,United Kingdom,2010-01-21 12:37:00,2011-11-06 12:04:00,33,12,4650.04,2762.0,20.0,0.0072,4,5,5,14,Champions
15952,United Kingdom,2011-04-28 12:55:00,2011-11-06 11:18:00,33,4,806.57,399.0,0.0,0.0,4,3,3,10,Potential Loyalist
13365,United Kingdom,2011-05-06 12:00:00,2011-11-06 12:36:00,33,2,2164.32,1247.0,11.0,0.0088,4,2,4,10,Potential Loyalist
13532,United Kingdom,2011-11-06 12:25:00,2011-11-06 12:25:00,33,1,210.31,129.0,0.0,0.0,4,1,1,6,Others
17430,United Kingdom,2010-08-17 11:52:00,2011-11-07 09:24:00,32,4,622.57,455.0,0.0,0.0,4,3,3,10,Potential Loyalist
15513,United Kingdom,2010-01-13 14:59:00,2011-11-06 14:36:00,32,35,25950.95,10477.0,216.0,0.0206,4,5,5,14,Champions
14039,United Kingdom,2010-05-13 10:15:00,2011-11-06 13:48:00,32,2,267.28,192.0,0.0,0.0,4,2,1,7,Potential Loyalist
16612,United Kingdom,2009-12-03 15:54:00,2011-11-07 07:38:00,32,9,3243.48,1419.0,1.0,0.0007,4,5,5,14,Champions
13523,United Kingdom,2010-11-02 14:55:00,2011-11-06 15:11:00,32,6,4325.07,1989.0,7.0,0.0035,4,4,5,13,Champions
14174,United Kingdom,2011-11-06 13:17:00,2011-11-06 13:17:00,32,1,134.46,94.0,0.0,0.0,4,1,1,6,Others
15839,United Kingdom,2011-07-14 16:35:00,2011-11-06 13:54:00,32,3,1020.74,675.0,5.0,0.0074,4,3,3,10,Potential Loyalist
12408,Belgium,2010-07-29 13:27:00,2011-11-07 12:27:00,32,8,4279.64,2229.0,43.0,0.0193,4,4,5,13,Champions
14080,United Kingdom,2009-12-02 15:01:00,2011-11-07 11:09:00,32,5,1075.73,268.0,1.0,0.0037,4,4,3,11,Loyal
17107,United Kingdom,2010-01-31 15:47:00,2011-11-06 14:14:00,32,10,15616.82,7544.0,312.0,0.0414,4,5,5,14,Champions
13824,United Kingdom,2010-03-12 15:17:00,2011-11-07 12:41:00,32,12,3273.36,1442.0,8.0,0.0055,4,5,5,14,Champions
17608,United Kingdom,2010-04-11 13:37:00,2011-11-06 13:06:00,32,4,498.53,539.0,0.0,0.0,4,3,2,9,Potential Loyalist
16357,United Kingdom,2010-11-23 18:52:00,2011-11-06 16:04:00,32,4,868.37,389.0,0.0,0.0,4,3,3,10,Potential Loyalist
16771,United Kingdom,2009-12-09 11:52:00,2011-11-06 13:28:00,32,10,3967.6,2314.0,0.0,0.0,4,5,5,14,Champions
17831,United Kingdom,2011-11-06 15:09:00,2011-11-06 15:09:00,32,1,35.4,12.0,0.0,0.0,4,1,1,6,Others
15618,United Kingdom,2011-07-26 10:13:00,2011-11-07 08:34:00,32,4,747.031,454.0,26.0,0.0573,4,3,3,10,Potential Loyalist
16488,United Kingdom,2011-07-14 11:46:00,2011-11-06 13:42:00,32,3,492.2,728.0,4.0,0.0055,4,3,2,9,Potential Loyalist
15526,United Kingdom,2011-11-06 15:01:00,2011-11-06 15:04:00,32,2,148.44,24.0,0.0,0.0,4,2,1,7,Potential Loyalist
15696,United Kingdom,2010-01-24 14:36:00,2011-11-06 14:02:00,32,13,3757.47,1399.0,16.0,0.0114,4,5,5,14,Champions
16053,United Kingdom,2010-04-08 11:11:00,2011-11-07 11:21:00,32,6,3606.14,3067.0,6.0,0.002,4,4,5,13,Champions
17761,United Kingdom,2011-11-07 10:23:00,2011-11-07 10:23:00,32,1,712.78,398.0,0.0,0.0,4,1,3,8,Others
17164,United Kingdom,2011-03-11 14:26:00,2011-11-07 09:14:00,32,7,2466.4,1501.0,1.0,0.0007,4,4,4,12,Champions
12484,Spain,2010-01-27 16:41:00,2011-11-07 11:37:00,32,12,6303.85,3271.0,11.0,0.0034,4,5,5,14,Champions
15870,United Kingdom,2010-09-19 16:22:00,2011-11-07 10:58:00,32,4,862.61,508.0,0.0,0.0,4,3,3,10,Potential Loyalist
15785,United Kingdom,2009-12-15 16:28:00,2011-11-07 11:33:00,32,16,5825.33,4479.0,52.0,0.0116,4,5,5,14,Champions
12638,Sweden,2010-03-10 10:30:00,2011-11-06 13:11:00,32,2,921.49,663.0,0.0,0.0,4,2,3,9,Potential Loyalist
17623,United Kingdom,2009-12-14 14:36:00,2011-11-07 11:32:00,32,7,2383.67,801.0,0.0,0.0,4,4,4,12,Champions
12357,Switzerland,2010-11-16 10:05:00,2011-11-06 16:07:00,32,3,18287.66,6587.0,0.0,0.0,4,3,5,12,Potential Loyalist
15719,United Kingdom,2009-12-01 12:47:00,2011-11-07 12:29:00,32,31,10134.36,5368.0,15.0,0.0028,4,5,5,14,Champions
13155,United Kingdom,2010-08-05 09:30:00,2011-11-06 15:41:00,32,6,1370.48,741.0,0.0,0.0,4,4,4,12,Champions
15427,United Kingdom,2011-10-23 14:47:00,2011-11-06 14:29:00,32,3,1483.14,1013.0,0.0,0.0,4,3,4,11,Potential Loyalist
13634,United Kingdom,2010-01-10 14:26:00,2011-11-06 13:40:00,32,16,4519.55,2096.0,156.0,0.0744,4,5,5,14,Champions
15025,United Kingdom,2010-05-20 13:28:00,2011-11-06 15:20:00,32,2,1013.09,515.0,0.0,0.0,4,2,3,9,Potential Loyalist
13759,United Kingdom,2011-09-29 15:40:00,2011-11-06 14:47:00,32,2,659.41,287.0,0.0,0.0,4,2,3,9,Potential Loyalist
14517,United Kingdom,2011-07-21 11:42:00,2011-11-06 14:20:00,32,2,330.45,91.0,0.0,0.0,4,2,2,8,Potential Loyalist
14387,United Kingdom,2011-08-22 14:13:00,2011-11-07 12:29:00,32,3,1770.56,819.0,0.0,0.0,4,3,4,11,Potential Loyalist
16372,United Kingdom,2010-04-11 15:20:00,2011-11-06 13:08:00,32,5,1298.61,748.0,24.0,0.0321,4,4,4,12,Champions
17082,United Kingdom,2009-12-15 11:25:00,2011-11-06 15:17:00,32,6,4732.03,2526.0,0.0,0.0,4,4,5,13,Champions
18170,United Kingdom,2010-01-08 14:10:00,2011-11-06 14:35:00,32,9,2878.0,1184.0,0.0,0.0,4,5,5,14,Champions
13097,United Kingdom,2009-12-01 13:31:00,2011-11-07 10:43:00,32,28,12861.73,5396.0,46.0,0.0085,4,5,5,14,Champions
15493,United Kingdom,2010-02-23 11:14:00,2011-11-07 12:04:00,32,9,4280.43,1260.0,5.0,0.004,4,5,5,14,Champions
15522,United Kingdom,2011-09-13 12:26:00,2011-11-07 11:26:00,32,2,398.84,573.0,0.0,0.0,4,2,2,8,Potential Loyalist
17158,United Kingdom,2010-03-07 15:50:00,2011-11-07 15:15:00,31,5,1962.3,1147.0,4.0,0.0035,4,4,4,12,Champions
14360,United Kingdom,2011-09-06 11:58:00,2011-11-08 09:12:00,31,4,2128.23,1151.0,0.0,0.0,4,3,4,11,Potential Loyalist
15249,United Kingdom,2010-03-26 14:51:00,2011-11-08 11:45:00,31,18,9147.15,4980.0,33.0,0.0066,4,5,5,14,Champions
18150,United Kingdom,2011-05-22 10:47:00,2011-11-07 16:49:00,31,3,566.58,332.0,0.0,0.0,4,3,2,9,Potential Loyalist
14524,United Kingdom,2010-10-19 11:44:00,2011-11-08 12:29:00,31,13,2933.71,1176.0,0.0,0.0,4,5,5,14,Champions
18036,United Kingdom,2009-12-18 12:04:00,2011-11-07 14:40:00,31,11,1563.64,748.0,0.0,0.0,4,5,4,13,Champions
16505,United Kingdom,2011-11-08 12:14:00,2011-11-08 12:14:00,31,1,777.6,576.0,0.0,0.0,4,1,3,8,Others
16732,United Kingdom,2009-12-08 13:04:00,2011-11-08 09:54:00,31,4,3966.79,2414.0,32.0,0.0133,4,3,5,12,Potential Loyalist
17289,United Kingdom,2010-03-08 12:52:00,2011-11-08 12:01:00,31,9,2069.89,1260.0,2.0,0.0016,4,5,4,13,Champions
13710,United Kingdom,2010-04-06 12:54:00,2011-11-08 08:16:00,31,3,509.52,336.0,0.0,0.0,4,3,2,9,Potential Loyalist
12721,France,2010-08-25 11:07:00,2011-11-08 12:13:00,31,8,3933.83,2655.0,19.0,0.0072,4,4,5,13,Champions
13381,United Kingdom,2009-12-01 15:19:00,2011-11-08 11:58:00,31,12,8185.02,5125.0,17.0,0.0033,4,5,5,14,Champions
15957,United Kingdom,2010-10-15 12:11:00,2011-11-08 12:14:00,31,3,930.1,458.0,0.0,0.0,4,3,3,10,Potential Loyalist
13329,United Kingdom,2009-12-04 15:41:00,2011-11-08 10:29:00,31,8,4672.82,3311.0,45.0,0.0136,4,4,5,13,Champions
14700,United Kingdom,2010-08-11 12:19:00,2011-11-07 14:40:00,31,5,3116.26,1634.0,0.0,0.0,4,4,5,13,Champions
18016,United Kingdom,2010-01-27 16:00:00,2011-11-07 13:25:00,31,7,1960.46,1209.0,0.0,0.0,4,4,4,12,Champions
14050,United Kingdom,2011-08-25 13:46:00,2011-11-08 10:00:00,31,2,746.36,689.0,0.0,0.0,4,2,3,9,Potential Loyalist
16362,United Kingdom,2010-09-28 09:24:00,2011-11-07 13:01:00,31,6,841.74,478.0,32.0,0.0669,4,4,3,11,Loyal
16348,United Kingdom,2010-10-05 13:57:00,2011-11-07 15:44:00,31,8,1798.22,1178.0,0.0,0.0,4,4,4,12,Champions
17219,United Kingdom,2010-10-19 11:29:00,2011-11-08 11:25:00,31,2,259.13,188.0,0.0,0.0,4,2,1,7,Potential Loyalist
17043,United Kingdom,2009-12-09 15:20:00,2011-11-07 15:33:00,31,8,2616.55,1624.0,0.0,0.0,4,4,4,12,Champions
15950,United Kingdom,2010-01-26 11:39:00,2011-11-08 11:09:00,31,10,6938.51,3384.0,54.0,0.016,4,5,5,14,Champions
17964,United Kingdom,2010-12-02 13:32:00,2011-11-08 10:44:00,31,2,471.7,301.0,0.0,0.0,4,2,2,8,Potential Loyalist
16637,United Kingdom,2011-04-28 10:20:00,2011-11-07 13:17:00,31,4,1124.59,927.0,36.0,0.0388,4,3,3,10,Potential Loyalist
14073,United Kingdom,2011-11-07 15:49:00,2011-11-07 15:49:00,31,1,139.54,130.0,2.0,0.0154,4,1,1,6,Others
17886,United Kingdom,2010-04-29 11:10:00,2011-11-08 10:09:00,31,6,1598.43,725.0,1.0,0.0014,4,4,4,12,Champions
14929,United Kingdom,2010-10-14 12:22:00,2011-11-07 17:21:00,31,2,836.69,487.0,0.0,0.0,4,2,3,9,Potential Loyalist
14623,United Kingdom,2010-04-16 17:12:00,2011-11-07 13:56:00,31,10,2030.83,1059.0,5.0,0.0047,4,5,4,13,Champions
15573,United Kingdom,2009-12-10 14:19:00,2011-11-08 11:38:00,31,5,1207.18,780.0,0.0,0.0,4,4,4,12,Champions
12832,United Kingdom,2011-09-02 13:48:00,2011-11-07 13:30:00,31,2,383.03,195.0,0.0,0.0,4,2,2,8,Potential Loyalist
13717,United Kingdom,2010-08-11 09:40:00,2011-11-07 14:13:00,31,8,1748.05,2144.0,3.0,0.0014,4,4,4,12,Champions
15763,United Kingdom,2011-09-23 12:10:00,2011-11-08 09:44:00,31,2,1048.67,271.0,3.0,0.0111,4,2,3,9,Potential Loyalist
12472,Germany,2009-12-14 10:49:00,2011-11-07 14:01:00,31,19,15447.69,10378.0,400.0,0.0385,4,5,5,14,Champions
13047,United Kingdom,2009-12-16 11:43:00,2011-11-08 12:06:00,31,24,8100.09,3328.0,70.0,0.021,4,5,5,14,Champions
15330,United Kingdom,2011-10-10 12:30:00,2011-11-07 17:50:00,31,2,714.96,1312.0,0.0,0.0,4,2,3,9,Potential Loyalist
16187,United Kingdom,2011-02-28 13:34:00,2011-11-08 09:50:00,31,15,6841.24,5048.0,44.0,0.0087,4,5,5,14,Champions
13384,United Kingdom,2010-07-27 12:22:00,2011-11-09 11:04:00,30,11,6635.09,4142.0,12.0,0.0029,4,5,5,14,Champions
17637,United Kingdom,2011-08-16 13:25:00,2011-11-08 12:51:00,30,2,547.06,280.0,0.0,0.0,4,2,2,8,Potential Loyalist
15043,United Kingdom,2010-06-24 15:50:00,2011-11-08 14:26:00,30,6,2873.8,1031.0,0.0,0.0,4,4,5,13,Champions
15356,United Kingdom,2010-10-13 13:12:00,2011-11-08 13:11:00,30,13,3314.73,1935.0,0.0,0.0,4,5,5,14,Champions
14108,United Kingdom,2009-12-01 18:07:00,2011-11-09 10:41:00,30,4,1041.21,660.0,1.0,0.0015,4,3,3,10,Potential Loyalist
17515,United Kingdom,2010-06-07 13:29:00,2011-11-08 14:04:00,30,9,1617.46,528.0,0.0,0.0,4,5,4,13,Champions
18216,United Kingdom,2011-11-08 16:55:00,2011-11-08 16:55:00,30,1,481.75,200.0,0.0,0.0,4,1,2,7,Others
16880,United Kingdom,2010-08-03 13:54:00,2011-11-09 11:33:00,30,8,1840.86,911.0,0.0,0.0,4,4,4,12,Champions
14214,United Kingdom,2011-03-07 12:26:00,2011-11-09 10:31:00,30,5,1000.23,751.0,3.0,0.004,4,4,3,11,Loyal
13804,United Kingdom,2010-09-29 10:26:00,2011-11-09 12:32:00,30,9,3208.52,1833.0,0.0,0.0,4,5,5,14,Champions
13046,United Kingdom,2010-09-09 13:09:00,2011-11-09 08:36:00,30,3,949.25,505.0,0.0,0.0,4,3,3,10,Potential Loyalist
14188,United Kingdom,2011-02-02 13:46:00,2011-11-09 12:45:00,30,6,2018.91,1162.0,17.0,0.0146,4,4,4,12,Champions
17865,United Kingdom,2009-12-01 10:49:00,2011-11-09 12:08:00,30,46,25649.05,12985.0,158.0,0.0122,4,5,5,14,Champions
17022,United Kingdom,2010-10-03 10:27:00,2011-11-08 17:09:00,30,2,260.0,180.0,0.0,0.0,4,2,1,7,Potential Loyalist
16041,United Kingdom,2011-07-21 16:27:00,2011-11-09 12:25:00,30,3,3166.4,1584.0,0.0,0.0,4,3,5,12,Potential Loyalist
15027,United Kingdom,2010-03-25 14:39:00,2011-11-09 10:16:00,30,10,2974.04,2782.0,578.0,0.2078,4,5,5,14,Champions
13029,United Kingdom,2010-07-04 13:46:00,2011-11-09 09:13:00,30,5,1927.3,194.0,0.0,0.0,4,4,4,12,Champions
14284,United Kingdom,2010-02-24 12:06:00,2011-11-09 08:11:00,30,3,1282.85,510.0,4.0,0.0078,4,3,4,11,Potential Loyalist
16751,United Kingdom,2011-11-09 10:48:00,2011-11-09 10:48:00,30,1,1764.72,1031.0,0.0,0.0,4,1,4,9,Others
15406,United Kingdom,2010-09-12 13:06:00,2011-11-08 13:22:00,30,4,891.77,547.0,18.0,0.0329,4,3,3,10,Potential Loyalist
12893,United Kingdom,2011-11-09 12:34:00,2011-11-09 12:34:00,30,1,188.14,96.0,0.0,0.0,4,1,1,6,Others
17633,United Kingdom,2010-11-15 14:55:00,2011-11-08 13:25:00,30,7,1974.89,899.0,14.0,0.0156,4,4,4,12,Champions
13643,United Kingdom,2009-12-08 12:48:00,2011-11-08 15:37:00,30,10,2112.17,902.0,8.0,0.0089,4,5,4,13,Champions
12990,United Kingdom,2010-03-30 11:36:00,2011-11-08 13:01:00,30,7,955.5,480.0,0.0,0.0,4,4,3,11,Loyal
13623,United Kingdom,2009-12-02 13:57:00,2011-11-09 12:00:00,30,10,2446.36,1023.0,14.0,0.0137,4,5,4,13,Champions
16837,United Kingdom,2011-04-08 08:48:00,2011-11-08 14:27:00,30,11,3167.73,1563.0,1.0,0.0006,4,5,5,14,Champions
13110,United Kingdom,2009-12-01 14:14:00,2011-11-08 14:30:00,30,12,2896.17,763.0,6.0,0.0079,4,5,5,14,Champions
13975,United Kingdom,2010-02-02 13:13:00,2011-11-08 13:19:00,30,12,5327.29,3934.0,8.0,0.002,4,5,5,14,Champions
13695,United Kingdom,2010-05-11 11:07:00,2011-11-08 14:26:00,30,16,2770.73,1791.0,0.0,0.0,4,5,4,13,Champions
18177,United Kingdom,2009-12-15 18:57:00,2011-11-08 14:44:00,30,9,2189.62,1239.0,5.0,0.004,4,5,4,13,Champions
16618,United Kingdom,2011-01-21 11:55:00,2011-11-08 13:52:00,30,5,2630.64,1363.0,1.0,0.0007,4,4,4,12,Champions
15103,United Kingdom,2011-09-14 13:54:00,2011-11-08 14:53:00,30,2,703.36,329.0,0.0,0.0,4,2,3,9,Potential Loyalist
15153,United Kingdom,2011-11-08 17:09:00,2011-11-08 17:09:00,30,1,329.25,198.0,0.0,0.0,4,1,2,7,Others
12849,United Kingdom,2010-04-27 13:44:00,2011-11-08 13:41:00,30,6,3090.56,1882.0,0.0,0.0,4,4,5,13,Champions
14676,United Kingdom,2010-03-10 09:30:00,2011-11-08 13:29:00,30,12,8285.49,8792.0,48.0,0.0055,4,5,5,14,Champions
13867,United Kingdom,2011-05-05 17:28:00,2011-11-08 15:48:00,30,3,1015.29,513.0,0.0,0.0,4,3,3,10,Potential Loyalist
17160,United Kingdom,2009-12-04 10:57:00,2011-11-08 14:05:00,30,17,10201.36,8390.0,4.0,0.0005,4,5,5,14,Champions
16639,United Kingdom,2010-10-26 18:23:00,2011-11-08 13:20:00,30,4,1659.85,751.0,7.0,0.0093,4,3,4,11,Potential Loyalist
16284,United Kingdom,2010-11-11 13:27:00,2011-11-08 16:12:00,30,3,1029.77,683.0,0.0,0.0,4,3,3,10,Potential Loyalist
16767,United Kingdom,2010-04-28 16:49:00,2011-11-09 09:42:00,30,15,7971.8,7121.0,24.0,0.0034,4,5,5,14,Champions
17313,United Kingdom,2011-11-08 15:45:00,2011-11-08 15:45:00,30,1,2288.13,1402.0,20.0,0.0143,4,1,4,9,Others
16205,United Kingdom,2010-06-15 11:58:00,2011-11-09 09:32:00,30,7,1830.61,1455.0,0.0,0.0,4,4,4,12,Champions
16863,United Kingdom,2010-10-26 10:03:00,2011-11-08 15:26:00,30,3,812.82,640.0,17.0,0.0266,4,3,3,10,Potential Loyalist
12949,United Kingdom,2009-12-03 15:56:00,2011-11-09 11:25:00,30,22,15391.0,8233.0,36.0,0.0044,4,5,5,14,Champions
13272,United Kingdom,2011-09-11 12:06:00,2011-11-08 14:00:00,30,2,276.56,96.0,0.0,0.0,4,2,2,8,Potential Loyalist
14691,United Kingdom,2011-05-11 09:55:00,2011-11-09 12:30:00,30,5,2114.33,707.0,0.0,0.0,4,4,4,12,Champions
12981,United Kingdom,2011-07-29 14:14:00,2011-11-10 12:00:00,29,2,372.22,242.0,0.0,0.0,4,2,2,8,Potential Loyalist
15114,United Kingdom,2010-10-14 16:44:00,2011-11-09 15:05:00,29,12,3400.12,3532.0,0.0,0.0,4,5,5,14,Champions
13992,United Kingdom,2010-09-02 17:04:00,2011-11-09 15:23:00,29,3,219.5,154.0,0.0,0.0,4,3,1,8,Potential Loyalist
12541,Spain,2011-03-04 09:32:00,2011-11-10 10:40:00,29,3,981.18,680.0,0.0,0.0,4,3,3,10,Potential Loyalist
15986,United Kingdom,2010-11-23 10:02:00,2011-11-09 15:17:00,29,2,354.42,368.0,0.0,0.0,4,2,2,8,Potential Loyalist
14240,United Kingdom,2010-10-12 12:48:00,2011-11-09 13:45:00,29,3,1247.49,655.0,0.0,0.0,4,3,4,11,Potential Loyalist
14921,United Kingdom,2011-05-22 12:51:00,2011-11-09 13:17:00,29,2,1316.07,953.0,0.0,0.0,4,2,4,10,Potential Loyalist
18125,United Kingdom,2011-01-27 15:02:00,2011-11-10 12:29:00,29,4,1141.34,804.0,1.0,0.0012,4,3,3,10,Potential Loyalist
17416,United Kingdom,2009-12-14 16:29:00,2011-11-10 12:47:00,29,22,17221.47,8769.0,38.0,0.0043,4,5,5,14,Champions
17537,United Kingdom,2011-02-09 13:37:00,2011-11-10 10:56:00,29,2,897.62,700.0,0.0,0.0,4,2,3,9,Potential Loyalist
13983,United Kingdom,2009-12-09 13:53:00,2011-11-10 11:06:00,29,21,6664.05,3937.0,114.0,0.029,4,5,5,14,Champions
14968,United Kingdom,2010-09-07 13:28:00,2011-11-09 13:58:00,29,2,504.99,258.0,0.0,0.0,4,2,2,8,Potential Loyalist
17038,United Kingdom,2010-10-20 16:04:00,2011-11-09 13:50:00,29,2,743.17,535.0,0.0,0.0,4,2,3,9,Potential Loyalist
17690,United Kingdom,2010-02-03 14:26:00,2011-11-09 15:17:00,29,20,6990.4,2944.0,6.0,0.002,4,5,5,14,Champions
14944,United Kingdom,2010-02-17 08:47:00,2011-11-10 09:10:00,29,19,9674.92,4864.0,31.0,0.0064,4,5,5,14,Champions
17521,United Kingdom,2010-10-01 11:49:00,2011-11-10 11:22:00,29,5,1276.81,806.0,1.0,0.0012,4,4,4,12,Champions
17340,United Kingdom,2010-02-14 14:54:00,2011-11-10 10:45:00,29,18,19007.49,9545.0,116.0,0.0122,4,5,5,14,Champions
18274,United Kingdom,2011-11-09 17:03:00,2011-11-09 17:03:00,29,1,0.0,88.0,88.0,1.0,4,1,1,6,Others
12708,Germany,2009-12-18 10:25:00,2011-11-10 09:52:00,29,18,4921.72,2432.0,55.0,0.0226,4,5,5,14,Champions
13522,United Kingdom,2011-11-09 15:11:00,2011-11-09 15:11:00,29,1,125.8,44.0,0.0,0.0,4,1,1,6,Others
17702,United Kingdom,2010-11-04 12:09:00,2011-11-09 16:03:00,29,6,2999.94,2153.0,38.0,0.0176,4,4,5,13,Champions
17791,United Kingdom,2011-11-10 12:09:00,2011-11-10 12:09:00,29,1,106.1,46.0,0.0,0.0,4,1,1,6,Others
17197,United Kingdom,2011-11-10 10:32:00,2011-11-10 10:32:00,29,1,1013.01,191.0,0.0,0.0,4,1,3,8,Others
16516,United Kingdom,2011-11-09 14:59:00,2011-11-09 14:59:00,29,1,101.7,58.0,0.0,0.0,4,1,1,6,Others
15452,United Kingdom,2010-07-16 14:23:00,2011-11-10 12:13:00,29,6,1799.11,1091.0,0.0,0.0,4,4,4,12,Champions
12659,France,2011-11-10 11:53:00,2011-11-10 11:53:00,29,1,91.68,105.0,0.0,0.0,4,1,1,6,Others
17867,United Kingdom,2009-12-02 13:39:00,2011-11-09 14:15:00,29,15,895.78,672.0,320.0,0.4762,4,5,3,12,Loyal
16628,United Kingdom,2010-03-08 12:24:00,2011-11-10 12:45:00,29,7,2313.09,1260.0,3.0,0.0024,4,4,4,12,Champions
15485,United Kingdom,2009-12-01 17:31:00,2011-11-09 14:31:00,29,7,4674.42,2178.0,28.0,0.0129,4,4,5,13,Champions
16025,United Kingdom,2011-11-10 11:45:00,2011-11-10 11:45:00,29,1,439.66,338.0,0.0,0.0,4,1,2,7,Others
15450,United Kingdom,2011-11-09 17:11:00,2011-11-09 17:11:00,29,1,429.84,376.0,0.0,0.0,4,1,2,7,Others
16996,United Kingdom,2010-10-18 12:24:00,2011-11-09 16:43:00,29,9,2044.16,919.0,33.0,0.0359,4,5,4,13,Champions
13209,United Kingdom,2010-01-24 14:30:00,2011-11-09 13:54:00,29,13,8438.06,5781.0,21.0,0.0036,4,5,5,14,Champions
17059,United Kingdom,2010-01-26 14:43:00,2011-11-10 12:27:00,29,9,4862.47,3113.0,6.0,0.0019,4,5,5,14,Champions
12532,France,2011-11-09 13:47:00,2011-11-09 13:47:00,29,1,349.83,153.0,0.0,0.0,4,1,2,7,Others
16003,United Kingdom,2009-12-03 18:51:00,2011-11-10 09:57:00,29,10,5613.83,2210.0,0.0,0.0,4,5,5,14,Champions
16986,United Kingdom,2010-02-04 14:46:00,2011-11-10 11:55:00,29,11,4888.75,2539.0,0.0,0.0,4,5,5,14,Champions
17011,United Kingdom,2010-02-26 09:47:00,2011-11-09 13:30:00,29,3,536.7,792.0,108.0,0.1364,4,3,2,9,Potential Loyalist
16953,United Kingdom,2011-11-09 15:54:00,2011-11-09 15:54:00,29,1,20.8,10.0,0.0,0.0,4,1,1,6,Others
16218,United Kingdom,2010-05-27 16:09:00,2011-11-10 09:59:00,29,13,3872.3,2799.0,45.0,0.0161,4,5,5,14,Champions
18236,United Kingdom,2010-04-15 13:39:00,2011-11-10 08:06:00,29,12,1795.35,696.0,0.0,0.0,4,5,4,13,Champions
16126,United Kingdom,2009-12-02 13:34:00,2011-11-10 16:03:00,28,15,14646.8,6142.0,0.0,0.0,4,5,5,14,Champions
14543,United Kingdom,2009-12-01 13:47:00,2011-11-11 12:45:00,28,39,12194.01,2697.0,593.0,0.2199,4,5,5,14,Champions
13817,Germany,2010-12-23 11:46:00,2011-11-10 17:49:00,28,2,382.98,211.0,0.0,0.0,4,2,2,8,Potential Loyalist
16903,United Kingdom,2010-10-20 14:42:00,2011-11-10 15:32:00,28,3,1029.98,747.0,26.0,0.0348,4,3,3,10,Potential Loyalist
17162,United Kingdom,2011-02-07 12:27:00,2011-11-11 11:34:00,28,10,1707.21,1001.0,1.0,0.001,4,5,4,13,Champions
14226,United Kingdom,2010-09-24 14:32:00,2011-11-11 11:34:00,28,6,2967.78,1726.0,9.0,0.0052,4,4,5,13,Champions
12712,Germany,2009-12-09 10:46:00,2011-11-11 08:19:00,28,21,6521.78,2205.0,45.0,0.0204,4,5,5,14,Champions
12617,France,2011-11-10 14:39:00,2011-11-10 14:39:00,28,1,355.53,213.0,0.0,0.0,4,1,2,7,Others
12599,France,2010-05-11 10:42:00,2011-11-10 13:34:00,28,13,2296.72,2189.0,0.0,0.0,4,5,4,13,Champions
17015,United Kingdom,2011-06-07 13:19:00,2011-11-11 10:45:00,28,3,1842.56,1981.0,0.0,0.0,4,3,4,11,Potential Loyalist
17932,United Kingdom,2011-05-12 13:58:00,2011-11-10 19:49:00,28,3,1331.57,789.0,0.0,0.0,4,3,4,11,Potential Loyalist
15184,United Kingdom,2009-12-16 12:06:00,2011-11-10 13:41:00,28,4,689.95,486.0,0.0,0.0,4,3,3,10,Potential Loyalist
15463,United Kingdom,2011-11-10 12:57:00,2011-11-10 12:57:00,28,1,126.14,106.0,0.0,0.0,4,1,1,6,Others
13460,United Kingdom,2011-10-21 09:50:00,2011-11-10 17:17:00,28,2,183.44,286.0,0.0,0.0,4,2,1,7,Potential Loyalist
14765,United Kingdom,2011-06-16 19:49:00,2011-11-10 19:53:00,28,3,254.11,135.0,0.0,0.0,4,3,1,8,Potential Loyalist
13148,United Kingdom,2009-12-07 15:26:00,2011-11-10 15:23:00,28,26,8123.6,4571.0,181.0,0.0396,4,5,5,14,Champions
12600,Germany,2009-12-07 13:37:00,2011-11-11 10:29:00,28,21,4879.29,1383.0,9.0,0.0065,4,5,5,14,Champions
16743,United Kingdom,2010-04-22 13:21:00,2011-11-10 13:13:00,28,14,4207.01,3738.0,37.0,0.0099,4,5,5,14,Champions
18209,United Kingdom,2011-11-11 12:07:00,2011-11-11 12:07:00,28,1,139.1,58.0,0.0,0.0,4,1,1,6,Others
14712,United Kingdom,2010-10-17 14:49:00,2011-11-10 12:59:00,28,4,1328.07,411.0,0.0,0.0,4,3,4,11,Potential Loyalist
17901,United Kingdom,2010-07-06 10:54:00,2011-11-10 17:29:00,28,3,260.08,38.0,0.0,0.0,4,3,1,8,Potential Loyalist
15355,United Kingdom,2011-10-17 15:22:00,2011-11-10 13:44:00,28,2,277.05,45.0,0.0,0.0,4,2,2,8,Potential Loyalist
12538,Spain,2010-11-26 13:02:00,2011-11-10 17:16:00,28,2,640.45,336.0,0.0,0.0,4,2,3,9,Potential Loyalist
12384,Switzerland,2011-08-10 11:23:00,2011-11-11 08:39:00,28,2,566.16,126.0,5.0,0.0397,4,2,2,8,Potential Loyalist
12697,Sweden,2011-06-23 15:44:00,2011-11-11 08:47:00,28,3,939.02,508.0,9.0,0.0177,4,3,3,10,Potential Loyalist
13606,United Kingdom,2011-02-01 11:42:00,2011-11-10 17:46:00,28,3,280.54,279.0,0.0,0.0,4,3,2,9,Potential Loyalist
13810,Germany,2011-10-14 12:57:00,2011-11-11 08:33:00,28,3,899.51,312.0,1.0,0.0032,4,3,3,10,Potential Loyalist
14466,United Kingdom,2009-12-13 15:44:00,2011-11-10 14:07:00,28,13,4267.15,2507.0,0.0,0.0,4,5,5,14,Champions
16386,United Kingdom,2010-11-17 11:19:00,2011-11-11 12:28:00,28,3,1102.59,723.0,0.0,0.0,4,3,3,10,Potential Loyalist
17573,United Kingdom,2011-09-07 10:36:00,2011-11-10 13:01:00,28,3,362.9,308.0,6.0,0.0195,4,3,2,9,Potential Loyalist
12473,Germany,2011-06-01 10:15:00,2011-11-10 13:46:00,28,5,2848.23,2439.0,76.0,0.0312,4,4,5,13,Champions
13727,United Kingdom,2009-12-09 13:25:00,2011-11-11 09:46:00,28,8,1067.3,370.0,3.0,0.0081,4,4,3,11,Loyal
14064,United Kingdom,2010-01-21 13:22:00,2011-11-10 13:14:00,28,15,3039.75,3977.0,529.0,0.133,4,5,5,14,Champions
16791,United Kingdom,2009-12-03 18:08:00,2011-11-10 19:12:00,28,15,3946.12,1874.0,27.0,0.0144,4,5,5,14,Champions
17512,United Kingdom,2009-12-10 19:35:00,2011-11-11 12:11:00,28,18,5432.27,5434.0,13.0,0.0024,4,5,5,14,Champions
12844,United Kingdom,2010-04-25 11:51:00,2011-11-10 13:31:00,28,4,648.6,223.0,0.0,0.0,4,3,3,10,Potential Loyalist
14863,United Kingdom,2011-11-10 15:04:00,2011-11-10 15:04:00,28,1,266.76,132.0,0.0,0.0,4,1,1,6,Others
15289,United Kingdom,2010-03-28 11:45:00,2011-11-10 13:49:00,28,5,1570.71,1627.0,18.0,0.0111,4,4,4,12,Champions
14789,United Kingdom,2011-11-11 08:59:00,2011-11-11 08:59:00,28,1,197.64,116.0,0.0,0.0,4,1,1,6,Others
16907,United Kingdom,2010-07-01 17:30:00,2011-11-10 18:04:00,28,9,1525.88,464.0,0.0,0.0,4,5,4,13,Champions
12589,France,2010-01-19 12:26:00,2011-11-11 10:19:00,28,8,3094.17,1764.0,395.0,0.2239,4,4,5,13,Champions
15111,United Kingdom,2010-04-26 13:12:00,2011-11-10 16:58:00,28,5,2442.37,1058.0,0.0,0.0,4,4,4,12,Champions
16434,United Kingdom,2010-01-17 14:51:00,2011-11-10 14:28:00,28,12,2727.04,1338.0,7.0,0.0052,4,5,4,13,Champions
18135,United Kingdom,2010-03-15 13:55:00,2011-11-10 19:32:00,28,10,1229.22,753.0,4.0,0.0053,4,5,4,13,Champions
17977,United Kingdom,2010-11-04 14:26:00,2011-11-10 13:28:00,28,2,1507.73,2062.0,30.0,0.0145,4,2,4,10,Potential Loyalist
18217,United Kingdom,2010-07-01 15:39:00,2011-11-10 13:18:00,28,4,902.8,740.0,30.0,0.0405,4,3,3,10,Potential Loyalist
17109,United Kingdom,2010-07-30 12:42:00,2011-11-10 16:59:00,28,8,1280.1,789.0,16.0,0.0203,4,4,4,12,Champions
14035,United Kingdom,2010-04-06 12:39:00,2011-11-11 10:03:00,28,9,2852.47,1419.0,3.0,0.0021,4,5,5,14,Champions
17295,United Kingdom,2011-10-06 12:22:00,2011-11-11 10:49:00,28,3,556.95,294.0,0.0,0.0,4,3,2,9,Potential Loyalist
15238,United Kingdom,2011-06-08 16:00:00,2011-11-10 14:28:00,28,3,1056.54,692.0,3.0,0.0043,4,3,3,10,Potential Loyalist
16912,United Kingdom,2009-12-09 12:32:00,2011-11-11 12:18:00,28,15,4433.6,1693.0,15.0,0.0089,4,5,5,14,Champions
14748,United Kingdom,2010-03-04 17:08:00,2011-11-10 18:33:00,28,10,2201.83,2422.0,432.0,0.1784,4,5,4,13,Champions
14829,United Kingdom,2010-09-29 13:14:00,2011-11-10 16:16:00,28,7,1402.97,957.0,38.0,0.0397,4,4,4,12,Champions
14662,United Kingdom,2009-12-03 16:47:00,2011-11-11 12:13:00,28,7,1416.33,935.0,0.0,0.0,4,4,4,12,Champions
13396,United Kingdom,2011-01-24 13:37:00,2011-11-10 16:59:00,28,2,1325.29,600.0,8.0,0.0133,4,2,4,10,Potential Loyalist
15557,United Kingdom,2011-11-11 12:46:00,2011-11-11 12:46:00,28,1,473.65,219.0,0.0,0.0,4,1,2,7,Others
17191,United Kingdom,2009-12-01 16:34:00,2011-11-11 16:58:00,27,15,4300.44,2216.0,2.0,0.0009,4,5,5,14,Champions
17069,United Kingdom,2009-12-03 12:27:00,2011-11-11 17:13:00,27,14,5441.35,3230.0,42.0,0.013,4,5,5,14,Champions
15692,United Kingdom,2011-11-11 14:12:00,2011-11-11 14:12:00,27,1,191.04,138.0,0.0,0.0,4,1,1,6,Others
16671,United Kingdom,2011-06-28 11:20:00,2011-11-11 13:40:00,27,3,1692.27,875.0,0.0,0.0,4,3,4,11,Potential Loyalist
12517,Germany,2011-06-02 15:13:00,2011-11-11 14:04:00,27,5,2464.89,1371.0,23.0,0.0168,4,4,4,12,Champions
16460,United Kingdom,2011-09-19 10:15:00,2011-11-11 13:46:00,27,3,814.72,879.0,0.0,0.0,4,3,3,10,Potential Loyalist
16433,United Kingdom,2010-10-27 12:26:00,2011-11-11 14:09:00,27,2,384.52,214.0,0.0,0.0,4,2,2,8,Potential Loyalist
12480,Germany,2010-07-20 13:21:00,2011-11-11 14:52:00,27,7,5435.1,2952.0,5.0,0.0017,4,4,5,13,Champions
13895,United Kingdom,2009-12-03 13:09:00,2011-11-11 16:57:00,27,6,3923.62,2060.0,2.0,0.001,4,4,5,13,Champions
13557,United Kingdom,2009-12-08 17:41:00,2011-11-11 15:24:00,27,13,2980.08,2398.0,38.0,0.0158,4,5,5,14,Champions
15608,United Kingdom,2010-10-20 10:10:00,2011-11-11 13:20:00,27,5,1785.98,1262.0,0.0,0.0,4,4,4,12,Champions
12691,France,2010-10-15 12:00:00,2011-11-11 16:49:00,27,7,1170.4,445.0,0.0,0.0,4,4,3,11,Loyal
18014,United Kingdom,2011-11-11 15:28:00,2011-11-11 15:28:00,27,1,166.42,68.0,0.0,0.0,4,1,1,6,Others
13732,United Kingdom,2011-11-11 15:49:00,2011-11-11 15:49:00,27,1,491.86,498.0,0.0,0.0,4,1,2,7,Others
12685,France,2011-09-07 10:28:00,2011-11-11 13:46:00,27,6,2863.08,1523.0,0.0,0.0,4,4,5,13,Champions
17071,United Kingdom,2010-01-24 13:05:00,2011-11-11 16:31:00,27,13,3738.45,1935.0,19.0,0.0098,4,5,5,14,Champions
12726,France,2010-03-25 16:25:00,2011-11-11 13:35:00,27,11,4014.6,4618.0,0.0,0.0,4,5,5,14,Champions
17054,United Kingdom,2011-04-08 13:14:00,2011-11-11 12:56:00,27,5,1353.83,804.0,2.0,0.0025,4,4,4,12,Champions
13310,United Kingdom,2010-11-02 17:03:00,2011-11-11 17:23:00,27,5,1492.8,816.0,12.0,0.0147,4,4,4,12,Champions
16332,United Kingdom,2010-04-29 13:41:00,2011-11-11 14:22:00,27,11,1989.97,1132.0,44.0,0.0389,4,5,4,13,Champions
17052,United Kingdom,2011-11-11 14:50:00,2011-11-11 14:50:00,27,1,413.75,261.0,0.0,0.0,4,1,2,7,Others
17088,United Kingdom,2011-03-31 09:48:00,2011-11-11 14:23:00,27,4,1991.01,868.0,0.0,0.0,4,3,4,11,Potential Loyalist
13091,United Kingdom,2009-12-10 11:50:00,2011-11-11 15:54:00,27,3,-130.22,1339.0,2424.0,1.8103,4,3,1,8,Potential Loyalist
15492,United Kingdom,2011-09-26 14:02:00,2011-11-11 14:53:00,27,2,659.46,483.0,0.0,0.0,4,2,3,9,Potential Loyalist
14044,United Kingdom,2010-01-24 15:14:00,2011-11-13 12:05:00,26,10,3106.15,2126.0,1.0,0.0005,4,5,5,14,Champions
17838,United Kingdom,2010-03-19 09:53:00,2011-11-13 11:20:00,26,13,5303.99,3599.0,463.0,0.1286,4,5,5,14,Champions
17790,United Kingdom,2010-06-13 13:30:00,2011-11-13 11:30:00,26,20,2783.61,1389.0,0.0,0.0,4,5,4,13,Champions
13450,United Kingdom,2010-04-15 19:15:00,2011-11-13 11:54:00,26,13,4117.54,4318.0,2.0,0.0005,4,5,5,14,Champions
14661,United Kingdom,2011-11-13 11:51:00,2011-11-13 11:51:00,26,1,107.95,35.0,0.0,0.0,4,1,1,6,Others
16560,United Kingdom,2009-12-08 12:05:00,2011-11-13 10:35:00,26,8,3010.73,1603.0,7.0,0.0044,4,4,5,13,Champions
13170,United Kingdom,2011-11-13 12:19:00,2011-11-13 12:19:00,26,1,116.01,147.0,0.0,0.0,4,1,1,6,Others
14882,United Kingdom,2010-03-30 15:02:00,2011-11-13 12:47:00,26,14,3426.55,1640.0,192.0,0.1171,4,5,5,14,Champions
17211,United Kingdom,2009-12-13 13:17:00,2011-11-13 12:03:00,26,13,3728.8,2141.0,17.0,0.0079,4,5,5,14,Champions
13892,United Kingdom,2010-05-13 10:32:00,2011-11-13 11:50:00,26,6,1267.65,3125.0,0.0,0.0,4,4,4,12,Champions
14487,United Kingdom,2010-11-25 13:36:00,2011-11-13 12:17:00,26,7,1315.76,800.0,1.0,0.0013,4,4,4,12,Champions
16416,United Kingdom,2010-02-23 12:00:00,2011-11-13 12:50:00,26,9,2948.47,2210.0,17.0,0.0077,4,5,5,14,Champions
15599,United Kingdom,2010-09-20 10:15:00,2011-11-13 11:44:00,26,3,1250.06,1098.0,0.0,0.0,4,3,4,11,Potential Loyalist
17041,United Kingdom,2010-04-18 14:25:00,2011-11-13 11:21:00,26,6,1670.48,1337.0,4.0,0.003,4,4,4,12,Champions
16571,United Kingdom,2010-03-18 09:12:00,2011-11-13 11:46:00,26,10,4025.05,3703.0,102.0,0.0275,4,5,5,14,Champions
15429,United Kingdom,2011-09-25 13:42:00,2011-11-13 12:28:00,26,2,364.9,380.0,11.0,0.0289,4,2,2,8,Potential Loyalist
13984,United Kingdom,2009-12-07 11:51:00,2011-11-13 12:38:00,26,12,1461.32,1301.0,408.0,0.3136,4,5,4,13,Champions
12689,France,2011-08-04 10:04:00,2011-11-14 08:31:00,25,2,1247.61,628.0,0.0,0.0,4,2,4,10,Potential Loyalist
14382,United Kingdom,2010-11-14 16:32:00,2011-11-13 16:18:00,25,2,1240.85,1701.0,1.0,0.0006,4,2,4,10,Potential Loyalist
17720,United Kingdom,2010-05-10 09:58:00,2011-11-13 15:04:00,25,10,2613.06,1589.0,5.0,0.0031,4,5,4,13,Champions
18263,United Kingdom,2011-04-01 11:48:00,2011-11-14 09:00:00,25,3,1211.08,1468.0,1.0,0.0007,4,3,4,11,Potential Loyalist
13549,United Kingdom,2010-11-17 12:17:00,2011-11-14 09:20:00,25,8,1003.72,554.0,1.0,0.0018,4,4,3,11,Loyal
17287,United Kingdom,2009-12-03 12:45:00,2011-11-13 13:27:00,25,21,3873.01,1993.0,4.0,0.002,4,5,5,14,Champions
15168,United Kingdom,2011-11-14 11:26:00,2011-11-14 11:26:00,25,1,106.56,52.0,0.0,0.0,4,1,1,6,Others
14684,United Kingdom,2010-11-14 14:07:00,2011-11-14 11:33:00,25,6,1468.55,1039.0,0.0,0.0,4,4,4,12,Champions
15365,United Kingdom,2010-02-04 16:43:00,2011-11-14 08:29:00,25,13,3573.26,2131.0,326.0,0.153,4,5,5,14,Champions
15411,United Kingdom,2011-06-10 12:30:00,2011-11-13 15:19:00,25,4,1346.38,530.0,2.0,0.0038,4,3,4,11,Potential Loyalist
17663,United Kingdom,2010-03-04 11:42:00,2011-11-14 08:56:00,25,17,5081.04,2297.0,29.0,0.0126,4,5,5,14,Champions
12508,France,2011-11-10 16:27:00,2011-11-13 15:37:00,25,2,398.27,272.0,0.0,0.0,4,2,2,8,Potential Loyalist
14530,United Kingdom,2010-01-21 11:25:00,2011-11-14 10:38:00,25,16,6077.15,3014.0,15.0,0.005,4,5,5,14,Champions
12938,United Kingdom,2011-11-14 11:21:00,2011-11-14 11:21:00,25,1,114.14,140.0,0.0,0.0,4,1,1,6,Others
13603,United Kingdom,2011-11-13 15:57:00,2011-11-13 15:57:00,25,1,164.34,164.0,0.0,0.0,4,1,1,6,Others
15863,United Kingdom,2009-12-17 10:20:00,2011-11-14 12:49:00,25,5,358.7,164.0,0.0,0.0,4,4,2,10,Others
17538,United Kingdom,2011-11-14 12:12:00,2011-11-14 12:12:00,25,1,98.42,134.0,0.0,0.0,4,1,1,6,Others
14784,United Kingdom,2010-11-15 09:49:00,2011-11-13 13:30:00,25,3,449.93,363.0,0.0,0.0,4,3,2,9,Potential Loyalist
15291,United Kingdom,2009-12-03 11:09:00,2011-11-14 11:02:00,25,40,13122.44,4905.0,349.0,0.0712,4,5,5,14,Champions
16898,United Kingdom,2010-05-12 12:18:00,2011-11-13 15:44:00,25,5,835.94,707.0,33.0,0.0467,4,4,3,11,Loyal
14862,United Kingdom,2011-07-14 11:20:00,2011-11-14 10:01:00,25,2,841.2,772.0,0.0,0.0,4,2,3,9,Potential Loyalist
16303,United Kingdom,2010-03-18 14:12:00,2011-11-14 10:49:00,25,7,7823.72,3859.0,43.0,0.0111,4,4,5,13,Champions
13451,United Kingdom,2010-03-21 16:13:00,2011-11-13 15:58:00,25,11,7119.97,5268.0,9.0,0.0017,4,5,5,14,Champions
13146,United Kingdom,2011-11-13 15:29:00,2011-11-13 15:29:00,25,1,228.91,154.0,0.0,0.0,4,1,1,6,Others
12867,United Kingdom,2009-12-16 16:25:00,2011-11-13 15:30:00,25,13,7862.69,7939.0,24.0,0.003,4,5,5,14,Champions
18117,United Kingdom,2011-11-14 12:47:00,2011-11-14 12:47:00,25,1,320.72,618.0,0.0,0.0,4,1,2,7,Others
16726,United Kingdom,2010-10-24 16:09:00,2011-11-13 14:53:00,25,7,2088.41,1356.0,0.0,0.0,4,4,4,12,Champions
14494,United Kingdom,2009-12-08 13:25:00,2011-11-14 09:21:00,25,3,401.46,210.0,0.0,0.0,4,3,2,9,Potential Loyalist
16930,United Kingdom,2011-10-02 14:25:00,2011-11-13 16:13:00,25,3,380.55,341.0,0.0,0.0,4,3,2,9,Potential Loyalist
14499,United Kingdom,2010-08-27 11:57:00,2011-11-13 13:01:00,25,7,2120.62,1250.0,9.0,0.0072,4,4,4,12,Champions
12865,Austria,2010-08-20 12:20:00,2011-11-13 14:31:00,25,4,3303.31,1973.0,48.0,0.0243,4,3,5,12,Potential Loyalist
16936,United Kingdom,2010-11-19 11:54:00,2011-11-14 11:04:00,25,2,551.17,342.0,0.0,0.0,4,2,2,8,Potential Loyalist
13379,United Kingdom,2011-07-26 12:26:00,2011-11-13 13:45:00,25,3,572.56,601.0,0.0,0.0,4,3,2,9,Potential Loyalist
18082,United Kingdom,2011-11-14 12:45:00,2011-11-14 12:45:00,25,1,703.37,621.0,0.0,0.0,4,1,3,8,Others
14227,United Kingdom,2010-02-08 09:38:00,2011-11-13 15:48:00,25,15,6327.31,4048.0,12.0,0.003,4,5,5,14,Champions
13700,United Kingdom,2010-02-07 10:53:00,2011-11-13 13:00:00,25,13,2586.21,2809.0,11.0,0.0039,4,5,4,13,Champions
15787,United Kingdom,2011-10-09 13:11:00,2011-11-13 14:55:00,25,3,948.05,540.0,0.0,0.0,4,3,3,10,Potential Loyalist
18211,United Kingdom,2011-03-06 12:09:00,2011-11-14 08:10:00,25,5,600.07,359.0,0.0,0.0,4,4,3,11,Loyal
15449,United Kingdom,2011-03-23 10:43:00,2011-11-13 15:02:00,25,3,971.22,812.0,2.0,0.0025,4,3,3,10,Potential Loyalist
14902,United Kingdom,2010-06-04 12:35:00,2011-11-14 10:34:00,25,3,1000.27,716.0,13.0,0.0182,4,3,3,10,Potential Loyalist
12428,Finland,2011-03-01 09:33:00,2011-11-14 08:22:00,25,9,7877.2,3536.0,33.0,0.0093,4,5,5,14,Champions
16720,United Kingdom,2009-12-17 17:54:00,2011-11-13 16:22:00,25,3,593.43,479.0,8.0,0.0167,4,3,3,10,Potential Loyalist
13178,United Kingdom,2009-12-16 14:00:00,2011-11-13 16:14:00,25,21,13997.89,8778.0,29.0,0.0033,4,5,5,14,Champions
18069,United Kingdom,2010-02-28 16:14:00,2011-11-13 16:03:00,25,11,4525.71,3227.0,3.0,0.0009,4,5,5,14,Champions
15203,United Kingdom,2009-12-08 18:06:00,2011-11-14 08:16:00,25,15,4400.18,4182.0,0.0,0.0,4,5,5,14,Champions
17658,United Kingdom,2011-05-12 15:23:00,2011-11-14 12:07:00,25,2,485.88,616.0,94.0,0.1526,4,2,2,8,Potential Loyalist
12883,United Kingdom,2011-09-11 15:18:00,2011-11-15 09:32:00,24,4,703.47,196.0,0.0,0.0,4,3,3,10,Potential Loyalist
15458,United Kingdom,2010-11-02 19:50:00,2011-11-14 13:08:00,24,2,370.44,300.0,0.0,0.0,4,2,2,8,Potential Loyalist
13846,United Kingdom,2010-11-05 09:47:00,2011-11-15 12:07:00,24,4,1290.34,705.0,5.0,0.0071,4,3,4,11,Potential Loyalist
13455,United Kingdom,2009-12-09 08:58:00,2011-11-15 11:21:00,24,6,2080.88,795.0,28.0,0.0352,4,4,4,12,Champions
17974,United Kingdom,2010-10-28 20:03:00,2011-11-15 11:37:00,24,6,1858.06,1243.0,0.0,0.0,4,4,4,12,Champions
15781,United Kingdom,2011-02-07 09:15:00,2011-11-14 14:57:00,24,3,333.56,180.0,2.0,0.0111,4,3,2,9,Potential Loyalist
14715,United Kingdom,2010-01-19 12:18:00,2011-11-15 12:10:00,24,8,1840.45,1034.0,0.0,0.0,4,4,4,12,Champions
16478,United Kingdom,2011-10-05 12:02:00,2011-11-14 15:51:00,24,3,331.0,224.0,0.0,0.0,4,3,2,9,Potential Loyalist
17081,United Kingdom,2010-02-22 13:19:00,2011-11-14 12:56:00,24,6,964.39,389.0,0.0,0.0,4,4,3,11,Loyal
16423,United Kingdom,2011-11-15 09:21:00,2011-11-15 09:21:00,24,1,346.12,230.0,0.0,0.0,4,1,2,7,Others
17510,United Kingdom,2010-10-15 10:20:00,2011-11-15 10:00:00,24,2,514.56,422.0,0.0,0.0,4,2,2,8,Potential Loyalist
12676,Sweden,2010-08-13 13:29:00,2011-11-15 12:25:00,24,11,2773.09,1867.0,2.0,0.0011,4,5,4,13,Champions
15524,United Kingdom,2010-04-12 09:19:00,2011-11-15 12:09:00,24,2,591.4,28.0,0.0,0.0,4,2,2,8,Potential Loyalist
13835,United Kingdom,2010-03-04 08:26:00,2011-11-14 15:37:00,24,7,1044.82,520.0,7.0,0.0135,4,4,3,11,Loyal
14533,United Kingdom,2010-04-08 12:13:00,2011-11-15 12:05:00,24,11,3185.12,6038.0,1255.0,0.2079,4,5,5,14,Champions
15681,United Kingdom,2010-05-24 14:18:00,2011-11-14 16:30:00,24,14,2480.2,1392.0,266.0,0.1911,4,5,4,13,Champions
17777,United Kingdom,2011-08-31 14:35:00,2011-11-15 12:02:00,24,3,665.86,507.0,0.0,0.0,4,3,3,10,Potential Loyalist
16341,United Kingdom,2010-04-09 10:30:00,2011-11-15 09:12:00,24,7,3832.29,3022.0,16.0,0.0053,4,4,5,13,Champions
15419,United Kingdom,2011-11-15 09:23:00,2011-11-15 09:23:00,24,1,135.86,230.0,0.0,0.0,4,1,1,6,Others
13058,United Kingdom,2011-07-11 12:01:00,2011-11-15 12:43:00,24,3,271.4,52.0,0.0,0.0,4,3,2,9,Potential Loyalist
16207,United Kingdom,2011-11-14 13:51:00,2011-11-14 13:51:00,24,1,394.38,140.0,0.0,0.0,4,1,2,7,Others
17652,United Kingdom,2011-03-03 14:05:00,2011-11-14 12:55:00,24,12,4737.13,2509.0,30.0,0.012,4,5,5,14,Champions
12374,Austria,2010-04-30 14:01:00,2011-11-14 15:37:00,24,4,2989.22,1362.0,0.0,0.0,4,3,5,12,Potential Loyalist
16519,United Kingdom,2010-03-01 13:51:00,2011-11-14 15:41:00,24,4,452.56,152.0,0.0,0.0,4,3,2,9,Potential Loyalist
13735,United Kingdom,2009-12-13 13:31:00,2011-11-15 11:14:00,24,13,9472.81,4158.0,88.0,0.0212,4,5,5,14,Champions
15660,United Kingdom,2010-02-05 16:01:00,2011-11-14 16:58:00,24,15,2554.84,1783.0,13.0,0.0073,4,5,4,13,Champions
17044,United Kingdom,2009-12-07 12:25:00,2011-11-14 14:28:00,24,12,11867.6,5722.0,30.0,0.0052,4,5,5,14,Champions
15582,United Kingdom,2011-05-03 13:36:00,2011-11-15 09:55:00,24,3,682.91,453.0,0.0,0.0,4,3,3,10,Potential Loyalist
14725,United Kingdom,2010-06-23 11:34:00,2011-11-15 12:42:00,24,4,1264.84,1340.0,24.0,0.0179,4,3,4,11,Potential Loyalist
17314,United Kingdom,2009-12-03 11:25:00,2011-11-15 09:41:00,24,17,4514.7,3663.0,438.0,0.1196,4,5,5,14,Champions
15058,United Kingdom,2010-02-24 14:07:00,2011-11-14 14:57:00,24,16,3377.18,1660.0,3.0,0.0018,4,5,5,14,Champions
14680,United Kingdom,2009-12-04 12:36:00,2011-11-14 16:59:00,24,58,53120.46,26900.0,1344.0,0.05,4,5,5,14,Champions
15758,United Kingdom,2011-11-15 10:48:00,2011-11-15 10:48:00,24,1,205.25,47.0,0.0,0.0,4,1,1,6,Others
15981,United Kingdom,2010-03-29 10:07:00,2011-11-15 08:00:00,24,21,9268.07,4827.0,49.0,0.0102,4,5,5,14,Champions
16504,United Kingdom,2011-11-14 15:18:00,2011-11-14 15:18:00,24,1,484.38,524.0,0.0,0.0,4,1,2,7,Others
15050,United Kingdom,2010-08-16 12:00:00,2011-11-14 16:17:00,24,5,4138.87,2628.0,40.0,0.0152,4,4,5,13,Champions
13632,United Kingdom,2010-04-07 10:59:00,2011-11-15 10:51:00,24,8,3634.7,1639.0,3.0,0.0018,4,4,5,13,Champions
18043,United Kingdom,2010-12-08 12:35:00,2011-11-15 12:48:00,24,3,559.51,282.0,0.0,0.0,4,3,2,9,Potential Loyalist
14953,United Kingdom,2010-09-30 12:16:00,2011-11-14 14:59:00,24,4,1005.37,1028.0,20.0,0.0195,4,3,3,10,Potential Loyalist
17793,United Kingdom,2011-11-14 14:24:00,2011-11-14 14:24:00,24,1,323.04,232.0,0.0,0.0,4,1,2,7,Others
13692,United Kingdom,2010-10-15 13:28:00,2011-11-15 11:17:00,24,5,3016.45,2101.0,12.0,0.0057,4,4,5,13,Champions
15125,United Kingdom,2010-03-31 13:29:00,2011-11-14 13:57:00,24,24,16124.33,8433.0,298.0,0.0353,4,5,5,14,Champions
15532,United Kingdom,2010-06-08 14:52:00,2011-11-14 14:51:00,24,10,3708.05,1349.0,13.0,0.0096,4,5,5,14,Champions
13236,United Kingdom,2011-08-25 08:58:00,2011-11-15 12:50:00,24,2,727.27,416.0,5.0,0.012,4,2,3,9,Potential Loyalist
18259,United Kingdom,2009-12-08 08:38:00,2011-11-15 12:34:00,24,7,3941.9,1274.0,0.0,0.0,4,4,5,13,Champions
17540,United Kingdom,2010-04-19 09:47:00,2011-11-15 11:56:00,24,6,1582.1,588.0,1.0,0.0017,4,4,4,12,Champions
17235,United Kingdom,2010-06-04 17:01:00,2011-11-14 15:51:00,24,8,1562.98,845.0,0.0,0.0,4,4,4,12,Champions
12642,Germany,2011-08-24 09:23:00,2011-11-14 15:03:00,24,3,1013.26,552.0,0.0,0.0,4,3,3,10,Potential Loyalist
13577,United Kingdom,2009-12-14 16:10:00,2011-11-14 15:19:00,24,11,3346.62,1661.0,49.0,0.0295,4,5,5,14,Champions
16245,United Kingdom,2011-03-28 09:30:00,2011-11-16 10:14:00,23,3,1352.36,1014.0,6.0,0.0059,4,3,4,11,Potential Loyalist
14286,United Kingdom,2009-12-04 08:40:00,2011-11-16 10:34:00,23,7,8396.7,8795.0,100.0,0.0114,4,4,5,13,Champions
14426,United Kingdom,2010-03-04 14:36:00,2011-11-16 12:25:00,23,17,11103.97,7023.0,367.0,0.0523,4,5,5,14,Champions
13614,United Kingdom,2010-06-06 13:42:00,2011-11-15 14:47:00,23,6,2359.19,828.0,0.0,0.0,4,4,4,12,Champions
13410,United Kingdom,2009-12-08 13:43:00,2011-11-15 15:33:00,23,9,2172.51,1244.0,11.0,0.0088,4,5,4,13,Champions
16717,United Kingdom,2009-12-07 15:55:00,2011-11-16 12:16:00,23,14,6002.71,3151.0,321.0,0.1019,4,5,5,14,Champions
13066,United Kingdom,2011-11-07 17:06:00,2011-11-15 12:57:00,23,2,430.9,322.0,2.0,0.0062,4,2,2,8,Potential Loyalist
18246,United Kingdom,2010-04-09 10:19:00,2011-11-16 11:49:00,23,3,758.82,214.0,0.0,0.0,4,3,3,10,Potential Loyalist
17549,United Kingdom,2011-10-19 10:05:00,2011-11-16 09:59:00,23,2,148.86,210.0,0.0,0.0,4,2,1,7,Potential Loyalist
13816,Germany,2011-10-06 14:37:00,2011-11-16 08:38:00,23,2,555.04,269.0,9.0,0.0335,4,2,2,8,Potential Loyalist
15955,United Kingdom,2010-02-23 16:36:00,2011-11-15 14:15:00,23,22,8050.23,3967.0,15.0,0.0038,4,5,5,14,Champions
17153,United Kingdom,2011-11-15 13:42:00,2011-11-15 13:42:00,23,1,213.78,104.0,0.0,0.0,4,1,1,6,Others
12640,France,2011-09-19 12:01:00,2011-11-16 11:52:00,23,3,1174.58,311.0,0.0,0.0,4,3,3,10,Potential Loyalist
15900,United Kingdom,2010-05-26 11:27:00,2011-11-16 12:19:00,23,4,890.5,661.0,2.0,0.003,4,3,3,10,Potential Loyalist
16855,United Kingdom,2011-10-27 16:31:00,2011-11-16 12:03:00,23,2,328.4,164.0,0.0,0.0,4,2,2,8,Potential Loyalist
17357,United Kingdom,2011-11-15 16:29:00,2011-11-15 16:30:00,23,2,388.14,153.0,0.0,0.0,4,2,2,8,Potential Loyalist
14057,United Kingdom,2009-12-03 13:17:00,2011-11-16 10:32:00,23,22,8338.28,6485.0,168.0,0.0259,4,5,5,14,Champions
16240,United Kingdom,2011-09-23 13:44:00,2011-11-15 14:30:00,23,2,3693.81,1641.0,7.0,0.0043,4,2,5,11,Potential Loyalist
12731,France,2010-03-02 09:23:00,2011-11-16 11:59:00,23,17,25673.21,11641.0,71.0,0.0061,4,5,5,14,Champions
14626,United Kingdom,2009-12-10 14:57:00,2011-11-16 10:37:00,23,11,5374.77,3135.0,17.0,0.0054,4,5,5,14,Champions
18123,United Kingdom,2010-07-14 12:47:00,2011-11-15 14:23:00,23,3,684.59,629.0,0.0,0.0,4,3,3,10,Potential Loyalist
14853,United Kingdom,2010-04-13 09:26:00,2011-11-15 16:56:00,23,5,1351.37,345.0,2.0,0.0058,4,4,4,12,Champions
15556,United Kingdom,2011-11-15 16:08:00,2011-11-15 16:08:00,23,1,279.77,236.0,0.0,0.0,4,1,2,7,Others
14507,United Kingdom,2009-12-10 17:04:00,2011-11-16 12:21:00,23,11,3172.49,1536.0,43.0,0.028,4,5,5,14,Champions
15679,United Kingdom,2011-06-10 08:24:00,2011-11-15 16:19:00,23,4,781.28,1170.0,0.0,0.0,4,3,3,10,Potential Loyalist
17220,United Kingdom,2010-01-20 11:57:00,2011-11-15 13:47:00,23,21,4481.75,2699.0,0.0,0.0,4,5,5,14,Champions
14640,United Kingdom,2010-01-22 15:44:00,2011-11-15 13:07:00,23,10,3464.03,1651.0,93.0,0.0563,4,5,5,14,Champions
16557,United Kingdom,2011-07-25 13:28:00,2011-11-15 14:04:00,23,2,281.85,111.0,0.0,0.0,4,2,2,8,Potential Loyalist
16669,United Kingdom,2011-09-22 14:13:00,2011-11-16 12:26:00,23,3,226.14,888.0,6.0,0.0068,4,3,1,8,Potential Loyalist
17377,United Kingdom,2009-12-02 12:39:00,2011-11-16 11:17:00,23,78,17263.11,7400.0,49.0,0.0066,4,5,5,14,Champions
12933,United Kingdom,2009-12-10 16:39:00,2011-11-15 16:38:00,23,8,1627.28,959.0,55.0,0.0574,4,4,4,12,Champions
18181,United Kingdom,2009-12-04 15:30:00,2011-11-15 15:08:00,23,5,1184.21,524.0,3.0,0.0057,4,4,3,11,Loyal
16916,United Kingdom,2010-10-20 12:56:00,2011-11-16 12:08:00,23,4,925.32,661.0,0.0,0.0,4,3,3,10,Potential Loyalist
15584,United Kingdom,2010-02-07 12:16:00,2011-11-16 10:55:00,23,6,1275.0,487.0,2.0,0.0041,4,4,4,12,Champions
16008,United Kingdom,2010-03-19 11:07:00,2011-11-16 10:32:00,23,15,5384.13,3273.0,0.0,0.0,4,5,5,14,Champions
15720,United Kingdom,2010-06-07 15:40:00,2011-11-15 14:48:00,23,2,741.92,329.0,0.0,0.0,4,2,3,9,Potential Loyalist
13894,United Kingdom,2011-02-02 12:54:00,2011-11-16 09:44:00,23,3,535.97,354.0,15.0,0.0424,4,3,2,9,Potential Loyalist
13449,United Kingdom,2011-11-16 08:28:00,2011-11-16 08:28:00,23,1,291.88,222.0,0.0,0.0,4,1,2,7,Others
15269,United Kingdom,2010-11-14 12:58:00,2011-11-16 09:32:00,23,3,1225.36,372.0,0.0,0.0,4,3,4,11,Potential Loyalist
12890,United Kingdom,2010-11-17 14:05:00,2011-11-15 17:26:00,23,2,717.27,466.0,0.0,0.0,4,2,3,9,Potential Loyalist
17198,United Kingdom,2010-12-03 14:54:00,2011-11-16 10:39:00,23,3,692.22,357.0,0.0,0.0,4,3,3,10,Potential Loyalist
14544,United Kingdom,2010-08-26 16:00:00,2011-11-15 15:06:00,23,3,2982.43,2438.0,0.0,0.0,4,3,5,12,Potential Loyalist
17564,United Kingdom,2011-09-20 14:00:00,2011-11-15 13:27:00,23,3,454.01,146.0,0.0,0.0,4,3,2,9,Potential Loyalist
17680,United Kingdom,2010-07-16 16:07:00,2011-11-16 12:42:00,23,3,462.5,155.0,1.0,0.0065,4,3,2,9,Potential Loyalist
14714,United Kingdom,2010-01-21 11:51:00,2011-11-15 13:07:00,23,4,896.4,642.0,5.0,0.0078,4,3,3,10,Potential Loyalist
14522,United Kingdom,2010-01-24 13:55:00,2011-11-15 13:24:00,23,8,1758.62,968.0,0.0,0.0,4,4,4,12,Champions
15110,United Kingdom,2010-08-11 15:49:00,2011-11-16 11:16:00,23,6,1480.0,337.0,6.0,0.0178,4,4,4,12,Champions
16469,United Kingdom,2010-07-13 13:17:00,2011-11-16 12:25:00,23,5,828.91,345.0,0.0,0.0,4,4,3,11,Loyal
12415,Australia,2010-06-30 08:30:00,2011-11-15 14:22:00,23,28,143269.29,91447.0,428.0,0.0047,4,5,5,14,Champions
14666,United Kingdom,2011-11-15 12:57:00,2011-11-15 12:57:00,23,1,195.25,161.0,0.0,0.0,4,1,1,6,Others
12481,Germany,2010-04-11 13:10:00,2011-11-17 08:29:00,22,15,12057.65,7168.0,138.0,0.0193,4,5,5,14,Champions
13500,United Kingdom,2010-11-03 13:16:00,2011-11-16 15:35:00,22,4,1436.3,838.0,24.0,0.0286,4,3,4,11,Potential Loyalist
13926,United Kingdom,2011-11-16 13:16:00,2011-11-16 13:16:00,22,1,223.85,104.0,0.0,0.0,4,1,1,6,Others
12626,Germany,2011-01-17 11:01:00,2011-11-16 16:06:00,22,9,6388.35,3453.0,103.0,0.0298,4,5,5,14,Champions
17461,United Kingdom,2011-11-10 12:01:00,2011-11-17 10:21:00,22,3,757.46,799.0,0.0,0.0,4,3,3,10,Potential Loyalist
15051,United Kingdom,2009-12-01 13:29:00,2011-11-16 15:38:00,22,9,3920.16,3053.0,12.0,0.0039,4,5,5,14,Champions
12500,Germany,2010-02-04 15:05:00,2011-11-16 16:20:00,22,19,5872.31,3377.0,17.0,0.005,4,5,5,14,Champions
13939,United Kingdom,2010-04-06 12:43:00,2011-11-16 13:33:00,22,7,1533.66,1608.0,8.0,0.005,4,4,4,12,Champions
12567,France,2010-02-11 10:30:00,2011-11-17 11:02:00,22,15,11451.44,5308.0,222.0,0.0418,4,5,5,14,Champions
17330,United Kingdom,2010-03-02 09:20:00,2011-11-17 08:56:00,22,4,423.8,122.0,0.0,0.0,4,3,2,9,Potential Loyalist
13447,United Kingdom,2011-11-04 10:10:00,2011-11-16 13:38:00,22,3,1104.23,584.0,7.0,0.012,4,3,3,10,Potential Loyalist
12610,Italy,2011-08-05 13:52:00,2011-11-17 09:34:00,22,5,2057.99,1049.0,21.0,0.02,4,4,4,12,Champions
18167,United Kingdom,2011-08-26 11:40:00,2011-11-16 15:56:00,22,3,1355.51,382.0,23.0,0.0602,4,3,4,11,Potential Loyalist
16869,United Kingdom,2011-06-17 13:01:00,2011-11-17 12:02:00,22,4,805.62,585.0,4.0,0.0068,4,3,3,10,Potential Loyalist
16638,United Kingdom,2010-08-18 13:33:00,2011-11-17 11:09:00,22,15,2375.88,1627.0,1.0,0.0006,4,5,4,13,Champions
14332,United Kingdom,2010-10-19 13:01:00,2011-11-17 11:54:00,22,5,1943.51,893.0,0.0,0.0,4,4,4,12,Champions
15124,United Kingdom,2010-02-26 10:49:00,2011-11-17 10:09:00,22,4,450.82,462.0,0.0,0.0,4,3,2,9,Potential Loyalist
12356,Portugal,2010-10-11 09:42:00,2011-11-17 08:40:00,22,6,6373.68,3417.0,0.0,0.0,4,4,5,13,Champions
15529,United Kingdom,2010-11-10 14:26:00,2011-11-17 11:29:00,22,12,4788.84,4312.0,7.0,0.0016,4,5,5,14,Champions
16809,United Kingdom,2010-04-13 15:34:00,2011-11-16 15:45:00,22,9,1725.48,1093.0,1.0,0.0009,4,5,4,13,Champions
15967,United Kingdom,2009-12-01 13:29:00,2011-11-16 15:41:00,22,12,3019.2,1204.0,4.0,0.0033,4,5,5,14,Champions
16085,United Kingdom,2010-01-20 14:03:00,2011-11-16 13:24:00,22,12,2337.73,1384.0,2.0,0.0014,4,5,4,13,Champions
18006,United Kingdom,2009-12-17 12:27:00,2011-11-16 16:52:00,22,4,997.86,403.0,0.0,0.0,4,3,3,10,Potential Loyalist
14898,United Kingdom,2009-12-03 16:40:00,2011-11-16 14:54:00,22,14,3285.96,2229.0,21.0,0.0094,4,5,5,14,Champions
14112,United Kingdom,2010-02-23 14:16:00,2011-11-17 12:30:00,22,13,5524.51,3539.0,117.0,0.0331,4,5,5,14,Champions
14851,United Kingdom,2010-03-19 11:52:00,2011-11-16 14:20:00,22,3,829.41,631.0,0.0,0.0,4,3,3,10,Potential Loyalist
15805,United Kingdom,2009-12-10 12:57:00,2011-11-16 16:32:00,22,30,9708.92,6225.0,118.0,0.019,4,5,5,14,Champions
12477,Germany,2010-03-26 14:01:00,2011-11-17 09:51:00,22,9,20173.64,6119.0,33.0,0.0054,4,5,5,14,Champions
13285,United Kingdom,2010-03-25 14:26:00,2011-11-16 13:19:00,22,6,3364.59,2457.0,0.0,0.0,4,4,5,13,Champions
13028,United Kingdom,2011-10-25 14:09:00,2011-11-17 11:10:00,22,2,659.68,798.0,2.0,0.0025,4,2,3,9,Potential Loyalist
16186,United Kingdom,2009-12-09 15:36:00,2011-11-17 12:43:00,22,26,8676.23,6594.0,28.0,0.0042,4,5,5,14,Champions
17368,United Kingdom,2009-12-15 17:45:00,2011-11-16 15:26:00,22,14,2213.24,2343.0,716.0,0.3056,4,5,4,13,Champions
17147,United Kingdom,2010-01-11 09:38:00,2011-11-17 12:32:00,22,9,3069.15,1308.0,13.0,0.0099,4,5,5,14,Champions
13575,United Kingdom,2011-06-16 14:24:00,2011-11-16 13:14:00,22,5,732.07,449.0,0.0,0.0,4,4,3,11,Loyal
17716,United Kingdom,2009-12-02 17:18:00,2011-11-17 12:00:00,22,24,15671.32,8819.0,115.0,0.013,4,5,5,14,Champions
17095,United Kingdom,2009-12-15 12:32:00,2011-11-17 12:21:00,22,7,2312.59,1695.0,15.0,0.0088,4,4,4,12,Champions
12753,Japan,2010-12-12 11:44:00,2011-11-17 10:52:00,22,6,21024.01,11421.0,171.0,0.015,4,4,5,13,Champions
16804,United Kingdom,2011-03-14 15:48:00,2011-11-16 16:43:00,22,3,536.99,246.0,0.0,0.0,4,3,2,9,Potential Loyalist
16204,United Kingdom,2009-12-08 17:44:00,2011-11-16 13:40:00,22,3,939.24,686.0,4.0,0.0058,4,3,3,10,Potential Loyalist
15489,United Kingdom,2010-01-15 16:58:00,2011-11-17 08:53:00,22,8,2327.36,1264.0,39.0,0.0309,4,4,4,12,Champions
14948,United Kingdom,2011-05-04 14:52:00,2011-11-16 17:16:00,22,6,1066.57,673.0,12.0,0.0178,4,4,3,11,Loyal
15506,United Kingdom,2010-08-19 12:38:00,2011-11-17 12:11:00,22,6,2040.03,1647.0,0.0,0.0,4,4,4,12,Champions
17596,United Kingdom,2009-12-15 13:21:00,2011-11-16 14:11:00,22,13,4514.7,7089.0,7.0,0.001,4,5,5,14,Champions
13629,United Kingdom,2010-02-11 17:34:00,2011-11-16 13:21:00,22,19,13370.86,7722.0,0.0,0.0,4,5,5,14,Champions
12993,United Kingdom,2010-02-18 10:35:00,2011-11-16 15:49:00,22,8,1191.26,751.0,103.0,0.1372,4,4,4,12,Champions
13871,United Kingdom,2009-12-20 13:09:00,2011-11-17 10:49:00,22,17,7804.95,3502.0,40.0,0.0114,4,5,5,14,Champions
12991,United Kingdom,2010-11-15 13:43:00,2011-11-16 15:34:00,22,3,764.82,483.0,0.0,0.0,4,3,3,10,Potential Loyalist
18075,United Kingdom,2010-07-29 11:47:00,2011-11-16 15:21:00,22,20,5579.91,3281.0,62.0,0.0189,4,5,5,14,Champions
17828,Malta,2011-06-08 08:31:00,2011-11-17 08:41:00,22,4,1599.97,667.0,26.0,0.039,4,3,4,11,Potential Loyalist
16999,United Kingdom,2011-09-26 15:43:00,2011-11-16 13:53:00,22,2,484.82,294.0,0.0,0.0,4,2,2,8,Potential Loyalist
16298,United Kingdom,2010-09-23 15:23:00,2011-11-17 11:59:00,22,7,1080.0,308.0,2.0,0.0065,4,4,3,11,Loyal
18059,United Kingdom,2011-10-03 09:30:00,2011-11-16 16:49:00,22,3,296.71,258.0,5.0,0.0194,4,3,2,9,Potential Loyalist
13308,United Kingdom,2010-04-22 09:22:00,2011-11-17 09:31:00,22,4,1652.47,1073.0,3.0,0.0028,4,3,4,11,Potential Loyalist
17613,United Kingdom,2011-02-07 11:20:00,2011-11-17 10:51:00,22,14,4509.37,2496.0,26.0,0.0104,4,5,5,14,Champions
15657,United Kingdom,2011-11-17 12:19:00,2011-11-17 12:19:00,22,1,30.0,24.0,0.0,0.0,4,1,1,6,Others
12910,United Kingdom,2010-03-28 13:10:00,2011-11-16 14:28:00,22,13,5747.02,3632.0,30.0,0.0083,4,5,5,14,Champions
17896,United Kingdom,2011-11-16 13:59:00,2011-11-16 13:59:00,22,1,256.32,288.0,0.0,0.0,4,1,1,6,Others
13131,United Kingdom,2010-02-09 09:47:00,2011-11-16 13:21:00,22,7,3279.77,1523.0,4.0,0.0026,4,4,5,13,Champions
15432,United Kingdom,2010-06-16 14:34:00,2011-11-16 16:30:00,22,2,301.26,92.0,2.0,0.0217,4,2,2,8,Potential Loyalist
16945,United Kingdom,2009-12-09 11:33:00,2011-11-18 11:39:00,21,33,8530.66,5889.0,14.0,0.0024,4,5,5,14,Champions
12445,Spain,2010-10-15 12:28:00,2011-11-17 18:43:00,21,2,426.48,206.0,2.0,0.0097,4,2,2,8,Potential Loyalist
12391,Cyprus,2010-02-15 10:12:00,2011-11-18 12:07:00,21,6,2747.82,1220.0,8.0,0.0066,4,4,4,12,Champions
14593,United Kingdom,2009-12-09 12:57:00,2011-11-18 12:48:00,21,12,3615.17,1875.0,13.0,0.0069,4,5,5,14,Champions
15081,United Kingdom,2010-06-22 10:25:00,2011-11-17 17:08:00,21,12,1837.12,749.0,2.0,0.0027,4,5,4,13,Champions
17760,United Kingdom,2010-02-28 12:15:00,2011-11-18 10:56:00,21,6,739.14,531.0,1.0,0.0019,4,4,3,11,Loyal
16871,United Kingdom,2011-03-14 10:31:00,2011-11-17 19:27:00,21,6,2761.49,1253.0,3.0,0.0024,4,4,4,12,Champions
14034,United Kingdom,2011-07-05 13:06:00,2011-11-17 14:02:00,21,3,512.02,423.0,108.0,0.2553,4,3,2,9,Potential Loyalist
16511,United Kingdom,2010-03-01 12:21:00,2011-11-18 10:41:00,21,6,1819.02,787.0,0.0,0.0,4,4,4,12,Champions
15435,United Kingdom,2011-11-17 16:39:00,2011-11-17 16:39:00,21,1,149.29,54.0,0.0,0.0,4,1,1,6,Others
13160,United Kingdom,2011-11-17 13:07:00,2011-11-17 13:07:00,21,1,91.8,56.0,0.0,0.0,4,1,1,6,Others
13138,United Kingdom,2010-11-08 11:45:00,2011-11-17 16:51:00,21,7,1261.26,593.0,1.0,0.0017,4,4,4,12,Champions
17985,United Kingdom,2011-11-17 14:24:00,2011-11-17 14:24:00,21,1,634.95,183.0,0.0,0.0,4,1,3,8,Others
14849,United Kingdom,2010-01-10 11:40:00,2011-11-18 10:58:00,21,43,15186.6,11838.0,151.0,0.0128,4,5,5,14,Champions
14362,United Kingdom,2011-11-17 15:08:00,2011-11-17 15:08:00,21,1,161.2,100.0,0.0,0.0,4,1,1,6,Others
13117,United Kingdom,2010-03-26 13:50:00,2011-11-18 12:02:00,21,18,2253.96,1852.0,2.0,0.0011,4,5,4,13,Champions
13941,United Kingdom,2009-12-16 16:10:00,2011-11-18 09:43:00,21,15,9826.63,4782.0,57.0,0.0119,4,5,5,14,Champions
18034,United Kingdom,2010-11-29 12:36:00,2011-11-18 12:22:00,21,3,793.7,992.0,0.0,0.0,4,3,3,10,Potential Loyalist
12406,Denmark,2010-01-11 14:04:00,2011-11-17 19:22:00,21,5,6072.21,3416.0,33.0,0.0097,4,4,5,13,Champions
16134,United Kingdom,2010-06-17 09:48:00,2011-11-18 10:05:00,21,5,2119.99,1637.0,15.0,0.0092,4,4,4,12,Champions
17159,United Kingdom,2010-03-04 14:53:00,2011-11-18 10:52:00,21,5,2095.44,1348.0,1.0,0.0007,4,4,4,12,Champions
12618,Italy,2011-11-18 11:10:00,2011-11-18 11:10:00,21,1,177.31,96.0,0.0,0.0,4,1,1,6,Others
18221,United Kingdom,2010-11-14 15:46:00,2011-11-17 14:40:00,21,6,1370.34,1000.0,16.0,0.016,4,4,4,12,Champions
17080,United Kingdom,2010-07-01 16:03:00,2011-11-17 12:59:00,21,7,955.41,569.0,2.0,0.0035,4,4,3,11,Loyal
12603,Germany,2011-11-18 10:42:00,2011-11-18 10:42:00,21,1,739.2,63.0,0.0,0.0,4,1,3,8,Others
15530,United Kingdom,2010-07-15 11:10:00,2011-11-18 12:25:00,21,5,1813.72,1340.0,0.0,0.0,4,4,4,12,Champions
15287,United Kingdom,2009-12-02 12:13:00,2011-11-17 15:34:00,21,5,854.58,1010.0,1.0,0.001,4,4,3,11,Loyal
13171,United Kingdom,2011-02-13 14:16:00,2011-11-18 10:27:00,21,3,426.81,229.0,2.0,0.0087,4,3,2,9,Potential Loyalist
14508,United Kingdom,2010-06-17 13:02:00,2011-11-17 19:48:00,21,5,856.09,359.0,13.0,0.0362,4,4,3,11,Loyal
15864,United Kingdom,2010-11-23 15:02:00,2011-11-17 13:32:00,21,7,2014.22,1486.0,148.0,0.0996,4,4,4,12,Champions
15267,United Kingdom,2011-06-10 10:24:00,2011-11-17 15:59:00,21,5,1717.36,944.0,0.0,0.0,4,4,4,12,Champions
13828,United Kingdom,2011-11-17 16:02:00,2011-11-17 16:02:00,21,1,209.49,311.0,0.0,0.0,4,1,1,6,Others
17286,United Kingdom,2010-11-04 13:43:00,2011-11-18 12:47:00,21,3,395.48,371.0,0.0,0.0,4,3,2,9,Potential Loyalist
12380,Belgium,2010-02-15 12:05:00,2011-11-18 11:27:00,21,11,7888.0,3355.0,30.0,0.0089,4,5,5,14,Champions
15563,United Kingdom,2010-01-28 11:36:00,2011-11-17 14:50:00,21,7,2781.21,3019.0,53.0,0.0176,4,4,4,12,Champions
13962,United Kingdom,2010-09-30 10:35:00,2011-11-18 08:47:00,21,3,362.8,160.0,0.0,0.0,4,3,2,9,Potential Loyalist
12647,Germany,2010-01-13 15:06:00,2011-11-17 12:56:00,21,36,16713.99,6633.0,74.0,0.0112,4,5,5,14,Champions
14416,United Kingdom,2011-10-28 15:10:00,2011-11-17 15:22:00,21,2,490.22,326.0,0.0,0.0,4,2,2,8,Potential Loyalist
16531,United Kingdom,2010-09-24 09:49:00,2011-11-17 16:29:00,21,11,2263.58,1863.0,5.0,0.0027,4,5,4,13,Champions
16414,United Kingdom,2010-01-14 10:21:00,2011-11-18 09:42:00,21,5,559.71,202.0,0.0,0.0,4,4,2,10,Others
12427,Germany,2010-12-03 10:44:00,2011-11-18 08:56:00,21,3,708.37,533.0,297.0,0.5572,4,3,3,10,Potential Loyalist
13313,United Kingdom,2009-12-02 16:18:00,2011-11-17 16:48:00,21,12,3423.27,2308.0,9.0,0.0039,4,5,5,14,Champions
15811,United Kingdom,2010-11-16 16:46:00,2011-11-17 15:31:00,21,7,3553.37,1827.0,10.0,0.0055,4,4,5,13,Champions
14434,United Kingdom,2011-09-28 15:31:00,2011-11-18 08:56:00,21,6,1372.8,368.0,0.0,0.0,4,4,4,12,Champions
16293,United Kingdom,2009-12-11 09:58:00,2011-11-18 09:58:00,21,15,4253.45,1833.0,9.0,0.0049,4,5,5,14,Champions
12449,Denmark,2010-09-27 09:37:00,2011-11-17 13:46:00,21,6,4835.89,2282.0,0.0,0.0,4,4,5,13,Champions
17799,United Kingdom,2009-12-13 16:03:00,2011-11-17 15:16:00,21,20,6216.74,3707.0,15.0,0.004,4,5,5,14,Champions
12539,Spain,2009-12-23 13:00:00,2011-11-17 13:30:00,21,7,9498.9,4535.0,1.0,0.0002,4,4,5,13,Champions
15983,United Kingdom,2009-12-06 12:52:00,2011-11-17 17:34:00,21,8,3135.27,1890.0,0.0,0.0,4,4,5,13,Champions
17397,United Kingdom,2010-10-19 13:20:00,2011-11-17 14:08:00,21,3,1233.18,697.0,0.0,0.0,4,3,4,11,Potential Loyalist
12931,United Kingdom,2009-12-01 11:46:00,2011-11-18 12:39:00,21,57,71299.67,62906.0,14561.0,0.2315,4,5,5,14,Champions
12997,United Kingdom,2010-04-06 11:06:00,2011-11-17 15:47:00,21,8,2065.11,1186.0,23.0,0.0194,4,4,4,12,Champions
13815,Germany,2010-02-12 10:26:00,2011-11-17 14:19:00,21,8,7285.79,5381.0,23.0,0.0043,4,4,5,13,Champions
17797,United Kingdom,2009-12-15 14:30:00,2011-11-17 13:21:00,21,8,1985.87,1090.0,0.0,0.0,4,4,4,12,Champions
16656,United Kingdom,2009-12-04 12:59:00,2011-11-17 14:43:00,21,30,16307.72,15433.0,446.0,0.0289,4,5,5,14,Champions
12847,United Kingdom,2010-11-17 12:44:00,2011-11-17 13:16:00,21,2,1636.9,1533.0,0.0,0.0,4,2,4,10,Potential Loyalist
14641,United Kingdom,2011-11-18 10:42:00,2011-11-18 10:42:00,21,1,110.46,90.0,0.0,0.0,4,1,1,6,Others
16070,United Kingdom,2011-11-07 16:36:00,2011-11-17 15:50:00,21,2,852.15,457.0,0.0,0.0,4,2,3,9,Potential Loyalist
18061,United Kingdom,2009-12-04 11:36:00,2011-11-18 11:20:00,21,28,6075.31,3359.0,1.0,0.0003,4,5,5,14,Champions
16042,United Kingdom,2010-09-12 12:00:00,2011-11-17 17:50:00,21,8,2202.9,1442.0,13.0,0.009,4,4,4,12,Champions
16009,United Kingdom,2011-07-03 11:26:00,2011-11-17 16:51:00,21,4,992.71,378.0,0.0,0.0,4,3,3,10,Potential Loyalist
14234,United Kingdom,2011-10-13 13:58:00,2011-11-17 17:53:00,21,4,775.46,963.0,0.0,0.0,4,3,3,10,Potential Loyalist
17163,United Kingdom,2010-02-02 10:39:00,2011-11-18 08:57:00,21,4,699.78,531.0,0.0,0.0,4,3,3,10,Potential Loyalist
16350,United Kingdom,2010-10-07 16:33:00,2011-11-18 15:53:00,20,9,2222.49,1077.0,5.0,0.0046,4,5,4,13,Champions
17301,United Kingdom,2010-03-25 13:16:00,2011-11-18 13:43:00,20,2,330.43,229.0,0.0,0.0,4,2,2,8,Potential Loyalist
17650,United Kingdom,2011-11-18 14:52:00,2011-11-18 14:52:00,20,1,166.08,150.0,0.0,0.0,4,1,1,6,Others
12444,Norway,2011-06-21 14:00:00,2011-11-18 13:23:00,20,5,5005.46,1153.0,0.0,0.0,4,4,5,13,Champions
14285,United Kingdom,2009-12-08 14:13:00,2011-11-18 14:50:00,20,8,3158.64,954.0,1.0,0.001,4,4,5,13,Champions
14342,United Kingdom,2010-08-24 13:03:00,2011-11-18 13:21:00,20,6,842.74,521.0,13.0,0.025,4,4,3,11,Loyal
17779,United Kingdom,2011-07-19 12:19:00,2011-11-18 14:15:00,20,3,642.17,397.0,3.0,0.0076,4,3,3,10,Potential Loyalist
13880,United Kingdom,2010-05-26 14:29:00,2011-11-18 13:44:00,20,17,4293.86,2535.0,0.0,0.0,4,5,5,14,Champions
13516,United Kingdom,2010-10-18 08:52:00,2011-11-18 13:15:00,20,4,1685.26,1114.0,0.0,0.0,4,3,4,11,Potential Loyalist
14903,United Kingdom,2011-03-06 11:50:00,2011-11-18 16:07:00,20,5,2744.48,1536.0,45.0,0.0293,4,4,4,12,Champions
12578,Italy,2010-09-22 11:19:00,2011-11-18 13:30:00,20,4,4572.45,2380.0,46.0,0.0193,4,3,5,12,Potential Loyalist
17961,United Kingdom,2009-12-01 14:48:00,2011-11-18 16:55:00,20,100,2851.54,1492.0,3.0,0.002,4,5,5,14,Champions
15494,United Kingdom,2009-12-10 20:16:00,2011-11-18 14:51:00,20,5,3770.95,3097.0,1.0,0.0003,4,4,5,13,Champions
15933,United Kingdom,2011-09-14 12:05:00,2011-11-18 13:14:00,20,3,1107.46,885.0,0.0,0.0,4,3,3,10,Potential Loyalist
15368,United Kingdom,2010-11-10 15:52:00,2011-11-18 14:42:00,20,2,722.74,406.0,0.0,0.0,4,2,3,9,Potential Loyalist
16924,United Kingdom,2011-09-16 12:54:00,2011-11-18 12:53:00,20,3,739.5,493.0,13.0,0.0264,4,3,3,10,Potential Loyalist
17063,United Kingdom,2009-12-01 12:36:00,2011-11-18 16:19:00,20,13,3576.88,1899.0,17.0,0.009,4,5,5,14,Champions
14793,United Kingdom,2010-06-22 16:54:00,2011-11-18 14:50:00,20,2,611.05,361.0,3.0,0.0083,4,2,3,9,Potential Loyalist
17621,United Kingdom,2010-10-04 09:37:00,2011-11-18 17:11:00,20,6,3029.32,1110.0,16.0,0.0144,4,4,5,13,Champions
16279,United Kingdom,2010-04-22 14:09:00,2011-11-18 15:00:00,20,9,5692.18,3691.0,2.0,0.0005,4,5,5,14,Champions
12498,Germany,2011-10-13 09:30:00,2011-11-18 12:53:00,20,3,403.7,159.0,0.0,0.0,4,3,2,9,Potential Loyalist
17888,United Kingdom,2009-12-21 16:34:00,2011-11-18 13:45:00,20,25,1318.9,1544.0,692.0,0.4482,4,5,4,13,Champions
16463,United Kingdom,2011-05-19 14:45:00,2011-11-18 14:01:00,20,4,1383.7,1163.0,28.0,0.0241,4,3,4,11,Potential Loyalist
15088,United Kingdom,2011-10-03 14:05:00,2011-11-18 13:14:00,20,2,1140.27,460.0,3.0,0.0065,4,2,3,9,Potential Loyalist
14820,United Kingdom,2010-01-31 12:49:00,2011-11-18 15:41:00,20,9,1274.76,724.0,0.0,0.0,4,5,4,13,Champions
17904,United Kingdom,2011-11-18 12:57:00,2011-11-18 12:57:00,20,1,178.92,63.0,1.0,0.0159,4,1,1,6,Others
13960,United Kingdom,2011-09-29 12:39:00,2011-11-18 15:27:00,20,2,230.22,142.0,0.0,0.0,4,2,1,7,Potential Loyalist
13094,United Kingdom,2010-11-15 14:15:00,2011-11-18 14:07:00,20,13,1990.98,1896.0,174.0,0.0918,4,5,4,13,Champions
13212,United Kingdom,2011-10-09 14:48:00,2011-11-20 12:40:00,19,3,780.58,310.0,1.0,0.0032,4,3,3,10,Potential Loyalist
14157,United Kingdom,2010-03-03 16:49:00,2011-11-20 11:32:00,19,5,970.33,540.0,11.0,0.0204,4,4,3,11,Loyal
15465,United Kingdom,2009-12-10 09:42:00,2011-11-20 10:11:00,19,32,11690.4,2644.0,42.0,0.0159,4,5,5,14,Champions
17555,United Kingdom,2010-05-02 16:02:00,2011-11-20 12:22:00,19,5,1057.74,747.0,0.0,0.0,4,4,3,11,Loyal
12702,Germany,2011-11-20 10:36:00,2011-11-20 10:36:00,19,1,219.0,53.0,0.0,0.0,4,1,1,6,Others
16784,United Kingdom,2010-03-28 12:55:00,2011-11-20 12:20:00,19,5,896.53,496.0,0.0,0.0,4,4,3,11,Loyal
15919,United Kingdom,2010-12-06 11:26:00,2011-11-20 11:28:00,19,2,639.89,545.0,0.0,0.0,4,2,3,9,Potential Loyalist
13988,United Kingdom,2010-03-24 11:05:00,2011-11-20 10:15:00,19,8,4708.64,3385.0,19.0,0.0056,4,4,5,13,Champions
14052,United Kingdom,2010-11-14 11:37:00,2011-11-20 12:30:00,19,2,480.81,187.0,0.0,0.0,4,2,2,8,Potential Loyalist
14881,United Kingdom,2011-11-20 11:06:00,2011-11-20 11:06:00,19,1,255.4,316.0,0.0,0.0,4,1,1,6,Others
12778,Netherlands,2010-04-16 09:57:00,2011-11-20 11:30:00,19,9,1757.68,1735.0,1.0,0.0006,4,5,4,13,Champions
13118,United Kingdom,2010-09-26 15:46:00,2011-11-20 12:46:00,19,9,2334.1,834.0,23.0,0.0276,4,5,4,13,Champions
14159,United Kingdom,2009-12-03 12:31:00,2011-11-20 12:36:00,19,20,7571.88,6593.0,225.0,0.0341,4,5,5,14,Champions
14502,United Kingdom,2011-01-30 15:52:00,2011-11-20 11:50:00,19,11,2351.02,1498.0,15.0,0.01,4,5,4,13,Champions
14595,United Kingdom,2010-01-20 13:59:00,2011-11-20 12:12:00,19,8,2164.45,1228.0,0.0,0.0,4,4,4,12,Champions
12540,Spain,2009-12-07 16:56:00,2011-11-20 11:31:00,19,33,22107.29,11019.0,10.0,0.0009,4,5,5,14,Champions
16464,United Kingdom,2011-07-20 13:53:00,2011-11-20 12:11:00,19,3,1314.68,963.0,0.0,0.0,4,3,4,11,Potential Loyalist
14525,United Kingdom,2009-12-13 14:01:00,2011-11-20 11:37:00,19,17,8129.81,5235.0,34.0,0.0065,4,5,5,14,Champions
18110,United Kingdom,2010-10-24 14:21:00,2011-11-20 12:34:00,19,2,405.18,186.0,7.0,0.0376,4,2,2,8,Potential Loyalist
14664,United Kingdom,2011-11-06 14:56:00,2011-11-20 10:59:00,19,2,637.89,466.0,0.0,0.0,4,2,3,9,Potential Loyalist
15963,United Kingdom,2011-10-25 13:05:00,2011-11-20 11:33:00,19,2,470.76,298.0,0.0,0.0,4,2,2,8,Potential Loyalist
16762,United Kingdom,2011-07-18 12:52:00,2011-11-20 11:43:00,19,3,1501.38,618.0,0.0,0.0,4,3,4,11,Potential Loyalist
14116,United Kingdom,2011-08-10 12:44:00,2011-11-20 10:29:00,19,5,1382.74,707.0,0.0,0.0,4,4,4,12,Champions
17387,United Kingdom,2011-11-06 11:25:00,2011-11-20 11:00:00,19,2,784.11,542.0,0.0,0.0,4,2,3,9,Potential Loyalist
16506,United Kingdom,2011-10-30 15:50:00,2011-11-20 12:17:00,19,2,90.3,42.0,0.0,0.0,4,2,1,7,Potential Loyalist
15906,United Kingdom,2010-09-15 12:17:00,2011-11-20 12:24:00,19,10,2467.89,751.0,9.0,0.012,4,5,4,13,Champions
14477,United Kingdom,2010-01-04 15:41:00,2011-11-20 11:11:00,19,7,1960.61,1120.0,5.0,0.0045,4,4,4,12,Champions
14587,United Kingdom,2011-01-12 13:16:00,2011-11-21 11:34:00,18,9,1598.24,761.0,2.0,0.0026,4,5,4,13,Champions
17425,United Kingdom,2011-10-10 11:37:00,2011-11-20 15:30:00,18,2,759.17,407.0,0.0,0.0,4,2,3,9,Potential Loyalist
13142,United Kingdom,2011-11-20 16:07:00,2011-11-20 16:07:00,18,1,307.09,258.0,0.0,0.0,4,1,2,7,Others
18127,United Kingdom,2010-11-01 13:56:00,2011-11-20 14:05:00,18,4,561.53,252.0,0.0,0.0,4,3,2,9,Potential Loyalist
16212,United Kingdom,2010-02-07 15:26:00,2011-11-20 13:00:00,18,4,1284.56,571.0,3.0,0.0053,4,3,4,11,Potential Loyalist
13200,United Kingdom,2011-08-05 14:50:00,2011-11-20 15:35:00,18,4,870.09,516.0,0.0,0.0,4,3,3,10,Potential Loyalist
12395,Belgium,2010-04-16 10:16:00,2011-11-20 15:21:00,18,15,4700.82,3205.0,5.0,0.0016,4,5,5,14,Champions
12795,Portugal,2011-11-21 10:27:00,2011-11-21 10:27:00,18,1,430.48,68.0,0.0,0.0,4,1,2,7,Others
16713,United Kingdom,2009-12-15 12:49:00,2011-11-21 12:36:00,18,32,13974.06,8494.0,24.0,0.0028,4,5,5,14,Champions
17636,United Kingdom,2011-11-20 14:40:00,2011-11-20 14:40:00,18,1,265.93,182.0,6.0,0.033,4,1,1,6,Others
15745,United Kingdom,2011-04-17 13:04:00,2011-11-20 13:45:00,18,4,1071.24,421.0,9.0,0.0214,4,3,3,10,Potential Loyalist
15857,United Kingdom,2010-10-05 16:43:00,2011-11-21 12:18:00,18,2,570.48,584.0,0.0,0.0,4,2,2,8,Potential Loyalist
18040,United Kingdom,2011-04-08 08:27:00,2011-11-20 14:20:00,18,2,357.2,148.0,0.0,0.0,4,2,2,8,Potential Loyalist
13823,United Kingdom,2009-12-15 14:34:00,2011-11-21 10:22:00,18,7,3358.55,1564.0,4.0,0.0026,4,4,5,13,Champions
15645,United Kingdom,2010-10-10 12:51:00,2011-11-21 11:55:00,18,3,1042.57,396.0,6.0,0.0152,4,3,3,10,Potential Loyalist
16139,United Kingdom,2009-12-03 13:51:00,2011-11-21 08:37:00,18,5,1111.15,602.0,0.0,0.0,4,4,3,11,Loyal
12658,Germany,2011-11-21 10:22:00,2011-11-21 10:22:00,18,1,686.05,320.0,0.0,0.0,4,1,3,8,Others
13167,United Kingdom,2010-11-14 12:58:00,2011-11-21 12:24:00,18,5,1125.15,1007.0,0.0,0.0,4,4,3,11,Loyal
16533,United Kingdom,2011-10-02 15:07:00,2011-11-20 13:08:00,18,3,1026.94,612.0,98.0,0.1601,4,3,3,10,Potential Loyalist
15044,United Kingdom,2009-12-16 15:13:00,2011-11-20 13:20:00,18,35,15841.53,5279.0,20.0,0.0038,4,5,5,14,Champions
14984,United Kingdom,2010-01-11 13:22:00,2011-11-20 14:28:00,18,6,1271.41,350.0,0.0,0.0,4,4,4,12,Champions
17758,United Kingdom,2010-05-20 13:18:00,2011-11-20 14:45:00,18,12,5012.53,3236.0,0.0,0.0,4,5,5,14,Champions
16666,United Kingdom,2010-03-28 15:13:00,2011-11-20 14:01:00,18,2,225.94,367.0,0.0,0.0,4,2,1,7,Potential Loyalist
18080,United Kingdom,2011-04-11 10:10:00,2011-11-21 08:02:00,18,2,1231.5,642.0,0.0,0.0,4,2,4,10,Potential Loyalist
17227,United Kingdom,2010-01-15 15:05:00,2011-11-21 10:51:00,18,12,1879.78,1682.0,0.0,0.0,4,5,4,13,Champions
14359,United Kingdom,2011-09-13 09:03:00,2011-11-20 13:17:00,18,3,882.58,371.0,8.0,0.0216,4,3,3,10,Potential Loyalist
12462,Spain,2011-02-09 14:44:00,2011-11-21 09:11:00,18,2,1124.01,536.0,22.0,0.041,4,2,3,9,Potential Loyalist
14883,United Kingdom,2011-05-12 09:49:00,2011-11-21 10:23:00,18,6,756.64,790.0,1.0,0.0013,4,4,3,11,Loyal
13565,United Kingdom,2010-10-24 15:51:00,2011-11-20 14:33:00,18,3,414.8,260.0,0.0,0.0,4,3,2,9,Potential Loyalist
17738,United Kingdom,2010-03-19 10:07:00,2011-11-20 15:05:00,18,13,4145.36,2776.0,8.0,0.0029,4,5,5,14,Champions
16710,United Kingdom,2009-12-04 13:41:00,2011-11-20 14:50:00,18,22,5960.87,4202.0,1.0,0.0002,4,5,5,14,Champions
15567,United Kingdom,2011-11-21 10:48:00,2011-11-21 10:48:00,18,1,186.01,223.0,0.0,0.0,4,1,1,6,Others
15671,United Kingdom,2011-03-14 09:37:00,2011-11-21 12:43:00,18,7,2635.49,1699.0,18.0,0.0106,4,4,4,12,Champions
17664,United Kingdom,2010-03-29 17:17:00,2011-11-21 11:29:00,18,4,1166.23,1058.0,0.0,0.0,4,3,3,10,Potential Loyalist
13832,United Kingdom,2010-10-13 14:41:00,2011-11-20 15:36:00,18,2,602.44,422.0,3.0,0.0071,4,2,3,9,Potential Loyalist
15738,United Kingdom,2009-12-10 15:52:00,2011-11-21 08:26:00,18,41,13015.42,9030.0,20.0,0.0022,4,5,5,14,Champions
14860,United Kingdom,2011-11-20 14:17:00,2011-11-20 14:17:00,18,1,168.62,232.0,2.0,0.0086,4,1,1,6,Others
12349,Italy,2010-04-29 13:20:00,2011-11-21 09:51:00,18,4,4404.54,1624.0,5.0,0.0031,4,3,5,12,Potential Loyalist
16399,United Kingdom,2010-11-15 15:03:00,2011-11-20 16:12:00,18,3,641.82,456.0,0.0,0.0,4,3,3,10,Potential Loyalist
14300,United Kingdom,2011-11-21 08:57:00,2011-11-21 08:57:00,18,1,43.2,32.0,0.0,0.0,4,1,1,6,Others
14449,United Kingdom,2010-09-29 13:15:00,2011-11-21 12:06:00,18,8,2272.56,1636.0,0.0,0.0,4,4,4,12,Champions
15988,United Kingdom,2010-02-21 11:36:00,2011-11-20 13:23:00,18,3,770.09,486.0,0.0,0.0,4,3,3,10,Potential Loyalist
15676,United Kingdom,2011-03-01 10:19:00,2011-11-21 12:40:00,18,3,3324.09,2252.0,21.0,0.0093,4,3,5,12,Potential Loyalist
15850,United Kingdom,2009-12-13 13:27:00,2011-11-20 14:14:00,18,6,1058.72,1379.0,0.0,0.0,4,4,3,11,Loyal
13189,United Kingdom,2011-08-16 13:12:00,2011-11-21 10:39:00,18,2,260.68,842.0,0.0,0.0,4,2,1,7,Potential Loyalist
13673,United Kingdom,2011-11-07 15:40:00,2011-11-21 12:11:00,18,2,396.92,119.0,0.0,0.0,4,2,2,8,Potential Loyalist
15527,United Kingdom,2009-12-15 17:31:00,2011-11-21 12:17:00,18,23,5041.78,2222.0,127.0,0.0572,4,5,5,14,Champions
13427,United Kingdom,2009-12-17 13:44:00,2011-11-20 13:02:00,18,6,1006.53,880.0,0.0,0.0,4,4,3,11,Loyal
17384,United Kingdom,2010-08-29 16:01:00,2011-11-20 15:48:00,18,3,507.55,121.0,0.0,0.0,4,3,2,9,Potential Loyalist
15533,United Kingdom,2011-09-11 15:41:00,2011-11-20 15:35:00,18,3,746.92,289.0,33.0,0.1142,4,3,3,10,Potential Loyalist
14447,United Kingdom,2010-11-04 13:32:00,2011-11-21 08:28:00,18,6,1711.73,913.0,0.0,0.0,4,4,4,12,Champions
13430,United Kingdom,2011-09-14 14:26:00,2011-11-21 08:19:00,18,2,648.69,751.0,13.0,0.0173,4,2,3,9,Potential Loyalist
12523,France,2009-12-07 13:46:00,2011-11-20 12:55:00,18,23,4220.85,2275.0,27.0,0.0119,4,5,5,14,Champions
12984,United Kingdom,2011-11-21 12:37:00,2011-11-21 12:37:00,18,1,97.5,26.0,0.0,0.0,4,1,1,6,Others
16406,United Kingdom,2010-02-24 11:51:00,2011-11-21 11:57:00,18,3,533.98,271.0,22.0,0.0812,4,3,2,9,Potential Loyalist
14950,United Kingdom,2011-11-20 13:48:00,2011-11-20 13:48:00,18,1,361.25,136.0,1.0,0.0074,4,1,2,7,Others
14553,United Kingdom,2010-07-18 12:07:00,2011-11-20 13:20:00,18,9,1816.04,1140.0,2.0,0.0018,4,5,4,13,Champions
16366,United Kingdom,2009-12-16 10:39:00,2011-11-21 08:19:00,18,4,1548.13,882.0,0.0,0.0,4,3,4,11,Potential Loyalist
15426,United Kingdom,2010-05-02 15:10:00,2011-11-20 15:36:00,18,9,2186.48,1061.0,11.0,0.0104,4,5,4,13,Champions
16411,United Kingdom,2010-10-07 15:09:00,2011-11-20 13:23:00,18,4,778.69,473.0,0.0,0.0,4,3,3,10,Potential Loyalist
17561,United Kingdom,2009-12-06 13:29:00,2011-11-20 12:53:00,18,4,722.34,396.0,0.0,0.0,4,3,3,10,Potential Loyalist
12597,Spain,2011-03-16 14:00:00,2011-11-20 13:33:00,18,4,3683.13,2236.0,49.0,0.0219,4,3,5,12,Potential Loyalist
13971,United Kingdom,2010-01-26 09:51:00,2011-11-21 12:06:00,18,14,4593.83,3084.0,32.0,0.0104,4,5,5,14,Champions
13862,United Kingdom,2010-11-15 13:43:00,2011-11-21 16:24:00,17,9,2534.04,1927.0,6.0,0.0031,5,5,4,14,Champions
18139,United Kingdom,2011-11-21 14:06:00,2011-11-22 10:44:00,17,6,8393.22,5557.0,96.0,0.0173,5,4,5,14,Champions
13456,United Kingdom,2011-05-16 15:34:00,2011-11-22 09:18:00,17,6,1737.82,765.0,9.0,0.0118,5,4,4,13,Champions
14657,United Kingdom,2010-09-30 19:57:00,2011-11-22 12:47:00,17,6,1450.92,885.0,1.0,0.0011,5,4,4,13,Champions
14551,United Kingdom,2010-01-27 12:06:00,2011-11-21 13:36:00,17,7,858.59,487.0,11.0,0.0226,5,4,3,12,Loyal
17600,United Kingdom,2011-11-22 09:43:00,2011-11-22 09:43:00,17,1,161.67,144.0,0.0,0.0,5,1,1,7,Others
15971,United Kingdom,2009-12-08 09:46:00,2011-11-22 12:50:00,17,18,4930.43,2251.0,296.0,0.1315,5,5,5,15,Champions
16369,United Kingdom,2010-04-07 16:52:00,2011-11-21 16:25:00,17,7,2664.81,1594.0,0.0,0.0,5,4,4,13,Champions
17253,United Kingdom,2011-11-21 12:59:00,2011-11-21 12:59:00,17,1,178.26,43.0,0.0,0.0,5,1,1,7,Others
17010,United Kingdom,2011-11-21 14:49:00,2011-11-21 14:49:00,17,1,185.46,118.0,2.0,0.0169,5,1,1,7,Others
16532,United Kingdom,2010-03-29 10:26:00,2011-11-22 11:08:00,17,5,8756.64,2544.0,0.0,0.0,5,4,5,14,Champions
16330,United Kingdom,2010-02-15 12:36:00,2011-11-22 12:24:00,17,7,624.63,327.0,2.0,0.0061,5,4,3,12,Loyal
15106,United Kingdom,2011-03-15 12:52:00,2011-11-22 09:16:00,17,5,1407.73,1181.0,37.0,0.0313,5,4,4,13,Champions
14834,United Kingdom,2010-10-28 17:37:00,2011-11-22 10:30:00,17,7,2184.21,872.0,3.0,0.0034,5,4,4,13,Champions
15699,United Kingdom,2011-11-22 08:26:00,2011-11-22 08:26:00,17,1,309.65,113.0,0.0,0.0,5,1,2,8,Others
16365,United Kingdom,2009-12-11 12:41:00,2011-11-22 11:24:00,17,15,3156.94,1034.0,16.0,0.0155,5,5,5,15,Champions
16107,United Kingdom,2011-06-09 18:42:00,2011-11-22 09:40:00,17,7,3204.16,1176.0,0.0,0.0,5,4,5,14,Champions
16352,United Kingdom,2011-11-02 08:44:00,2011-11-22 10:32:00,17,2,494.44,300.0,0.0,0.0,5,2,2,9,Potential Loyalist
17324,United Kingdom,2009-12-18 15:29:00,2011-11-22 10:34:00,17,12,2021.82,1486.0,36.0,0.0242,5,5,4,14,Champions
13499,United Kingdom,2011-03-15 08:52:00,2011-11-22 11:21:00,17,5,1146.96,1365.0,7.0,0.0051,5,4,3,12,Loyal
17155,United Kingdom,2009-12-03 11:34:00,2011-11-22 12:38:00,17,7,892.46,987.0,0.0,0.0,5,4,3,12,Loyal
15132,United Kingdom,2011-03-22 12:02:00,2011-11-21 17:10:00,17,5,977.93,679.0,0.0,0.0,5,4,3,12,Loyal
14030,United Kingdom,2009-12-10 17:27:00,2011-11-21 16:48:00,17,20,7469.09,4253.0,54.0,0.0127,5,5,5,15,Champions
17100,United Kingdom,2011-11-21 16:36:00,2011-11-21 16:36:00,17,2,971.74,800.0,0.0,0.0,5,2,3,10,Potential Loyalist
14467,United Kingdom,2009-12-02 12:44:00,2011-11-22 12:48:00,17,12,2220.99,1196.0,0.0,0.0,5,5,4,14,Champions
14297,United Kingdom,2011-03-10 08:31:00,2011-11-22 09:06:00,17,4,1284.06,865.0,4.0,0.0046,5,3,4,12,Potential Loyalist
12904,United Kingdom,2011-06-20 13:18:00,2011-11-21 14:34:00,17,2,509.58,302.0,0.0,0.0,5,2,2,9,Potential Loyalist
13282,United Kingdom,2010-10-29 14:11:00,2011-11-21 15:33:00,17,4,1228.89,410.0,18.0,0.0439,5,3,4,12,Potential Loyalist
12504,Germany,2010-04-22 10:24:00,2011-11-21 16:02:00,17,4,411.0,458.0,39.0,0.0852,5,3,2,10,Potential Loyalist
13681,United Kingdom,2011-07-07 15:21:00,2011-11-22 11:13:00,17,4,827.83,360.0,0.0,0.0,5,3,3,11,Potential Loyalist
15093,United Kingdom,2009-12-08 12:46:00,2011-11-21 13:09:00,17,23,13034.15,10778.0,127.0,0.0118,5,5,5,15,Champions
15115,United Kingdom,2009-12-07 11:20:00,2011-11-21 14:59:00,17,2,528.1,245.0,1.0,0.0041,5,2,2,9,Potential Loyalist
16748,United Kingdom,2009-12-10 12:28:00,2011-11-22 10:17:00,17,14,3632.29,2127.0,12.0,0.0056,5,5,5,15,Champions
17625,United Kingdom,2009-12-15 11:49:00,2011-11-21 13:36:00,17,8,6067.8,3551.0,0.0,0.0,5,4,5,14,Champions
13739,United Kingdom,2010-06-30 10:25:00,2011-11-21 13:35:00,17,2,292.2,76.0,0.0,0.0,5,2,2,9,Potential Loyalist
14198,United Kingdom,2010-01-05 10:07:00,2011-11-21 16:35:00,17,9,1527.58,623.0,15.0,0.0241,5,5,4,14,Champions
13247,United Kingdom,2011-09-18 11:31:00,2011-11-22 10:59:00,17,4,501.12,328.0,0.0,0.0,5,3,2,10,Potential Loyalist
16607,United Kingdom,2010-04-29 14:01:00,2011-11-22 10:24:00,17,25,5375.18,4436.0,46.0,0.0104,5,5,5,15,Champions
17432,United Kingdom,2009-12-03 19:13:00,2011-11-21 17:33:00,17,9,1751.39,1016.0,0.0,0.0,5,5,4,14,Champions
17073,United Kingdom,2011-08-22 14:37:00,2011-11-22 11:47:00,17,4,1446.09,759.0,0.0,0.0,5,3,4,12,Potential Loyalist
15163,United Kingdom,2011-05-31 15:22:00,2011-11-21 13:10:00,17,2,304.47,186.0,0.0,0.0,5,2,2,9,Potential Loyalist
16311,United Kingdom,2011-10-21 13:13:00,2011-11-22 08:54:00,17,2,616.26,394.0,0.0,0.0,5,2,3,10,Potential Loyalist
15105,United Kingdom,2010-03-23 12:18:00,2011-11-21 16:54:00,17,9,3094.91,1747.0,0.0,0.0,5,5,5,15,Champions
15116,United Kingdom,2011-05-19 08:50:00,2011-11-22 12:25:00,17,4,1352.75,648.0,0.0,0.0,5,3,4,12,Potential Loyalist
16655,United Kingdom,2010-01-31 15:40:00,2011-11-22 11:25:00,17,13,6513.27,4013.0,1.0,0.0002,5,5,5,15,Champions
15497,United Kingdom,2009-12-18 15:08:00,2011-11-22 11:51:00,17,9,8643.46,2937.0,5.0,0.0017,5,5,5,15,Champions
13363,United Kingdom,2010-10-26 11:07:00,2011-11-22 12:40:00,17,3,1723.86,1146.0,0.0,0.0,5,3,4,12,Potential Loyalist
17075,United Kingdom,2009-12-14 11:24:00,2011-11-22 11:58:00,17,10,2221.38,787.0,3.0,0.0038,5,5,4,14,Champions
17453,United Kingdom,2011-10-06 17:02:00,2011-11-22 09:42:00,17,2,486.72,219.0,0.0,0.0,5,2,2,9,Potential Loyalist
16956,United Kingdom,2011-11-22 08:56:00,2011-11-22 08:56:00,17,1,292.34,114.0,2.0,0.0175,5,1,2,8,Others
13403,United Kingdom,2009-12-16 13:23:00,2011-11-22 08:28:00,17,3,229.5,114.0,0.0,0.0,5,3,1,9,Potential Loyalist
16128,United Kingdom,2010-07-16 16:30:00,2011-11-22 11:14:00,17,11,3748.4,2445.0,26.0,0.0106,5,5,5,15,Champions
14424,United Kingdom,2011-11-22 11:48:00,2011-11-22 11:48:00,17,1,322.08,48.0,0.0,0.0,5,1,2,8,Others
15845,United Kingdom,2010-01-26 14:44:00,2011-11-22 09:42:00,17,11,4273.65,2128.0,43.0,0.0202,5,5,5,15,Champions
13246,United Kingdom,2010-07-02 13:36:00,2011-11-21 16:50:00,17,11,3277.68,2815.0,71.0,0.0252,5,5,5,15,Champions
13268,United Kingdom,2011-03-17 13:20:00,2011-11-22 11:51:00,17,11,3167.64,3658.0,23.0,0.0063,5,5,5,15,Champions
15179,United Kingdom,2009-12-03 12:27:00,2011-11-21 12:53:00,17,13,7426.82,5416.0,53.0,0.0098,5,5,5,15,Champions
14515,United Kingdom,2010-06-07 12:37:00,2011-11-22 11:37:00,17,12,3718.9,1917.0,10.0,0.0052,5,5,5,15,Champions
14482,United Kingdom,2010-08-26 14:13:00,2011-11-21 13:14:00,17,12,4192.25,2891.0,86.0,0.0297,5,5,5,15,Champions
13448,United Kingdom,2009-12-06 12:14:00,2011-11-23 12:33:00,16,13,8003.79,4242.0,24.0,0.0057,5,5,5,15,Champions
15814,United Kingdom,2010-04-15 14:31:00,2011-11-23 08:17:00,16,6,2531.84,1728.0,24.0,0.0139,5,4,4,13,Champions
16633,United Kingdom,2011-04-19 14:36:00,2011-11-22 13:41:00,16,6,2878.15,1138.0,1.0,0.0009,5,4,5,14,Champions
14329,United Kingdom,2009-12-16 15:31:00,2011-11-22 15:50:00,16,15,9735.52,5921.0,34.0,0.0057,5,5,5,15,Champions
17500,United Kingdom,2011-11-10 09:08:00,2011-11-22 14:25:00,16,3,1138.0,17.0,0.0,0.0,5,3,3,11,Potential Loyalist
13940,United Kingdom,2011-07-18 16:05:00,2011-11-22 15:15:00,16,4,839.14,516.0,0.0,0.0,5,3,3,11,Potential Loyalist
16164,United Kingdom,2011-10-28 09:12:00,2011-11-22 15:04:00,16,3,802.53,433.0,1.0,0.0023,5,3,3,11,Potential Loyalist
16255,United Kingdom,2010-01-24 12:21:00,2011-11-23 12:40:00,16,15,4460.14,2877.0,35.0,0.0122,5,5,5,15,Champions
16722,United Kingdom,2009-12-03 19:23:00,2011-11-22 13:28:00,16,22,8168.31,7986.0,13.0,0.0016,5,5,5,15,Champions
12920,United Kingdom,2009-12-14 15:58:00,2011-11-22 15:05:00,16,4,488.09,421.0,0.0,0.0,5,3,2,10,Potential Loyalist
13986,United Kingdom,2011-11-22 15:00:00,2011-11-22 15:00:00,16,1,320.46,430.0,0.0,0.0,5,1,2,8,Others
13238,United Kingdom,2010-04-28 15:02:00,2011-11-22 15:37:00,16,6,986.73,442.0,2.0,0.0045,5,4,3,12,Loyal
14768,United Kingdom,2011-08-04 13:25:00,2011-11-22 12:54:00,16,2,139.5,52.0,18.0,0.3462,5,2,1,8,Potential Loyalist
16261,United Kingdom,2010-09-23 16:40:00,2011-11-22 17:23:00,16,6,1059.45,459.0,0.0,0.0,5,4,3,12,Loyal
12775,Netherlands,2010-10-26 14:24:00,2011-11-22 16:33:00,16,7,1651.32,1083.0,24.0,0.0222,5,4,4,13,Champions
15150,United Kingdom,2010-06-14 12:01:00,2011-11-22 12:52:00,16,13,8990.58,6183.0,25.0,0.004,5,5,5,15,Champions
13322,United Kingdom,2011-11-22 14:21:00,2011-11-22 14:21:00,16,1,199.48,117.0,0.0,0.0,5,1,1,7,Others
12656,France,2010-05-26 09:00:00,2011-11-22 13:42:00,16,8,6320.78,2860.0,19.0,0.0066,5,4,5,14,Champions
13569,United Kingdom,2010-10-07 13:05:00,2011-11-22 13:07:00,16,4,775.46,358.0,0.0,0.0,5,3,3,11,Potential Loyalist
17700,United Kingdom,2009-12-01 11:37:00,2011-11-23 11:51:00,16,14,6640.72,3469.0,7.0,0.002,5,5,5,15,Champions
17297,United Kingdom,2011-11-22 14:43:00,2011-11-22 14:43:00,16,1,131.78,67.0,0.0,0.0,5,1,1,7,Others
16066,United Kingdom,2011-08-07 14:33:00,2011-11-23 11:54:00,16,5,1521.87,936.0,0.0,0.0,5,4,4,13,Champions
12586,Italy,2009-12-16 13:15:00,2011-11-22 16:24:00,16,4,2045.67,687.0,2.0,0.0029,5,3,4,12,Potential Loyalist
12465,Belgium,2011-06-23 13:37:00,2011-11-22 16:34:00,16,2,733.89,479.0,4.0,0.0084,5,2,3,10,Potential Loyalist
14020,United Kingdom,2010-06-28 15:29:00,2011-11-23 09:22:00,16,4,1213.26,648.0,7.0,0.0108,5,3,4,12,Potential Loyalist
16020,United Kingdom,2011-10-05 13:54:00,2011-11-23 11:18:00,16,3,851.01,487.0,0.0,0.0,5,3,3,11,Potential Loyalist
18249,United Kingdom,2011-11-22 15:07:00,2011-11-22 15:07:00,16,1,95.34,128.0,0.0,0.0,5,1,1,7,Others
13650,United Kingdom,2010-01-26 08:44:00,2011-11-23 12:22:00,16,10,3098.5,1746.0,72.0,0.0412,5,5,5,15,Champions
17360,United Kingdom,2010-10-01 12:07:00,2011-11-22 13:11:00,16,6,1201.43,636.0,1.0,0.0016,5,4,4,13,Champions
14912,Italy,2010-01-26 16:29:00,2011-11-23 09:20:00,16,6,748.58,1819.0,16.0,0.0088,5,4,3,12,Loyal
12483,Sweden,2010-01-31 13:28:00,2011-11-22 17:02:00,16,19,4846.87,2172.0,27.0,0.0124,5,5,5,15,Champions
15901,United Kingdom,2010-06-14 12:39:00,2011-11-23 12:43:00,16,7,684.23,702.0,2.0,0.0028,5,4,3,12,Loyal
14049,United Kingdom,2010-04-01 14:52:00,2011-11-23 12:20:00,16,13,13064.03,8609.0,55.0,0.0064,5,5,5,15,Champions
13502,United Kingdom,2010-06-09 10:52:00,2011-11-23 10:39:00,16,5,774.6,490.0,2.0,0.0041,5,4,3,12,Loyal
12936,United Kingdom,2011-09-22 13:51:00,2011-11-22 17:32:00,16,4,1012.9,559.0,20.0,0.0358,5,3,3,11,Potential Loyalist
16185,United Kingdom,2010-05-24 11:04:00,2011-11-23 09:41:00,16,3,644.72,321.0,0.0,0.0,5,3,3,11,Potential Loyalist
17659,United Kingdom,2010-11-18 14:20:00,2011-11-22 13:29:00,16,14,3536.33,1752.0,40.0,0.0228,5,5,5,15,Champions
15727,United Kingdom,2010-01-24 12:12:00,2011-11-23 12:36:00,16,15,9445.51,5942.0,0.0,0.0,5,5,5,15,Champions
14581,United Kingdom,2010-06-13 15:48:00,2011-11-23 12:39:00,16,2,433.8,309.0,0.0,0.0,5,2,2,9,Potential Loyalist
16985,United Kingdom,2009-12-10 13:34:00,2011-11-22 13:33:00,16,23,10545.76,3103.0,5.0,0.0016,5,5,5,15,Champions
14205,United Kingdom,2010-03-07 12:20:00,2011-11-23 10:55:00,16,9,2146.58,1342.0,107.0,0.0797,5,5,4,14,Champions
16079,United Kingdom,2011-10-30 13:06:00,2011-11-23 12:48:00,16,3,1352.0,864.0,0.0,0.0,5,3,4,12,Potential Loyalist
15977,United Kingdom,2011-10-31 16:24:00,2011-11-22 13:29:00,16,2,1054.73,1016.0,0.0,0.0,5,2,3,10,Potential Loyalist
15634,United Kingdom,2010-11-21 15:30:00,2011-11-22 16:28:00,16,2,554.65,227.0,0.0,0.0,5,2,2,9,Potential Loyalist
16670,United Kingdom,2009-12-10 15:28:00,2011-11-23 09:34:00,16,20,7786.66,4534.0,83.0,0.0183,5,5,5,15,Champions
17685,United Kingdom,2010-02-11 13:44:00,2011-11-23 11:36:00,16,12,5475.65,3523.0,12.0,0.0034,5,5,5,15,Champions
17519,United Kingdom,2009-12-01 09:57:00,2011-11-22 16:43:00,16,15,4767.5,3230.0,4.0,0.0012,5,5,5,15,Champions
14506,United Kingdom,2010-04-19 08:27:00,2011-11-22 13:02:00,16,7,3020.97,966.0,0.0,0.0,5,4,5,14,Champions
15965,United Kingdom,2009-12-03 11:45:00,2011-11-22 16:44:00,16,13,2843.15,1359.0,5.0,0.0037,5,5,5,15,Champions
17759,United Kingdom,2010-05-05 11:40:00,2011-11-22 16:02:00,16,5,1276.91,976.0,0.0,0.0,5,4,4,13,Champions
16422,United Kingdom,2010-01-12 11:57:00,2011-11-22 14:00:00,16,109,59442.34,64321.0,3285.0,0.0511,5,5,5,15,Champions
12474,Germany,2010-02-11 09:41:00,2011-11-22 14:39:00,16,31,12000.45,7954.0,153.0,0.0192,5,5,5,15,Champions
14790,United Kingdom,2009-12-11 14:37:00,2011-11-23 09:28:00,16,10,2526.62,2642.0,0.0,0.0,5,5,4,14,Champions
13742,United Kingdom,2011-01-23 14:59:00,2011-11-23 11:07:00,16,12,3102.42,1124.0,8.0,0.0071,5,5,5,15,Champions
14334,United Kingdom,2010-05-20 10:04:00,2011-11-23 10:01:00,16,12,4292.98,2986.0,2.0,0.0007,5,5,5,15,Champions
15949,United Kingdom,2011-09-29 17:34:00,2011-11-23 09:09:00,16,2,364.72,284.0,0.0,0.0,5,2,2,9,Potential Loyalist
13488,United Kingdom,2010-01-25 10:13:00,2011-11-22 14:41:00,16,23,14131.81,7375.0,17.0,0.0023,5,5,5,15,Champions
14505,United Kingdom,2009-12-09 14:48:00,2011-11-22 15:45:00,16,19,11718.8,5383.0,79.0,0.0147,5,5,5,15,Champions
14336,United Kingdom,2011-03-08 16:48:00,2011-11-23 11:40:00,16,4,1614.91,1759.0,0.0,0.0,5,3,4,12,Potential Loyalist
17338,United Kingdom,2010-03-10 16:09:00,2011-11-22 14:23:00,16,17,12036.57,5879.0,16.0,0.0027,5,5,5,15,Champions
16900,United Kingdom,2011-10-07 13:17:00,2011-11-23 10:32:00,16,3,187.69,833.0,110.0,0.1321,5,3,1,9,Potential Loyalist
12452,Switzerland,2011-11-23 08:05:00,2011-11-23 10:28:00,16,2,428.57,185.0,2.0,0.0108,5,2,2,9,Potential Loyalist
17371,United Kingdom,2009-12-08 12:25:00,2011-11-22 13:30:00,16,6,662.55,283.0,0.0,0.0,5,4,3,12,Loyal
15916,United Kingdom,2009-12-10 16:21:00,2011-11-23 13:46:00,15,13,3063.52,1638.0,18.0,0.011,5,5,5,15,Champions
14675,United Kingdom,2010-11-16 12:22:00,2011-11-23 12:58:00,15,2,1066.9,726.0,0.0,0.0,5,2,3,10,Potential Loyalist
12388,Australia,2010-05-06 12:54:00,2011-11-24 12:30:00,15,8,3901.11,2001.0,0.0,0.0,5,4,5,14,Champions
14099,United Kingdom,2009-12-10 11:55:00,2011-11-23 13:53:00,15,20,5700.51,3670.0,10.0,0.0027,5,5,5,15,Champions
16660,United Kingdom,2010-01-14 11:09:00,2011-11-23 14:53:00,15,7,1422.35,991.0,120.0,0.1211,5,4,4,13,Champions
17133,United Kingdom,2010-03-21 12:31:00,2011-11-24 12:27:00,15,12,12972.09,10107.0,1088.0,0.1076,5,5,5,15,Champions
17809,United Kingdom,2009-12-02 14:52:00,2011-11-23 12:59:00,15,20,9247.35,2995.0,44.0,0.0147,5,5,5,15,Champions
12619,Germany,2010-05-28 12:52:00,2011-11-23 14:52:00,15,10,3354.95,3518.0,24.0,0.0068,5,5,5,15,Champions
16824,United Kingdom,2010-11-11 12:21:00,2011-11-24 12:38:00,15,3,686.24,390.0,0.0,0.0,5,3,3,11,Potential Loyalist
12557,Spain,2009-12-17 10:39:00,2011-11-23 16:59:00,15,8,18096.14,6382.0,0.0,0.0,5,4,5,14,Champions
16189,United Kingdom,2011-09-15 15:21:00,2011-11-24 11:47:00,15,2,215.48,134.0,0.0,0.0,5,2,1,8,Potential Loyalist
17135,United Kingdom,2010-05-09 16:03:00,2011-11-23 16:48:00,15,10,1727.66,1700.0,26.0,0.0153,5,5,4,14,Champions
16157,United Kingdom,2011-09-28 11:48:00,2011-11-24 11:41:00,15,3,644.24,347.0,3.0,0.0086,5,3,3,11,Potential Loyalist
14733,United Kingdom,2010-11-02 15:42:00,2011-11-23 15:39:00,15,15,14220.58,5811.0,39.0,0.0067,5,5,5,15,Champions
17463,United Kingdom,2010-04-29 17:57:00,2011-11-23 13:40:00,15,7,2537.91,1490.0,6.0,0.004,5,4,4,13,Champions
13644,United Kingdom,2011-08-26 11:53:00,2011-11-23 14:07:00,15,4,2597.52,2067.0,7.0,0.0034,5,3,4,12,Potential Loyalist
13277,United Kingdom,2010-06-18 08:45:00,2011-11-24 09:21:00,15,7,523.3,382.0,0.0,0.0,5,4,2,11,Others
12948,United Kingdom,2009-12-02 12:28:00,2011-11-23 17:10:00,15,9,2306.18,1304.0,3.0,0.0023,5,5,4,14,Champions
15034,United Kingdom,2010-05-11 13:30:00,2011-11-24 12:11:00,15,14,8282.45,4788.0,11.0,0.0023,5,5,5,15,Champions
15502,United Kingdom,2010-06-03 11:12:00,2011-11-24 12:48:00,15,14,8129.53,5571.0,427.0,0.0766,5,5,5,15,Champions
12421,Spain,2010-07-22 13:57:00,2011-11-24 09:07:00,15,6,1092.83,652.0,5.0,0.0077,5,4,3,12,Loyal
13588,United Kingdom,2011-03-29 15:53:00,2011-11-24 10:42:00,15,9,2445.12,2606.0,33.0,0.0127,5,5,4,14,Champions
13174,United Kingdom,2009-12-04 15:40:00,2011-11-23 14:35:00,15,12,8078.87,3841.0,0.0,0.0,5,5,5,15,Champions
17469,United Kingdom,2009-12-16 15:06:00,2011-11-23 13:15:00,15,17,4958.34,2304.0,27.0,0.0117,5,5,5,15,Champions
16596,United Kingdom,2009-12-10 13:09:00,2011-11-24 10:02:00,15,4,458.98,180.0,0.0,0.0,5,3,2,10,Potential Loyalist
15858,United Kingdom,2009-12-10 11:42:00,2011-11-24 12:48:00,15,13,3533.94,2720.0,6.0,0.0022,5,5,5,15,Champions
15632,United Kingdom,2011-03-10 08:29:00,2011-11-24 09:51:00,15,8,3147.31,2109.0,60.0,0.0284,5,4,5,14,Champions
12494,France,2010-05-12 13:52:00,2011-11-24 09:34:00,15,9,1685.92,979.0,27.0,0.0276,5,5,4,14,Champions
12476,Germany,2010-07-26 09:04:00,2011-11-24 12:40:00,15,23,13715.62,5645.0,96.0,0.017,5,5,5,15,Champions
17228,United Kingdom,2010-03-12 11:54:00,2011-11-24 10:24:00,15,13,2821.29,2357.0,0.0,0.0,5,5,4,14,Champions
14539,United Kingdom,2011-10-26 12:03:00,2011-11-24 09:50:00,15,2,537.48,428.0,0.0,0.0,5,2,2,9,Potential Loyalist
17725,United Kingdom,2011-03-17 19:47:00,2011-11-23 16:34:00,15,11,3371.13,2162.0,21.0,0.0097,5,5,5,15,Champions
13831,United Kingdom,2009-12-10 14:50:00,2011-11-23 15:41:00,15,18,6601.18,2397.0,4.0,0.0017,5,5,5,15,Champions
13899,United Kingdom,2011-03-10 09:30:00,2011-11-23 13:40:00,15,2,388.52,156.0,0.0,0.0,5,2,2,9,Potential Loyalist
17139,United Kingdom,2010-01-11 11:31:00,2011-11-24 10:12:00,15,25,19491.61,9859.0,20.0,0.002,5,5,5,15,Champions
16343,United Kingdom,2010-10-28 14:15:00,2011-11-23 17:45:00,15,3,687.07,422.0,0.0,0.0,5,3,3,11,Potential Loyalist
14607,United Kingdom,2009-12-15 11:25:00,2011-11-24 10:35:00,15,22,18745.56,15585.0,3879.0,0.2489,5,5,5,15,Champions
14744,United Kingdom,2010-05-18 14:06:00,2011-11-23 12:51:00,15,14,3596.02,2399.0,3.0,0.0013,5,5,5,15,Champions
15594,United Kingdom,2011-04-19 10:08:00,2011-11-24 08:53:00,15,5,1767.53,983.0,1.0,0.001,5,4,4,13,Champions
17671,United Kingdom,2010-11-29 11:53:00,2011-11-24 12:21:00,15,5,1720.53,987.0,113.0,0.1145,5,4,4,13,Champions
15393,United Kingdom,2009-12-15 17:56:00,2011-11-23 16:48:00,15,5,891.34,378.0,0.0,0.0,5,4,3,12,Loyal
12757,Portugal,2011-05-12 19:01:00,2011-11-24 12:30:00,15,13,4227.7,2402.0,17.0,0.0071,5,5,5,15,Champions
16173,United Kingdom,2011-09-02 15:23:00,2011-11-24 10:53:00,15,6,1406.57,575.0,4.0,0.007,5,4,4,13,Champions
15743,United Kingdom,2011-06-08 10:14:00,2011-11-23 17:19:00,15,4,784.46,216.0,0.0,0.0,5,3,3,11,Potential Loyalist
16482,United Kingdom,2011-11-24 12:33:00,2011-11-24 12:33:00,15,1,220.62,346.0,0.0,0.0,5,1,1,7,Others
13350,United Kingdom,2011-09-21 13:33:00,2011-11-23 16:33:00,15,2,910.72,287.0,3.0,0.0105,5,2,3,10,Potential Loyalist
17422,United Kingdom,2010-06-23 10:19:00,2011-11-23 13:27:00,15,11,3341.65,3538.0,163.0,0.0461,5,5,5,15,Champions
13018,United Kingdom,2010-03-01 12:34:00,2011-11-23 13:28:00,15,35,9742.81,6746.0,5.0,0.0007,5,5,5,15,Champions
15270,United Kingdom,2009-12-17 15:02:00,2011-11-24 09:24:00,15,21,7193.99,4010.0,378.0,0.0943,5,5,5,15,Champions
13139,United Kingdom,2010-09-28 09:12:00,2011-11-23 13:54:00,15,8,8193.83,4614.0,7.0,0.0015,5,4,5,14,Champions
13638,United Kingdom,2011-11-24 10:38:00,2011-11-24 10:38:00,15,1,122.64,93.0,0.0,0.0,5,1,1,7,Others
16057,United Kingdom,2010-01-07 17:11:00,2011-11-23 15:23:00,15,10,3202.07,1691.0,259.0,0.1532,5,5,5,15,Champions
15482,United Kingdom,2009-12-02 16:59:00,2011-11-24 10:46:00,15,19,8107.83,6532.0,2023.0,0.3097,5,5,5,15,Champions
14987,United Kingdom,2009-12-02 14:56:00,2011-11-24 09:59:00,15,8,1469.05,607.0,32.0,0.0527,5,4,4,13,Champions
15253,United Kingdom,2010-05-02 11:17:00,2011-11-23 16:22:00,15,8,2033.29,1588.0,11.0,0.0069,5,4,4,13,Champions
15005,United Kingdom,2009-12-01 14:19:00,2011-11-24 12:25:00,15,56,13540.77,8738.0,104.0,0.0119,5,5,5,15,Champions
17034,United Kingdom,2010-07-14 12:55:00,2011-11-23 15:14:00,15,5,1239.32,700.0,21.0,0.03,5,4,4,13,Champions
14335,Germany,2011-09-04 13:07:00,2011-11-23 13:41:00,15,2,468.26,379.0,0.0,0.0,5,2,2,9,Potential Loyalist
17410,United Kingdom,2011-05-08 15:21:00,2011-11-23 15:46:00,15,5,1214.72,616.0,0.0,0.0,5,4,4,13,Champions
16653,United Kingdom,2011-09-29 13:38:00,2011-11-23 14:51:00,15,2,1166.92,733.0,10.0,0.0136,5,2,3,10,Potential Loyalist
18084,United Kingdom,2010-11-16 08:09:00,2011-11-23 13:57:00,15,3,193.73,761.0,426.0,0.5598,5,3,1,9,Potential Loyalist
15398,United Kingdom,2011-09-22 14:56:00,2011-11-23 16:47:00,15,2,1339.63,769.0,2.0,0.0026,5,2,4,11,Potential Loyalist
17727,United Kingdom,2011-11-24 17:06:00,2011-11-24 17:06:00,14,1,1042.55,645.0,6.0,0.0093,5,1,3,9,Others
15872,United Kingdom,2010-06-07 14:53:00,2011-11-25 11:55:00,14,4,795.68,506.0,0.0,0.0,5,3,3,11,Potential Loyalist
17767,United Kingdom,2010-10-25 16:22:00,2011-11-24 14:42:00,14,2,413.05,198.0,0.0,0.0,5,2,2,9,Potential Loyalist
17348,United Kingdom,2010-03-10 12:13:00,2011-11-25 11:25:00,14,9,2476.41,2793.0,0.0,0.0,5,5,4,14,Champions
12705,Germany,2010-06-24 09:51:00,2011-11-24 13:17:00,14,14,11554.0,7188.0,80.0,0.0111,5,5,5,15,Champions
17975,United Kingdom,2010-08-06 11:24:00,2011-11-24 13:27:00,14,24,6613.58,2185.0,17.0,0.0078,5,5,5,15,Champions
12937,United Kingdom,2009-12-03 15:43:00,2011-11-24 15:05:00,14,9,3097.61,1983.0,0.0,0.0,5,5,5,15,Champions
17458,United Kingdom,2010-11-23 11:43:00,2011-11-24 13:01:00,14,2,529.58,282.0,0.0,0.0,5,2,2,9,Potential Loyalist
16668,United Kingdom,2010-03-18 18:25:00,2011-11-24 17:43:00,14,13,862.42,773.0,0.0,0.0,5,5,3,13,Loyal
12531,Germany,2010-01-22 14:17:00,2011-11-25 11:12:00,14,2,1899.05,1119.0,15.0,0.0134,5,2,4,11,Potential Loyalist
14277,France,2009-12-13 15:43:00,2011-11-24 15:01:00,14,9,4324.47,89814.0,87923.0,0.9789,5,5,5,15,Champions
17247,United Kingdom,2011-11-24 15:21:00,2011-11-24 15:21:00,14,1,282.19,106.0,0.0,0.0,5,1,2,8,Others
14756,United Kingdom,2010-10-11 11:50:00,2011-11-24 18:13:00,14,3,2613.46,1423.0,4.0,0.0028,5,3,4,12,Potential Loyalist
15793,United Kingdom,2009-12-01 12:54:00,2011-11-25 09:31:00,14,8,2382.92,1685.0,1.0,0.0006,5,4,4,13,Champions
18184,United Kingdom,2011-11-24 15:28:00,2011-11-24 15:28:00,14,1,49.8,60.0,0.0,0.0,5,1,1,7,Others
15725,United Kingdom,2011-11-24 14:51:00,2011-11-24 14:51:00,14,1,415.25,221.0,0.0,0.0,5,1,2,8,Others
13978,United Kingdom,2011-10-25 15:04:00,2011-11-25 11:36:00,14,2,196.79,315.0,0.0,0.0,5,2,1,8,Potential Loyalist
13525,United Kingdom,2011-04-05 15:36:00,2011-11-25 12:01:00,14,2,628.78,394.0,0.0,0.0,5,2,3,10,Potential Loyalist
12620,France,2011-05-19 12:10:00,2011-11-25 10:20:00,14,3,1339.41,1181.0,0.0,0.0,5,3,4,12,Potential Loyalist
16885,United Kingdom,2010-11-19 12:51:00,2011-11-24 13:40:00,14,4,710.74,376.0,0.0,0.0,5,3,3,11,Potential Loyalist
16719,United Kingdom,2009-12-13 10:59:00,2011-11-25 09:27:00,14,14,3397.82,2390.0,21.0,0.0088,5,5,5,15,Champions
15134,United Kingdom,2010-10-13 12:44:00,2011-11-25 08:55:00,14,10,1596.29,1057.0,0.0,0.0,5,5,4,14,Champions
15737,United Kingdom,2011-04-11 10:01:00,2011-11-25 11:21:00,14,8,1121.21,599.0,15.0,0.025,5,4,3,12,Loyal
16616,United Kingdom,2011-07-05 13:38:00,2011-11-24 16:31:00,14,2,500.42,370.0,0.0,0.0,5,2,2,9,Potential Loyalist
15117,United Kingdom,2010-03-15 13:39:00,2011-11-25 08:12:00,14,8,2484.32,3093.0,1.0,0.0003,5,4,4,13,Champions
15428,United Kingdom,2009-12-17 17:46:00,2011-11-24 16:54:00,14,4,762.75,347.0,0.0,0.0,5,3,3,11,Potential Loyalist
16570,United Kingdom,2010-03-30 09:32:00,2011-11-24 17:02:00,14,20,6841.82,4292.0,152.0,0.0354,5,5,5,15,Champions
13207,United Kingdom,2010-04-06 16:37:00,2011-11-24 14:52:00,14,4,535.86,178.0,0.0,0.0,5,3,2,10,Potential Loyalist
17385,United Kingdom,2011-11-25 11:02:00,2011-11-25 11:02:00,14,1,261.11,201.0,0.0,0.0,5,1,1,7,Others
17345,United Kingdom,2009-12-01 16:17:00,2011-11-24 15:02:00,14,10,1484.38,2013.0,59.0,0.0293,5,5,4,14,Champions
18130,United Kingdom,2011-10-13 15:58:00,2011-11-24 14:40:00,14,3,1045.74,824.0,7.0,0.0085,5,3,3,11,Potential Loyalist
17302,United Kingdom,2011-02-07 10:14:00,2011-11-25 09:36:00,14,5,1119.93,575.0,2.0,0.0035,5,4,3,12,Loyal
16566,United Kingdom,2011-02-20 10:29:00,2011-11-24 16:34:00,14,5,614.01,362.0,1.0,0.0028,5,4,3,12,Loyal
13184,United Kingdom,2011-02-22 17:25:00,2011-11-25 12:02:00,14,10,1648.79,1692.0,30.0,0.0177,5,5,4,14,Champions
12709,Germany,2009-12-09 13:49:00,2011-11-24 15:38:00,14,34,29789.91,13844.0,207.0,0.015,5,5,5,15,Champions
16609,United Kingdom,2011-04-01 10:11:00,2011-11-24 13:32:00,14,7,5450.96,2420.0,10.0,0.0041,5,4,5,14,Champions
13050,United Kingdom,2009-12-15 15:06:00,2011-11-25 09:18:00,14,35,11494.43,7024.0,78.0,0.0111,5,5,5,15,Champions
13579,United Kingdom,2010-02-18 13:53:00,2011-11-25 08:41:00,14,5,1371.14,718.0,4.0,0.0056,5,4,4,13,Champions
17096,United Kingdom,2010-06-02 14:48:00,2011-11-24 15:01:00,14,11,3690.83,1571.0,13.0,0.0083,5,5,5,15,Champions
16856,United Kingdom,2010-09-23 13:11:00,2011-11-25 08:59:00,14,3,358.49,171.0,0.0,0.0,5,3,2,10,Potential Loyalist
15953,United Kingdom,2009-12-03 14:00:00,2011-11-24 15:32:00,14,18,3314.86,1751.0,103.0,0.0588,5,5,5,15,Champions
14805,United Kingdom,2010-03-28 12:34:00,2011-11-24 16:20:00,14,7,1104.64,421.0,0.0,0.0,5,4,3,12,Loyal
13719,United Kingdom,2010-05-17 14:36:00,2011-11-24 15:26:00,14,11,2815.25,1599.0,0.0,0.0,5,5,4,14,Champions
18188,United Kingdom,2010-03-26 11:37:00,2011-11-24 16:46:00,14,6,3263.19,1888.0,4.0,0.0021,5,4,5,14,Champions
12681,France,2009-12-13 13:31:00,2011-11-25 11:33:00,14,45,29518.24,17011.0,96.0,0.0056,5,5,5,15,Champions
14703,United Kingdom,2011-11-25 09:23:00,2011-11-25 09:23:00,14,1,318.17,183.0,0.0,0.0,5,1,2,8,Others
14966,United Kingdom,2009-12-15 13:48:00,2011-11-25 12:20:00,14,6,1115.84,1098.0,0.0,0.0,5,4,3,12,Loyal
18161,United Kingdom,2010-11-25 15:55:00,2011-11-24 16:40:00,14,6,1797.2,965.0,2.0,0.0021,5,4,4,13,Champions
13589,United Kingdom,2009-12-06 10:26:00,2011-11-25 12:10:00,14,6,1120.74,293.0,0.0,0.0,5,4,3,12,Loyal
18172,United Kingdom,2009-12-11 09:58:00,2011-11-25 11:12:00,14,52,17301.83,7413.0,30.0,0.004,5,5,5,15,Champions
17516,United Kingdom,2010-11-26 12:50:00,2011-11-24 16:51:00,14,6,957.55,527.0,0.0,0.0,5,4,3,12,Loyal
17323,United Kingdom,2010-01-10 11:58:00,2011-11-24 17:29:00,14,12,1553.51,1442.0,6.0,0.0042,5,5,4,14,Champions
14591,United Kingdom,2011-05-10 14:09:00,2011-11-24 13:57:00,14,4,1447.14,1297.0,0.0,0.0,5,3,4,12,Potential Loyalist
15382,United Kingdom,2009-12-04 14:13:00,2011-11-25 10:58:00,14,12,13646.5,9178.0,48.0,0.0052,5,5,5,15,Champions
14709,United Kingdom,2009-12-05 15:26:00,2011-11-24 15:41:00,14,25,8866.48,4141.0,3.0,0.0007,5,5,5,15,Champions
17624,United Kingdom,2009-12-20 12:35:00,2011-11-25 10:52:00,14,4,1568.63,958.0,0.0,0.0,5,3,4,12,Potential Loyalist
13995,United Kingdom,2009-12-18 12:43:00,2011-11-24 14:22:00,14,14,3836.26,2359.0,35.0,0.0148,5,5,5,15,Champions
17562,United Kingdom,2011-06-19 13:06:00,2011-11-25 14:21:00,13,7,1107.38,817.0,4.0,0.0049,5,4,3,12,Loyal
17557,United Kingdom,2009-12-07 10:15:00,2011-11-25 12:57:00,13,4,575.46,310.0,0.0,0.0,5,3,2,10,Potential Loyalist
14710,United Kingdom,2009-12-03 17:12:00,2011-11-25 14:53:00,13,13,1922.59,1151.0,0.0,0.0,5,5,4,14,Champions
16814,United Kingdom,2010-04-11 12:45:00,2011-11-25 13:27:00,13,36,12217.92,4959.0,1.0,0.0002,5,5,5,15,Champions
15186,United Kingdom,2010-01-12 10:14:00,2011-11-25 14:58:00,13,5,1403.2,716.0,0.0,0.0,5,4,4,13,Champions
15473,United Kingdom,2010-09-21 09:14:00,2011-11-25 15:15:00,13,8,1740.0,776.0,120.0,0.1546,5,4,4,13,Champions
16327,United Kingdom,2009-12-14 13:06:00,2011-11-25 13:23:00,13,16,10169.92,8148.0,13.0,0.0016,5,5,5,15,Champions
13149,United Kingdom,2011-02-23 13:57:00,2011-11-25 13:09:00,13,4,1676.06,1280.0,0.0,0.0,5,3,4,12,Potential Loyalist
14946,United Kingdom,2011-11-25 13:33:00,2011-11-25 13:33:00,13,1,100.9,22.0,0.0,0.0,5,1,1,7,Others
17329,United Kingdom,2009-12-03 16:09:00,2011-11-25 14:24:00,13,5,1004.43,432.0,0.0,0.0,5,4,3,12,Loyal
14111,United Kingdom,2011-04-12 11:36:00,2011-11-25 13:44:00,13,4,688.6,458.0,1.0,0.0022,5,3,3,11,Potential Loyalist
12438,Norway,2011-07-22 13:29:00,2011-11-25 13:28:00,13,2,2906.85,1180.0,0.0,0.0,5,2,5,12,Potential Loyalist
13048,United Kingdom,2010-01-27 12:55:00,2011-11-25 13:23:00,13,9,4035.16,2705.0,13.0,0.0048,5,5,5,15,Champions
17813,United Kingdom,2011-09-29 15:57:00,2011-11-25 16:13:00,13,5,1714.6,790.0,13.0,0.0165,5,4,4,13,Champions
13437,United Kingdom,2011-06-02 14:30:00,2011-11-25 14:00:00,13,7,3408.06,1283.0,0.0,0.0,5,4,5,14,Champions
13332,United Kingdom,2011-11-25 13:30:00,2011-11-25 13:30:00,13,1,350.9,179.0,0.0,0.0,5,1,2,8,Others
17864,United Kingdom,2010-10-08 11:49:00,2011-11-27 11:15:00,12,5,924.32,1121.0,0.0,0.0,5,4,3,12,Loyal
16407,United Kingdom,2010-10-03 13:56:00,2011-11-27 11:05:00,12,14,2821.65,1484.0,0.0,0.0,5,5,4,14,Champions
17365,United Kingdom,2010-02-01 11:56:00,2011-11-27 12:13:00,12,15,8205.83,8056.0,3.0,0.0004,5,5,5,15,Champions
17812,United Kingdom,2010-06-27 13:34:00,2011-11-27 11:47:00,12,7,948.34,468.0,0.0,0.0,5,4,3,12,Loyal
14859,United Kingdom,2010-06-03 10:26:00,2011-11-27 11:18:00,12,5,1703.94,888.0,2.0,0.0023,5,4,4,13,Champions
17236,United Kingdom,2010-03-07 13:00:00,2011-11-27 12:00:00,12,12,1929.26,804.0,0.0,0.0,5,5,4,14,Champions
18156,United Kingdom,2010-12-05 12:29:00,2011-11-27 12:24:00,12,2,734.94,301.0,0.0,0.0,5,2,3,10,Potential Loyalist
15747,United Kingdom,2010-01-18 11:21:00,2011-11-27 12:26:00,12,9,2560.66,1370.0,1.0,0.0007,5,5,4,14,Champions
16942,United Kingdom,2011-04-26 11:59:00,2011-11-27 12:40:00,12,9,1894.11,811.0,4.0,0.0049,5,5,4,14,Champions
13232,United Kingdom,2011-04-10 13:48:00,2011-11-27 10:39:00,12,7,1357.6,778.0,0.0,0.0,5,4,4,13,Champions
17769,United Kingdom,2010-01-19 11:33:00,2011-11-27 11:18:00,12,17,6994.66,3176.0,49.0,0.0154,5,5,5,15,Champions
16983,United Kingdom,2010-09-19 12:38:00,2011-11-27 12:10:00,12,11,3535.68,2401.0,13.0,0.0054,5,5,5,15,Champions
13571,United Kingdom,2009-12-08 13:02:00,2011-11-27 10:47:00,12,26,4546.54,3197.0,0.0,0.0,5,5,5,15,Champions
14577,United Kingdom,2009-12-11 12:09:00,2011-11-27 12:47:00,12,7,1374.25,573.0,0.0,0.0,5,4,4,13,Champions
13782,United Kingdom,2009-12-06 12:52:00,2011-11-27 11:54:00,12,13,1785.77,649.0,1.0,0.0015,5,5,4,14,Champions
18145,United Kingdom,2009-12-08 12:30:00,2011-11-27 11:22:00,12,11,5600.09,5107.0,6.0,0.0012,5,5,5,15,Champions
13064,United Kingdom,2010-04-27 10:08:00,2011-11-27 12:31:00,12,6,1680.74,670.0,0.0,0.0,5,4,4,13,Champions
14878,United Kingdom,2010-02-21 11:14:00,2011-11-27 11:15:00,12,25,3812.22,2432.0,253.0,0.104,5,5,5,15,Champions
13418,United Kingdom,2009-12-11 12:51:00,2011-11-28 10:23:00,11,31,11292.92,7372.0,83.0,0.0113,5,5,5,15,Champions
16364,United Kingdom,2011-07-25 14:35:00,2011-11-28 11:27:00,11,2,707.04,280.0,0.0,0.0,5,2,3,10,Potential Loyalist
16005,United Kingdom,2010-09-15 13:21:00,2011-11-27 13:47:00,11,10,2403.77,1310.0,11.0,0.0084,5,5,4,14,Champions
18096,United Kingdom,2010-07-14 14:30:00,2011-11-28 12:44:00,11,6,1805.28,1483.0,0.0,0.0,5,4,4,13,Champions
15022,United Kingdom,2010-01-31 16:02:00,2011-11-28 12:35:00,11,5,1186.09,656.0,0.0,0.0,5,4,4,13,Champions
15009,United Kingdom,2011-11-14 17:40:00,2011-11-27 13:35:00,11,3,1261.78,642.0,0.0,0.0,5,3,4,12,Potential Loyalist
13115,United Kingdom,2010-04-19 13:29:00,2011-11-28 12:38:00,11,10,5379.45,3934.0,37.0,0.0094,5,5,5,15,Champions
15987,United Kingdom,2010-11-25 12:56:00,2011-11-27 15:38:00,11,8,1568.65,1629.0,0.0,0.0,5,4,4,13,Champions
15721,United Kingdom,2011-11-28 12:14:00,2011-11-28 12:14:00,11,1,507.08,409.0,0.0,0.0,5,1,2,8,Others
14954,United Kingdom,2010-01-05 16:38:00,2011-11-27 14:30:00,11,2,503.44,219.0,0.0,0.0,5,2,2,9,Potential Loyalist
13758,United Kingdom,2009-12-01 10:06:00,2011-11-28 11:11:00,11,15,8544.29,4667.0,9.0,0.0019,5,5,5,15,Champions
17411,United Kingdom,2009-12-03 12:02:00,2011-11-27 14:25:00,11,5,1316.53,608.0,27.0,0.0444,5,4,4,13,Champions
16094,United Kingdom,2010-04-16 14:00:00,2011-11-28 12:45:00,11,11,3599.16,2020.0,28.0,0.0139,5,5,5,15,Champions
13004,United Kingdom,2009-12-15 09:44:00,2011-11-28 11:27:00,11,36,11143.99,8768.0,326.0,0.0372,5,5,5,15,Champions
13914,United Kingdom,2011-11-03 16:28:00,2011-11-28 10:35:00,11,2,613.95,380.0,1.0,0.0026,5,2,3,10,Potential Loyalist
15555,United Kingdom,2009-12-06 11:58:00,2011-11-27 16:19:00,11,36,10925.3,8542.0,305.0,0.0357,5,5,5,15,Champions
15511,United Kingdom,2011-09-15 15:05:00,2011-11-28 09:43:00,11,5,909.23,271.0,0.0,0.0,5,4,3,12,Loyal
15714,United Kingdom,2010-06-02 12:08:00,2011-11-28 11:26:00,11,5,784.81,362.0,0.0,0.0,5,4,3,12,Loyal
13991,United Kingdom,2011-07-19 12:58:00,2011-11-27 16:18:00,11,6,850.63,998.0,2.0,0.002,5,4,3,12,Loyal
18041,United Kingdom,2010-01-14 10:04:00,2011-11-28 11:39:00,11,38,8035.36,7381.0,297.0,0.0402,5,5,5,15,Champions
15514,United Kingdom,2009-12-04 16:37:00,2011-11-27 14:40:00,11,18,5422.28,4246.0,369.0,0.0869,5,5,5,15,Champions
17885,United Kingdom,2011-11-27 14:40:00,2011-11-27 14:40:00,11,1,190.19,167.0,0.0,0.0,5,1,1,7,Others
17739,United Kingdom,2009-12-07 10:48:00,2011-11-28 09:12:00,11,18,7718.14,2335.0,8.0,0.0034,5,5,5,15,Champions
13258,United Kingdom,2010-11-04 12:45:00,2011-11-28 09:31:00,11,5,1035.18,451.0,0.0,0.0,5,4,3,12,Loyal
15571,United Kingdom,2009-12-06 12:10:00,2011-11-28 10:02:00,11,14,4051.63,2506.0,0.0,0.0,5,5,5,15,Champions
13081,United Kingdom,2009-12-08 13:58:00,2011-11-28 10:54:00,11,28,55961.37,40077.0,363.0,0.0091,5,5,5,15,Champions
17595,United Kingdom,2011-11-02 16:19:00,2011-11-27 16:08:00,11,2,388.79,229.0,0.0,0.0,5,2,2,9,Potential Loyalist
17924,United Kingdom,2010-10-21 12:17:00,2011-11-28 09:11:00,11,8,3189.53,1208.0,19.0,0.0157,5,4,5,14,Champions
17651,United Kingdom,2010-07-01 12:17:00,2011-11-28 10:29:00,11,16,5632.59,4086.0,24.0,0.0059,5,5,5,15,Champions
15054,United Kingdom,2011-10-30 14:33:00,2011-11-27 15:02:00,11,2,302.1,198.0,0.0,0.0,5,2,2,9,Potential Loyalist
16024,United Kingdom,2010-10-24 11:40:00,2011-11-27 13:26:00,11,3,484.2,505.0,0.0,0.0,5,3,2,10,Potential Loyalist
17988,United Kingdom,2009-12-07 13:35:00,2011-11-28 11:00:00,11,14,479.59,186.0,1.0,0.0054,5,5,2,12,Others
18229,United Kingdom,2009-12-03 14:42:00,2011-11-28 09:48:00,11,28,10150.51,3071.0,0.0,0.0,5,5,5,15,Champions
17068,United Kingdom,2010-03-28 14:26:00,2011-11-27 13:14:00,11,47,8960.28,4355.0,13.0,0.003,5,5,5,15,Champions
17231,United Kingdom,2009-12-07 16:38:00,2011-11-27 15:18:00,11,25,7091.07,3738.0,19.0,0.0051,5,5,5,15,Champions
12906,United Kingdom,2011-09-22 15:03:00,2011-11-28 09:55:00,11,5,2919.81,1749.0,0.0,0.0,5,4,5,14,Champions
17852,United Kingdom,2009-12-08 12:51:00,2011-11-28 12:36:00,11,5,663.21,376.0,0.0,0.0,5,4,3,12,Loyal
17031,United Kingdom,2010-05-07 14:52:00,2011-11-28 10:23:00,11,6,2773.85,1595.0,0.0,0.0,5,4,4,13,Champions
17299,United Kingdom,2010-08-15 16:00:00,2011-11-28 12:01:00,11,6,1016.08,934.0,0.0,0.0,5,4,3,12,Loyal
14470,United Kingdom,2010-10-05 12:39:00,2011-11-28 10:31:00,11,3,712.04,282.0,0.0,0.0,5,3,3,11,Potential Loyalist
14215,United Kingdom,2009-12-08 09:35:00,2011-11-28 12:19:00,11,9,3238.53,2181.0,4.0,0.0018,5,5,5,15,Champions
15861,United Kingdom,2010-01-28 19:41:00,2011-11-27 15:59:00,11,12,4217.99,3860.0,13.0,0.0034,5,5,5,15,Champions
18001,United Kingdom,2009-12-02 15:38:00,2011-11-27 16:02:00,11,6,953.84,893.0,0.0,0.0,5,4,3,12,Loyal
16877,United Kingdom,2011-05-15 16:13:00,2011-11-27 13:47:00,11,6,853.72,463.0,0.0,0.0,5,4,3,12,Loyal
15436,United Kingdom,2011-04-19 16:52:00,2011-11-27 16:05:00,11,3,1122.53,613.0,0.0,0.0,5,3,3,11,Potential Loyalist
14093,United Kingdom,2011-11-27 16:27:00,2011-11-27 16:27:00,11,1,442.85,406.0,0.0,0.0,5,1,2,8,Others
12668,Germany,2010-01-31 15:45:00,2011-11-28 10:56:00,11,10,11380.71,5076.0,39.0,0.0077,5,5,5,15,Champions
14741,United Kingdom,2010-10-18 09:33:00,2011-11-28 08:48:00,11,7,1713.09,1006.0,0.0,0.0,5,4,4,13,Champions
13546,United Kingdom,2010-10-11 17:23:00,2011-11-27 14:50:00,11,5,1092.14,589.0,0.0,0.0,5,4,3,12,Loyal
16923,United Kingdom,2010-01-31 11:14:00,2011-11-27 13:00:00,11,32,12793.38,6269.0,236.0,0.0376,5,5,5,15,Champions
15351,United Kingdom,2010-10-03 12:18:00,2011-11-27 12:52:00,11,10,3353.9,1362.0,26.0,0.0191,5,5,5,15,Champions
18112,United Kingdom,2010-06-06 12:40:00,2011-11-27 14:43:00,11,4,775.96,447.0,0.0,0.0,5,3,3,11,Potential Loyalist
13610,United Kingdom,2010-01-05 14:12:00,2011-11-27 15:38:00,11,14,2144.13,909.0,8.0,0.0088,5,5,4,14,Champions
15561,United Kingdom,2010-02-14 12:22:00,2011-11-28 11:07:00,11,8,1856.54,1334.0,11.0,0.0082,5,4,4,13,Champions
16800,United Kingdom,2011-11-28 14:06:00,2011-11-28 14:06:00,10,1,1201.49,540.0,0.0,0.0,5,1,4,10,Others
17419,United Kingdom,2010-01-25 13:19:00,2011-11-28 13:47:00,10,18,6100.65,2884.0,4.0,0.0014,5,5,5,15,Champions
13196,United Kingdom,2010-04-01 12:54:00,2011-11-28 13:54:00,10,7,3059.64,2006.0,2.0,0.001,5,4,5,14,Champions
14209,United Kingdom,2010-01-22 10:28:00,2011-11-29 10:18:00,10,15,4937.37,1739.0,12.0,0.0069,5,5,5,15,Champions
17359,United Kingdom,2010-03-01 14:48:00,2011-11-28 14:37:00,10,2,284.46,237.0,0.0,0.0,5,2,2,9,Potential Loyalist
12451,Switzerland,2010-06-28 12:58:00,2011-11-29 08:40:00,10,8,12546.53,9359.0,133.0,0.0142,5,4,5,14,Champions
14866,United Kingdom,2010-08-26 11:54:00,2011-11-29 11:45:00,10,19,20554.09,9089.0,183.0,0.0201,5,5,5,15,Champions
13137,United Kingdom,2010-07-25 15:40:00,2011-11-29 12:09:00,10,16,7667.37,4294.0,1.0,0.0002,5,5,5,15,Champions
12660,France,2011-11-28 13:26:00,2011-11-28 13:26:00,10,1,245.1,127.0,0.0,0.0,5,1,1,7,Others
17655,United Kingdom,2010-10-19 10:20:00,2011-11-29 11:34:00,10,9,2909.18,1268.0,160.0,0.1262,5,5,5,15,Champions
16744,United Kingdom,2011-06-19 15:13:00,2011-11-28 13:06:00,10,7,1304.76,805.0,0.0,0.0,5,4,4,13,Champions
14511,United Kingdom,2011-07-29 12:13:00,2011-11-28 17:05:00,10,5,1267.41,784.0,12.0,0.0153,5,4,4,13,Champions
12657,France,2011-09-22 11:40:00,2011-11-28 15:47:00,10,4,1152.06,1044.0,390.0,0.3736,5,3,3,11,Potential Loyalist
14419,United Kingdom,2010-11-22 11:09:00,2011-11-29 11:22:00,10,7,1260.91,556.0,0.0,0.0,5,4,4,13,Champions
14290,United Kingdom,2009-12-08 11:44:00,2011-11-28 14:02:00,10,8,4208.93,1600.0,86.0,0.0538,5,4,5,14,Champions
14321,United Kingdom,2010-08-23 12:56:00,2011-11-29 09:47:00,10,7,2198.58,3275.0,4.0,0.0012,5,4,4,13,Champions
14480,United Kingdom,2009-12-21 16:32:00,2011-11-28 16:35:00,10,4,1295.27,670.0,1.0,0.0015,5,3,4,12,Potential Loyalist
12479,Germany,2011-11-28 13:26:00,2011-11-28 13:26:00,10,1,477.3,385.0,34.0,0.0883,5,1,2,8,Others
16347,United Kingdom,2010-03-12 12:41:00,2011-11-28 13:14:00,10,11,3482.01,1750.0,6.0,0.0034,5,5,5,15,Champions
15148,United Kingdom,2011-11-29 08:21:00,2011-11-29 08:21:00,10,1,301.29,187.0,0.0,0.0,5,1,2,8,Others
13429,United Kingdom,2011-09-25 15:59:00,2011-11-29 09:10:00,10,4,1006.8,1390.0,0.0,0.0,5,3,3,11,Potential Loyalist
12627,Germany,2011-07-22 13:59:00,2011-11-29 12:07:00,10,7,4478.53,2752.0,0.0,0.0,5,4,5,14,Champions
15540,United Kingdom,2010-11-29 11:10:00,2011-11-28 13:51:00,10,2,460.68,444.0,0.0,0.0,5,2,2,9,Potential Loyalist
17237,United Kingdom,2010-11-23 11:45:00,2011-11-28 15:02:00,10,4,1002.08,415.0,0.0,0.0,5,3,3,11,Potential Loyalist
14701,United Kingdom,2010-01-24 12:15:00,2011-11-29 12:38:00,10,15,4498.94,1782.0,23.0,0.0129,5,5,5,15,Champions
15619,United Kingdom,2011-11-29 08:14:00,2011-11-29 08:14:00,10,1,336.4,136.0,0.0,0.0,5,1,2,8,Others
14180,United Kingdom,2010-06-09 14:56:00,2011-11-29 10:56:00,10,33,5909.0,847.0,14.0,0.0165,5,5,5,15,Champions
14173,United Kingdom,2009-12-09 12:46:00,2011-11-29 11:54:00,10,6,566.95,194.0,3.0,0.0155,5,4,2,11,Others
12727,France,2010-02-23 09:54:00,2011-11-29 11:46:00,10,10,5646.53,2832.0,13.0,0.0046,5,5,5,15,Champions
14550,United Kingdom,2010-08-13 12:05:00,2011-11-29 12:12:00,10,4,1353.31,776.0,0.0,0.0,5,3,4,12,Potential Loyalist
13014,United Kingdom,2010-10-03 11:35:00,2011-11-29 12:27:00,10,11,5220.83,1979.0,31.0,0.0157,5,5,5,15,Champions
14667,United Kingdom,2009-12-02 12:38:00,2011-11-29 11:30:00,10,54,20522.88,12244.0,66.0,0.0054,5,5,5,15,Champions
12654,Germany,2011-02-17 13:16:00,2011-11-29 10:10:00,10,5,601.98,264.0,0.0,0.0,5,4,3,12,Loyal
13496,United Kingdom,2010-12-15 10:17:00,2011-11-29 10:58:00,10,2,617.93,341.0,12.0,0.0352,5,2,3,10,Potential Loyalist
16992,United Kingdom,2010-02-11 12:36:00,2011-11-29 11:50:00,10,13,5460.1,2061.0,4.0,0.0019,5,5,5,15,Champions
14704,United Kingdom,2010-03-25 17:21:00,2011-11-28 12:51:00,10,11,1813.57,1209.0,0.0,0.0,5,5,4,14,Champions
16168,United Kingdom,2009-12-03 12:38:00,2011-11-29 12:45:00,10,66,10263.28,4975.0,20.0,0.004,5,5,5,15,Champions
15783,United Kingdom,2011-11-29 09:50:00,2011-11-29 09:50:00,10,1,246.3,212.0,0.0,0.0,5,1,1,7,Others
14452,United Kingdom,2010-07-06 13:13:00,2011-11-29 12:06:00,10,4,665.59,289.0,0.0,0.0,5,3,3,11,Potential Loyalist
13844,United Kingdom,2011-11-28 13:21:00,2011-11-28 13:21:00,10,1,361.62,196.0,0.0,0.0,5,1,2,8,Others
17306,United Kingdom,2010-11-01 11:38:00,2011-11-29 12:14:00,10,21,9751.77,13747.0,21.0,0.0015,5,5,5,15,Champions
17929,United Kingdom,2009-12-09 11:40:00,2011-11-28 16:01:00,10,12,3073.6,434.0,1.0,0.0023,5,5,5,15,Champions
15218,United Kingdom,2010-01-26 11:33:00,2011-11-29 11:48:00,10,22,11456.0,6553.0,33.0,0.005,5,5,5,15,Champions
17772,United Kingdom,2010-11-12 11:31:00,2011-11-29 11:05:00,10,3,384.77,122.0,0.0,0.0,5,3,2,10,Potential Loyalist
13883,United Kingdom,2009-12-08 17:26:00,2011-11-29 10:45:00,10,15,6342.74,3584.0,91.0,0.0254,5,5,5,15,Champions
14901,United Kingdom,2010-07-29 11:11:00,2011-11-28 17:09:00,10,12,1920.95,885.0,2.0,0.0023,5,5,4,14,Champions
14597,United Kingdom,2010-09-28 13:17:00,2011-11-28 13:13:00,10,6,2201.54,1447.0,0.0,0.0,5,4,4,13,Champions
12375,Finland,2011-09-02 14:23:00,2011-11-29 10:36:00,10,2,455.42,178.0,1.0,0.0056,5,2,2,9,Potential Loyalist
13467,United Kingdom,2011-11-03 16:56:00,2011-11-29 10:01:00,10,2,1083.71,584.0,0.0,0.0,5,2,3,10,Potential Loyalist
14601,United Kingdom,2011-11-29 09:48:00,2011-11-29 09:48:00,10,1,213.96,168.0,0.0,0.0,5,1,1,7,Others
13590,United Kingdom,2009-12-01 13:37:00,2011-11-28 12:54:00,10,18,6298.29,5276.0,10.0,0.0019,5,5,5,15,Champions
16818,United Kingdom,2011-05-18 11:42:00,2011-11-29 10:41:00,10,11,3317.97,2164.0,2.0,0.0009,5,5,5,15,Champions
17379,United Kingdom,2011-11-28 13:56:00,2011-11-28 13:56:00,10,1,404.66,663.0,0.0,0.0,5,1,2,8,Others
17806,United Kingdom,2011-11-28 14:12:00,2011-11-28 14:12:00,10,1,546.04,727.0,0.0,0.0,5,1,2,8,Others
13349,United Kingdom,2011-11-29 08:07:00,2011-11-29 08:07:00,10,1,247.32,225.0,0.0,0.0,5,1,1,7,Others
13928,United Kingdom,2011-07-29 15:59:00,2011-11-29 10:33:00,10,4,464.57,129.0,0.0,0.0,5,3,2,10,Potential Loyalist
15601,United Kingdom,2009-12-01 14:53:00,2011-11-28 15:15:00,10,30,14150.84,10395.0,11.0,0.0011,5,5,5,15,Champions
17523,United Kingdom,2011-11-20 13:40:00,2011-11-28 13:20:00,10,4,652.74,872.0,0.0,0.0,5,3,3,11,Potential Loyalist
13657,United Kingdom,2011-05-22 12:35:00,2011-11-29 12:32:00,10,2,382.14,209.0,0.0,0.0,5,2,2,9,Potential Loyalist
13266,United Kingdom,2009-12-17 10:52:00,2011-11-28 14:39:00,10,19,5965.3,6837.0,168.0,0.0246,5,5,5,15,Champions
13030,United Kingdom,2010-12-06 14:31:00,2011-11-28 14:30:00,10,2,799.48,394.0,0.0,0.0,5,2,3,10,Potential Loyalist
17711,United Kingdom,2011-02-23 11:32:00,2011-11-29 11:40:00,10,2,385.1,246.0,0.0,0.0,5,2,2,9,Potential Loyalist
14961,United Kingdom,2009-12-04 11:32:00,2011-11-29 09:42:00,10,22,16328.9,8372.0,37.0,0.0044,5,5,5,15,Champions
13950,United Kingdom,2011-04-07 11:29:00,2011-11-28 14:44:00,10,4,728.56,323.0,2.0,0.0062,5,3,3,11,Potential Loyalist
15838,United Kingdom,2009-12-15 09:51:00,2011-11-28 14:00:00,10,34,72727.41,64114.0,9480.0,0.1479,5,5,5,15,Champions
18101,United Kingdom,2010-02-03 13:52:00,2011-11-28 13:37:00,10,5,629.16,250.0,0.0,0.0,5,4,3,12,Loyal
18118,United Kingdom,2010-11-23 13:36:00,2011-11-29 11:32:00,10,29,6194.21,3205.0,7.0,0.0022,5,5,5,15,Champions
14125,United Kingdom,2011-09-22 15:40:00,2011-11-29 12:47:00,10,3,2740.43,1640.0,0.0,0.0,5,3,4,12,Potential Loyalist
13389,United Kingdom,2011-04-21 12:12:00,2011-11-28 14:01:00,10,3,797.96,429.0,0.0,0.0,5,3,3,11,Potential Loyalist
17019,United Kingdom,2009-12-02 11:52:00,2011-11-28 13:06:00,10,11,3592.68,2420.0,22.0,0.0091,5,5,5,15,Champions
14408,United Kingdom,2009-12-07 12:18:00,2011-11-29 11:41:00,10,11,4109.77,2444.0,0.0,0.0,5,5,5,15,Champions
15197,United Kingdom,2009-12-11 12:56:00,2011-11-29 10:00:00,10,6,1427.84,1058.0,21.0,0.0198,5,4,4,13,Champions
17188,United Kingdom,2009-12-08 19:16:00,2011-11-28 13:53:00,10,13,4361.83,2569.0,34.0,0.0132,5,5,5,15,Champions
13188,United Kingdom,2011-11-28 15:28:00,2011-11-28 15:28:00,10,1,114.6,25.0,0.0,0.0,5,1,1,7,Others
12598,France,2010-03-01 09:58:00,2011-11-30 12:18:00,9,11,4414.67,2906.0,66.0,0.0227,5,5,5,15,Champions
13428,United Kingdom,2010-07-13 13:20:00,2011-11-29 14:20:00,9,3,499.98,366.0,0.0,0.0,5,3,2,10,Potential Loyalist
18058,United Kingdom,2010-02-10 09:38:00,2011-11-30 08:38:00,9,3,774.06,394.0,0.0,0.0,5,3,3,11,Potential Loyalist
15414,United Kingdom,2011-04-11 13:45:00,2011-11-30 09:50:00,9,3,774.9,443.0,0.0,0.0,5,3,3,11,Potential Loyalist
17468,United Kingdom,2010-11-29 17:25:00,2011-11-29 15:33:00,9,3,194.8,184.0,0.0,0.0,5,3,1,9,Potential Loyalist
14836,United Kingdom,2011-11-09 13:26:00,2011-11-29 16:45:00,9,3,102.45,45.0,0.0,0.0,5,3,1,9,Potential Loyalist
12488,France,2011-09-25 10:34:00,2011-11-30 08:50:00,9,3,1298.66,529.0,0.0,0.0,5,3,4,12,Potential Loyalist
13068,United Kingdom,2011-01-24 08:20:00,2011-11-29 15:00:00,9,2,344.0,200.0,0.0,0.0,5,2,2,9,Potential Loyalist
12630,Finland,2011-10-27 10:41:00,2011-11-30 10:48:00,9,2,1270.88,548.0,0.0,0.0,5,2,4,11,Potential Loyalist
14893,United Kingdom,2010-04-01 09:03:00,2011-11-30 12:31:00,9,3,1782.26,1047.0,13.0,0.0124,5,3,4,12,Potential Loyalist
15113,United Kingdom,2011-10-16 15:27:00,2011-11-30 08:23:00,9,3,3439.41,2386.0,24.0,0.0101,5,3,5,13,Potential Loyalist
14785,United Kingdom,2011-11-24 13:40:00,2011-11-29 13:21:00,9,2,77.4,84.0,0.0,0.0,5,2,1,8,Potential Loyalist
15782,United Kingdom,2010-10-05 15:43:00,2011-11-30 10:49:00,9,4,3985.65,1844.0,2.0,0.0011,5,3,5,13,Potential Loyalist
16479,United Kingdom,2011-11-29 13:04:00,2011-11-29 13:40:00,9,2,300.83,102.0,0.0,0.0,5,2,2,9,Potential Loyalist
16852,United Kingdom,2011-06-16 15:49:00,2011-11-29 13:22:00,9,2,144.91,56.0,0.0,0.0,5,2,1,8,Potential Loyalist
16361,United Kingdom,2011-09-29 13:13:00,2011-11-30 12:32:00,9,4,896.66,421.0,0.0,0.0,5,3,3,11,Potential Loyalist
12798,Japan,2010-10-14 12:27:00,2011-11-29 15:52:00,9,4,8510.93,8455.0,0.0,0.0,5,3,5,13,Potential Loyalist
12953,United Kingdom,2010-07-05 13:37:00,2011-11-30 09:24:00,9,2,828.81,364.0,0.0,0.0,5,2,3,10,Potential Loyalist
13147,United Kingdom,2011-09-01 12:28:00,2011-11-29 13:59:00,9,4,712.8,144.0,0.0,0.0,5,3,3,11,Potential Loyalist
14554,United Kingdom,2011-10-18 13:04:00,2011-11-29 16:44:00,9,4,2381.04,1478.0,0.0,0.0,5,3,4,12,Potential Loyalist
15206,United Kingdom,2011-03-09 08:59:00,2011-11-29 13:41:00,9,4,420.3,162.0,0.0,0.0,5,3,2,10,Potential Loyalist
12787,Netherlands,2010-10-22 14:57:00,2011-11-30 08:44:00,9,4,859.18,510.0,1.0,0.002,5,3,3,11,Potential Loyalist
15239,United Kingdom,2011-09-22 09:53:00,2011-11-29 14:14:00,9,2,764.34,594.0,3.0,0.0051,5,2,3,10,Potential Loyalist
17466,United Kingdom,2011-09-22 09:16:00,2011-11-29 13:15:00,9,2,763.28,306.0,0.0,0.0,5,2,3,10,Potential Loyalist
16657,United Kingdom,2011-03-30 12:02:00,2011-11-30 11:48:00,9,4,933.62,1229.0,0.0,0.0,5,3,3,11,Potential Loyalist
16295,United Kingdom,2011-10-06 10:45:00,2011-11-30 08:17:00,9,4,1328.55,841.0,0.0,0.0,5,3,4,12,Potential Loyalist
15790,United Kingdom,2011-11-29 14:53:00,2011-11-29 14:53:00,9,1,220.85,114.0,0.0,0.0,5,1,1,7,Others
12966,United Kingdom,2011-11-30 12:38:00,2011-11-30 12:38:00,9,1,160.18,75.0,0.0,0.0,5,1,1,7,Others
14005,United Kingdom,2011-05-08 10:33:00,2011-11-30 12:41:00,9,5,2874.72,2478.0,0.0,0.0,5,4,5,14,Champions
14349,United Kingdom,2011-11-29 15:39:00,2011-11-29 15:39:00,9,1,133.5,86.0,0.0,0.0,5,1,1,7,Others
14432,United Kingdom,2011-09-11 14:09:00,2011-11-30 08:04:00,9,6,2255.51,2070.0,0.0,0.0,5,4,4,13,Champions
15089,United Kingdom,2011-08-03 14:14:00,2011-11-29 16:31:00,9,6,2420.84,1359.0,0.0,0.0,5,4,4,13,Champions
12670,France,2010-02-11 10:13:00,2011-11-29 15:23:00,9,7,3750.39,1627.0,6.0,0.0037,5,4,5,14,Champions
17101,United Kingdom,2010-06-07 15:12:00,2011-11-29 13:57:00,9,7,2507.05,1175.0,0.0,0.0,5,4,4,13,Champions
13647,United Kingdom,2010-04-15 12:55:00,2011-11-30 12:00:00,9,8,3063.78,1803.0,1.0,0.0006,5,4,5,14,Champions
15073,United Kingdom,2010-01-27 08:48:00,2011-11-30 10:44:00,9,8,2357.04,1410.0,214.0,0.1518,5,4,4,13,Champions
13198,United Kingdom,2010-10-01 13:27:00,2011-11-29 15:17:00,9,8,4912.28,3449.0,11.0,0.0032,5,4,5,14,Champions
16062,United Kingdom,2010-06-21 13:32:00,2011-11-30 12:15:00,9,8,2863.45,2035.0,0.0,0.0,5,4,5,14,Champions
12464,Belgium,2011-02-03 13:30:00,2011-11-29 13:33:00,9,8,1212.05,112.0,0.0,0.0,5,4,4,13,Champions
13658,United Kingdom,2010-02-05 13:17:00,2011-11-30 10:13:00,9,9,5772.07,2171.0,25.0,0.0115,5,5,5,15,Champions
13203,United Kingdom,2009-12-17 14:15:00,2011-11-30 10:45:00,9,10,2630.55,2413.0,6.0,0.0025,5,5,4,14,Champions
14824,United Kingdom,2010-03-12 13:07:00,2011-11-29 14:20:00,9,10,3952.51,1954.0,20.0,0.0102,5,5,5,15,Champions
13211,United Kingdom,2009-12-06 15:24:00,2011-11-29 14:43:00,9,10,2706.87,1890.0,5.0,0.0026,5,5,4,14,Champions
15394,United Kingdom,2009-12-15 19:05:00,2011-11-30 11:49:00,9,11,5251.4,2372.0,4.0,0.0017,5,5,5,15,Champions
14711,United Kingdom,2011-03-22 13:32:00,2011-11-29 14:58:00,9,11,2838.2,978.0,12.0,0.0123,5,5,4,14,Champions
14540,United Kingdom,2009-12-07 13:00:00,2011-11-30 10:15:00,9,11,3785.44,1619.0,2.0,0.0012,5,5,5,15,Champions
14723,United Kingdom,2009-12-04 11:22:00,2011-11-29 15:23:00,9,11,1842.12,1193.0,0.0,0.0,5,5,4,14,Champions
17682,United Kingdom,2010-03-08 09:49:00,2011-11-29 15:59:00,9,11,4050.28,2281.0,2.0,0.0009,5,5,5,15,Champions
16115,United Kingdom,2010-05-14 11:59:00,2011-11-30 11:32:00,9,12,2575.14,1601.0,0.0,0.0,5,5,4,14,Champions
15903,United Kingdom,2010-01-14 10:57:00,2011-11-30 08:08:00,9,12,8859.82,3926.0,9.0,0.0023,5,5,5,15,Champions
14963,United Kingdom,2010-07-02 12:43:00,2011-11-30 12:16:00,9,12,3158.63,2317.0,3.0,0.0013,5,5,5,15,Champions
14390,United Kingdom,2010-10-10 14:30:00,2011-11-29 13:49:00,9,13,6105.58,2836.0,13.0,0.0046,5,5,5,15,Champions
12957,United Kingdom,2009-12-11 12:01:00,2011-11-30 09:53:00,9,13,8628.42,4686.0,25.0,0.0053,5,5,5,15,Champions
15152,United Kingdom,2010-01-07 15:15:00,2011-11-30 12:32:00,9,14,5197.97,2994.0,11.0,0.0037,5,5,5,15,Champions
13784,United Kingdom,2010-09-15 12:27:00,2011-11-30 09:33:00,9,14,2897.18,2827.0,5.0,0.0018,5,5,5,15,Champions
14088,United Kingdom,2010-10-14 19:46:00,2011-11-29 16:16:00,9,16,62400.02,15276.0,97.0,0.0063,5,5,5,15,Champions
14388,United Kingdom,2010-01-20 11:54:00,2011-11-29 13:32:00,9,16,6289.95,4190.0,21.0,0.005,5,5,5,15,Champions
16241,United Kingdom,2010-10-25 13:40:00,2011-11-30 11:08:00,9,16,4051.66,2280.0,0.0,0.0,5,5,5,15,Champions
16775,United Kingdom,2010-09-23 17:34:00,2011-11-29 15:22:00,9,16,2743.39,958.0,96.0,0.1002,5,5,4,14,Champions
15024,United Kingdom,2010-10-11 16:14:00,2011-11-30 12:06:00,9,16,3584.29,1942.0,0.0,0.0,5,5,5,15,Champions
15755,United Kingdom,2009-12-04 08:24:00,2011-11-29 14:57:00,9,17,5936.95,4034.0,35.0,0.0087,5,5,5,15,Champions
18241,United Kingdom,2010-04-01 11:55:00,2011-11-30 12:10:00,9,21,2954.09,1471.0,6.0,0.0041,5,5,5,15,Champions
14062,United Kingdom,2009-12-10 14:28:00,2011-11-30 10:04:00,9,24,25434.83,12799.0,101.0,0.0079,5,5,5,15,Champions
14755,United Kingdom,2009-12-03 16:51:00,2011-11-30 11:24:00,9,25,9851.45,4401.0,35.0,0.008,5,5,5,15,Champions
15611,United Kingdom,2010-01-25 14:50:00,2011-11-30 12:36:00,9,26,2858.37,747.0,25.0,0.0335,5,5,5,15,Champions
13576,United Kingdom,2009-12-08 15:12:00,2011-11-29 15:34:00,9,28,11167.0,4506.0,13.0,0.0029,5,5,5,15,Champions
13999,United Kingdom,2009-12-05 12:42:00,2011-11-29 13:40:00,9,29,9438.01,5043.0,20.0,0.004,5,5,5,15,Champions
16549,United Kingdom,2010-03-28 15:45:00,2011-11-29 15:06:00,9,34,13159.64,7278.0,5.0,0.0007,5,5,5,15,Champions
16782,United Kingdom,2009-12-09 11:58:00,2011-11-29 13:20:00,9,38,9983.21,4196.0,19.0,0.0045,5,5,5,15,Champions
15615,United Kingdom,2009-12-02 15:28:00,2011-11-29 14:42:00,9,47,21282.07,12090.0,35.0,0.0029,5,5,5,15,Champions
15039,United Kingdom,2009-12-10 11:39:00,2011-11-30 11:31:00,9,93,39131.48,17917.0,125.0,0.007,5,5,5,15,Champions
14156,EIRE,2009-12-01 12:30:00,2011-11-30 10:54:00,9,156,296249.99,164444.0,2080.0,0.0126,5,5,5,15,Champions
15297,United Kingdom,2011-10-07 09:42:00,2011-11-29 16:32:00,9,3,635.04,292.0,2.0,0.0068,5,3,3,11,Potential Loyalist
13255,United Kingdom,2010-07-15 13:20:00,2011-11-30 13:14:00,8,3,669.91,407.0,3.0,0.0074,5,3,3,11,Potential Loyalist
16376,United Kingdom,2011-11-22 16:47:00,2011-12-01 11:38:00,8,2,977.52,694.0,5.0,0.0072,5,2,3,10,Potential Loyalist
14178,United Kingdom,2011-06-10 12:51:00,2011-12-01 12:01:00,8,7,1620.93,1505.0,0.0,0.0,5,4,4,13,Champions
14869,United Kingdom,2009-12-16 11:43:00,2011-12-01 12:36:00,8,6,2776.8,2138.0,12.0,0.0056,5,4,4,13,Champions
14618,United Kingdom,2010-06-11 10:11:00,2011-11-30 13:45:00,8,7,1310.52,704.0,4.0,0.0057,5,4,4,13,Champions
17736,United Kingdom,2011-08-18 14:33:00,2011-11-30 15:36:00,8,3,337.49,238.0,1.0,0.0042,5,3,2,10,Potential Loyalist
18158,United Kingdom,2011-09-12 09:03:00,2011-11-30 16:19:00,8,2,451.75,354.0,1.0,0.0028,5,2,2,9,Potential Loyalist
16156,United Kingdom,2009-12-02 17:06:00,2011-12-01 12:42:00,8,20,5933.59,3240.0,209.0,0.0645,5,5,5,15,Champions
18230,United Kingdom,2010-07-02 10:01:00,2011-11-30 13:22:00,8,9,4197.46,1996.0,18.0,0.009,5,5,5,15,Champions
12951,United Kingdom,2010-01-10 12:43:00,2011-12-01 12:14:00,8,15,3164.42,1662.0,12.0,0.0072,5,5,5,15,Champions
16265,United Kingdom,2010-10-28 15:18:00,2011-11-30 16:41:00,8,12,6893.62,3214.0,25.0,0.0078,5,5,5,15,Champions
18179,United Kingdom,2010-02-14 15:51:00,2011-11-30 16:23:00,8,8,2547.55,1811.0,0.0,0.0,5,4,4,13,Champions
12528,Germany,2011-01-31 09:05:00,2011-11-30 14:40:00,8,6,1922.28,756.0,6.0,0.0079,5,4,4,13,Champions
15687,United Kingdom,2011-01-13 15:13:00,2011-12-01 08:33:00,8,9,2981.5,1310.0,2.0,0.0015,5,5,5,15,Champions
15712,United Kingdom,2009-12-01 11:17:00,2011-11-30 14:09:00,8,12,3467.46,1277.0,1.0,0.0008,5,5,5,15,Champions
16839,United Kingdom,2010-02-11 15:02:00,2011-12-01 09:03:00,8,44,20416.03,11295.0,516.0,0.0457,5,5,5,15,Champions
15046,United Kingdom,2010-01-14 14:29:00,2011-11-30 15:50:00,8,25,7583.38,4701.0,171.0,0.0364,5,5,5,15,Champions
15444,United Kingdom,2011-10-30 16:12:00,2011-11-30 17:37:00,8,2,1418.26,764.0,0.0,0.0,5,2,4,11,Potential Loyalist
15021,United Kingdom,2010-07-29 16:35:00,2011-12-01 11:53:00,8,12,2499.95,1123.0,24.0,0.0214,5,5,4,14,Champions
14258,United Kingdom,2009-12-04 08:36:00,2011-11-30 15:27:00,8,25,31027.35,17488.0,241.0,0.0138,5,5,5,15,Champions
12714,France,2009-12-04 10:00:00,2011-11-30 15:43:00,8,12,14093.71,8774.0,0.0,0.0,5,5,5,15,Champions
14659,United Kingdom,2011-01-28 12:43:00,2011-12-01 12:17:00,8,9,2456.53,1195.0,12.0,0.01,5,5,4,14,Champions
12429,Denmark,2010-06-11 13:28:00,2011-11-30 17:22:00,8,8,6154.01,2890.0,120.0,0.0415,5,4,5,14,Champions
13509,United Kingdom,2010-07-20 12:10:00,2011-12-01 10:10:00,8,8,1114.72,1214.0,0.0,0.0,5,4,3,12,Loyal
12882,United Kingdom,2011-11-06 11:22:00,2011-11-30 16:18:00,8,2,1463.04,246.0,0.0,0.0,5,2,4,11,Potential Loyalist
13012,United Kingdom,2010-04-26 14:14:00,2011-11-30 13:05:00,8,11,2591.18,1563.0,170.0,0.1088,5,5,4,14,Champions
16145,United Kingdom,2010-05-04 13:31:00,2011-12-01 10:33:00,8,19,6693.6,5270.0,87.0,0.0165,5,5,5,15,Champions
14448,United Kingdom,2010-12-10 17:26:00,2011-11-30 13:50:00,8,2,375.35,104.0,0.0,0.0,5,2,2,9,Potential Loyalist
17381,United Kingdom,2010-06-09 12:55:00,2011-12-01 11:59:00,8,38,36395.47,42879.0,3.0,0.0001,5,5,5,15,Champions
14713,United Kingdom,2009-12-03 19:22:00,2011-11-30 16:26:00,8,21,5073.52,3331.0,11.0,0.0033,5,5,5,15,Champions
16712,United Kingdom,2010-11-03 15:45:00,2011-11-30 13:48:00,8,13,4266.99,2093.0,0.0,0.0,5,5,5,15,Champions
16915,United Kingdom,2010-05-19 13:32:00,2011-11-30 16:39:00,8,11,1543.18,190.0,0.0,0.0,5,5,4,14,Champions
14047,United Kingdom,2010-02-01 10:05:00,2011-12-01 11:43:00,8,14,3881.11,1541.0,13.0,0.0084,5,5,5,15,Champions
12524,Germany,2010-02-08 14:41:00,2011-11-30 15:31:00,8,17,11091.36,7178.0,5.0,0.0007,5,5,5,15,Champions
12572,Germany,2011-10-19 08:20:00,2011-12-01 09:20:00,8,2,1004.72,452.0,2.0,0.0044,5,2,3,10,Potential Loyalist
17911,United Kingdom,2011-11-30 14:52:00,2011-11-30 14:52:00,8,1,366.23,223.0,0.0,0.0,5,1,2,8,Others
16701,United Kingdom,2009-12-01 19:19:00,2011-12-01 11:10:00,8,26,9614.59,11046.0,229.0,0.0207,5,5,5,15,Champions
15680,United Kingdom,2009-12-02 12:15:00,2011-11-30 13:46:00,8,10,3985.59,2743.0,10.0,0.0036,5,5,5,15,Champions
12784,Portugal,2010-06-28 13:06:00,2011-11-30 15:38:00,8,3,1804.75,882.0,0.0,0.0,5,3,4,12,Potential Loyalist
17937,United Kingdom,2010-12-12 14:43:00,2011-12-01 11:45:00,8,7,4301.22,1754.0,0.0,0.0,5,4,5,14,Champions
15251,United Kingdom,2010-01-29 12:42:00,2011-11-30 15:02:00,8,21,20095.6,12108.0,128.0,0.0106,5,5,5,15,Champions
15654,United Kingdom,2011-11-13 15:15:00,2011-11-30 13:08:00,8,2,922.53,475.0,0.0,0.0,5,2,3,10,Potential Loyalist
16496,United Kingdom,2010-07-18 13:42:00,2011-12-01 10:31:00,8,6,2293.47,1764.0,20.0,0.0113,5,4,4,13,Champions
16938,United Kingdom,2010-02-17 14:47:00,2011-12-01 10:20:00,8,9,6209.93,5084.0,1515.0,0.298,5,5,5,15,Champions
12901,United Kingdom,2011-03-14 10:41:00,2011-12-01 10:07:00,8,28,16293.1,23075.0,2160.0,0.0936,5,5,5,15,Champions
13159,United Kingdom,2011-08-16 11:44:00,2011-12-01 11:20:00,8,4,1379.75,1059.0,14.0,0.0132,5,3,4,12,Potential Loyalist
15101,United Kingdom,2010-04-28 15:00:00,2011-12-01 10:18:00,8,6,1303.49,676.0,21.0,0.0311,5,4,4,13,Champions
13040,United Kingdom,2011-11-06 13:53:00,2011-12-01 10:38:00,8,2,676.99,355.0,0.0,0.0,5,2,3,10,Potential Loyalist
15467,United Kingdom,2011-07-10 14:42:00,2011-11-30 14:17:00,8,3,511.88,310.0,4.0,0.0129,5,3,2,10,Potential Loyalist
15544,United Kingdom,2010-01-28 14:39:00,2011-11-30 16:43:00,8,20,7779.58,6745.0,13.0,0.0019,5,5,5,15,Champions
15993,United Kingdom,2011-10-26 16:21:00,2011-12-01 10:45:00,8,7,2756.82,2051.0,9.0,0.0044,5,4,4,13,Champions
15172,United Kingdom,2011-04-17 11:56:00,2011-12-01 11:51:00,8,5,1624.05,1611.0,0.0,0.0,5,4,4,13,Champions
14804,United Kingdom,2011-12-01 11:20:00,2011-12-01 11:20:00,8,1,353.27,121.0,0.0,0.0,5,1,2,8,Others
13090,United Kingdom,2010-08-02 13:58:00,2011-12-01 12:39:00,8,24,12762.88,3248.0,82.0,0.0252,5,5,5,15,Champions
14289,United Kingdom,2011-02-23 12:33:00,2011-12-01 11:44:00,8,6,911.26,292.0,0.0,0.0,5,4,3,12,Loyal
12921,United Kingdom,2009-12-01 13:43:00,2011-11-30 16:22:00,8,74,33951.65,21328.0,435.0,0.0204,5,5,5,15,Champions
13362,United Kingdom,2010-10-10 15:27:00,2011-11-30 14:41:00,8,7,5357.57,2481.0,12.0,0.0048,5,4,5,14,Champions
14146,United Kingdom,2010-01-13 16:04:00,2011-12-01 10:18:00,8,12,8208.87,5780.0,551.0,0.0953,5,5,5,15,Champions
17737,United Kingdom,2011-10-12 14:42:00,2011-11-30 15:16:00,8,2,168.24,108.0,0.0,0.0,5,2,1,8,Potential Loyalist
17502,United Kingdom,2011-11-10 16:39:00,2011-11-30 13:13:00,8,4,689.1,376.0,0.0,0.0,5,3,3,11,Potential Loyalist
14243,United Kingdom,2010-08-20 13:41:00,2011-12-01 11:12:00,8,17,7152.06,3631.0,21.0,0.0058,5,5,5,15,Champions
16700,United Kingdom,2009-12-02 10:51:00,2011-12-01 11:00:00,8,25,8747.12,6644.0,19.0,0.0029,5,5,5,15,Champions
13854,United Kingdom,2010-01-08 11:28:00,2011-12-01 09:06:00,8,39,11848.81,3642.0,21.0,0.0058,5,5,5,15,Champions
14385,United Kingdom,2011-11-16 11:55:00,2011-11-30 15:36:00,8,3,202.11,159.0,0.0,0.0,5,3,1,9,Potential Loyalist
17288,United Kingdom,2010-11-10 14:44:00,2011-11-30 16:09:00,8,11,2499.98,1706.0,0.0,0.0,5,5,4,14,Champions
15951,United Kingdom,2010-11-23 18:20:00,2011-12-01 08:34:00,8,3,974.52,420.0,7.0,0.0167,5,3,3,11,Potential Loyalist
15380,United Kingdom,2009-12-01 13:50:00,2011-12-01 12:13:00,8,11,3192.1,954.0,18.0,0.0189,5,5,5,15,Champions
14732,United Kingdom,2009-12-09 10:48:00,2011-12-01 14:34:00,7,19,5447.52,2273.0,14.0,0.0062,5,5,5,15,Champions
14440,United Kingdom,2009-12-02 12:13:00,2011-12-01 15:42:00,7,13,5870.13,1605.0,10.0,0.0062,5,5,5,15,Champions
14292,United Kingdom,2010-03-19 11:10:00,2011-12-02 11:50:00,7,16,8887.9,3429.0,56.0,0.0163,5,5,5,15,Champions
18077,United Kingdom,2009-12-07 11:40:00,2011-12-01 13:32:00,7,18,4133.69,3062.0,0.0,0.0,5,5,5,15,Champions
14309,United Kingdom,2010-06-07 10:24:00,2011-12-01 13:33:00,7,11,3747.96,2583.0,14.0,0.0054,5,5,5,15,Champions
15602,United Kingdom,2009-12-02 09:35:00,2011-12-01 14:14:00,7,16,2883.42,2292.0,156.0,0.0681,5,5,5,15,Champions
15862,United Kingdom,2009-12-17 11:33:00,2011-12-01 13:28:00,7,13,2574.06,1556.0,0.0,0.0,5,5,4,14,Champions
15904,United Kingdom,2011-12-01 14:50:00,2011-12-01 14:50:00,7,1,164.68,84.0,0.0,0.0,5,1,1,7,Others
15373,United Kingdom,2010-05-02 11:57:00,2011-12-01 15:05:00,7,17,2884.29,727.0,24.0,0.033,5,5,5,15,Champions
17293,United Kingdom,2009-12-03 15:09:00,2011-12-01 14:37:00,7,17,3774.23,2234.0,0.0,0.0,5,5,5,15,Champions
17183,United Kingdom,2011-08-26 15:25:00,2011-12-02 10:07:00,7,6,3286.91,1296.0,32.0,0.0247,5,4,5,14,Champions
14895,United Kingdom,2009-12-10 14:22:00,2011-12-02 09:23:00,7,38,24488.82,10714.0,69.0,0.0064,5,5,5,15,Champions
12587,Finland,2011-12-02 12:47:00,2011-12-02 12:47:00,7,1,144.0,51.0,0.0,0.0,5,1,1,7,Others
12856,United Kingdom,2011-10-07 12:38:00,2011-12-02 10:52:00,7,6,2162.68,1079.0,3.0,0.0028,5,4,4,13,Champions
18122,United Kingdom,2011-07-12 11:37:00,2011-12-01 13:08:00,7,6,1826.21,1234.0,0.0,0.0,5,4,4,13,Champions
15028,United Kingdom,2010-11-10 14:32:00,2011-12-01 14:06:00,7,6,971.74,677.0,0.0,0.0,5,4,3,12,Loyal
16440,United Kingdom,2010-08-03 11:32:00,2011-12-02 12:02:00,7,6,3856.97,2108.0,0.0,0.0,5,4,5,14,Champions
14688,United Kingdom,2010-09-09 12:35:00,2011-12-02 12:26:00,7,28,6745.1,5126.0,399.0,0.0778,5,5,5,15,Champions
14126,United Kingdom,2010-09-21 14:51:00,2011-12-02 11:45:00,7,4,1109.96,887.0,50.0,0.0564,5,3,3,11,Potential Loyalist
15948,United Kingdom,2010-10-11 12:16:00,2011-12-01 15:32:00,7,3,1509.09,852.0,0.0,0.0,5,3,4,12,Potential Loyalist
17576,United Kingdom,2009-12-03 16:54:00,2011-12-01 17:56:00,7,41,8766.01,4683.0,45.0,0.0096,5,5,5,15,Champions
16038,United Kingdom,2011-05-22 11:29:00,2011-12-02 12:40:00,7,3,454.33,244.0,3.0,0.0123,5,3,2,10,Potential Loyalist
17426,United Kingdom,2010-02-17 13:39:00,2011-12-01 18:07:00,7,13,7606.37,5187.0,97.0,0.0187,5,5,5,15,Champions
14092,United Kingdom,2009-12-16 16:24:00,2011-12-02 12:13:00,7,24,7215.64,3606.0,5.0,0.0014,5,5,5,15,Champions
15500,United Kingdom,2011-09-19 13:47:00,2011-12-01 13:47:00,7,4,1131.56,572.0,0.0,0.0,5,3,3,11,Potential Loyalist
12562,France,2010-09-30 13:13:00,2011-12-01 17:20:00,7,9,4966.92,2327.0,0.0,0.0,5,5,5,15,Champions
14287,United Kingdom,2011-05-25 11:41:00,2011-12-01 13:25:00,7,3,151.23,261.0,25.0,0.0958,5,3,1,9,Potential Loyalist
12762,Portugal,2011-11-14 14:23:00,2011-12-02 10:23:00,7,2,1898.52,1227.0,0.0,0.0,5,2,4,11,Potential Loyalist
13495,United Kingdom,2009-12-07 12:12:00,2011-12-02 11:21:00,7,10,4790.41,2465.0,22.0,0.0089,5,5,5,15,Champions
16759,United Kingdom,2011-11-09 09:06:00,2011-12-02 12:42:00,7,3,772.84,609.0,1.0,0.0016,5,3,3,11,Potential Loyalist
15060,United Kingdom,2011-11-30 14:03:00,2011-12-01 13:47:00,7,4,303.09,263.0,0.0,0.0,5,3,2,10,Potential Loyalist
18282,United Kingdom,2011-08-05 13:35:00,2011-12-02 11:43:00,7,2,176.6,103.0,5.0,0.0485,5,2,1,8,Potential Loyalist
12558,USA,2011-12-02 10:41:00,2011-12-02 10:41:00,7,1,0.0,196.0,196.0,1.0,5,1,1,7,Others
16333,United Kingdom,2011-02-03 10:50:00,2011-12-02 12:19:00,7,22,26626.8,32184.0,0.0,0.0,5,5,5,15,Champions
15434,United Kingdom,2010-01-24 15:35:00,2011-12-01 13:33:00,7,11,2517.11,1423.0,10.0,0.007,5,5,4,14,Champions
17014,United Kingdom,2011-10-04 11:36:00,2011-12-01 14:09:00,7,3,565.58,245.0,5.0,0.0204,5,3,2,10,Potential Loyalist
15144,United Kingdom,2009-12-13 11:35:00,2011-12-01 15:12:00,7,29,12006.51,5251.0,46.0,0.0088,5,5,5,15,Champions
15531,United Kingdom,2011-11-09 17:47:00,2011-12-01 18:43:00,7,2,2007.44,1105.0,0.0,0.0,5,2,4,11,Potential Loyalist
16242,United Kingdom,2010-03-15 16:02:00,2011-12-01 15:12:00,7,14,7433.3,3955.0,9.0,0.0023,5,5,5,15,Champions
16169,United Kingdom,2011-09-25 11:33:00,2011-12-01 15:28:00,7,4,1822.97,1325.0,0.0,0.0,5,3,4,12,Potential Loyalist
14897,United Kingdom,2009-12-15 17:05:00,2011-12-02 10:32:00,7,8,3100.74,1162.0,4.0,0.0034,5,4,5,14,Champions
17566,United Kingdom,2011-11-14 13:42:00,2011-12-01 19:54:00,7,2,901.21,518.0,0.0,0.0,5,2,3,10,Potential Loyalist
18097,United Kingdom,2009-12-17 11:06:00,2011-12-02 11:16:00,7,11,4652.17,2740.0,5.0,0.0018,5,5,5,15,Champions
12700,France,2011-05-08 16:10:00,2011-12-02 10:47:00,7,4,4867.99,2967.0,4.0,0.0013,5,3,5,13,Potential Loyalist
16011,United Kingdom,2009-12-01 12:02:00,2011-12-01 16:31:00,7,29,5629.06,3346.0,3.0,0.0009,5,5,5,15,Champions
16899,United Kingdom,2010-11-07 15:00:00,2011-12-02 12:03:00,7,8,1721.02,818.0,0.0,0.0,5,4,4,13,Champions
14262,United Kingdom,2011-04-13 12:23:00,2011-12-01 14:17:00,7,8,2618.23,1645.0,0.0,0.0,5,4,4,13,Champions
12963,United Kingdom,2010-07-08 14:45:00,2011-12-01 12:55:00,7,12,3146.99,1637.0,32.0,0.0195,5,5,5,15,Champions
16119,United Kingdom,2009-12-16 11:56:00,2011-12-01 15:11:00,7,8,1720.81,811.0,0.0,0.0,5,4,4,13,Champions
13705,United Kingdom,2010-03-25 17:19:00,2011-12-02 12:32:00,7,7,1717.19,906.0,0.0,0.0,5,4,4,13,Champions
14766,United Kingdom,2010-06-06 11:11:00,2011-12-01 16:05:00,7,11,6301.88,3999.0,36.0,0.009,5,5,5,15,Champions
13297,United Kingdom,2010-06-15 12:35:00,2011-12-02 09:32:00,7,7,4352.67,2694.0,1.0,0.0004,5,4,5,14,Champions
17495,United Kingdom,2010-11-14 11:50:00,2011-12-02 12:08:00,7,3,759.07,367.0,9.0,0.0245,5,3,3,11,Potential Loyalist
17768,United Kingdom,2009-12-02 12:26:00,2011-12-01 13:22:00,7,7,3504.56,2433.0,1.0,0.0004,5,4,5,14,Champions
12364,Belgium,2011-08-19 15:24:00,2011-12-02 10:22:00,7,4,1313.1,1506.0,0.0,0.0,5,3,4,12,Potential Loyalist
12684,France,2011-05-10 12:55:00,2011-12-02 09:53:00,7,7,2283.63,1985.0,0.0,0.0,5,4,4,13,Champions
14655,United Kingdom,2010-04-22 14:29:00,2011-12-01 16:28:00,7,7,3829.23,2341.0,16.0,0.0068,5,4,5,14,Champions
12553,France,2010-10-12 13:35:00,2011-12-01 16:38:00,7,12,4548.82,2325.0,43.0,0.0185,5,5,5,15,Champions
14298,United Kingdom,2009-12-11 13:49:00,2011-12-01 13:12:00,7,82,90489.31,100272.0,418.0,0.0042,5,5,5,15,Champions
17450,United Kingdom,2010-09-27 16:59:00,2011-12-01 13:29:00,7,51,231550.55,83934.0,3724.0,0.0444,5,5,5,15,Champions
17386,United Kingdom,2010-11-19 13:40:00,2011-12-02 11:28:00,7,7,2812.77,1955.0,0.0,0.0,5,4,4,13,Champions
13183,United Kingdom,2010-03-14 12:32:00,2011-12-02 10:30:00,7,15,7010.88,4027.0,26.0,0.0065,5,5,5,15,Champions
16966,United Kingdom,2011-04-13 14:17:00,2011-12-01 13:40:00,7,7,2148.47,1981.0,3.0,0.0015,5,4,4,13,Champions
17942,United Kingdom,2011-12-02 10:45:00,2011-12-02 10:45:00,7,1,77.5,38.0,0.0,0.0,5,1,1,7,Others
16789,United Kingdom,2011-12-01 15:12:00,2011-12-01 15:12:00,7,1,80.8,32.0,0.0,0.0,5,1,1,7,Others
17350,United Kingdom,2010-02-01 15:38:00,2011-12-01 15:47:00,7,7,1876.161,1216.0,36.0,0.0296,5,4,4,13,Champions
17115,United Kingdom,2009-12-05 12:13:00,2011-12-01 14:30:00,7,7,2616.29,885.0,20.0,0.0226,5,4,4,13,Champions
17157,United Kingdom,2009-12-04 13:00:00,2011-12-02 09:10:00,7,19,5139.45,2092.0,3.0,0.0014,5,5,5,15,Champions
12664,Finland,2009-12-13 10:28:00,2011-12-01 17:07:00,7,11,6052.04,1495.0,1.0,0.0007,5,5,5,15,Champions
17321,United Kingdom,2010-05-11 12:10:00,2011-12-01 13:41:00,7,6,1741.18,817.0,0.0,0.0,5,4,4,13,Champions
16813,United Kingdom,2011-05-19 13:28:00,2011-12-01 14:03:00,7,10,1692.98,1525.0,0.0,0.0,5,5,4,14,Champions
14367,United Kingdom,2011-03-08 14:12:00,2011-12-01 13:19:00,7,16,9167.82,4438.0,28.0,0.0063,5,5,5,15,Champions
12919,United Kingdom,2011-06-23 09:22:00,2011-12-01 13:47:00,7,6,1301.44,673.0,5.0,0.0074,5,4,4,13,Champions
14299,United Kingdom,2009-12-02 10:58:00,2011-12-01 16:05:00,7,27,12607.53,8136.0,175.0,0.0215,5,5,5,15,Champions
18144,United Kingdom,2009-12-16 15:57:00,2011-12-02 12:46:00,7,19,4892.95,2144.0,0.0,0.0,5,5,5,15,Champions
14960,United Kingdom,2011-06-21 13:38:00,2011-12-01 12:54:00,7,2,221.27,221.0,0.0,0.0,5,2,1,8,Potential Loyalist
18245,United Kingdom,2010-03-08 15:26:00,2011-12-02 14:48:00,6,20,6236.23,5098.0,20.0,0.0039,5,5,5,15,Champions
14428,United Kingdom,2011-01-18 16:39:00,2011-12-02 13:17:00,6,5,1230.14,436.0,8.0,0.0183,5,4,4,13,Champions
12695,France,2010-02-12 13:22:00,2011-12-02 13:22:00,6,7,1407.12,454.0,0.0,0.0,5,4,4,13,Champions
17686,United Kingdom,2010-06-24 09:49:00,2011-12-02 15:39:00,6,9,8296.81,3583.0,0.0,0.0,5,5,5,15,Champions
13560,United Kingdom,2011-12-02 13:11:00,2011-12-02 13:11:00,6,1,174.37,64.0,0.0,0.0,5,1,1,7,Others
15547,United Kingdom,2009-12-06 13:40:00,2011-12-02 12:52:00,6,26,10140.89,7362.0,2.0,0.0003,5,5,5,15,Champions
17221,United Kingdom,2010-04-11 15:34:00,2011-12-02 13:35:00,6,5,978.52,715.0,0.0,0.0,5,4,3,12,Loyal
15769,United Kingdom,2009-12-11 09:58:00,2011-12-02 13:52:00,6,46,84177.58,49068.0,2014.0,0.041,5,5,5,15,Champions
14023,United Kingdom,2011-04-03 15:50:00,2011-12-02 13:58:00,6,2,584.07,345.0,0.0,0.0,5,2,2,9,Potential Loyalist
14594,United Kingdom,2010-12-01 13:54:00,2011-12-02 13:28:00,6,2,379.83,185.0,0.0,0.0,5,2,2,9,Potential Loyalist
12704,Finland,2011-06-23 10:20:00,2011-12-02 13:15:00,6,8,2220.84,1006.0,3.0,0.003,5,4,4,13,Champions
16474,United Kingdom,2011-07-17 14:51:00,2011-12-02 13:02:00,6,7,1811.47,943.0,25.0,0.0265,5,4,4,13,Champions
13458,United Kingdom,2010-11-16 14:01:00,2011-12-02 15:29:00,6,16,11850.62,6760.0,48.0,0.0071,5,5,5,15,Champions
16103,United Kingdom,2010-01-08 12:08:00,2011-12-02 14:16:00,6,22,6002.76,2639.0,33.0,0.0125,5,5,5,15,Champions
14560,United Kingdom,2009-12-02 10:15:00,2011-12-02 15:22:00,6,44,6050.44,4580.0,37.0,0.0081,5,5,5,15,Champions
18055,United Kingdom,2010-10-22 13:27:00,2011-12-02 14:25:00,6,14,10163.04,3545.0,5.0,0.0014,5,5,5,15,Champions
13953,United Kingdom,2009-12-11 12:58:00,2011-12-02 16:04:00,6,12,6640.68,5224.0,0.0,0.0,5,5,5,15,Champions
13868,United Kingdom,2011-11-01 12:45:00,2011-12-02 16:32:00,6,2,3192.54,1964.0,0.0,0.0,5,2,5,12,Potential Loyalist
17611,United Kingdom,2009-12-01 13:29:00,2011-12-02 13:29:00,6,28,8205.38,5356.0,73.0,0.0136,5,5,5,15,Champions
15570,United Kingdom,2010-03-28 14:04:00,2011-12-02 14:47:00,6,25,8729.34,4114.0,10.0,0.0024,5,5,5,15,Champions
14031,United Kingdom,2009-12-03 15:35:00,2011-12-02 17:13:00,6,44,36127.85,13822.0,549.0,0.0397,5,5,5,15,Champions
13969,United Kingdom,2010-03-25 13:15:00,2011-12-02 15:11:00,6,35,12895.18,6684.0,62.0,0.0093,5,5,5,15,Champions
13309,United Kingdom,2010-11-12 12:10:00,2011-12-02 16:34:00,6,6,1706.37,1914.0,0.0,0.0,5,4,4,13,Champions
13017,United Kingdom,2011-12-02 15:53:00,2011-12-02 15:53:00,6,1,204.0,48.0,0.0,0.0,5,1,1,7,Others
12970,United Kingdom,2009-12-04 14:19:00,2011-12-02 14:30:00,6,10,1524.97,1014.0,0.0,0.0,5,5,4,14,Champions
14493,United Kingdom,2010-03-08 08:33:00,2011-12-02 16:14:00,6,10,5036.05,3183.0,12.0,0.0038,5,5,5,15,Champions
14250,United Kingdom,2011-09-11 13:44:00,2011-12-02 14:30:00,6,3,1904.05,1200.0,0.0,0.0,5,3,4,12,Potential Loyalist
17567,United Kingdom,2010-09-24 10:48:00,2011-12-02 15:48:00,6,9,4519.16,2908.0,204.0,0.0702,5,5,5,15,Champions
16359,United Kingdom,2010-02-16 10:39:00,2011-12-02 17:04:00,6,16,2379.4,1764.0,33.0,0.0187,5,5,4,14,Champions
18174,United Kingdom,2010-04-15 12:17:00,2011-12-02 16:56:00,6,2,162.5,80.0,0.0,0.0,5,2,1,8,Potential Loyalist
15078,United Kingdom,2009-12-04 12:03:00,2011-12-02 15:41:00,6,53,17101.37,8777.0,84.0,0.0096,5,5,5,15,Champions
12962,United Kingdom,2011-08-18 13:38:00,2011-12-02 15:55:00,6,2,266.39,129.0,0.0,0.0,5,2,1,8,Potential Loyalist
14865,United Kingdom,2009-12-01 16:05:00,2011-12-02 16:25:00,6,4,92.52,204.0,0.0,0.0,5,3,1,9,Potential Loyalist
17086,United Kingdom,2011-10-07 11:22:00,2011-12-02 13:54:00,6,6,2050.08,1859.0,0.0,0.0,5,4,4,13,Champions
17584,United Kingdom,2010-01-25 08:17:00,2011-12-02 17:12:00,6,6,5294.42,2464.0,12.0,0.0049,5,4,5,14,Champions
16989,United Kingdom,2011-07-12 09:11:00,2011-12-02 16:39:00,6,6,1133.25,1233.0,0.0,0.0,5,4,3,12,Loyal
15123,United Kingdom,2010-03-16 09:49:00,2011-12-02 13:12:00,6,5,4656.17,2524.0,0.0,0.0,5,4,5,14,Champions
13780,United Kingdom,2010-10-28 19:51:00,2011-12-02 13:49:00,6,3,735.82,481.0,0.0,0.0,5,3,3,11,Potential Loyalist
15539,United Kingdom,2011-12-02 13:36:00,2011-12-02 13:36:00,6,1,538.46,410.0,0.0,0.0,5,1,2,8,Others
15271,United Kingdom,2010-08-05 14:57:00,2011-12-02 14:11:00,6,24,4527.54,2446.0,36.0,0.0147,5,5,5,15,Champions
14788,United Kingdom,2010-04-22 18:16:00,2011-12-02 17:06:00,6,3,1156.32,719.0,0.0,0.0,5,3,3,11,Potential Loyalist
13884,United Kingdom,2010-08-26 19:57:00,2011-12-02 16:30:00,6,10,1852.38,797.0,7.0,0.0088,5,5,4,14,Champions
13153,United Kingdom,2011-12-04 12:14:00,2011-12-04 12:14:00,5,1,486.22,418.0,0.0,0.0,5,1,2,8,Others
12952,United Kingdom,2011-09-22 16:37:00,2011-12-04 10:35:00,5,4,1382.84,653.0,1.0,0.0015,5,3,4,12,Potential Loyalist
16033,United Kingdom,2010-08-11 16:44:00,2011-12-04 12:44:00,5,27,10536.75,4236.0,36.0,0.0085,5,5,5,15,Champions
16326,United Kingdom,2010-01-28 13:23:00,2011-12-04 10:11:00,5,24,4706.99,1120.0,21.0,0.0188,5,5,5,15,Champions
17629,United Kingdom,2010-10-14 13:35:00,2011-12-04 10:56:00,5,10,2425.52,1903.0,8.0,0.0042,5,5,4,14,Champions
13558,United Kingdom,2011-10-02 13:01:00,2011-12-04 11:24:00,5,4,605.06,344.0,0.0,0.0,5,3,3,11,Potential Loyalist
16438,United Kingdom,2011-09-18 13:31:00,2011-12-04 10:51:00,5,5,798.35,463.0,0.0,0.0,5,4,3,12,Loyal
17618,United Kingdom,2010-01-24 11:03:00,2011-12-04 11:50:00,5,11,4047.94,1820.0,5.0,0.0027,5,5,5,15,Champions
15773,United Kingdom,2010-10-26 15:27:00,2011-12-04 12:48:00,5,2,774.52,410.0,0.0,0.0,5,2,3,10,Potential Loyalist
12827,United Kingdom,2011-10-26 15:44:00,2011-12-04 12:17:00,5,3,430.15,197.0,0.0,0.0,5,3,2,10,Potential Loyalist
13808,United Kingdom,2011-09-04 12:07:00,2011-12-04 12:18:00,5,5,1747.66,782.0,0.0,0.0,5,4,4,13,Champions
14720,United Kingdom,2011-08-05 12:06:00,2011-12-04 12:02:00,5,3,663.81,219.0,0.0,0.0,5,3,3,11,Potential Loyalist
13596,United Kingdom,2011-11-27 11:57:00,2011-12-04 12:01:00,5,2,697.04,406.0,0.0,0.0,5,2,3,10,Potential Loyalist
17858,United Kingdom,2009-12-06 15:41:00,2011-12-04 11:56:00,5,30,12472.05,5396.0,3.0,0.0006,5,5,5,15,Champions
14354,United Kingdom,2011-11-09 15:36:00,2011-12-04 11:32:00,5,2,163.62,210.0,0.0,0.0,5,2,1,8,Potential Loyalist
14583,United Kingdom,2010-03-28 15:16:00,2011-12-04 12:32:00,5,8,1781.03,1155.0,0.0,0.0,5,4,4,13,Champions
13838,United Kingdom,2010-05-09 11:40:00,2011-12-04 11:00:00,5,10,1727.98,711.0,0.0,0.0,5,5,4,14,Champions
16283,United Kingdom,2010-02-28 14:12:00,2011-12-04 12:08:00,5,8,4311.37,2889.0,25.0,0.0087,5,4,5,14,Champions
18065,United Kingdom,2009-12-09 16:00:00,2011-12-04 10:30:00,5,29,5836.88,2265.0,7.0,0.0031,5,5,5,15,Champions
13822,United Kingdom,2011-10-30 15:55:00,2011-12-04 12:13:00,5,2,632.0,611.0,0.0,0.0,5,2,3,10,Potential Loyalist
16561,United Kingdom,2011-10-11 09:53:00,2011-12-04 11:50:00,5,2,511.12,244.0,0.0,0.0,5,2,2,9,Potential Loyalist
17114,United Kingdom,2011-01-09 11:39:00,2011-12-04 12:17:00,5,8,747.22,219.0,9.0,0.0411,5,4,3,12,Loyal
16642,United Kingdom,2010-10-20 14:22:00,2011-12-05 11:31:00,4,3,1051.46,775.0,31.0,0.04,5,3,3,11,Potential Loyalist
16500,United Kingdom,2010-06-14 14:54:00,2011-12-05 12:04:00,4,9,835.96,386.0,1.0,0.0026,5,5,3,13,Loyal
12560,Germany,2011-07-19 15:55:00,2011-12-04 13:54:00,4,3,2101.39,1110.0,32.0,0.0288,5,3,4,12,Potential Loyalist
16149,United Kingdom,2010-10-06 15:54:00,2011-12-05 11:29:00,4,3,422.22,598.0,0.0,0.0,5,3,2,10,Potential Loyalist
14060,United Kingdom,2010-03-11 09:47:00,2011-12-05 12:29:00,4,30,8882.3,7419.0,14.0,0.0019,5,5,5,15,Champions
14759,United Kingdom,2011-04-21 10:55:00,2011-12-05 12:03:00,4,3,1625.97,569.0,0.0,0.0,5,3,4,12,Potential Loyalist
15867,United Kingdom,2009-12-14 15:16:00,2011-12-04 13:32:00,4,31,8861.95,5092.0,17.0,0.0033,5,5,5,15,Champions
12673,Germany,2010-11-03 10:46:00,2011-12-04 13:55:00,4,3,1230.02,700.0,0.0,0.0,5,3,4,12,Potential Loyalist
14194,United Kingdom,2010-01-06 12:16:00,2011-12-05 10:38:00,4,36,18442.87,10037.0,110.0,0.011,5,5,5,15,Champions
16535,United Kingdom,2010-01-28 15:26:00,2011-12-04 15:18:00,4,3,1001.59,685.0,0.0,0.0,5,3,3,11,Potential Loyalist
13435,United Kingdom,2010-07-27 16:56:00,2011-12-04 14:45:00,4,9,4459.83,2791.0,4.0,0.0014,5,5,5,15,Champions
14649,United Kingdom,2010-01-20 13:10:00,2011-12-05 12:30:00,4,9,3754.16,2464.0,3.0,0.0012,5,5,5,15,Champions
16873,United Kingdom,2010-02-09 14:17:00,2011-12-05 12:05:00,4,12,14547.03,8601.0,18.0,0.0021,5,5,5,15,Champions
14456,United Kingdom,2011-07-20 13:06:00,2011-12-04 13:59:00,4,9,3047.63,2908.0,7.0,0.0024,5,5,5,15,Champions
13704,United Kingdom,2011-09-12 14:40:00,2011-12-04 15:13:00,4,9,2295.31,1531.0,3.0,0.002,5,5,4,14,Champions
17750,United Kingdom,2011-06-28 15:44:00,2011-12-04 14:09:00,4,9,1797.57,3957.0,0.0,0.0,5,5,4,14,Champions
17526,United Kingdom,2009-12-17 16:18:00,2011-12-05 11:05:00,4,12,3450.04,1442.0,53.0,0.0368,5,5,5,15,Champions
17936,United Kingdom,2011-12-04 13:32:00,2011-12-04 13:32:00,4,1,389.84,262.0,0.0,0.0,5,1,2,8,Others
12782,Portugal,2010-07-08 13:31:00,2011-12-05 09:16:00,4,11,4526.04,2017.0,32.0,0.0159,5,5,5,15,Champions
17173,United Kingdom,2011-07-31 15:26:00,2011-12-04 14:40:00,4,8,3755.65,1122.0,1.0,0.0009,5,4,5,14,Champions
17006,United Kingdom,2010-03-05 13:33:00,2011-12-05 12:09:00,4,8,1636.32,573.0,0.0,0.0,5,4,4,13,Champions
12724,France,2010-06-22 14:00:00,2011-12-04 16:02:00,4,7,2317.52,1379.0,0.0,0.0,5,4,4,13,Champions
13630,United Kingdom,2011-02-27 12:49:00,2011-12-04 15:16:00,4,7,1995.68,1391.0,14.0,0.0101,5,4,4,13,Champions
15392,United Kingdom,2010-10-04 12:50:00,2011-12-05 11:01:00,4,7,2891.82,2144.0,12.0,0.0056,5,4,5,14,Champions
13736,United Kingdom,2009-12-06 12:07:00,2011-12-04 15:19:00,4,7,2715.01,1552.0,12.0,0.0077,5,4,4,13,Champions
16360,United Kingdom,2011-09-12 13:50:00,2011-12-05 12:16:00,4,6,3411.69,2144.0,16.0,0.0075,5,4,5,14,Champions
13417,United Kingdom,2010-02-08 12:39:00,2011-12-05 08:49:00,4,6,1593.89,532.0,24.0,0.0451,5,4,4,13,Champions
14075,United Kingdom,2010-06-16 14:47:00,2011-12-05 08:38:00,4,6,1734.87,1494.0,0.0,0.0,5,4,4,13,Champions
17827,United Kingdom,2010-03-28 12:20:00,2011-12-04 15:00:00,4,6,2381.3,1592.0,1.0,0.0006,5,4,4,13,Champions
13319,United Kingdom,2009-12-06 14:46:00,2011-12-04 13:34:00,4,58,20974.96,8974.0,72.0,0.008,5,5,5,15,Champions
15053,United Kingdom,2011-03-03 12:06:00,2011-12-05 12:08:00,4,3,697.79,986.0,0.0,0.0,5,3,3,11,Potential Loyalist
18180,United Kingdom,2011-07-20 08:59:00,2011-12-05 08:39:00,4,6,1843.75,1721.0,0.0,0.0,5,4,4,13,Champions
15628,United Kingdom,2009-12-13 13:39:00,2011-12-05 10:24:00,4,17,5284.18,3569.0,22.0,0.0062,5,5,5,15,Champions
14546,United Kingdom,2009-12-06 13:10:00,2011-12-04 13:00:00,4,11,5001.03,2696.0,76.0,0.0282,5,5,5,15,Champions
16905,United Kingdom,2009-12-10 20:04:00,2011-12-04 14:01:00,4,17,4750.1,1951.0,3.0,0.0015,5,5,5,15,Champions
17131,United Kingdom,2011-09-25 12:42:00,2011-12-04 12:52:00,4,5,2463.17,983.0,0.0,0.0,5,4,4,13,Champions
12925,United Kingdom,2010-04-26 10:32:00,2011-12-05 11:11:00,4,3,729.33,649.0,0.0,0.0,5,3,3,11,Potential Loyalist
16682,United Kingdom,2011-06-05 11:02:00,2011-12-05 12:13:00,4,5,1028.0,1040.0,0.0,0.0,5,4,3,12,Loyal
13956,United Kingdom,2011-03-13 12:51:00,2011-12-04 13:20:00,4,5,1026.42,491.0,0.0,0.0,5,4,3,12,Loyal
12381,Norway,2011-08-12 09:57:00,2011-12-05 12:44:00,4,5,1803.96,808.0,25.0,0.0309,5,4,4,13,Champions
17954,United Kingdom,2009-12-09 13:22:00,2011-12-04 14:15:00,4,19,3732.73,3203.0,52.0,0.0162,5,5,5,15,Champions
14102,United Kingdom,2011-10-26 12:46:00,2011-12-04 15:38:00,4,5,1314.73,961.0,23.0,0.0239,5,4,4,13,Champions
14931,Channel Islands,2011-04-13 09:32:00,2011-12-05 10:19:00,4,5,964.68,417.0,1.0,0.0024,5,4,3,12,Loyal
15033,United Kingdom,2011-01-14 13:28:00,2011-12-05 12:40:00,4,10,2571.02,1695.0,3.0,0.0018,5,5,4,14,Champions
16513,United Kingdom,2011-10-27 14:56:00,2011-12-05 10:18:00,4,4,874.59,407.0,0.0,0.0,5,3,3,11,Potential Loyalist
15572,United Kingdom,2010-04-14 14:38:00,2011-12-05 10:09:00,4,10,4068.67,2148.0,0.0,0.0,5,5,5,15,Champions
16988,United Kingdom,2010-11-25 09:22:00,2011-12-04 16:02:00,4,2,382.67,158.0,0.0,0.0,5,2,2,9,Potential Loyalist
12490,France,2009-12-01 12:52:00,2011-12-04 16:07:00,4,21,9818.64,5906.0,4.0,0.0007,5,5,5,15,Champions
14658,United Kingdom,2011-08-14 15:42:00,2011-12-04 15:35:00,4,2,247.15,47.0,0.0,0.0,5,2,1,8,Potential Loyalist
17579,United Kingdom,2010-05-10 14:28:00,2011-12-05 12:28:00,4,4,744.58,375.0,2.0,0.0053,5,3,3,11,Potential Loyalist
16931,United Kingdom,2010-11-07 13:24:00,2011-12-04 13:15:00,4,23,5081.57,3381.0,0.0,0.0,5,5,5,15,Champions
12646,USA,2011-10-21 12:52:00,2011-12-05 10:14:00,4,2,1346.97,897.0,0.0,0.0,5,2,4,11,Potential Loyalist
16746,United Kingdom,2009-12-04 13:00:00,2011-12-05 12:33:00,4,42,18031.85,11906.0,8.0,0.0007,5,5,5,15,Champions
17402,United Kingdom,2009-12-16 17:40:00,2011-12-05 10:15:00,4,23,4587.11,1451.0,4.0,0.0028,5,5,5,15,Champions
15358,United Kingdom,2009-12-07 12:19:00,2011-12-05 09:04:00,4,42,16212.8,14902.0,159.0,0.0107,5,5,5,15,Champions
12719,France,2011-10-05 14:50:00,2011-12-04 13:45:00,4,2,608.1,374.0,13.0,0.0348,5,2,3,10,Potential Loyalist
13126,United Kingdom,2010-03-02 12:24:00,2011-12-05 10:00:00,4,13,3679.03,3289.0,28.0,0.0085,5,5,5,15,Champions
17254,United Kingdom,2010-11-03 14:00:00,2011-12-05 12:46:00,4,3,470.73,398.0,0.0,0.0,5,3,2,10,Potential Loyalist
15290,United Kingdom,2010-02-24 10:15:00,2011-12-05 11:39:00,4,26,10355.58,6567.0,71.0,0.0108,5,5,5,15,Champions
16811,United Kingdom,2011-11-22 17:19:00,2011-12-05 11:39:00,4,2,547.07,477.0,0.0,0.0,5,2,2,9,Potential Loyalist
18223,United Kingdom,2009-12-04 12:20:00,2011-12-05 09:11:00,4,26,13497.58,6644.0,184.0,0.0277,5,5,5,15,Champions
12841,United Kingdom,2010-07-08 15:38:00,2011-12-05 11:13:00,4,40,6884.49,5093.0,75.0,0.0147,5,5,5,15,Champions
12913,United Kingdom,2009-12-01 12:18:00,2011-12-05 12:11:00,4,13,6283.24,3086.0,0.0,0.0,5,5,5,15,Champions
18044,United Kingdom,2010-05-28 15:31:00,2011-12-05 14:26:00,3,18,3502.66,1598.0,1.0,0.0006,5,5,5,15,Champions
16597,United Kingdom,2011-12-05 15:44:00,2011-12-05 15:44:00,3,1,90.04,184.0,0.0,0.0,5,1,1,7,Others
12682,France,2009-12-01 09:28:00,2011-12-06 10:00:00,3,52,22870.52,10542.0,9.0,0.0009,5,5,5,15,Champions
17744,United Kingdom,2010-11-24 09:34:00,2011-12-06 12:11:00,3,7,2617.82,3826.0,36.0,0.0094,5,4,4,13,Champions
15274,United Kingdom,2011-11-21 14:17:00,2011-12-05 16:57:00,3,2,716.57,619.0,0.0,0.0,5,2,3,10,Potential Loyalist
13173,United Kingdom,2009-12-10 12:52:00,2011-12-05 15:51:00,3,11,2454.56,1506.0,3.0,0.002,5,5,4,14,Champions
16528,United Kingdom,2011-12-06 12:45:00,2011-12-06 12:45:00,3,1,244.41,171.0,0.0,0.0,5,1,1,7,Others
14083,United Kingdom,2009-12-18 11:34:00,2011-12-05 13:14:00,3,11,1097.72,787.0,0.0,0.0,5,5,3,13,Loyal
14219,United Kingdom,2010-08-03 14:42:00,2011-12-05 16:23:00,3,3,633.83,363.0,0.0,0.0,5,3,3,11,Potential Loyalist
12877,United Kingdom,2010-01-18 10:23:00,2011-12-06 10:30:00,3,20,2955.17,2262.0,0.0,0.0,5,5,5,15,Champions
16764,United Kingdom,2011-07-19 17:17:00,2011-12-06 11:41:00,3,13,2758.25,1259.0,12.0,0.0095,5,5,4,14,Champions
17811,United Kingdom,2010-09-20 11:24:00,2011-12-05 13:46:00,3,47,9448.53,5327.0,50.0,0.0094,5,5,5,15,Champions
16592,United Kingdom,2009-12-18 15:57:00,2011-12-05 13:49:00,3,28,7624.46,5504.0,80.0,0.0145,5,5,5,15,Champions
13311,United Kingdom,2011-07-12 14:26:00,2011-12-05 12:55:00,3,2,598.57,305.0,0.0,0.0,5,2,3,10,Potential Loyalist
12766,Portugal,2010-10-28 09:29:00,2011-12-06 08:46:00,3,9,8877.14,5022.0,19.0,0.0038,5,5,5,15,Champions
17884,United Kingdom,2009-12-04 16:23:00,2011-12-06 11:33:00,3,20,2704.27,2852.0,13.0,0.0046,5,5,4,14,Champions
12628,Germany,2011-10-06 09:28:00,2011-12-05 13:15:00,3,3,769.61,448.0,3.0,0.0067,5,3,3,11,Potential Loyalist
16929,United Kingdom,2011-07-07 12:39:00,2011-12-06 08:37:00,3,7,1295.39,929.0,0.0,0.0,5,4,4,13,Champions
14547,United Kingdom,2011-10-16 14:35:00,2011-12-06 11:06:00,3,8,3986.74,2668.0,10.0,0.0037,5,4,5,14,Champions
14071,United Kingdom,2011-03-20 11:33:00,2011-12-06 12:27:00,3,8,1307.41,995.0,95.0,0.0955,5,4,4,13,Champions
15061,United Kingdom,2009-12-01 12:18:00,2011-12-06 12:06:00,3,127,124961.98,74280.0,726.0,0.0098,5,5,5,15,Champions
14629,United Kingdom,2011-10-23 16:13:00,2011-12-05 16:55:00,3,2,939.21,380.0,4.0,0.0105,5,2,3,10,Potential Loyalist
16904,United Kingdom,2010-10-24 16:03:00,2011-12-05 13:10:00,3,21,4793.67,2670.0,0.0,0.0,5,5,5,15,Champions
15932,United Kingdom,2011-02-23 14:50:00,2011-12-05 17:13:00,3,8,2461.85,2325.0,14.0,0.006,5,4,4,13,Champions
12683,France,2009-12-13 15:01:00,2011-12-05 16:31:00,3,21,11355.52,7019.0,86.0,0.0123,5,5,5,15,Champions
15854,United Kingdom,2009-12-10 12:08:00,2011-12-05 13:39:00,3,21,5583.81,1704.0,0.0,0.0,5,5,5,15,Champions
14696,United Kingdom,2010-10-14 11:43:00,2011-12-05 13:43:00,3,8,2465.3,1867.0,4.0,0.0021,5,4,4,13,Champions
17290,United Kingdom,2009-12-13 13:28:00,2011-12-06 12:38:00,3,8,1501.44,1147.0,0.0,0.0,5,4,4,13,Champions
15690,United Kingdom,2011-08-31 11:40:00,2011-12-05 15:59:00,3,2,239.76,408.0,0.0,0.0,5,2,1,8,Potential Loyalist
16200,United Kingdom,2009-12-02 15:04:00,2011-12-05 14:40:00,3,12,5629.95,3089.0,2.0,0.0006,5,5,5,15,Champions
14140,United Kingdom,2011-11-08 11:20:00,2011-12-06 09:05:00,3,2,920.05,811.0,2.0,0.0025,5,2,3,10,Potential Loyalist
17481,United Kingdom,2011-09-07 09:57:00,2011-12-06 12:28:00,3,4,1249.34,1061.0,1.0,0.0009,5,3,4,12,Potential Loyalist
16910,United Kingdom,2011-09-09 14:14:00,2011-12-05 12:51:00,3,8,1510.06,886.0,0.0,0.0,5,4,4,13,Champions
14608,United Kingdom,2009-12-06 12:34:00,2011-12-05 16:52:00,3,11,3273.44,927.0,10.0,0.0108,5,5,5,15,Champions
17346,United Kingdom,2010-04-18 12:18:00,2011-12-06 12:18:00,3,26,5111.41,3565.0,18.0,0.005,5,5,5,15,Champions
17250,United Kingdom,2011-03-23 16:45:00,2011-12-06 12:15:00,3,2,384.52,168.0,0.0,0.0,5,2,2,9,Potential Loyalist
12584,Italy,2011-03-04 15:15:00,2011-12-06 09:35:00,3,9,1893.95,416.0,62.0,0.149,5,5,4,14,Champions
17383,United Kingdom,2010-09-12 14:54:00,2011-12-05 17:36:00,3,2,309.99,162.0,0.0,0.0,5,2,2,9,Potential Loyalist
15145,United Kingdom,2011-04-05 15:20:00,2011-12-05 17:21:00,3,4,1194.73,756.0,0.0,0.0,5,3,4,12,Potential Loyalist
13755,United Kingdom,2011-10-07 15:45:00,2011-12-06 12:26:00,3,9,2154.68,1264.0,23.0,0.0182,5,5,4,14,Champions
15031,United Kingdom,2009-12-08 13:38:00,2011-12-05 14:19:00,3,14,2857.37,1615.0,179.0,0.1108,5,5,5,15,Champions
14401,United Kingdom,2009-12-14 13:22:00,2011-12-05 13:30:00,3,22,6703.4,6401.0,22.0,0.0034,5,5,5,15,Champions
18283,United Kingdom,2010-02-19 17:16:00,2011-12-06 12:02:00,3,22,2736.65,1733.0,0.0,0.0,5,5,4,14,Champions
18005,United Kingdom,2011-10-23 14:40:00,2011-12-06 11:51:00,3,2,249.72,93.0,0.0,0.0,5,2,1,8,Potential Loyalist
13985,United Kingdom,2010-02-09 13:56:00,2011-12-05 17:06:00,3,22,9982.31,4936.0,9.0,0.0018,5,5,5,15,Champions
16979,United Kingdom,2010-09-15 14:30:00,2011-12-06 12:21:00,3,9,2787.09,1451.0,11.0,0.0076,5,5,4,14,Champions
16851,United Kingdom,2011-10-19 09:48:00,2011-12-05 13:32:00,3,3,342.45,271.0,0.0,0.0,5,3,2,10,Potential Loyalist
15621,United Kingdom,2011-11-18 11:49:00,2011-12-05 14:01:00,3,4,1158.77,501.0,38.0,0.0758,5,3,3,11,Potential Loyalist
14418,United Kingdom,2011-08-23 17:18:00,2011-12-06 11:39:00,3,3,1937.25,1711.0,0.0,0.0,5,3,4,12,Potential Loyalist
13881,United Kingdom,2010-03-04 14:41:00,2011-12-06 12:50:00,3,43,44392.5,29760.0,314.0,0.0106,5,5,5,15,Champions
12994,United Kingdom,2011-03-16 08:31:00,2011-12-05 15:43:00,3,3,902.22,459.0,19.0,0.0414,5,3,3,11,Potential Loyalist
17404,Sweden,2010-01-07 11:31:00,2011-12-05 16:26:00,3,23,46006.82,50679.0,674.0,0.0133,5,5,5,15,Champions
15097,United Kingdom,2010-05-05 14:22:00,2011-12-05 14:03:00,3,3,587.05,424.0,126.0,0.2972,5,3,2,10,Potential Loyalist
15992,United Kingdom,2010-09-12 11:52:00,2011-12-06 11:00:00,3,3,896.6,514.0,0.0,0.0,5,3,3,11,Potential Loyalist
15907,United Kingdom,2011-05-13 13:01:00,2011-12-06 12:21:00,3,3,967.45,509.0,0.0,0.0,5,3,3,11,Potential Loyalist
13790,United Kingdom,2011-12-05 15:48:00,2011-12-05 15:48:00,3,1,348.8,748.0,0.0,0.0,5,1,2,8,Others
16600,United Kingdom,2009-12-18 12:59:00,2011-12-05 16:00:00,3,13,2093.56,2420.0,25.0,0.0103,5,5,4,14,Champions
13083,United Kingdom,2010-10-10 13:38:00,2011-12-05 15:01:00,3,3,395.43,307.0,0.0,0.0,5,3,2,10,Potential Loyalist
12716,France,2011-07-29 13:28:00,2011-12-06 08:55:00,3,2,1053.49,708.0,0.0,0.0,5,2,3,10,Potential Loyalist
14110,United Kingdom,2009-12-01 09:50:00,2011-12-06 12:26:00,3,33,12957.6,5825.0,12.0,0.0021,5,5,5,15,Champions
14825,United Kingdom,2010-04-06 14:14:00,2011-12-06 11:38:00,3,24,4702.18,2776.0,7.0,0.0025,5,5,5,15,Champions
13001,United Kingdom,2009-12-03 16:21:00,2011-12-05 14:51:00,3,33,24136.05,13539.0,21.0,0.0016,5,5,5,15,Champions
17857,United Kingdom,2010-03-08 12:09:00,2011-12-05 13:13:00,3,24,27231.34,19906.0,170.0,0.0085,5,5,5,15,Champions
13694,United Kingdom,2009-12-04 15:26:00,2011-12-06 09:32:00,3,143,189983.4,188201.0,3763.0,0.02,5,5,5,15,Champions
17090,United Kingdom,2010-07-19 16:02:00,2011-12-05 13:44:00,3,13,3055.94,1362.0,25.0,0.0184,5,5,5,15,Champions
14737,United Kingdom,2010-11-04 11:29:00,2011-12-06 10:16:00,3,4,3554.17,1071.0,0.0,0.0,5,3,5,13,Potential Loyalist
17706,United Kingdom,2010-01-19 12:13:00,2011-12-05 13:34:00,3,31,19066.07,7824.0,197.0,0.0252,5,5,5,15,Champions
16379,United Kingdom,2011-09-22 09:33:00,2011-12-05 15:38:00,3,4,2131.9,1410.0,2.0,0.0014,5,3,4,12,Potential Loyalist
16968,United Kingdom,2011-08-24 10:51:00,2011-12-05 15:02:00,3,2,439.43,326.0,0.0,0.0,5,2,2,9,Potential Loyalist
14121,United Kingdom,2011-10-11 10:39:00,2011-12-06 12:19:00,3,4,2740.3,2082.0,4.0,0.0019,5,3,4,12,Potential Loyalist
14739,United Kingdom,2009-12-02 13:23:00,2011-12-05 16:54:00,3,25,11555.69,9696.0,8.0,0.0008,5,5,5,15,Champions
13230,United Kingdom,2010-03-18 20:02:00,2011-12-05 16:03:00,3,30,6223.77,3602.0,121.0,0.0336,5,5,5,15,Champions
16790,United Kingdom,2011-11-02 11:23:00,2011-12-06 11:53:00,3,6,1520.12,898.0,6.0,0.0067,5,4,4,13,Champions
16133,United Kingdom,2010-03-31 12:21:00,2011-12-06 11:24:00,3,56,22228.88,13653.0,200.0,0.0146,5,5,5,15,Champions
13021,United Kingdom,2009-12-05 12:02:00,2011-12-05 16:37:00,3,17,4806.66,2546.0,26.0,0.0102,5,5,5,15,Champions
18015,United Kingdom,2011-12-05 14:49:00,2011-12-05 14:49:00,3,1,120.03,157.0,0.0,0.0,5,1,1,7,Others
16684,United Kingdom,2009-12-07 12:56:00,2011-12-05 14:06:00,3,55,141502.25,104810.0,3715.0,0.0354,5,5,5,15,Champions
18198,United Kingdom,2011-01-07 13:39:00,2011-12-05 14:49:00,3,17,5083.06,4074.0,235.0,0.0577,5,5,5,15,Champions
14096,United Kingdom,2011-08-30 10:49:00,2011-12-05 17:17:00,3,17,57120.91,16352.0,17.0,0.001,5,5,5,15,Champions
15318,United Kingdom,2011-12-06 11:30:00,2011-12-06 11:30:00,3,1,312.62,642.0,0.0,0.0,5,1,2,8,Others
17728,United Kingdom,2010-09-12 14:58:00,2011-12-06 08:52:00,3,5,3861.13,2146.0,9.0,0.0042,5,4,5,14,Champions
12749,United Kingdom,2010-07-06 15:05:00,2011-12-06 09:56:00,3,9,6328.49,2360.0,89.0,0.0377,5,5,5,15,Champions
12723,France,2011-10-05 15:52:00,2011-12-06 10:19:00,3,5,725.07,434.0,0.0,0.0,5,4,3,12,Loyal
14735,United Kingdom,2009-12-04 11:32:00,2011-12-06 12:09:00,3,56,11909.71,4513.0,115.0,0.0255,5,5,5,15,Champions
15157,United Kingdom,2009-12-10 14:44:00,2011-12-06 11:28:00,3,5,2587.54,3466.0,150.0,0.0433,5,4,4,13,Champions
16015,United Kingdom,2011-10-21 12:56:00,2011-12-06 10:58:00,3,3,690.54,909.0,3.0,0.0033,5,3,3,11,Potential Loyalist
16013,United Kingdom,2009-12-08 10:24:00,2011-12-06 10:36:00,3,84,51726.92,25592.0,2009.0,0.0785,5,5,5,15,Champions
13709,United Kingdom,2010-01-11 10:40:00,2011-12-06 10:28:00,3,18,7512.81,4130.0,15.0,0.0036,5,5,5,15,Champions
17218,United Kingdom,2010-01-25 16:12:00,2011-12-05 13:52:00,3,18,3900.14,2069.0,0.0,0.0,5,5,5,15,Champions
12367,Denmark,2011-12-05 16:48:00,2011-12-05 16:48:00,3,1,168.9,173.0,0.0,0.0,5,1,1,7,Others
17666,United Kingdom,2010-06-30 12:03:00,2011-12-06 09:06:00,3,5,2047.8,1552.0,0.0,0.0,5,4,4,13,Champions
16353,United Kingdom,2009-12-07 13:55:00,2011-12-06 12:23:00,3,38,9781.93,3483.0,5.0,0.0014,5,5,5,15,Champions
17920,United Kingdom,2009-12-06 10:37:00,2011-12-05 14:29:00,3,54,23774.0,12364.0,3.0,0.0002,5,5,5,15,Champions
14562,United Kingdom,2010-02-07 14:10:00,2011-12-06 11:05:00,3,26,6363.85,2604.0,164.0,0.063,5,5,5,15,Champions
15640,United Kingdom,2009-12-14 16:36:00,2011-12-05 14:35:00,3,29,23501.69,12210.0,54.0,0.0044,5,5,5,15,Champions
16620,United Kingdom,2009-12-01 14:35:00,2011-12-06 12:19:00,3,6,1758.93,1146.0,0.0,0.0,5,4,4,13,Champions
14113,United Kingdom,2009-12-08 07:42:00,2011-12-06 12:18:00,3,16,6156.75,3439.0,347.0,0.1009,5,5,5,15,Champions
15550,United Kingdom,2009-12-03 15:15:00,2011-12-05 15:38:00,3,12,1995.6,1144.0,8.0,0.007,5,5,4,14,Champions
13994,United Kingdom,2011-07-14 18:28:00,2011-12-06 11:05:00,3,6,2313.14,940.0,0.0,0.0,5,4,4,13,Champions
17914,United Kingdom,2011-12-06 11:58:00,2011-12-06 11:58:00,3,1,336.43,473.0,0.0,0.0,5,1,2,8,Others
18030,United Kingdom,2011-10-28 13:55:00,2011-12-05 16:37:00,3,2,220.7,67.0,1.0,0.0149,5,2,1,8,Potential Loyalist
13079,United Kingdom,2010-10-18 14:15:00,2011-12-05 16:53:00,3,6,419.18,158.0,0.0,0.0,5,4,2,11,Others
16949,United Kingdom,2011-01-27 12:11:00,2011-12-06 11:07:00,3,6,1161.27,791.0,1.0,0.0013,5,4,3,12,Loyal
17676,United Kingdom,2010-03-30 10:49:00,2011-12-05 15:16:00,3,10,2421.82,1774.0,66.0,0.0372,5,5,4,14,Champions
17593,United Kingdom,2009-12-04 14:35:00,2011-12-06 10:30:00,3,11,8044.0,5607.0,20.0,0.0036,5,5,5,15,Champions
12971,United Kingdom,2009-12-15 19:04:00,2011-12-06 12:20:00,3,116,15214.55,14306.0,1526.0,0.1067,5,5,5,15,Champions
12478,Greece,2011-12-06 09:56:00,2011-12-06 09:56:00,3,1,680.99,236.0,0.0,0.0,5,1,3,9,Others
17817,United Kingdom,2010-10-13 15:07:00,2011-12-05 14:39:00,3,6,801.15,365.0,2.0,0.0055,5,4,3,12,Loyal
13199,United Kingdom,2009-12-05 10:11:00,2011-12-06 12:30:00,3,67,15936.3,11567.0,9.0,0.0008,5,5,5,15,Champions
13305,United Kingdom,2010-03-10 14:49:00,2011-12-05 15:15:00,3,16,3618.51,2229.0,0.0,0.0,5,5,5,15,Champions
15856,United Kingdom,2009-12-03 14:02:00,2011-12-05 17:09:00,3,52,32246.12,19757.0,100.0,0.0051,5,5,5,15,Champions
14216,United Kingdom,2010-10-21 15:07:00,2011-12-06 14:56:00,2,5,2142.39,712.0,3.0,0.0042,5,4,4,13,Champions
16201,United Kingdom,2010-10-20 12:00:00,2011-12-06 16:02:00,2,5,2070.17,1421.0,19.0,0.0134,5,4,4,13,Champions
12442,Spain,2011-12-06 14:22:00,2011-12-06 14:22:00,2,1,172.06,182.0,0.0,0.0,5,1,1,7,Others
17232,United Kingdom,2011-11-25 12:24:00,2011-12-07 12:21:00,2,2,421.52,203.0,0.0,0.0,5,2,2,9,Potential Loyalist
15984,United Kingdom,2009-12-01 13:38:00,2011-12-07 12:16:00,2,30,8548.42,6028.0,20.0,0.0033,5,5,5,15,Champions
17835,United Kingdom,2011-11-16 16:30:00,2011-12-07 11:48:00,2,3,350.64,348.0,0.0,0.0,5,3,2,10,Potential Loyalist
16539,United Kingdom,2010-06-25 15:24:00,2011-12-07 08:41:00,2,10,3289.66,1014.0,0.0,0.0,5,5,5,15,Champions
13225,United Kingdom,2009-12-17 09:09:00,2011-12-06 13:29:00,2,16,15879.27,7401.0,64.0,0.0086,5,5,5,15,Champions
14087,United Kingdom,2009-12-04 15:27:00,2011-12-07 12:41:00,2,3,803.47,727.0,25.0,0.0344,5,3,3,11,Potential Loyalist
15969,United Kingdom,2010-07-05 13:10:00,2011-12-07 11:06:00,2,5,1043.85,223.0,4.0,0.0179,5,4,3,12,Loyal
16016,United Kingdom,2010-11-02 13:27:00,2011-12-06 14:35:00,2,11,2121.27,913.0,5.0,0.0055,5,5,4,14,Champions
12362,Belgium,2009-12-01 10:10:00,2011-12-06 15:40:00,2,11,5284.58,2230.0,17.0,0.0076,5,5,5,15,Champions
14708,United Kingdom,2010-09-10 10:26:00,2011-12-07 08:21:00,2,5,1763.52,1159.0,6.0,0.0052,5,4,4,13,Champions
16000,United Kingdom,2011-12-07 12:14:00,2011-12-07 12:17:00,2,3,12393.7,5110.0,0.0,0.0,5,3,5,13,Potential Loyalist
12912,United Kingdom,2011-10-30 11:35:00,2011-12-07 08:55:00,2,5,1662.3,670.0,0.0,0.0,5,4,4,13,Champions
16495,United Kingdom,2011-03-08 16:38:00,2011-12-06 13:20:00,2,3,684.41,337.0,0.0,0.0,5,3,3,11,Potential Loyalist
12989,United Kingdom,2009-12-10 13:27:00,2011-12-06 15:28:00,2,33,12846.8,6935.0,171.0,0.0247,5,5,5,15,Champions
14527,United Kingdom,2009-12-02 12:06:00,2011-12-07 12:19:00,2,122,25314.0,6654.0,205.0,0.0308,5,5,5,15,Champions
13323,United Kingdom,2011-09-16 13:23:00,2011-12-06 17:12:00,2,5,787.85,175.0,0.0,0.0,5,4,3,12,Loyal
17511,United Kingdom,2009-12-02 10:52:00,2011-12-07 10:12:00,2,60,168491.62,117174.0,1725.0,0.0147,5,5,5,15,Champions
14534,United Kingdom,2010-03-15 14:16:00,2011-12-07 12:19:00,2,26,5786.42,2856.0,137.0,0.048,5,5,5,15,Champions
16569,United Kingdom,2009-12-16 15:05:00,2011-12-06 15:32:00,2,5,1455.23,988.0,0.0,0.0,5,4,4,13,Champions
16817,United Kingdom,2010-10-04 09:06:00,2011-12-07 11:03:00,2,13,2392.85,1401.0,66.0,0.0471,5,5,4,14,Champions
14907,United Kingdom,2010-04-16 13:40:00,2011-12-06 14:14:00,2,16,5476.62,2583.0,34.0,0.0132,5,5,5,15,Champions
15822,United Kingdom,2009-12-06 15:12:00,2011-12-06 14:50:00,2,6,1777.91,950.0,12.0,0.0126,5,4,4,13,Champions
16191,United Kingdom,2009-12-11 12:24:00,2011-12-07 11:26:00,2,24,15162.12,9360.0,206.0,0.022,5,5,5,15,Champions
16678,United Kingdom,2011-03-02 09:24:00,2011-12-07 12:17:00,2,12,3013.83,2397.0,29.0,0.0121,5,5,5,15,Champions
16987,United Kingdom,2009-12-02 14:34:00,2011-12-06 17:26:00,2,11,2524.0,679.0,2.0,0.0029,5,5,4,14,Champions
12583,France,2009-12-06 11:57:00,2011-12-07 08:07:00,2,27,13489.04,8535.0,52.0,0.0061,5,5,5,15,Champions
14871,United Kingdom,2009-12-01 11:57:00,2011-12-06 13:42:00,2,9,1258.97,454.0,0.0,0.0,5,5,4,14,Champions
18219,United Kingdom,2009-12-07 13:17:00,2011-12-07 11:43:00,2,17,3297.2,1586.0,4.0,0.0025,5,5,5,15,Champions
18154,United Kingdom,2010-08-06 09:18:00,2011-12-06 16:41:00,2,5,932.6,626.0,0.0,0.0,5,4,3,12,Loyal
17503,United Kingdom,2011-11-01 11:12:00,2011-12-07 09:18:00,2,2,558.96,486.0,0.0,0.0,5,2,2,9,Potential Loyalist
13104,United Kingdom,2010-02-24 15:06:00,2011-12-06 13:10:00,2,9,1709.1,834.0,0.0,0.0,5,5,4,14,Champions
14503,United Kingdom,2011-06-14 10:00:00,2011-12-06 13:30:00,2,6,3543.26,2004.0,0.0,0.0,5,4,5,14,Champions
12828,United Kingdom,2011-08-01 16:16:00,2011-12-07 08:45:00,2,6,1018.71,494.0,0.0,0.0,5,4,3,12,Loyal
16271,United Kingdom,2010-03-07 12:03:00,2011-12-07 12:45:00,2,10,3457.07,2399.0,1.0,0.0004,5,5,5,15,Champions
14794,United Kingdom,2010-08-09 15:44:00,2011-12-07 10:11:00,2,10,1889.15,783.0,5.0,0.0064,5,5,4,14,Champions
17412,United Kingdom,2009-12-02 13:51:00,2011-12-07 11:36:00,2,16,4187.68,2554.0,27.0,0.0106,5,5,5,15,Champions
17119,United Kingdom,2011-10-11 11:03:00,2011-12-06 14:40:00,2,2,593.61,334.0,7.0,0.021,5,2,3,10,Potential Loyalist
13078,United Kingdom,2009-12-01 09:06:00,2011-12-06 15:36:00,2,57,28369.44,12032.0,160.0,0.0133,5,5,5,15,Champions
14397,United Kingdom,2011-05-10 12:25:00,2011-12-07 09:22:00,2,19,2556.68,1890.0,38.0,0.0201,5,5,4,14,Champions
17091,United Kingdom,2009-12-16 15:45:00,2011-12-07 10:43:00,2,19,7484.05,3744.0,6.0,0.0016,5,5,5,15,Champions
17049,United Kingdom,2010-03-04 10:23:00,2011-12-07 10:48:00,2,19,9593.78,4276.0,59.0,0.0138,5,5,5,15,Champions
13267,United Kingdom,2009-12-07 16:56:00,2011-12-07 11:12:00,2,36,9197.66,3959.0,64.0,0.0162,5,5,5,15,Champions
12839,United Kingdom,2009-12-07 09:18:00,2011-12-07 12:33:00,2,26,9525.22,6578.0,95.0,0.0144,5,5,5,15,Champions
14572,United Kingdom,2010-03-28 13:47:00,2011-12-06 14:40:00,2,11,5573.28,2933.0,4.0,0.0014,5,5,5,15,Champions
16076,United Kingdom,2011-05-15 12:31:00,2011-12-06 14:59:00,2,10,2173.53,1435.0,72.0,0.0502,5,5,4,14,Champions
13882,United Kingdom,2011-10-06 15:28:00,2011-12-07 11:16:00,2,5,1131.28,953.0,3.0,0.0031,5,4,3,12,Loyal
17238,United Kingdom,2009-12-01 10:59:00,2011-12-07 11:35:00,2,32,7413.01,3594.0,0.0,0.0,5,5,5,15,Champions
14769,United Kingdom,2009-12-16 09:17:00,2011-12-07 10:24:00,2,17,15696.67,11255.0,53.0,0.0047,5,5,5,15,Champions
13507,United Kingdom,2011-07-17 11:50:00,2011-12-06 13:13:00,2,4,2479.16,1597.0,0.0,0.0,5,3,4,12,Potential Loyalist
14673,United Kingdom,2010-10-26 10:14:00,2011-12-06 14:31:00,2,7,3037.32,1822.0,0.0,0.0,5,4,5,14,Champions
17861,United Kingdom,2009-12-10 11:27:00,2011-12-06 16:21:00,2,18,5064.59,4574.0,24.0,0.0052,5,5,5,15,Champions
16711,United Kingdom,2009-12-02 13:22:00,2011-12-06 16:32:00,2,9,2751.48,1212.0,26.0,0.0215,5,5,4,14,Champions
18237,United Kingdom,2011-07-28 13:05:00,2011-12-07 12:49:00,2,5,987.1,622.0,0.0,0.0,5,4,3,12,Loyal
17705,United Kingdom,2010-05-12 09:47:00,2011-12-06 13:45:00,2,11,2041.5,1301.0,6.0,0.0046,5,5,4,14,Champions
17883,United Kingdom,2010-02-25 20:07:00,2011-12-06 17:49:00,2,7,979.95,481.0,2.0,0.0042,5,4,3,12,Loyal
12826,United Kingdom,2009-12-18 10:43:00,2011-12-07 10:25:00,2,12,2773.69,1915.0,6.0,0.0031,5,5,4,14,Champions
13089,United Kingdom,2009-12-02 15:44:00,2011-12-07 09:02:00,2,203,109983.57,59011.0,991.0,0.0168,5,5,5,15,Champions
15568,United Kingdom,2011-09-27 14:37:00,2011-12-07 11:27:00,2,3,758.29,461.0,0.0,0.0,5,3,3,11,Potential Loyalist
18225,United Kingdom,2009-12-04 16:52:00,2011-12-06 13:27:00,2,26,12652.71,7288.0,65.0,0.0089,5,5,5,15,Champions
12820,United Kingdom,2009-12-05 13:37:00,2011-12-06 15:12:00,2,11,2647.94,1964.0,38.0,0.0193,5,5,4,14,Champions
13685,United Kingdom,2011-10-10 12:59:00,2011-12-07 11:41:00,2,7,3119.44,5056.0,0.0,0.0,5,4,5,14,Champions
16313,United Kingdom,2011-10-21 09:04:00,2011-12-06 13:02:00,2,2,274.15,165.0,0.0,0.0,5,2,2,9,Potential Loyalist
14293,United Kingdom,2009-12-10 10:57:00,2011-12-06 15:17:00,2,9,2809.41,1558.0,144.0,0.0924,5,5,4,14,Champions
16143,United Kingdom,2009-12-10 09:44:00,2011-12-06 14:13:00,2,12,4511.13,1866.0,17.0,0.0091,5,5,5,15,Champions
15194,United Kingdom,2009-12-03 10:37:00,2011-12-06 15:10:00,2,28,11781.52,8922.0,89.0,0.01,5,5,5,15,Champions
14141,United Kingdom,2011-08-26 14:40:00,2011-12-07 09:53:00,2,4,879.03,355.0,18.0,0.0507,5,3,3,11,Potential Loyalist
14910,United Kingdom,2011-10-16 11:06:00,2011-12-07 10:06:00,2,4,389.86,238.0,17.0,0.0714,5,3,2,10,Potential Loyalist
14578,United Kingdom,2011-12-06 17:18:00,2011-12-06 17:18:00,2,1,168.63,240.0,0.0,0.0,5,1,1,7,Others
15498,United Kingdom,2009-12-16 17:27:00,2011-12-07 12:48:00,2,44,23165.09,12158.0,48.0,0.0039,5,5,5,15,Champions
14282,United Kingdom,2010-02-15 11:22:00,2011-12-06 17:04:00,2,25,7273.66,5178.0,4.0,0.0008,5,5,5,15,Champions
13743,United Kingdom,2011-03-25 14:46:00,2011-12-07 10:09:00,2,7,1340.15,1776.0,1.0,0.0006,5,4,4,13,Champions
18272,United Kingdom,2010-03-04 12:53:00,2011-12-07 12:43:00,2,9,4347.33,2880.0,9.0,0.0031,5,5,5,15,Champions
15195,United Kingdom,2011-12-07 12:20:00,2011-12-07 12:20:00,2,1,3861.0,1404.0,0.0,0.0,5,1,5,11,Others
15023,United Kingdom,2010-02-03 15:45:00,2011-12-06 17:23:00,2,20,11631.59,4820.0,15.0,0.0031,5,5,5,15,Champions
17730,United Kingdom,2010-04-29 11:48:00,2011-12-06 15:43:00,2,20,7757.35,5300.0,17.0,0.0032,5,5,5,15,Champions
12650,France,2011-12-06 16:34:00,2011-12-06 16:34:00,2,1,314.44,254.0,0.0,0.0,5,1,2,8,Others
12720,Germany,2010-07-21 09:46:00,2011-12-07 08:03:00,2,30,7574.49,6018.0,77.0,0.0128,5,5,5,15,Champions
12417,Spain,2009-12-06 10:30:00,2011-12-06 14:52:00,2,20,6708.21,2890.0,24.0,0.0083,5,5,5,15,Champions
15750,United Kingdom,2009-12-01 17:19:00,2011-12-07 12:34:00,2,18,6366.281,4285.0,21.0,0.0049,5,5,5,15,Champions
13668,United Kingdom,2009-12-11 14:28:00,2011-12-07 12:11:00,2,35,12749.14,6133.0,151.0,0.0246,5,5,5,15,Champions
15136,United Kingdom,2011-09-04 16:05:00,2011-12-07 12:26:00,2,4,1282.45,776.0,1.0,0.0013,5,3,4,12,Potential Loyalist
13949,United Kingdom,2011-09-06 11:55:00,2011-12-07 09:35:00,2,6,2427.32,2474.0,0.0,0.0,5,4,4,13,Champions
14868,United Kingdom,2010-10-15 14:52:00,2011-12-06 14:49:00,2,12,4170.06,2230.0,6.0,0.0027,5,5,5,15,Champions
16458,United Kingdom,2010-05-26 14:38:00,2011-12-07 09:34:00,2,30,5715.34,3406.0,0.0,0.0,5,5,5,15,Champions
17042,United Kingdom,2011-04-06 14:53:00,2011-12-07 12:26:00,2,5,1044.38,994.0,0.0,0.0,5,4,3,12,Loyal
17017,United Kingdom,2009-12-03 13:22:00,2011-12-07 09:32:00,2,29,6553.79,9397.0,90.0,0.0096,5,5,5,15,Champions
17522,United Kingdom,2011-05-05 16:31:00,2011-12-08 12:31:00,1,5,1070.71,1034.0,0.0,0.0,5,4,3,12,Loyal
17870,United Kingdom,2010-11-23 11:39:00,2011-12-07 15:07:00,1,13,2776.8,1749.0,1.0,0.0006,5,5,4,14,Champions
17673,United Kingdom,2010-03-19 14:02:00,2011-12-08 12:50:00,1,13,4216.33,3338.0,5.0,0.0015,5,5,5,15,Champions
16891,United Kingdom,2009-12-04 12:37:00,2011-12-08 11:15:00,1,11,1824.56,682.0,0.0,0.0,5,5,4,14,Champions
14132,United Kingdom,2011-06-09 12:04:00,2011-12-07 13:35:00,1,11,3580.13,3368.0,2.0,0.0006,5,5,5,15,Champions
15520,United Kingdom,2011-12-08 10:58:00,2011-12-08 10:58:00,1,1,343.5,314.0,0.0,0.0,5,1,2,8,Others
17449,United Kingdom,2009-12-09 14:16:00,2011-12-07 16:56:00,1,13,4935.15,2535.0,7.0,0.0028,5,5,5,15,Champions
16426,United Kingdom,2011-03-08 15:45:00,2011-12-07 14:01:00,1,10,1908.25,1243.0,0.0,0.0,5,5,4,14,Champions
14129,United Kingdom,2010-05-09 14:54:00,2011-12-08 11:02:00,1,9,2591.34,1414.0,0.0,0.0,5,5,4,14,Champions
17097,Spain,2010-10-05 14:09:00,2011-12-07 17:05:00,1,9,1149.23,593.0,2.0,0.0034,5,5,3,13,Loyal
17602,United Kingdom,2010-03-30 17:25:00,2011-12-07 13:53:00,1,14,7337.43,5936.0,22.0,0.0037,5,5,5,15,Champions
13408,United Kingdom,2009-12-04 09:31:00,2011-12-08 09:05:00,1,106,49315.022,28675.0,159.0,0.0055,5,5,5,15,Champions
15443,United Kingdom,2010-03-07 12:10:00,2011-12-08 10:40:00,1,14,5116.14,2735.0,39.0,0.0143,5,5,5,15,Champions
12615,France,2010-03-18 14:09:00,2011-12-07 15:02:00,1,8,5564.88,3317.0,22.0,0.0066,5,4,5,14,Champions
12347,Iceland,2010-10-31 14:20:00,2011-12-07 15:52:00,1,8,4921.53,2967.0,0.0,0.0,5,4,5,14,Champions
15214,United Kingdom,2011-04-11 09:46:00,2011-12-08 12:07:00,1,8,1661.44,1254.0,0.0,0.0,5,4,4,13,Champions
14191,United Kingdom,2009-12-11 10:48:00,2011-12-08 09:23:00,1,15,4713.41,3724.0,15.0,0.004,5,5,5,15,Champions
13870,United Kingdom,2010-02-08 12:08:00,2011-12-07 13:23:00,1,15,5689.84,3449.0,6.0,0.0017,5,5,5,15,Champions
15453,United Kingdom,2011-06-05 12:37:00,2011-12-08 10:59:00,1,7,1388.37,845.0,0.0,0.0,5,4,4,13,Champions
17434,United Kingdom,2011-09-15 13:54:00,2011-12-07 13:16:00,1,7,2333.42,1693.0,8.0,0.0047,5,4,4,13,Champions
17631,United Kingdom,2009-12-09 14:15:00,2011-12-08 09:47:00,1,7,998.49,591.0,0.0,0.0,5,4,3,12,Loyal
12935,United Kingdom,2010-04-11 15:59:00,2011-12-07 17:25:00,1,15,4182.01,3201.0,31.0,0.0097,5,5,5,15,Champions
18210,United Kingdom,2010-11-22 09:39:00,2011-12-08 11:02:00,1,7,2768.83,1499.0,0.0,0.0,5,4,4,13,Champions
13924,United Kingdom,2011-09-28 15:07:00,2011-12-08 09:39:00,1,6,1682.08,1575.0,43.0,0.0273,5,4,4,13,Champions
17841,United Kingdom,2009-12-02 15:41:00,2011-12-08 12:07:00,1,211,67984.13,36975.0,433.0,0.0117,5,5,5,15,Champions
13314,United Kingdom,2011-09-27 10:20:00,2011-12-08 12:29:00,1,3,578.66,560.0,76.0,0.1357,5,3,2,10,Potential Loyalist
14032,United Kingdom,2009-12-14 12:02:00,2011-12-07 15:23:00,1,16,4482.21,3740.0,37.0,0.0099,5,5,5,15,Champions
12783,Portugal,2011-09-25 15:35:00,2011-12-07 15:56:00,1,6,1603.87,624.0,2.0,0.0032,5,4,4,13,Champions
15187,United Kingdom,2011-05-11 13:49:00,2011-12-08 11:56:00,1,16,4670.08,1887.0,18.0,0.0095,5,5,5,15,Champions
14189,United Kingdom,2010-11-16 09:28:00,2011-12-07 15:55:00,1,16,5453.38,4392.0,18.0,0.0041,5,5,5,15,Champions
14251,United Kingdom,2011-10-13 12:46:00,2011-12-08 08:32:00,1,5,2879.7,1674.0,0.0,0.0,5,4,5,14,Champions
12358,Austria,2009-12-08 07:59:00,2011-12-08 10:26:00,1,5,3887.07,1079.0,0.0,0.0,5,4,5,14,Champions
13436,United Kingdom,2011-12-08 10:33:00,2011-12-08 10:33:00,1,1,196.89,76.0,0.0,0.0,5,1,1,7,Others
18092,United Kingdom,2009-12-04 12:37:00,2011-12-07 13:14:00,1,18,14687.47,8298.0,3.0,0.0004,5,5,5,15,Champions
14719,United Kingdom,2011-04-04 14:17:00,2011-12-08 12:43:00,1,5,1592.18,1032.0,1.0,0.001,5,4,4,13,Champions
16442,United Kingdom,2009-12-13 11:05:00,2011-12-08 11:43:00,1,5,899.47,583.0,0.0,0.0,5,4,3,12,Loyal
17266,United Kingdom,2010-03-09 10:42:00,2011-12-07 14:12:00,1,5,517.73,252.0,0.0,0.0,5,4,2,11,Others
17436,United Kingdom,2009-12-07 12:31:00,2011-12-08 12:30:00,1,5,521.31,178.0,5.0,0.0281,5,4,2,11,Others
14698,United Kingdom,2011-10-19 12:54:00,2011-12-08 12:26:00,1,5,1250.76,615.0,0.0,0.0,5,4,4,13,Champions
13394,United Kingdom,2009-12-01 11:58:00,2011-12-08 11:36:00,1,19,6323.88,5354.0,197.0,0.0368,5,5,5,15,Champions
13769,United Kingdom,2009-12-16 11:59:00,2011-12-07 15:08:00,1,20,5444.33,2452.0,16.0,0.0065,5,5,5,15,Champions
14138,United Kingdom,2011-10-07 09:38:00,2011-12-08 12:44:00,1,2,982.38,610.0,0.0,0.0,5,2,3,10,Potential Loyalist
16672,United Kingdom,2011-03-18 10:15:00,2011-12-07 16:29:00,1,20,8093.59,2832.0,20.0,0.0071,5,5,5,15,Champions
14395,United Kingdom,2010-04-18 13:12:00,2011-12-07 14:34:00,1,20,7852.13,3898.0,6.0,0.0015,5,5,5,15,Champions
14204,United Kingdom,2009-12-02 13:26:00,2011-12-07 13:38:00,1,4,1062.96,492.0,0.0,0.0,5,3,3,11,Potential Loyalist
13954,United Kingdom,2011-09-30 10:52:00,2011-12-08 12:50:00,1,2,378.59,150.0,9.0,0.06,5,2,2,9,Potential Loyalist
15883,United Kingdom,2011-11-06 14:50:00,2011-12-07 17:05:00,1,2,396.48,223.0,0.0,0.0,5,2,2,9,Potential Loyalist
13756,United Kingdom,2009-12-15 15:18:00,2011-12-07 16:44:00,1,23,8614.4,5153.0,26.0,0.005,5,5,5,15,Champions
14217,United Kingdom,2010-06-30 12:54:00,2011-12-08 11:53:00,1,23,3105.52,1230.0,23.0,0.0187,5,5,5,15,Champions
16393,United Kingdom,2009-12-01 12:13:00,2011-12-07 12:51:00,1,23,5271.7,3046.0,47.0,0.0154,5,5,5,15,Champions
15298,United Kingdom,2009-12-08 17:04:00,2011-12-07 17:17:00,1,23,7958.43,6000.0,392.0,0.0653,5,5,5,15,Champions
14291,United Kingdom,2009-12-09 10:46:00,2011-12-08 10:26:00,1,23,7844.4,6146.0,6.0,0.001,5,5,5,15,Champions
15525,United Kingdom,2010-11-22 12:10:00,2011-12-07 14:43:00,1,4,966.87,556.0,2.0,0.0036,5,3,3,11,Potential Loyalist
14520,United Kingdom,2011-02-22 09:15:00,2011-12-08 09:46:00,1,2,270.6,146.0,0.0,0.0,5,2,2,9,Potential Loyalist
14135,United Kingdom,2009-12-02 08:58:00,2011-12-08 11:38:00,1,24,8800.8,8534.0,23.0,0.0027,5,5,5,15,Champions
15701,United Kingdom,2011-08-21 12:36:00,2011-12-07 14:39:00,1,4,1542.14,923.0,0.0,0.0,5,3,4,12,Potential Loyalist
18273,United Kingdom,2010-04-28 12:24:00,2011-12-07 13:16:00,1,4,357.0,140.0,0.0,0.0,5,3,2,10,Potential Loyalist
15237,United Kingdom,2011-04-26 15:04:00,2011-12-08 09:46:00,1,4,1412.32,1071.0,0.0,0.0,5,3,4,12,Potential Loyalist
12747,United Kingdom,2009-12-07 13:23:00,2011-12-07 14:34:00,1,26,8806.03,2650.0,25.0,0.0094,5,5,5,15,Champions
17735,United Kingdom,2010-07-30 13:25:00,2011-12-07 16:47:00,1,26,16707.98,10683.0,29.0,0.0027,5,5,5,15,Champions
17856,United Kingdom,2011-03-03 11:40:00,2011-12-08 09:40:00,1,4,1393.79,842.0,16.0,0.019,5,3,4,12,Potential Loyalist
14646,Netherlands,2009-12-02 16:52:00,2011-12-08 12:12:00,1,151,523342.07,367193.0,2613.0,0.0071,5,5,5,15,Champions
14904,United Kingdom,2010-10-08 12:48:00,2011-12-07 12:55:00,1,4,1640.64,2549.0,0.0,0.0,5,3,4,12,Potential Loyalist
16523,United Kingdom,2010-01-24 13:14:00,2011-12-08 09:06:00,1,28,11760.54,4979.0,37.0,0.0074,5,5,5,15,Champions
15877,United Kingdom,2011-11-22 11:18:00,2011-12-08 11:53:00,1,2,440.78,371.0,125.0,0.3369,5,2,2,9,Potential Loyalist
16368,United Kingdom,2010-09-30 11:30:00,2011-12-07 13:12:00,1,3,640.21,317.0,0.0,0.0,5,3,3,11,Potential Loyalist
12950,United Kingdom,2011-11-15 13:48:00,2011-12-07 13:17:00,1,3,1843.0,1380.0,0.0,0.0,5,3,4,12,Potential Loyalist
17590,United Kingdom,2011-10-30 14:05:00,2011-12-07 12:55:00,1,3,1479.22,828.0,0.0,0.0,5,3,4,12,Potential Loyalist
15471,United Kingdom,2010-06-07 12:17:00,2011-12-07 14:12:00,1,3,1316.56,683.0,0.0,0.0,5,3,4,12,Potential Loyalist
12569,Germany,2011-04-01 13:47:00,2011-12-07 16:24:00,1,32,4064.99,1801.0,8.0,0.0044,5,5,5,15,Champions
14085,United Kingdom,2009-12-08 13:41:00,2011-12-07 13:46:00,1,33,9784.17,6458.0,1.0,0.0002,5,5,5,15,Champions
15159,United Kingdom,2010-10-04 09:31:00,2011-12-08 12:05:00,1,34,22049.4,13512.0,47.0,0.0035,5,5,5,15,Champions
12621,Germany,2010-02-09 12:01:00,2011-12-08 11:25:00,1,35,24114.7,13706.0,58.0,0.0042,5,5,5,15,Champions
13534,United Kingdom,2010-07-07 15:00:00,2011-12-07 14:52:00,1,35,7324.5,3869.0,161.0,0.0416,5,5,5,15,Champions
16210,United Kingdom,2009-12-02 12:54:00,2011-12-08 12:36:00,1,35,33565.52,12397.0,31.0,0.0025,5,5,5,15,Champions
17830,United Kingdom,2011-02-24 10:15:00,2011-12-08 12:28:00,1,3,398.7,92.0,0.0,0.0,5,3,2,10,Potential Loyalist
18109,United Kingdom,2010-07-01 12:13:00,2011-12-08 11:36:00,1,38,9477.21,4830.0,23.0,0.0048,5,5,5,15,Champions
12437,France,2009-12-02 16:24:00,2011-12-08 11:35:00,1,39,12394.85,8000.0,70.0,0.0088,5,5,5,15,Champions
17315,United Kingdom,2010-09-27 12:45:00,2011-12-08 12:15:00,1,43,9558.55,5124.0,33.0,0.0064,5,5,5,15,Champions
16161,United Kingdom,2010-02-08 11:06:00,2011-12-08 12:10:00,1,43,12323.76,6292.0,114.0,0.0181,5,5,5,15,Champions
16525,United Kingdom,2009-12-02 13:53:00,2011-12-07 15:07:00,1,48,22939.3,14432.0,938.0,0.065,5,5,5,15,Champions
16779,United Kingdom,2009-12-03 13:03:00,2011-12-07 14:54:00,1,53,32624.7,19493.0,127.0,0.0065,5,5,5,15,Champions
17677,United Kingdom,2009-12-16 11:23:00,2011-12-08 09:56:00,1,54,34250.03,20924.0,190.0,0.0091,5,5,5,15,Champions
13468,United Kingdom,2009-12-03 13:32:00,2011-12-08 10:39:00,1,72,12509.38,5629.0,60.0,0.0107,5,5,5,15,Champions
13767,United Kingdom,2009-12-01 10:52:00,2011-12-07 15:00:00,1,73,33480.82,14595.0,95.0,0.0065,5,5,5,15,Champions
12471,Germany,2009-12-07 10:41:00,2011-12-07 15:43:00,1,79,37965.61,16882.0,431.0,0.0255,5,5,5,15,Champions
13069,United Kingdom,2010-06-14 14:27:00,2011-12-09 08:39:00,0,38,8414.97,15221.0,708.0,0.0465,5,5,5,15,Champions
16558,United Kingdom,2009-12-03 18:11:00,2011-12-09 10:20:00,0,38,13149.56,7813.0,55.0,0.007,5,5,5,15,Champions
16446,United Kingdom,2011-05-18 09:52:00,2011-12-09 09:15:00,0,2,-6.1,80997.0,80997.0,1.0,5,2,1,8,Potential Loyalist
13013,United Kingdom,2009-12-14 10:34:00,2011-12-08 15:01:00,0,29,11073.48,5661.0,7.0,0.0012,5,5,5,15,Champions
15399,United Kingdom,2011-09-21 15:57:00,2011-12-08 13:04:00,0,3,815.77,611.0,0.0,0.0,5,3,3,11,Potential Loyalist
14702,United Kingdom,2009-12-10 20:22:00,2011-12-08 19:29:00,0,29,6377.02,2906.0,12.0,0.0041,5,5,5,15,Champions
16322,United Kingdom,2011-11-03 14:33:00,2011-12-08 15:41:00,0,2,326.75,231.0,0.0,0.0,5,2,2,9,Potential Loyalist
12423,Denmark,2010-08-31 09:31:00,2011-12-09 10:10:00,0,10,2612.19,1793.0,12.0,0.0067,5,5,4,14,Champions
13263,United Kingdom,2010-10-22 17:07:00,2011-12-08 13:59:00,0,39,8704.69,5390.0,0.0,0.0,5,5,5,15,Champions
17364,United Kingdom,2009-12-07 15:28:00,2011-12-09 09:00:00,0,28,11684.55,7513.0,23.0,0.0031,5,5,5,15,Champions
12433,Norway,2010-08-20 09:23:00,2011-12-09 10:02:00,0,10,16641.74,13534.0,1.0,0.0001,5,5,5,15,Champions
13269,United Kingdom,2009-12-02 11:47:00,2011-12-08 14:53:00,0,28,8509.96,6367.0,5.0,0.0008,5,5,5,15,Champions
13098,United Kingdom,2011-01-26 13:46:00,2011-12-08 14:14:00,0,28,28658.88,15968.0,57.0,0.0036,5,5,5,15,Champions
14796,United Kingdom,2009-12-14 15:06:00,2011-12-08 15:31:00,0,27,10021.86,7219.0,87.0,0.0121,5,5,5,15,Champions
12680,France,2011-08-18 15:44:00,2011-12-09 12:50:00,0,4,880.81,444.0,0.0,0.0,5,3,3,11,Potential Loyalist
18102,United Kingdom,2009-12-01 09:24:00,2011-12-09 11:50:00,0,145,570380.61,181645.0,1230.0,0.0068,5,5,5,15,Champions
15898,United Kingdom,2009-12-11 16:11:00,2011-12-08 15:23:00,0,25,5012.67,2188.0,17.0,0.0078,5,5,5,15,Champions
15694,United Kingdom,2009-12-07 15:43:00,2011-12-09 09:44:00,0,24,9734.13,2467.0,43.0,0.0174,5,5,5,15,Champions
14056,United Kingdom,2011-02-28 15:19:00,2011-12-08 13:36:00,0,23,8124.4,4273.0,41.0,0.0096,5,5,5,15,Champions
16705,United Kingdom,2009-12-09 13:34:00,2011-12-09 12:08:00,0,42,42653.141,22302.0,301.0,0.0135,5,5,5,15,Champions
17530,United Kingdom,2009-12-06 16:17:00,2011-12-08 18:42:00,0,12,2839.92,1771.0,1.0,0.0006,5,5,4,14,Champions
14415,United Kingdom,2009-12-16 14:08:00,2011-12-08 14:38:00,0,23,11915.13,6304.0,58.0,0.0092,5,5,5,15,Champions
13471,United Kingdom,2011-10-23 13:10:00,2011-12-08 15:44:00,0,4,2531.58,1590.0,0.0,0.0,5,3,4,12,Potential Loyalist
17754,United Kingdom,2009-12-11 15:52:00,2011-12-09 11:20:00,0,13,4509.39,4441.0,67.0,0.0151,5,5,5,15,Champions
17581,United Kingdom,2009-12-03 12:34:00,2011-12-09 12:21:00,0,43,17460.69,9531.0,95.0,0.01,5,5,5,15,Champions
16401,United Kingdom,2010-06-02 13:13:00,2011-12-08 18:15:00,0,23,6628.99,6035.0,125.0,0.0207,5,5,5,15,Champions
13404,United Kingdom,2011-05-11 11:57:00,2011-12-08 15:37:00,0,2,252.49,111.0,0.0,0.0,5,2,1,8,Potential Loyalist
13426,United Kingdom,2009-12-09 15:16:00,2011-12-09 08:59:00,0,22,8076.76,4868.0,21.0,0.0043,5,5,5,15,Champions
14569,United Kingdom,2010-04-15 11:49:00,2011-12-08 14:58:00,0,4,598.98,258.0,0.0,0.0,5,3,3,11,Potential Loyalist
15344,United Kingdom,2011-09-26 14:48:00,2011-12-09 10:45:00,0,3,476.58,116.0,10.0,0.0862,5,3,2,10,Potential Loyalist
17428,United Kingdom,2009-12-01 17:28:00,2011-12-09 09:45:00,0,45,30885.06,17356.0,113.0,0.0065,5,5,5,15,Champions
16688,United Kingdom,2011-10-10 12:23:00,2011-12-08 15:24:00,0,4,1260.86,804.0,0.0,0.0,5,3,4,12,Potential Loyalist
16954,United Kingdom,2010-01-18 14:49:00,2011-12-09 09:46:00,0,20,6037.33,4086.0,9.0,0.0022,5,5,5,15,Champions
15189,United Kingdom,2010-07-18 13:37:00,2011-12-08 13:22:00,0,46,17101.13,6902.0,114.0,0.0165,5,5,5,15,Champions
12662,Germany,2010-04-01 09:50:00,2011-12-09 11:59:00,0,20,6687.69,3424.0,21.0,0.0061,5,5,5,15,Champions
15311,United Kingdom,2009-12-01 11:21:00,2011-12-09 12:00:00,0,208,111920.03,70216.0,1267.0,0.018,5,5,5,15,Champions
12748,United Kingdom,2009-12-04 17:31:00,2011-12-09 12:20:00,0,336,47976.73,37779.0,2037.0,0.0539,5,5,5,15,Champions
17144,United Kingdom,2011-09-16 12:50:00,2011-12-08 17:57:00,0,2,984.57,483.0,0.0,0.0,5,2,3,10,Potential Loyalist
13077,United Kingdom,2009-12-11 11:17:00,2011-12-08 19:24:00,0,11,2726.45,2482.0,61.0,0.0246,5,5,4,14,Champions
17644,United Kingdom,2010-02-16 08:44:00,2011-12-08 13:43:00,0,20,5864.54,3469.0,59.0,0.017,5,5,5,15,Champions
17001,United Kingdom,2010-03-25 12:41:00,2011-12-09 09:38:00,0,19,6640.8,3782.0,0.0,0.0,5,5,5,15,Champions
14422,United Kingdom,2009-12-17 12:12:00,2011-12-09 11:26:00,0,19,10200.92,6067.0,8.0,0.0013,5,5,5,15,Champions
12985,United Kingdom,2011-11-11 12:44:00,2011-12-09 10:46:00,0,2,1215.62,1533.0,120.0,0.0783,5,2,4,11,Potential Loyalist
13680,United Kingdom,2009-12-04 14:14:00,2011-12-08 13:47:00,0,12,9915.56,5252.0,669.0,0.1274,5,5,5,15,Champions
13860,United Kingdom,2011-09-14 09:27:00,2011-12-08 12:57:00,0,5,1240.0,591.0,2.0,0.0034,5,4,4,13,Champions
12955,United Kingdom,2011-03-17 09:03:00,2011-12-08 16:29:00,0,11,4734.26,3664.0,22.0,0.006,5,5,5,15,Champions
14446,United Kingdom,2010-11-18 12:08:00,2011-12-09 11:34:00,0,5,1241.31,1116.0,0.0,0.0,5,4,4,13,Champions
17554,United Kingdom,2011-07-14 20:01:00,2011-12-08 14:15:00,0,5,1952.45,1763.0,0.0,0.0,5,4,4,13,Champions
12518,Germany,2011-08-21 13:18:00,2011-12-09 10:13:00,0,5,2056.89,1318.0,0.0,0.0,5,4,4,13,Champions
16358,United Kingdom,2010-11-10 11:36:00,2011-12-08 15:09:00,0,5,2917.1,2065.0,1.0,0.0005,5,4,5,14,Champions
14911,EIRE,2009-12-01 11:41:00,2011-12-08 15:54:00,0,398,265836.95,148010.0,6496.0,0.0439,5,5,5,15,Champions
16626,United Kingdom,2011-03-18 12:27:00,2011-12-09 11:56:00,0,17,4379.65,2690.0,20.0,0.0074,5,5,5,15,Champions
17491,United Kingdom,2010-04-28 11:57:00,2011-12-08 16:18:00,0,17,5636.72,3362.0,1.0,0.0003,5,5,5,15,Champions
17757,United Kingdom,2010-01-13 15:56:00,2011-12-08 15:31:00,0,56,9050.39,5023.0,59.0,0.0117,5,5,5,15,Champions
12713,Germany,2011-12-09 12:16:00,2011-12-09 12:16:00,0,1,848.55,508.0,0.0,0.0,5,1,3,9,Others
15796,United Kingdom,2010-03-31 13:10:00,2011-12-08 19:55:00,0,17,5019.95,1735.0,20.0,0.0115,5,5,5,15,Champions
15484,United Kingdom,2009-12-05 15:18:00,2011-12-08 15:03:00,0,6,4624.8,4076.0,16.0,0.0039,5,4,5,14,Champions
17949,United Kingdom,2009-12-02 11:07:00,2011-12-08 18:46:00,0,118,97581.59,60538.0,6330.0,0.1046,5,5,5,15,Champions
16833,United Kingdom,2010-03-26 15:31:00,2011-12-08 14:39:00,0,6,2409.04,878.0,0.0,0.0,5,4,4,13,Champions
13777,United Kingdom,2009-12-02 09:47:00,2011-12-09 12:25:00,0,61,49218.41,23190.0,156.0,0.0067,5,5,5,15,Champions
17389,United Kingdom,2009-12-04 12:06:00,2011-12-09 09:38:00,0,61,54587.03,17882.0,362.0,0.0202,5,5,5,15,Champions
13798,United Kingdom,2009-12-08 16:21:00,2011-12-08 15:51:00,0,110,73165.47,48187.0,937.0,0.0194,5,5,5,15,Champions
15208,United Kingdom,2010-10-12 12:17:00,2011-12-08 17:24:00,0,6,968.02,356.0,2.0,0.0056,5,4,3,12,Loyal
17243,United Kingdom,2009-12-01 15:36:00,2011-12-08 13:26:00,0,69,20452.31,8106.0,27.0,0.0033,5,5,5,15,Champions
17675,United Kingdom,2009-12-10 16:10:00,2011-12-08 18:03:00,0,70,37064.32,16180.0,154.0,0.0095,5,5,5,15,Champions
15804,United Kingdom,2011-05-25 10:12:00,2011-12-09 12:31:00,0,13,3848.55,2565.0,52.0,0.0203,5,5,5,15,Champions
14441,United Kingdom,2010-01-18 10:40:00,2011-12-09 09:07:00,0,11,4370.09,1260.0,18.0,0.0143,5,5,5,15,Champions
13536,United Kingdom,2011-09-25 13:30:00,2011-12-08 16:38:00,0,7,3448.29,2136.0,0.0,0.0,5,4,5,14,Champions
16892,United Kingdom,2009-12-08 14:20:00,2011-12-08 13:18:00,0,7,733.4,370.0,4.0,0.0108,5,4,3,12,Loyal
13510,United Kingdom,2009-12-21 11:53:00,2011-12-08 13:46:00,0,11,4488.39,3044.0,22.0,0.0072,5,5,5,15,Champions
16794,United Kingdom,2010-03-25 15:17:00,2011-12-08 17:54:00,0,15,2069.71,1602.0,4.0,0.0025,5,5,4,14,Champions
14653,United Kingdom,2009-12-02 11:51:00,2011-12-08 13:45:00,0,12,3614.54,1976.0,0.0,0.0,5,5,5,15,Champions
15910,United Kingdom,2010-01-21 11:51:00,2011-12-09 10:51:00,0,15,2681.8,2171.0,0.0,0.0,5,5,4,14,Champions
17451,United Kingdom,2011-08-26 11:54:00,2011-12-08 15:02:00,0,7,1648.95,1203.0,25.0,0.0208,5,4,4,13,Champions
14730,United Kingdom,2011-03-08 12:49:00,2011-12-08 14:39:00,0,8,2005.06,1132.0,0.0,0.0,5,4,4,13,Champions
17528,United Kingdom,2011-09-29 13:04:00,2011-12-08 13:27:00,0,8,3540.1,2138.0,8.0,0.0037,5,4,5,14,Champions
13890,United Kingdom,2009-12-06 15:15:00,2011-12-08 15:36:00,0,14,2858.73,1392.0,27.0,0.0194,5,5,5,15,Champions
13026,United Kingdom,2009-12-13 11:34:00,2011-12-08 16:58:00,0,9,1690.12,2466.0,35.0,0.0142,5,5,4,14,Champions
13298,United Kingdom,2011-12-08 13:11:00,2011-12-08 13:11:00,0,1,360.0,96.0,0.0,0.0,5,1,2,8,Others
17490,United Kingdom,2010-05-19 12:40:00,2011-12-09 09:08:00,0,9,2585.06,1531.0,113.0,0.0738,5,5,4,14,Champions
14621,United Kingdom,2010-01-25 09:08:00,2011-12-08 16:22:00,0,9,2878.27,1706.0,35.0,0.0205,5,5,5,15,Champions
16933,United Kingdom,2009-12-09 15:03:00,2011-12-08 12:54:00,0,9,3099.6,1547.0,21.0,0.0136,5,5,5,15,Champions
15156,United Kingdom,2011-11-06 12:41:00,2011-12-08 18:22:00,0,3,961.49,597.0,0.0,0.0,5,3,3,11,Potential Loyalist
17405,United Kingdom,2011-07-12 14:17:00,2011-12-08 17:12:00,0,3,967.22,726.0,21.0,0.0289,5,3,3,11,Potential Loyalist
14606,United Kingdom,2009-12-03 12:40:00,2011-12-08 19:28:00,0,192,29500.4,15378.0,333.0,0.0217,5,5,5,15,Champions
13521,United Kingdom,2011-11-29 15:09:00,2011-12-08 13:50:00,0,3,1093.65,736.0,0.0,0.0,5,3,3,11,Potential Loyalist
13599,United Kingdom,2009-12-01 12:30:00,2011-12-08 16:10:00,0,33,9437.5,6249.0,224.0,0.0358,5,5,5,15,Champions
17668,United Kingdom,2011-11-01 14:45:00,2011-12-08 13:25:00,0,2,347.75,93.0,0.0,0.0,5,2,2,9,Potential Loyalist
13102,United Kingdom,2010-05-06 13:12:00,2011-12-08 12:52:00,0,37,11123.3,6366.0,66.0,0.0104,5,5,5,15,Champions
13318,United Kingdom,2011-11-02 13:26:00,2011-12-08 18:51:00,0,3,640.76,304.0,0.0,0.0,5,3,3,11,Potential Loyalist
14051,United Kingdom,2009-12-03 11:53:00,2011-12-09 10:20:00,0,37,21481.08,5733.0,56.0,0.0098,5,5,5,15,Champions
13113,United Kingdom,2010-03-28 16:13:00,2011-12-09 12:49:00,0,37,16259.13,4440.0,499.0,0.1124,5,5,5,15,Champions
12526,Germany,2011-09-06 14:19:00,2011-12-09 12:09:00,0,3,1316.66,632.0,0.0,0.0,5,3,4,12,Potential Loyalist
