customer_id,country,first_order_date,last_order_date,customer_tenure_days
12346,United Kingdom,2009-12-14 08:34:00,2011-01-18 10:01:00,400.0
12347,Iceland,2010-10-31 14:20:00,2011-12-07 15:52:00,402.0
12348,Finland,2010-09-27 14:59:00,2011-09-25 13:13:00,362.0
12349,Italy,2010-04-29 13:20:00,2011-11-21 09:51:00,570.0
12350,Norway,2011-02-02 16:01:00,2011-02-02 16:01:00,0.0
12351,Unspecified,2010-11-29 15:23:00,2010-11-29 15:23:00,0.0
12352,Norway,2010-11-12 10:20:00,2011-11-03 14:37:00,356.0
12353,Bahrain,2010-10-27 12:44:00,2011-05-19 17:47:00,204.0
12354,Spain,2011-04-21 13:11:00,2011-04-21 13:11:00,0.0
12355,Bahrain,2010-05-21 11:59:00,2011-05-09 13:49:00,353.0
12356,Portugal,2010-10-11 09:42:00,2011-11-17 08:40:00,401.0
12357,Switzerland,2010-11-16 10:05:00,2011-11-06 16:07:00,355.0
12358,Austria,2009-12-08 07:59:00,2011-12-08 10:26:00,730.0
12359,Cyprus,2009-12-05 13:32:00,2011-10-13 12:47:00,676.0
12360,Austria,2010-02-22 09:32:00,2011-10-18 15:22:00,603.0
12361,Belgium,2010-01-26 14:37:00,2011-02-25 13:51:00,394.0
12362,Belgium,2009-12-01 10:10:00,2011-12-06 15:40:00,735.0
12363,Unspecified,2011-04-11 13:29:00,2011-08-22 10:18:00,132.0
12364,Belgium,2011-08-19 15:24:00,2011-12-02 10:22:00,104.0
12365,Cyprus,2011-02-21 13:51:00,2011-02-21 14:04:00,0.0
12366,Cyprus,2010-03-16 10:28:00,2010-03-16 10:28:00,0.0
12367,Denmark,2011-12-05 16:48:00,2011-12-05 16:48:00,0.0
12368,Cyprus,2010-03-21 15:56:00,2010-03-21 15:56:00,0.0
12369,Austria,2010-03-08 08:09:00,2010-10-22 13:13:00,228.0
12370,Cyprus,2010-02-09 09:41:00,2011-10-19 14:51:00,617.0
12371,Switzerland,2010-03-04 18:23:00,2011-10-26 10:16:00,600.0
12372,Denmark,2011-02-16 12:46:00,2011-09-29 12:12:00,224.0
12373,Austria,2010-02-04 12:08:00,2011-02-01 13:10:00,362.0
12374,Austria,2010-04-30 14:01:00,2011-11-14 15:37:00,563.0
12375,Finland,2011-09-02 14:23:00,2011-11-29 10:36:00,87.0
12376,Switzerland,2010-10-18 08:42:00,2010-11-15 12:15:00,28.0
12377,Switzerland,2010-04-29 15:34:00,2011-01-28 15:45:00,274.0
12378,Switzerland,2010-05-26 14:07:00,2011-08-02 10:34:00,432.0
12379,Belgium,2010-06-23 12:49:00,2011-09-19 10:09:00,452.0
12380,Belgium,2010-02-15 12:05:00,2011-11-18 11:27:00,640.0
12381,Norway,2011-08-12 09:57:00,2011-12-05 12:44:00,115.0
12382,Netherlands,,,
12383,Belgium,2010-12-22 14:28:00,2011-06-08 08:02:00,167.0
12384,Switzerland,2011-08-10 11:23:00,2011-11-11 08:39:00,92.0
12385,Belgium,2010-11-25 15:14:00,2010-11-25 15:14:00,0.0
12386,Australia,2010-12-08 09:53:00,2011-01-06 12:37:00,29.0
12387,Australia,2010-10-20 16:27:00,2010-10-20 16:27:00,0.0
12388,Australia,2010-05-06 12:54:00,2011-11-24 12:30:00,566.0
12389,Australia,2010-02-22 10:15:00,2010-11-02 11:52:00,253.0
12390,Belgium,2011-09-21 09:33:00,2011-09-21 09:33:00,0.0
12391,Cyprus,2010-02-15 10:12:00,2011-11-18 12:07:00,641.0
12392,Australia,2010-04-27 14:04:00,2010-04-27 14:04:00,0.0
12393,Australia,2010-10-07 13:49:00,2011-09-28 15:41:00,356.0
12394,Denmark,2011-05-06 14:01:00,2011-10-07 08:08:00,153.0
12395,Belgium,2010-04-16 10:16:00,2011-11-20 15:21:00,583.0
12396,RSA,2010-02-03 13:22:00,2010-02-03 13:22:00,0.0
12397,Belgium,2011-07-27 14:21:00,2011-11-04 09:52:00,99.0
12398,Switzerland,2011-10-25 10:27:00,2011-10-25 10:27:00,0.0
12399,Belgium,2010-03-05 08:45:00,2011-08-12 13:15:00,525.0
12400,Australia,2010-10-21 13:45:00,2010-10-21 13:45:00,0.0
12401,Belgium,2011-02-09 13:50:00,2011-02-09 13:50:00,0.0
12402,Belgium,2010-02-07 12:41:00,2011-01-20 13:49:00,347.0
12403,Denmark,2010-07-06 11:39:00,2011-10-21 10:51:00,471.0
12404,Finland,2010-01-26 16:25:00,2010-01-26 16:25:00,0.0
12405,Finland,2011-07-14 08:52:00,2011-07-14 08:52:00,0.0
12406,Denmark,2010-01-11 14:04:00,2011-11-17 19:22:00,675.0
12407,Belgium,2011-03-20 13:21:00,2011-10-21 10:11:00,214.0
12408,Belgium,2010-07-29 13:27:00,2011-11-07 12:27:00,465.0
12409,Switzerland,2010-05-23 15:21:00,2011-09-22 10:38:00,486.0
12410,Switzerland,2010-07-25 13:26:00,2011-02-04 10:39:00,193.0
12411,Australia,2010-10-26 09:25:00,2010-10-26 09:25:00,0.0
12412,Denmark,2010-06-18 13:22:00,2011-09-26 10:16:00,464.0
12413,Spain,2010-11-02 13:26:00,2011-10-04 09:00:00,335.0
12414,Austria,2010-09-02 12:22:00,2011-05-06 14:51:00,246.0
12415,Australia,2010-06-30 08:30:00,2011-11-15 14:22:00,503.0
12416,Australia,2010-02-21 10:19:00,2010-02-21 10:19:00,0.0
12417,Spain,2009-12-06 10:30:00,2011-12-06 14:52:00,730.0
12418,Switzerland,2010-03-19 14:47:00,2011-08-19 11:08:00,517.0
12419,Spain,2010-10-22 10:40:00,2010-11-19 10:04:00,27.0
12420,Cyprus,2011-10-07 08:55:00,2011-10-07 08:55:00,0.0
12421,Spain,2010-07-22 13:57:00,2011-11-24 09:07:00,489.0
12422,Switzerland,2009-12-18 12:44:00,2011-09-05 09:48:00,625.0
12423,Denmark,2010-08-31 09:31:00,2011-12-09 10:10:00,465.0
12424,Australia,2010-06-09 15:15:00,2011-06-30 12:06:00,385.0
12425,Portugal,2010-09-17 14:10:00,2011-09-22 17:31:00,370.0
12426,Germany,2010-02-15 08:41:00,2011-05-29 12:26:00,468.0
12427,Germany,2010-12-03 10:44:00,2011-11-18 08:56:00,349.0
12428,Finland,2011-03-01 09:33:00,2011-11-14 08:22:00,257.0
12429,Denmark,2010-06-11 13:28:00,2011-11-30 17:22:00,537.0
12430,Norway,2011-10-27 15:09:00,2011-10-27 15:09:00,0.0
12431,Belgium,2010-01-15 09:04:00,2011-11-04 11:55:00,658.0
12432,Norway,2011-06-20 13:27:00,2011-10-28 11:43:00,129.0
12433,Norway,2010-08-20 09:23:00,2011-12-09 10:02:00,476.0
12434,Australia,2010-11-23 13:38:00,2011-09-16 12:38:00,296.0
12435,Denmark,2009-12-02 13:58:00,2011-09-21 09:06:00,657.0
12436,Norway,2011-09-01 12:09:00,2011-09-01 12:09:00,0.0
12437,France,2009-12-02 16:24:00,2011-12-08 11:35:00,735.0
12438,Norway,2011-07-22 13:29:00,2011-11-25 13:28:00,125.0
12439,Cyprus,2009-12-14 08:40:00,2010-01-26 12:11:00,43.0
12440,Austria,2009-12-22 12:03:00,2010-09-03 13:11:00,255.0
12441,France,2010-12-08 10:45:00,2010-12-08 10:45:00,0.0
12442,Spain,2011-12-06 14:22:00,2011-12-06 14:22:00,0.0
12443,Norway,2009-12-07 15:42:00,2009-12-07 15:42:00,0.0
12444,Norway,2011-06-21 14:00:00,2011-11-18 13:23:00,149.0
12445,Spain,2010-10-15 12:28:00,2011-11-17 18:43:00,398.0
12446,RSA,2011-10-13 12:50:00,2011-10-13 12:50:00,0.0
12447,Belgium,2011-04-10 13:25:00,2011-04-10 13:25:00,0.0
12448,Spain,2011-10-26 13:46:00,2011-10-26 13:46:00,0.0
12449,Denmark,2010-09-27 09:37:00,2011-11-17 13:46:00,416.0
12450,Spain,2010-08-22 13:11:00,2011-07-06 14:41:00,318.0
12451,Switzerland,2010-06-28 12:58:00,2011-11-29 08:40:00,518.0
12452,Switzerland,2011-11-23 08:05:00,2011-11-23 10:28:00,0.0
12453,Austria,2011-07-28 14:08:00,2011-07-28 14:08:00,0.0
12454,Spain,2010-10-14 17:33:00,2011-10-14 17:13:00,364.0
12455,Spain,2009-12-18 12:33:00,2011-09-27 15:31:00,648.0
12456,Switzerland,2011-03-30 09:12:00,2011-10-26 14:41:00,210.0
12457,Switzerland,2010-09-30 17:59:00,2011-10-04 13:13:00,368.0
12458,Switzerland,2010-08-09 10:33:00,2011-09-29 15:25:00,416.0
12459,Spain,2010-04-13 14:53:00,2010-04-13 14:53:00,0.0
12460,Belgium,2010-09-09 13:51:00,2010-09-09 13:51:00,0.0
12461,Switzerland,2011-07-08 10:23:00,2011-09-06 16:57:00,60.0
12462,Spain,2011-02-09 14:44:00,2011-11-21 09:11:00,284.0
12463,Belgium,2011-04-12 12:47:00,2011-10-17 13:44:00,188.0
12464,Belgium,2011-02-03 13:30:00,2011-11-29 13:33:00,299.0
12465,Belgium,2011-06-23 13:37:00,2011-11-22 16:34:00,152.0
12466,France,2010-01-26 16:26:00,2010-01-26 16:26:00,0.0
12467,USA,2010-10-12 15:41:00,2010-10-12 15:41:00,0.0
12468,Germany,2010-01-26 10:09:00,2011-06-05 11:36:00,495.0
12469,Thailand,2010-06-21 10:30:00,2010-07-05 12:40:00,14.0
12470,Unspecified,2010-01-19 11:01:00,2010-01-19 11:01:00,0.0
12471,Germany,2009-12-07 10:41:00,2011-12-07 15:43:00,730.0
12472,Germany,2009-12-14 10:49:00,2011-11-07 14:01:00,693.0
12473,Germany,2011-06-01 10:15:00,2011-11-10 13:46:00,162.0
12474,Germany,2010-02-11 09:41:00,2011-11-22 14:39:00,649.0
12475,Germany,2010-10-26 08:49:00,2011-10-17 10:10:00,356.0
12476,Germany,2010-07-26 09:04:00,2011-11-24 12:40:00,486.0
12477,Germany,2010-03-26 14:01:00,2011-11-17 09:51:00,600.0
12478,Greece,2011-12-06 09:56:00,2011-12-06 09:56:00,0.0
12479,Germany,2011-11-28 13:26:00,2011-11-28 13:26:00,0.0
12480,Germany,2010-07-20 13:21:00,2011-11-11 14:52:00,479.0
12481,Germany,2010-04-11 13:10:00,2011-11-17 08:29:00,584.0
12482,Sweden,2010-02-24 10:24:00,2010-05-12 16:51:00,77.0
12483,Sweden,2010-01-31 13:28:00,2011-11-22 17:02:00,660.0
12484,Spain,2010-01-27 16:41:00,2011-11-07 11:37:00,648.0
12485,Sweden,2010-06-28 15:22:00,2010-06-28 15:22:00,0.0
12486,Sweden,2010-10-04 12:14:00,2010-10-04 12:14:00,0.0
12487,Sweden,2009-12-09 11:36:00,2009-12-09 11:36:00,0.0
12488,France,2011-09-25 10:34:00,2011-11-30 08:50:00,65.0
12489,France,2011-01-07 13:13:00,2011-01-07 13:13:00,0.0
12490,France,2009-12-01 12:52:00,2011-12-04 16:07:00,733.0
12491,France,2011-11-01 12:18:00,2011-11-01 12:18:00,0.0
12492,Germany,2010-11-01 14:58:00,2011-10-07 15:15:00,340.0
12493,France,2011-05-26 14:53:00,2011-06-27 10:17:00,31.0
12494,France,2010-05-12 13:52:00,2011-11-24 09:34:00,560.0
12495,Sweden,2010-03-09 10:53:00,2010-03-09 10:53:00,0.0
12496,Spain,2010-03-29 13:57:00,2010-03-29 14:06:00,0.0
12497,Germany,2010-03-05 09:39:00,2011-09-19 12:29:00,563.0
12498,Germany,2011-10-13 09:30:00,2011-11-18 12:53:00,36.0
12499,Germany,2010-05-28 15:12:00,2010-05-28 15:12:00,0.0
12500,Germany,2010-02-04 15:05:00,2011-11-16 16:20:00,650.0
12501,Germany,2011-01-07 12:28:00,2011-01-07 12:28:00,0.0
12502,Spain,2011-02-03 10:41:00,2011-09-05 11:52:00,214.0
12503,Spain,2010-05-04 13:59:00,2010-05-04 13:59:00,0.0
12504,Germany,2010-04-22 10:24:00,2011-11-21 16:02:00,578.0
12505,Italy,2010-10-27 09:18:00,2010-10-27 09:18:00,0.0
12506,France,2011-04-21 08:54:00,2011-04-21 08:54:00,0.0
12507,Spain,2010-05-04 09:23:00,2011-07-28 17:09:00,450.0
12508,France,2011-11-10 16:27:00,2011-11-13 15:37:00,2.0
12509,France,2011-02-28 14:45:00,2011-02-28 14:45:00,0.0
12510,Spain,2009-12-04 13:47:00,2011-07-20 10:15:00,592.0
12511,Greece,2010-10-07 10:39:00,2010-10-07 10:39:00,0.0
12512,Israel,2011-10-04 14:53:00,2011-10-04 14:55:00,0.0
12513,France,2011-08-19 10:51:00,2011-08-19 10:51:00,0.0
12514,Italy,2010-03-08 12:18:00,2011-03-17 16:38:00,374.0
12515,Italy,2010-12-21 15:43:00,2010-12-21 15:43:00,0.0
12516,Germany,2010-04-19 14:14:00,2011-09-23 09:13:00,521.0
12517,Germany,2011-06-02 15:13:00,2011-11-11 14:04:00,161.0
12518,Germany,2011-08-21 13:18:00,2011-12-09 10:13:00,109.0
12519,Germany,2010-08-20 08:21:00,2011-10-07 09:26:00,413.0
12520,Germany,2011-03-11 11:35:00,2011-09-21 15:23:00,194.0
12521,Germany,2011-07-20 10:51:00,2011-07-20 10:51:00,0.0
12522,Germany,2011-10-19 14:41:00,2011-10-31 15:30:00,12.0
12523,France,2009-12-07 13:46:00,2011-11-20 12:55:00,712.0
12524,Germany,2010-02-08 14:41:00,2011-11-30 15:31:00,660.0
12525,France,2010-03-02 14:01:00,2010-07-29 16:08:00,149.0
12526,Germany,2011-09-06 14:19:00,2011-12-09 12:09:00,93.0
12527,Germany,2010-06-28 15:37:00,2011-09-19 11:55:00,447.0
12528,Germany,2011-01-31 09:05:00,2011-11-30 14:40:00,303.0
12529,France,2010-06-29 13:10:00,2010-06-29 13:10:00,0.0
12530,Germany,2010-03-07 14:37:00,2011-10-11 12:34:00,582.0
12531,Germany,2010-01-22 14:17:00,2011-11-25 11:12:00,671.0
12532,France,2011-11-09 13:47:00,2011-11-09 13:47:00,0.0
12533,Germany,2009-12-01 11:50:00,2010-03-22 10:56:00,110.0
12534,Germany,2011-08-01 10:26:00,2011-08-01 10:26:00,0.0
12535,France,2011-06-06 12:47:00,2011-09-09 08:48:00,94.0
12536,France,2011-10-11 14:52:00,2011-10-27 14:20:00,15.0
12537,Sweden,2010-10-27 08:36:00,2010-10-27 08:36:00,0.0
12538,Spain,2010-11-26 13:02:00,2011-11-10 17:16:00,349.0
12539,Spain,2009-12-23 13:00:00,2011-11-17 13:30:00,694.0
12540,Spain,2009-12-07 16:56:00,2011-11-20 11:31:00,712.0
12541,Spain,2011-03-04 09:32:00,2011-11-10 10:40:00,251.0
12542,Spain,2010-03-09 16:26:00,2010-08-12 19:12:00,156.0
12543,Spain,2010-09-17 15:51:00,2010-09-17 15:51:00,0.0
12544,Spain,2011-11-03 16:15:00,2011-11-03 16:15:00,0.0
12545,Spain,2011-03-25 12:04:00,2011-09-25 13:39:00,184.0
12546,Spain,2011-09-23 09:44:00,2011-10-24 12:09:00,31.0
12547,Spain,2010-07-27 13:55:00,2011-05-26 12:38:00,302.0
12548,Spain,2011-06-26 15:35:00,2011-06-26 15:35:00,0.0
12549,USA,2010-01-11 12:29:00,2010-05-13 12:05:00,121.0
12550,Spain,2011-09-21 14:35:00,2011-09-21 14:35:00,0.0
12551,Spain,2010-12-17 11:23:00,2010-12-17 11:23:00,0.0
12552,Italy,2011-10-31 12:11:00,2011-11-01 10:02:00,0.0
12553,France,2010-10-12 13:35:00,2011-12-01 16:38:00,415.0
12554,Spain,2010-09-17 12:29:00,2010-09-17 12:29:00,0.0
12555,Spain,2010-01-26 16:26:00,2010-01-26 16:26:00,0.0
12556,Spain,2011-07-11 13:35:00,2011-10-20 13:06:00,100.0
12557,Spain,2009-12-17 10:39:00,2011-11-23 16:59:00,706.0
12558,USA,2011-12-02 10:41:00,2011-12-02 10:41:00,0.0
12559,Germany,2011-01-24 10:12:00,2011-02-02 09:49:00,8.0
12560,Germany,2011-07-19 15:55:00,2011-12-04 13:54:00,137.0
12561,Germany,2011-02-10 11:39:00,2011-02-10 11:39:00,0.0
12562,France,2010-09-30 13:13:00,2011-12-01 17:20:00,427.0
12563,Italy,2010-10-27 09:52:00,2010-10-27 09:52:00,0.0
12564,France,2011-03-23 14:55:00,2011-03-23 14:55:00,0.0
12565,Saudi Arabia,2011-02-24 10:34:00,2011-02-24 10:34:00,0.0
12566,Germany,2011-09-14 14:30:00,2011-09-14 14:30:00,0.0
12567,France,2010-02-11 10:30:00,2011-11-17 11:02:00,644.0
12568,Germany,2010-03-05 09:15:00,2010-03-05 09:15:00,0.0
12569,Germany,2011-04-01 13:47:00,2011-12-07 16:24:00,250.0
12570,Spain,2010-01-26 17:28:00,2010-01-26 17:28:00,0.0
12571,France,2011-08-10 12:35:00,2011-10-31 10:19:00,81.0
12572,Germany,2011-10-19 08:20:00,2011-12-01 09:20:00,43.0
12573,France,2010-08-31 17:25:00,2011-04-26 15:52:00,237.0
12574,France,2011-01-28 09:20:00,2011-01-28 09:20:00,0.0
12575,France,2010-07-01 09:15:00,2010-09-08 13:09:00,69.0
12576,Poland,2010-07-01 13:46:00,2011-11-04 10:11:00,490.0
12577,France,2009-12-03 19:31:00,2011-11-04 13:24:00,700.0
12578,Italy,2010-09-22 11:19:00,2011-11-18 13:30:00,422.0
12579,France,2011-09-22 17:15:00,2011-09-22 17:15:00,0.0
12580,Germany,2010-05-12 11:45:00,2011-04-07 10:24:00,329.0
12581,Germany,2011-10-31 08:56:00,2011-10-31 08:56:00,0.0
12582,Finland,2010-05-11 09:55:00,2011-04-15 08:45:00,338.0
12583,France,2009-12-06 11:57:00,2011-12-07 08:07:00,730.0
12584,Italy,2011-03-04 15:15:00,2011-12-06 09:35:00,276.0
12585,Germany,2010-12-23 12:58:00,2011-04-19 13:39:00,117.0
12586,Italy,2009-12-16 13:15:00,2011-11-22 16:24:00,706.0
12587,Finland,2011-12-02 12:47:00,2011-12-02 12:47:00,0.0
12588,Finland,2010-04-21 12:22:00,2011-10-31 15:01:00,558.0
12589,France,2010-01-19 12:26:00,2011-11-11 10:19:00,660.0
12590,Germany,2011-05-12 14:46:00,2011-05-12 14:52:00,0.0
12591,Italy,2010-10-27 10:42:00,2011-01-26 14:35:00,91.0
12592,Germany,2010-07-08 14:06:00,2011-09-08 15:04:00,427.0
12593,France,2011-05-05 09:29:00,2011-08-23 12:43:00,110.0
12594,Italy,2010-03-03 13:51:00,2011-11-02 12:20:00,608.0
12595,Germany,2010-07-23 09:10:00,2010-07-23 09:10:00,0.0
12596,Spain,2011-04-11 13:22:00,2011-10-19 13:02:00,190.0
12597,Spain,2011-03-16 14:00:00,2011-11-20 13:33:00,248.0
12598,France,2010-03-01 09:58:00,2011-11-30 12:18:00,639.0
12599,France,2010-05-11 10:42:00,2011-11-10 13:34:00,548.0
12600,Germany,2009-12-07 13:37:00,2011-11-11 10:29:00,703.0
12601,Germany,2010-10-31 10:57:00,2011-06-03 10:17:00,214.0
12602,France,2011-10-12 11:22:00,2011-10-12 11:22:00,0.0
12603,Germany,2011-11-18 10:42:00,2011-11-18 10:42:00,0.0
12604,France,2011-03-23 12:06:00,2011-09-21 14:08:00,182.0
12605,Germany,2010-09-07 14:21:00,2010-11-28 14:18:00,81.0
12606,Spain,2010-01-26 16:23:00,2010-01-26 16:23:00,0.0
12607,USA,2011-10-10 16:06:00,2011-10-10 16:06:00,0.0
12608,United Kingdom,2010-10-31 10:49:00,2010-10-31 10:49:00,0.0
12609,Germany,2009-12-20 13:30:00,2011-09-22 16:34:00,641.0
12610,Italy,2011-08-05 13:52:00,2011-11-17 09:34:00,103.0
12611,Italy,2011-10-18 13:12:00,2011-10-18 13:12:00,0.0
12612,Germany,2011-09-26 15:35:00,2011-09-26 15:35:00,0.0
12613,Germany,2009-12-14 13:10:00,2011-10-13 14:59:00,668.0
12614,Germany,2011-03-07 10:22:00,2011-03-07 10:22:00,0.0
12615,France,2010-03-18 14:09:00,2011-12-07 15:02:00,629.0
12616,France,2010-11-16 11:38:00,2011-09-05 15:17:00,293.0
12617,France,2011-11-10 14:39:00,2011-11-10 14:39:00,0.0
12618,Italy,2011-11-18 11:10:00,2011-11-18 11:10:00,0.0
12619,Germany,2010-05-28 12:52:00,2011-11-23 14:52:00,544.0
12620,France,2011-05-19 12:10:00,2011-11-25 10:20:00,189.0
12621,Germany,2010-02-09 12:01:00,2011-12-08 11:25:00,666.0
12622,Germany,2011-04-21 16:39:00,2011-04-21 16:39:00,0.0
12623,Germany,2010-01-12 11:45:00,2011-03-08 13:50:00,420.0
12624,France,2011-06-15 12:34:00,2011-08-25 15:04:00,71.0
12625,Germany,2010-04-22 11:33:00,2011-05-12 09:54:00,384.0
12626,Germany,2011-01-17 11:01:00,2011-11-16 16:06:00,303.0
12627,Germany,2011-07-22 13:59:00,2011-11-29 12:07:00,129.0
12628,Germany,2011-10-06 09:28:00,2011-12-05 13:15:00,60.0
12629,Sweden,2010-10-12 16:40:00,2010-11-19 09:18:00,37.0
12630,Finland,2011-10-27 10:41:00,2011-11-30 10:48:00,34.0
12631,Finland,2010-01-15 14:50:00,2011-10-13 13:53:00,635.0
12632,Germany,2010-05-24 09:07:00,2010-07-07 09:39:00,44.0
12633,Germany,2010-07-02 11:44:00,2011-10-12 11:40:00,466.0
12634,USA,2010-06-09 15:41:00,2010-06-22 10:05:00,12.0
12635,Germany,2010-09-09 10:50:00,2011-09-11 11:04:00,367.0
12636,USA,2009-12-01 09:55:00,2009-12-01 09:55:00,0.0
12637,France,2010-06-14 13:36:00,2011-10-03 13:46:00,476.0
12638,Sweden,2010-03-10 10:30:00,2011-11-06 13:11:00,606.0
12639,Sweden,2010-03-22 09:05:00,2011-04-15 12:48:00,389.0
12640,France,2011-09-19 12:01:00,2011-11-16 11:52:00,57.0
12641,Sweden,2011-08-16 13:26:00,2011-08-16 13:26:00,0.0
12642,Germany,2011-08-24 09:23:00,2011-11-14 15:03:00,82.0
12643,France,2010-04-07 14:16:00,2011-08-03 12:56:00,482.0
12644,Germany,2010-01-14 13:02:00,2011-08-02 10:33:00,564.0
12645,Germany,2010-02-09 10:49:00,2011-11-06 12:38:00,635.0
12646,USA,2011-10-21 12:52:00,2011-12-05 10:14:00,44.0
12647,Germany,2010-01-13 15:06:00,2011-11-17 12:56:00,672.0
12648,Germany,2010-01-07 18:38:00,2011-07-08 11:55:00,546.0
12649,Germany,2010-01-12 17:24:00,2011-08-24 14:41:00,588.0
12650,France,2011-12-06 16:34:00,2011-12-06 16:34:00,0.0
12651,France,2010-08-31 15:21:00,2011-01-09 12:46:00,130.0
12652,Germany,2010-10-01 15:16:00,2011-01-12 15:00:00,102.0
12653,Israel,2010-07-01 09:56:00,2011-07-14 10:41:00,378.0
12654,Germany,2011-02-17 13:16:00,2011-11-29 10:10:00,284.0
12655,France,2010-10-12 09:17:00,2010-10-12 09:17:00,0.0
12656,France,2010-05-26 09:00:00,2011-11-22 13:42:00,545.0
12657,France,2011-09-22 11:40:00,2011-11-28 15:47:00,67.0
12658,Germany,2011-11-21 10:22:00,2011-11-21 10:22:00,0.0
12659,France,2011-11-10 11:53:00,2011-11-10 11:53:00,0.0
12660,France,2011-11-28 13:26:00,2011-11-28 13:26:00,0.0
12661,Sweden,2010-09-29 16:46:00,2010-09-29 16:46:00,0.0
12662,Germany,2010-04-01 09:50:00,2011-12-09 11:59:00,617.0
12663,Germany,2010-02-09 14:28:00,2010-03-25 09:40:00,43.0
12664,Finland,2009-12-13 10:28:00,2011-12-01 17:07:00,718.0
12665,Germany,2010-02-08 15:11:00,2011-01-19 08:34:00,344.0
12666,Israel,2010-11-10 16:40:00,2010-11-10 16:40:00,0.0
12667,Finland,2011-10-12 17:00:00,2011-10-12 17:00:00,0.0
12668,Germany,2010-01-31 15:45:00,2011-11-28 10:56:00,665.0
12669,France,2011-03-28 10:15:00,2011-07-12 09:54:00,105.0
12670,France,2010-02-11 10:13:00,2011-11-29 15:23:00,656.0
12671,Germany,2010-04-12 16:30:00,2010-04-12 16:30:00,0.0
12672,France,2010-04-23 09:57:00,2011-01-14 09:20:00,265.0
12673,Germany,2010-11-03 10:46:00,2011-12-04 13:55:00,396.0
12674,France,2011-05-16 09:10:00,2011-11-01 12:12:00,169.0
12675,Italy,2010-05-10 16:44:00,2010-06-04 09:49:00,24.0
12676,Sweden,2010-08-13 13:29:00,2011-11-15 12:25:00,458.0
12677,France,2010-02-11 13:55:00,2010-06-02 14:30:00,111.0
12678,France,2010-01-07 16:46:00,2011-10-28 13:04:00,658.0
12679,France,2011-03-01 12:26:00,2011-10-12 12:30:00,225.0
12680,France,2011-08-18 15:44:00,2011-12-09 12:50:00,112.0
12681,France,2009-12-13 13:31:00,2011-11-25 11:33:00,711.0
12682,France,2009-12-01 09:28:00,2011-12-06 10:00:00,735.0
12683,France,2009-12-13 15:01:00,2011-12-05 16:31:00,722.0
12684,France,2011-05-10 12:55:00,2011-12-02 09:53:00,205.0
12685,France,2011-09-07 10:28:00,2011-11-11 13:46:00,65.0
12686,France,2010-12-03 09:51:00,2010-12-03 09:51:00,0.0
12687,Sweden,2010-08-16 12:10:00,2010-08-16 12:12:00,0.0
12688,Israel,2011-08-18 08:49:00,2011-08-18 08:49:00,0.0
12689,France,2011-08-04 10:04:00,2011-11-14 08:31:00,101.0
12690,France,2011-05-18 09:09:00,2011-05-18 09:09:00,0.0
12691,France,2010-10-15 12:00:00,2011-11-11 16:49:00,392.0
12692,France,2010-03-12 14:02:00,2010-03-12 14:02:00,0.0
12693,Germany,2010-07-05 13:56:00,2011-08-04 17:51:00,395.0
12694,France,2010-10-14 19:39:00,2011-09-30 13:06:00,350.0
12695,France,2010-02-12 13:22:00,2011-12-02 13:22:00,658.0
12696,Finland,2010-07-19 10:02:00,2010-10-01 10:43:00,74.0
12697,Sweden,2011-06-23 15:44:00,2011-11-11 08:47:00,140.0
12698,Germany,2010-04-28 15:51:00,2010-04-28 15:51:00,0.0
12699,Germany,2010-10-18 12:07:00,2010-10-18 12:07:00,0.0
12700,France,2011-05-08 16:10:00,2011-12-02 10:47:00,207.0
12701,Germany,2010-03-16 13:23:00,2011-09-21 10:47:00,553.0
12702,Germany,2011-11-20 10:36:00,2011-11-20 10:36:00,0.0
12703,Germany,2010-01-24 12:05:00,2011-09-29 17:52:00,613.0
12704,Finland,2011-06-23 10:20:00,2011-12-02 13:15:00,162.0
12705,Germany,2010-06-24 09:51:00,2011-11-24 13:17:00,518.0
12706,Finland,,,
12707,France,2011-02-21 08:38:00,2011-02-21 08:38:00,0.0
12708,Germany,2009-12-18 10:25:00,2011-11-10 09:52:00,691.0
12709,Germany,2009-12-09 13:49:00,2011-11-24 15:38:00,715.0
12710,Germany,2011-05-22 14:05:00,2011-09-04 12:00:00,104.0
12711,Germany,2010-02-01 11:30:00,2010-04-07 11:59:00,65.0
12712,Germany,2009-12-09 10:46:00,2011-11-11 08:19:00,701.0
12713,Germany,2011-12-09 12:16:00,2011-12-09 12:16:00,0.0
12714,France,2009-12-04 10:00:00,2011-11-30 15:43:00,726.0
12715,Sweden,2011-08-25 15:22:00,2011-08-25 15:22:00,0.0
12716,France,2011-07-29 13:28:00,2011-12-06 08:55:00,129.0
12717,Greece,2010-04-28 14:34:00,2011-07-11 14:47:00,439.0
12718,France,2011-09-29 16:38:00,2011-09-29 16:38:00,0.0
12719,France,2011-10-05 14:50:00,2011-12-04 13:45:00,59.0
12720,Germany,2010-07-21 09:46:00,2011-12-07 08:03:00,503.0
12721,France,2010-08-25 11:07:00,2011-11-08 12:13:00,440.0
12722,France,2011-07-12 11:55:00,2011-09-15 14:50:00,65.0
12723,France,2011-10-05 15:52:00,2011-12-06 10:19:00,61.0
12724,France,2010-06-22 14:00:00,2011-12-04 16:02:00,530.0
12725,Italy,2010-05-04 13:59:00,2010-12-03 15:45:00,213.0
12726,France,2010-03-25 16:25:00,2011-11-11 13:35:00,595.0
12727,France,2010-02-23 09:54:00,2011-11-29 11:46:00,644.0
12728,France,2010-11-21 11:34:00,2011-09-29 15:31:00,312.0
12729,France,2011-08-18 11:40:00,2011-08-18 11:40:00,0.0
12730,Germany,2010-07-06 12:19:00,2010-07-06 12:19:00,0.0
12731,France,2010-03-02 09:23:00,2011-11-16 11:59:00,624.0
12732,France,2011-06-13 11:33:00,2011-06-13 11:33:00,0.0
12733,USA,2010-01-19 13:23:00,2011-04-19 16:19:00,455.0
12734,France,2010-11-12 13:26:00,2010-12-22 12:47:00,39.0
12735,France,2011-01-06 14:26:00,2011-01-28 13:37:00,21.0
12736,France,2011-01-11 07:57:00,2011-01-11 07:57:00,0.0
12737,France,2010-07-29 12:27:00,2010-07-29 12:29:00,0.0
12738,Germany,2010-12-02 18:27:00,2010-12-02 18:27:00,0.0
12739,United Arab Emirates,2010-11-10 14:27:00,2011-09-22 13:00:00,315.0
12740,France,2011-10-07 10:44:00,2011-10-07 10:44:00,0.0
12741,USA,2010-06-24 16:24:00,2010-06-28 14:36:00,3.0
12742,United Arab Emirates,2010-03-24 12:43:00,2010-03-24 12:43:00,0.0
12743,Unspecified,2011-07-28 16:06:00,2011-07-28 16:21:00,0.0
12744,Singapore,2010-04-27 16:19:00,2011-10-19 11:18:00,539.0
12745,United Kingdom,2010-01-26 16:22:00,2010-08-10 10:14:00,195.0
12746,United Kingdom,2010-06-17 10:41:00,2010-06-17 10:41:00,0.0
12747,United Kingdom,2009-12-07 13:23:00,2011-12-07 14:34:00,730.0
12748,United Kingdom,2009-12-04 17:31:00,2011-12-09 12:20:00,734.0
12749,United Kingdom,2010-07-06 15:05:00,2011-12-06 09:56:00,517.0
12750,Poland,2011-08-03 09:13:00,2011-08-03 09:13:00,0.0
12751,Brazil,2010-09-21 12:49:00,2010-09-21 12:49:00,0.0
12752,Norway,2011-09-19 13:32:00,2011-09-19 13:32:00,0.0
12753,Japan,2010-12-12 11:44:00,2011-11-17 10:52:00,339.0
12754,Japan,2011-02-04 10:31:00,2011-04-18 09:00:00,72.0
12755,Japan,2010-01-15 11:57:00,2011-03-04 12:42:00,413.0
12756,Japan,2011-09-14 09:31:00,2011-09-14 09:31:00,0.0
12757,Portugal,2011-05-12 19:01:00,2011-11-24 12:30:00,195.0
12758,Portugal,2009-12-01 14:40:00,2011-08-15 10:22:00,621.0
12759,Netherlands,2009-12-04 10:47:00,2011-10-18 14:49:00,683.0
12760,Netherlands,2010-09-10 08:50:00,2010-09-10 08:50:00,0.0
12761,Netherlands,2010-09-01 10:47:00,2010-09-08 12:17:00,7.0
12762,Portugal,2011-11-14 14:23:00,2011-12-02 10:23:00,17.0
12763,Japan,2010-12-05 15:46:00,2011-07-24 14:12:00,230.0
12764,Lebanon,2011-01-27 10:19:00,2011-01-27 10:19:00,0.0
12765,Netherlands,2010-03-08 09:43:00,2010-08-24 13:51:00,169.0
12766,Portugal,2010-10-28 09:29:00,2011-12-06 08:46:00,403.0
12767,Korea,2010-11-29 09:38:00,2010-11-29 09:38:00,0.0
12768,Korea,2010-09-15 12:08:00,2010-09-15 12:08:00,0.0
12769,Brazil,2011-04-15 10:25:00,2011-04-15 10:25:00,0.0
12770,Japan,2010-09-09 11:43:00,2011-05-13 09:33:00,245.0
12771,Portugal,2010-08-11 11:51:00,2010-08-11 11:51:00,0.0
12772,Portugal,2011-10-11 09:19:00,2011-10-11 09:19:00,0.0
12773,Portugal,2010-05-24 17:30:00,2010-05-24 17:30:00,0.0
12774,Netherlands,2010-06-22 10:38:00,2010-06-22 10:38:00,0.0
12775,Netherlands,2010-10-26 14:24:00,2011-11-22 16:33:00,392.0
12776,Portugal,2010-02-10 12:11:00,2010-02-10 12:11:00,0.0
12777,United Kingdom,2010-09-08 11:35:00,2010-09-08 11:35:00,0.0
12778,Netherlands,2010-04-16 09:57:00,2011-11-20 11:30:00,583.0
12779,Poland,2009-12-03 07:25:00,2011-11-02 11:43:00,699.0
12780,Netherlands,2010-04-20 09:40:00,2010-04-20 09:40:00,0.0
12781,Czech Republic,2011-02-28 08:43:00,2011-10-07 10:37:00,221.0
12782,Portugal,2010-07-08 13:31:00,2011-12-05 09:16:00,514.0
12783,Portugal,2011-09-25 15:35:00,2011-12-07 15:56:00,73.0
12784,Portugal,2010-06-28 13:06:00,2011-11-30 15:38:00,520.0
12785,Portugal,2009-12-08 13:56:00,2010-12-10 13:48:00,366.0
12786,Netherlands,2010-04-09 12:12:00,2010-04-09 12:12:00,0.0
12787,Netherlands,2010-10-22 14:57:00,2011-11-30 08:44:00,403.0
12788,Netherlands,2010-06-29 13:05:00,2010-09-02 14:21:00,65.0
12789,Netherlands,2010-01-15 12:06:00,2011-10-05 13:34:00,628.0
12790,Netherlands,2010-10-25 13:04:00,2011-05-31 14:14:00,218.0
12791,Netherlands,2010-03-25 17:29:00,2010-12-01 11:27:00,250.0
12792,Portugal,2010-06-23 10:49:00,2011-03-28 11:36:00,278.0
12793,Portugal,2010-11-03 13:05:00,2011-01-09 12:12:00,66.0
12794,Portugal,2011-09-02 12:01:00,2011-10-17 14:54:00,45.0
12795,Portugal,2011-11-21 10:27:00,2011-11-21 10:27:00,0.0
12796,Netherlands,2010-03-21 15:49:00,2010-03-21 15:49:00,0.0
12797,Portugal,2010-10-11 12:53:00,2010-12-09 10:55:00,58.0
12798,Japan,2010-10-14 12:27:00,2011-11-29 15:52:00,411.0
12799,Japan,2010-06-28 15:57:00,2010-06-28 15:57:00,0.0
12800,Portugal,2010-02-01 11:02:00,2010-08-26 14:11:00,206.0
12801,Sweden,2010-07-27 09:38:00,2010-07-27 09:38:00,0.0
12802,Netherlands,2010-05-25 09:34:00,2011-06-06 09:36:00,377.0
12803,Netherlands,2010-11-11 14:57:00,2010-11-11 14:57:00,0.0
12804,Netherlands,2010-07-27 13:52:00,2010-08-31 11:58:00,34.0
12805,Netherlands,2010-02-03 09:06:00,2010-11-23 12:27:00,293.0
12806,Netherlands,2010-04-30 10:44:00,2010-09-30 13:34:00,153.0
12807,Sweden,2010-11-21 14:21:00,2010-11-21 14:21:00,0.0
12808,Portugal,2010-09-03 10:24:00,2011-11-03 10:05:00,425.0
12809,Portugal,2010-03-02 14:19:00,2011-06-15 10:51:00,469.0
12810,Japan,2010-02-01 09:52:00,2010-06-23 10:53:00,142.0
12811,Portugal,2010-10-08 12:20:00,2011-03-24 09:42:00,166.0
12812,Japan,2011-10-26 09:54:00,2011-10-26 09:54:00,0.0
12813,Netherlands,2010-01-15 16:52:00,2010-07-26 09:50:00,191.0
12814,Poland,2011-08-30 12:11:00,2011-08-30 12:11:00,0.0
12815,Poland,2011-05-25 13:34:00,2011-07-15 10:21:00,50.0
12816,Poland,2011-06-16 13:24:00,2011-09-05 12:41:00,80.0
12817,Austria,2010-10-01 08:57:00,2011-03-03 16:28:00,153.0
12818,Austria,2011-03-23 12:06:00,2011-03-23 12:06:00,0.0
12819,United Kingdom,2010-09-07 15:20:00,2010-09-07 15:20:00,0.0
12820,United Kingdom,2009-12-05 13:37:00,2011-12-06 15:12:00,731.0
12821,United Kingdom,2010-04-07 15:14:00,2011-05-09 15:51:00,397.0
12822,United Kingdom,2011-09-13 13:46:00,2011-09-30 10:04:00,16.0
12823,United Kingdom,2010-01-29 12:52:00,2011-09-26 07:35:00,604.0
12824,United Kingdom,2011-10-11 12:49:00,2011-10-11 12:49:00,0.0
12825,United Kingdom,2010-03-08 10:17:00,2010-07-06 13:56:00,120.0
12826,United Kingdom,2009-12-18 10:43:00,2011-12-07 10:25:00,718.0
12827,United Kingdom,2011-10-26 15:44:00,2011-12-04 12:17:00,38.0
12828,United Kingdom,2011-08-01 16:16:00,2011-12-07 08:45:00,127.0
12829,United Kingdom,2010-06-07 15:04:00,2011-01-07 11:13:00,213.0
12830,United Kingdom,2011-06-21 10:53:00,2011-11-02 11:54:00,134.0
12831,United Kingdom,2010-09-02 15:58:00,2011-03-22 13:02:00,200.0
12832,United Kingdom,2011-09-02 13:48:00,2011-11-07 13:30:00,65.0
12833,United Kingdom,2011-07-17 13:46:00,2011-07-17 13:46:00,0.0
12834,United Kingdom,2011-03-02 09:49:00,2011-03-02 09:49:00,0.0
12835,United Kingdom,2009-12-03 12:13:00,2010-10-08 10:59:00,308.0
12836,United Kingdom,2009-12-01 14:19:00,2011-10-11 15:10:00,679.0
12837,United Kingdom,2010-05-19 15:10:00,2011-06-19 16:07:00,396.0
12838,United Kingdom,2010-04-26 09:59:00,2011-11-06 12:20:00,559.0
12839,United Kingdom,2009-12-07 09:18:00,2011-12-07 12:33:00,730.0
12840,United Kingdom,2010-02-03 14:51:00,2011-07-19 09:29:00,530.0
12841,United Kingdom,2010-07-08 15:38:00,2011-12-05 11:13:00,514.0
12842,United Kingdom,2009-12-02 08:15:00,2011-09-30 15:33:00,667.0
12843,United Kingdom,2009-12-13 11:41:00,2011-10-05 12:09:00,661.0
12844,United Kingdom,2010-04-25 11:51:00,2011-11-10 13:31:00,564.0
12845,United Kingdom,2011-02-22 14:10:00,2011-03-17 13:34:00,22.0
12846,United Kingdom,2010-01-26 16:29:00,2010-01-26 16:29:00,0.0
12847,United Kingdom,2010-11-17 12:44:00,2011-11-17 13:16:00,365.0
12848,United Kingdom,2010-02-02 12:45:00,2010-02-02 12:45:00,0.0
12849,United Kingdom,2010-04-27 13:44:00,2011-11-08 13:41:00,559.0
12850,United Kingdom,2010-09-20 12:26:00,2010-09-20 12:26:00,0.0
12851,United Kingdom,2010-08-19 15:13:00,2011-09-04 12:41:00,380.0
12852,United Kingdom,2011-02-18 08:47:00,2011-02-18 08:47:00,0.0
12853,United Kingdom,2010-02-05 11:57:00,2011-07-28 11:29:00,537.0
12854,United Kingdom,2009-12-11 12:55:00,2011-09-22 12:15:00,649.0
12855,United Kingdom,2010-11-02 18:16:00,2010-12-02 09:37:00,29.0
12856,United Kingdom,2011-10-07 12:38:00,2011-12-02 10:52:00,55.0
12857,United Kingdom,2010-01-25 15:37:00,2011-05-13 10:20:00,472.0
12858,United Kingdom,2010-11-21 12:55:00,2010-11-21 12:55:00,0.0
12859,United Kingdom,2010-09-07 12:20:00,2010-09-07 12:20:00,0.0
12860,United Kingdom,2010-01-15 15:22:00,2010-01-15 15:22:00,0.0
12861,United Kingdom,2010-03-30 11:39:00,2010-03-30 11:39:00,0.0
12862,United Kingdom,2010-08-01 15:20:00,2010-10-10 11:47:00,69.0
12863,United Kingdom,2010-04-29 13:54:00,2011-10-18 14:15:00,537.0
12864,United Kingdom,2010-07-19 17:22:00,2011-07-24 13:03:00,369.0
12865,Austria,2010-08-20 12:20:00,2011-11-13 14:31:00,450.0
12866,Belgium,2010-07-25 11:37:00,2011-03-01 14:11:00,219.0
12867,United Kingdom,2009-12-16 16:25:00,2011-11-13 15:30:00,696.0
12868,United Kingdom,2010-11-12 10:05:00,2011-06-07 10:42:00,207.0
12869,United Kingdom,2010-01-27 12:10:00,2010-01-27 12:10:00,0.0
12870,United Kingdom,2010-03-25 14:32:00,2010-11-29 13:42:00,248.0
12871,United Kingdom,2010-09-26 10:34:00,2011-09-16 15:07:00,355.0
12872,United Kingdom,2009-12-03 20:03:00,2011-01-17 10:52:00,409.0
12873,United Kingdom,2010-01-27 09:50:00,2011-03-02 14:58:00,399.0
12874,Belgium,2010-06-03 12:51:00,2010-11-19 15:23:00,169.0
12875,United Kingdom,2010-01-11 12:37:00,2011-07-19 15:30:00,554.0
12876,Belgium,2010-04-28 13:26:00,2011-10-13 12:26:00,532.0
12877,United Kingdom,2010-01-18 10:23:00,2011-12-06 10:30:00,687.0
12878,United Kingdom,2011-03-18 14:02:00,2011-04-17 13:07:00,29.0
12879,United Kingdom,2011-09-09 12:11:00,2011-10-26 12:24:00,47.0
12880,United Kingdom,2010-05-14 11:57:00,2010-11-23 10:50:00,192.0
12881,United Kingdom,2011-03-09 11:44:00,2011-03-09 11:44:00,0.0
12882,United Kingdom,2011-11-06 11:22:00,2011-11-30 16:18:00,24.0
12883,United Kingdom,2011-09-11 15:18:00,2011-11-15 09:32:00,64.0
12884,United Kingdom,2011-09-12 13:10:00,2011-09-12 13:10:00,0.0
12885,United Kingdom,2011-08-08 11:45:00,2011-10-07 13:40:00,60.0
12886,United Kingdom,2011-05-04 11:21:00,2011-10-03 10:09:00,151.0
12887,United Kingdom,2010-11-21 11:18:00,2010-11-21 11:18:00,0.0
12888,United Kingdom,2011-03-29 14:31:00,2011-05-09 16:02:00,41.0
12889,United Kingdom,2010-07-25 14:32:00,2010-11-23 16:08:00,121.0
12890,United Kingdom,2010-11-17 14:05:00,2011-11-15 17:26:00,363.0
12891,United Kingdom,2010-02-18 14:32:00,2011-06-07 12:31:00,473.0
12892,United Kingdom,2010-11-08 09:51:00,2010-11-08 09:51:00,0.0
12893,United Kingdom,2011-11-09 12:34:00,2011-11-09 12:34:00,0.0
12894,United Kingdom,2010-05-13 14:47:00,2010-05-13 14:47:00,0.0
12895,United Kingdom,2011-09-14 08:35:00,2011-10-28 13:51:00,44.0
12896,United Kingdom,,,
12897,United Kingdom,2010-06-14 11:58:00,2011-05-19 12:13:00,339.0
12898,United Kingdom,2010-02-18 12:36:00,2010-09-02 08:08:00,195.0
12899,United Kingdom,2010-10-22 09:53:00,2010-10-22 09:53:00,0.0
12900,United Kingdom,2010-10-13 15:17:00,2010-10-13 15:17:00,0.0
12901,United Kingdom,2011-03-14 10:41:00,2011-12-01 10:07:00,261.0
12902,United Kingdom,2011-03-20 12:06:00,2011-03-20 12:06:00,0.0
12903,United Kingdom,2010-10-07 12:39:00,2010-10-07 12:39:00,0.0
12904,United Kingdom,2011-06-20 13:18:00,2011-11-21 14:34:00,154.0
12905,United Kingdom,2010-01-26 14:06:00,2010-05-12 10:05:00,105.0
12906,United Kingdom,2011-09-22 15:03:00,2011-11-28 09:55:00,66.0
12907,United Kingdom,2010-08-02 14:33:00,2010-11-09 12:08:00,98.0
12908,United Kingdom,2010-03-19 15:59:00,2011-06-16 15:39:00,453.0
12909,United Kingdom,2010-02-24 12:14:00,2011-10-31 12:43:00,614.0
12910,United Kingdom,2010-03-28 13:10:00,2011-11-16 14:28:00,598.0
12911,United Kingdom,2010-06-06 12:13:00,2010-06-06 12:13:00,0.0
12912,United Kingdom,2011-10-30 11:35:00,2011-12-07 08:55:00,37.0
12913,United Kingdom,2009-12-01 12:18:00,2011-12-05 12:11:00,733.0
12914,United Kingdom,2010-11-04 12:28:00,2010-11-04 12:28:00,0.0
12915,United Kingdom,2010-04-29 19:36:00,2011-07-14 11:34:00,440.0
12916,United Kingdom,2010-01-24 11:26:00,2011-07-24 10:35:00,545.0
12917,United Kingdom,2009-12-09 14:22:00,2011-08-03 16:42:00,602.0
12918,United Kingdom,2010-03-23 15:22:00,2010-03-23 15:22:00,0.0
12919,United Kingdom,2011-06-23 09:22:00,2011-12-01 13:47:00,161.0
12920,United Kingdom,2009-12-14 15:58:00,2011-11-22 15:05:00,707.0
12921,United Kingdom,2009-12-01 13:43:00,2011-11-30 16:22:00,729.0
12922,United Kingdom,2011-07-01 15:35:00,2011-07-01 15:35:00,0.0
12923,United Kingdom,2010-05-13 14:55:00,2011-10-06 16:20:00,511.0
12924,United Kingdom,2009-12-09 12:40:00,2011-09-12 13:55:00,642.0
12925,United Kingdom,2010-04-26 10:32:00,2011-12-05 11:11:00,588.0
12926,United Kingdom,2009-12-14 14:35:00,2010-10-24 15:57:00,314.0
12927,United Kingdom,2010-11-10 10:02:00,2010-11-10 10:02:00,0.0
12928,United Kingdom,2010-06-08 10:16:00,2011-11-04 14:24:00,514.0
12929,United Kingdom,2011-02-01 12:08:00,2011-02-01 12:08:00,0.0
12930,United Kingdom,2011-06-21 13:25:00,2011-09-22 15:18:00,93.0
12931,United Kingdom,2009-12-01 11:46:00,2011-11-18 12:39:00,717.0
12932,United Kingdom,2010-02-10 08:46:00,2010-06-18 14:22:00,128.0
12933,United Kingdom,2009-12-10 16:39:00,2011-11-15 16:38:00,704.0
12934,United Kingdom,2009-12-03 10:51:00,2009-12-03 10:51:00,0.0
12935,United Kingdom,2010-04-11 15:59:00,2011-12-07 17:25:00,605.0
12936,United Kingdom,2011-09-22 13:51:00,2011-11-22 17:32:00,61.0
12937,United Kingdom,2009-12-03 15:43:00,2011-11-24 15:05:00,720.0
12938,United Kingdom,2011-11-14 11:21:00,2011-11-14 11:21:00,0.0
12939,United Kingdom,2010-01-12 11:27:00,2011-10-06 14:33:00,632.0
12940,United Kingdom,2011-09-13 10:16:00,2011-10-16 12:09:00,33.0
12941,United Kingdom,2009-12-15 13:12:00,2009-12-15 13:12:00,0.0
12942,United Kingdom,2010-12-09 09:34:00,2011-07-31 14:39:00,234.0
12943,United Kingdom,2010-04-13 11:03:00,2010-05-30 13:52:00,47.0
12944,United Kingdom,2010-12-20 10:41:00,2011-11-04 11:04:00,319.0
12945,United Kingdom,2010-02-21 15:18:00,2011-02-24 14:15:00,367.0
12946,United Kingdom,2010-09-29 10:14:00,2010-09-29 10:14:00,0.0
12947,United Kingdom,2010-12-01 16:21:00,2011-07-19 10:06:00,229.0
12948,United Kingdom,2009-12-02 12:28:00,2011-11-23 17:10:00,721.0
12949,United Kingdom,2009-12-03 15:56:00,2011-11-09 11:25:00,705.0
12950,United Kingdom,2011-11-15 13:48:00,2011-12-07 13:17:00,21.0
12951,United Kingdom,2010-01-10 12:43:00,2011-12-01 12:14:00,689.0
12952,United Kingdom,2011-09-22 16:37:00,2011-12-04 10:35:00,72.0
12953,United Kingdom,2010-07-05 13:37:00,2011-11-30 09:24:00,512.0
12954,United Kingdom,2010-03-11 10:16:00,2010-03-11 10:16:00,0.0
12955,United Kingdom,2011-03-17 09:03:00,2011-12-08 16:29:00,266.0
12956,United Kingdom,2009-12-15 19:03:00,2011-02-06 16:08:00,417.0
12957,United Kingdom,2009-12-11 12:01:00,2011-11-30 09:53:00,718.0
12958,United Kingdom,2010-05-05 16:22:00,2010-11-04 16:16:00,182.0
12959,United Kingdom,2010-08-12 17:20:00,2010-08-12 17:20:00,0.0
12960,United Kingdom,2010-02-16 13:32:00,2010-10-22 09:31:00,247.0
12961,United Kingdom,2010-11-25 16:44:00,2010-11-25 16:44:00,0.0
12962,United Kingdom,2011-08-18 13:38:00,2011-12-02 15:55:00,106.0
12963,United Kingdom,2010-07-08 14:45:00,2011-12-01 12:55:00,510.0
12964,United Kingdom,2010-09-28 17:47:00,2010-09-28 17:47:00,0.0
12965,United Kingdom,2011-09-11 15:31:00,2011-09-11 15:31:00,0.0
12966,United Kingdom,2011-11-30 12:38:00,2011-11-30 12:38:00,0.0
12967,United Kingdom,2010-11-21 11:03:00,2010-12-16 19:10:00,25.0
12968,United Kingdom,2011-08-19 15:44:00,2011-08-19 15:44:00,0.0
12969,United Kingdom,2010-04-16 10:50:00,2010-04-16 10:50:00,0.0
12970,United Kingdom,2009-12-04 14:19:00,2011-12-02 14:30:00,728.0
12971,United Kingdom,2009-12-15 19:04:00,2011-12-06 12:20:00,720.0
12972,United Kingdom,2010-02-16 14:30:00,2010-10-22 08:41:00,247.0
12973,United Kingdom,2010-10-22 10:14:00,2010-10-22 10:14:00,0.0
12974,United Kingdom,2010-05-23 11:45:00,2011-05-26 09:33:00,367.0
12975,United Kingdom,2009-12-06 10:38:00,2010-09-29 09:46:00,296.0
12976,United Kingdom,2010-02-12 15:46:00,2011-05-12 09:55:00,453.0
12977,United Kingdom,2010-07-16 16:25:00,2011-07-06 16:40:00,355.0
12978,United Kingdom,2009-12-10 12:10:00,2010-11-19 14:29:00,344.0
12979,United Arab Emirates,2009-12-10 15:45:00,2009-12-10 15:45:00,0.0
12980,United Kingdom,2009-12-02 11:26:00,2011-07-05 09:34:00,579.0
12981,United Kingdom,2011-07-29 14:14:00,2011-11-10 12:00:00,103.0
12982,United Kingdom,2010-04-12 13:50:00,2011-04-11 11:51:00,363.0
12983,United Kingdom,2010-04-20 12:58:00,2010-04-20 12:58:00,0.0
12984,United Kingdom,2011-11-21 12:37:00,2011-11-21 12:37:00,0.0
12985,United Kingdom,2011-11-11 12:44:00,2011-12-09 10:46:00,27.0
12986,United Kingdom,2010-01-21 10:45:00,2010-10-07 11:57:00,259.0
12987,United Kingdom,2010-01-20 09:57:00,2011-09-27 12:03:00,615.0
12988,United Kingdom,2011-02-20 14:31:00,2011-02-20 14:31:00,0.0
12989,United Kingdom,2009-12-10 13:27:00,2011-12-06 15:28:00,726.0
12990,United Kingdom,2010-03-30 11:36:00,2011-11-08 13:01:00,588.0
12991,United Kingdom,2010-11-15 13:43:00,2011-11-16 15:34:00,366.0
12992,United Kingdom,2009-12-14 16:46:00,2009-12-14 16:46:00,0.0
12993,United Kingdom,2010-02-18 10:35:00,2011-11-16 15:49:00,636.0
12994,United Kingdom,2011-03-16 08:31:00,2011-12-05 15:43:00,264.0
12995,United Kingdom,2011-09-15 15:44:00,2011-09-15 15:44:00,0.0
12996,United Kingdom,2010-11-29 09:27:00,2010-11-29 09:27:00,0.0
12997,United Kingdom,2010-04-06 11:06:00,2011-11-17 15:47:00,590.0
12998,United Kingdom,2010-02-24 11:55:00,2010-08-04 08:05:00,160.0
12999,United Kingdom,2011-04-08 10:26:00,2011-05-27 13:24:00,49.0
13000,United Kingdom,2009-12-14 17:03:00,2011-08-25 10:43:00,618.0
13001,United Kingdom,2009-12-03 16:21:00,2011-12-05 14:51:00,731.0
13002,United Kingdom,2010-10-01 11:58:00,2011-01-25 15:18:00,116.0
13003,United Kingdom,2011-05-09 08:23:00,2011-08-26 10:50:00,109.0
13004,United Kingdom,2009-12-15 09:44:00,2011-11-28 11:27:00,713.0
13005,United Kingdom,2010-09-08 12:52:00,2011-06-19 10:53:00,283.0
13006,United Kingdom,2011-10-14 13:49:00,2011-10-14 13:49:00,0.0
13007,United Kingdom,2010-05-09 10:38:00,2010-05-09 10:38:00,0.0
13008,United Kingdom,2009-12-16 16:07:00,2011-01-20 14:24:00,399.0
13009,United Kingdom,2010-02-05 12:22:00,2010-02-05 12:22:00,0.0
13010,United Kingdom,2010-03-01 11:28:00,2010-11-30 15:09:00,274.0
13011,United Kingdom,2010-12-02 17:22:00,2010-12-02 17:22:00,0.0
13012,United Kingdom,2010-04-26 14:14:00,2011-11-30 13:05:00,582.0
13013,United Kingdom,2009-12-14 10:34:00,2011-12-08 15:01:00,724.0
13014,United Kingdom,2010-10-03 11:35:00,2011-11-29 12:27:00,422.0
13015,United Kingdom,2010-04-15 16:35:00,2011-10-17 13:19:00,549.0
13016,United Kingdom,2011-08-08 15:00:00,2011-09-27 14:08:00,49.0
13017,United Kingdom,2011-12-02 15:53:00,2011-12-02 15:53:00,0.0
13018,United Kingdom,2010-03-01 12:34:00,2011-11-23 13:28:00,632.0
13019,United Kingdom,2009-12-06 15:40:00,2010-11-25 14:56:00,353.0
13020,United Kingdom,2010-02-18 10:35:00,2010-05-26 11:12:00,97.0
13021,United Kingdom,2009-12-05 12:02:00,2011-12-05 16:37:00,730.0
13022,Belgium,2010-10-06 10:50:00,2010-10-06 10:50:00,0.0
13023,United Kingdom,2010-06-29 09:51:00,2011-10-06 16:27:00,464.0
13024,United Kingdom,2010-05-06 14:25:00,2010-08-26 09:42:00,111.0
13025,United Kingdom,2009-12-08 10:02:00,2009-12-08 10:02:00,0.0
13026,United Kingdom,2009-12-13 11:34:00,2011-12-08 16:58:00,725.0
13027,United Kingdom,2010-01-20 10:41:00,2011-08-18 09:39:00,574.0
13028,United Kingdom,2011-10-25 14:09:00,2011-11-17 11:10:00,22.0
13029,United Kingdom,2010-07-04 13:46:00,2011-11-09 09:13:00,492.0
13030,United Kingdom,2010-12-06 14:31:00,2011-11-28 14:30:00,356.0
13031,United Kingdom,2010-06-03 14:57:00,2010-10-28 15:34:00,147.0
13032,United Kingdom,2010-09-05 14:01:00,2011-10-18 15:54:00,408.0
13033,United Kingdom,2010-10-06 09:37:00,2010-12-17 14:23:00,72.0
13034,United Kingdom,2010-11-03 15:22:00,2011-10-16 12:21:00,346.0
13035,United Kingdom,2010-10-04 15:41:00,2011-09-27 08:57:00,357.0
13036,United Kingdom,2010-01-24 11:35:00,2010-01-24 11:35:00,0.0
13037,United Kingdom,2009-12-03 17:04:00,2011-07-24 15:46:00,597.0
13038,United Kingdom,2011-02-22 11:43:00,2011-09-20 14:37:00,210.0
13039,United Kingdom,2009-12-17 16:43:00,2010-05-04 16:45:00,138.0
13040,United Kingdom,2011-11-06 13:53:00,2011-12-01 10:38:00,24.0
13041,United Kingdom,2010-04-29 08:43:00,2010-09-15 11:44:00,139.0
13042,United Kingdom,2009-12-07 15:42:00,2010-04-20 13:43:00,133.0
13043,United Kingdom,2011-03-11 14:52:00,2011-03-11 14:52:00,0.0
13044,United Kingdom,2010-01-08 14:46:00,2011-02-21 15:20:00,409.0
13045,United Kingdom,2010-08-10 13:02:00,2011-09-01 15:04:00,387.0
13046,United Kingdom,2010-09-09 13:09:00,2011-11-09 08:36:00,425.0
13047,United Kingdom,2009-12-16 11:43:00,2011-11-08 12:06:00,692.0
13048,United Kingdom,2010-01-27 12:55:00,2011-11-25 13:23:00,667.0
13049,United Kingdom,2010-11-03 15:39:00,2011-10-06 15:31:00,336.0
13050,United Kingdom,2009-12-15 15:06:00,2011-11-25 09:18:00,709.0
13051,United Kingdom,2010-03-30 11:11:00,2010-05-10 09:14:00,40.0
13052,United Kingdom,2010-02-23 12:31:00,2011-05-11 14:12:00,442.0
13053,United Kingdom,2010-03-28 11:28:00,2010-03-28 11:28:00,0.0
13054,United Kingdom,,,
13055,United Kingdom,2010-10-06 08:17:00,2011-09-22 14:26:00,351.0
13056,United Kingdom,2010-06-06 14:10:00,2010-06-06 14:10:00,0.0
13057,United Kingdom,2010-03-18 12:14:00,2010-06-27 15:44:00,101.0
13058,United Kingdom,2011-07-11 12:01:00,2011-11-15 12:43:00,127.0
13059,United Kingdom,2010-03-31 12:23:00,2011-04-04 10:40:00,368.0
13060,United Kingdom,2011-03-31 11:37:00,2011-03-31 11:37:00,0.0
13061,United Kingdom,2011-09-28 16:04:00,2011-09-28 16:04:00,0.0
13062,United Kingdom,2011-06-01 15:12:00,2011-06-01 15:12:00,0.0
13063,United Kingdom,2010-08-16 12:27:00,2010-08-16 12:27:00,0.0
13064,United Kingdom,2010-04-27 10:08:00,2011-11-27 12:31:00,579.0
13065,United Kingdom,2010-06-10 11:44:00,2010-12-01 16:52:00,174.0
13066,United Kingdom,2011-11-07 17:06:00,2011-11-15 12:57:00,7.0
13067,United Kingdom,2010-09-19 13:43:00,2011-09-18 13:38:00,363.0
13068,United Kingdom,2011-01-24 08:20:00,2011-11-29 15:00:00,309.0
13069,United Kingdom,2010-06-14 14:27:00,2011-12-09 08:39:00,542.0
13070,United Kingdom,2009-12-07 14:44:00,2011-05-31 13:45:00,539.0
13071,United Kingdom,2010-04-06 13:37:00,2010-04-06 13:37:00,0.0
13072,United Kingdom,2011-03-18 08:12:00,2011-03-18 08:12:00,0.0
13073,United Kingdom,2010-09-28 09:27:00,2010-10-24 14:06:00,26.0
13074,United Kingdom,2009-12-16 11:46:00,2010-07-16 16:53:00,212.0
13075,United Kingdom,2011-08-02 10:19:00,2011-08-02 10:19:00,0.0
13076,United Kingdom,2010-09-08 10:27:00,2010-09-08 10:27:00,0.0
13077,United Kingdom,2009-12-11 11:17:00,2011-12-08 19:24:00,727.0
13078,United Kingdom,2009-12-01 09:06:00,2011-12-06 15:36:00,735.0
13079,United Kingdom,2010-10-18 14:15:00,2011-12-05 16:53:00,413.0
13080,United Kingdom,2010-04-09 13:07:00,2011-06-13 14:59:00,430.0
13081,United Kingdom,2009-12-08 13:58:00,2011-11-28 10:54:00,719.0
13082,United Kingdom,2009-12-22 15:37:00,2011-08-05 16:16:00,591.0
13083,United Kingdom,2010-10-10 13:38:00,2011-12-05 15:01:00,421.0
13084,United Kingdom,2010-08-05 08:49:00,2010-08-05 08:49:00,0.0
13085,United Kingdom,2009-12-01 07:45:00,2011-07-05 12:11:00,581.0
13086,United Kingdom,2010-11-22 10:28:00,2010-11-22 10:28:00,0.0
13087,United Kingdom,2009-12-13 15:16:00,2009-12-13 15:16:00,0.0
13088,United Kingdom,2010-10-18 15:35:00,2010-10-18 15:35:00,0.0
13089,United Kingdom,2009-12-02 15:44:00,2011-12-07 09:02:00,734.0
13090,United Kingdom,2010-08-02 13:58:00,2011-12-01 12:39:00,485.0
13091,United Kingdom,2009-12-10 11:50:00,2011-11-11 15:54:00,701.0
13092,United Kingdom,2010-02-10 08:44:00,2011-09-30 11:18:00,597.0
13093,United Kingdom,2009-12-04 10:32:00,2011-03-09 12:14:00,460.0
13094,United Kingdom,2010-11-15 14:15:00,2011-11-18 14:07:00,367.0
13095,United Kingdom,2011-09-30 12:03:00,2011-09-30 12:03:00,0.0
13096,United Kingdom,2010-11-10 14:08:00,2010-11-10 14:08:00,0.0
13097,United Kingdom,2009-12-01 13:31:00,2011-11-07 10:43:00,705.0
13098,United Kingdom,2011-01-26 13:46:00,2011-12-08 14:14:00,316.0
13099,United Kingdom,2011-09-01 17:40:00,2011-09-01 17:40:00,0.0
13100,United Kingdom,,,
13101,United Kingdom,2010-01-27 15:49:00,2011-04-19 14:37:00,446.0
13102,United Kingdom,2010-05-06 13:12:00,2011-12-08 12:52:00,580.0
13103,United Kingdom,2010-05-11 14:41:00,2011-10-31 09:38:00,537.0
13104,United Kingdom,2010-02-24 15:06:00,2011-12-06 13:10:00,649.0
13105,United Kingdom,2010-09-29 13:41:00,2010-09-29 13:41:00,0.0
13106,United Kingdom,2010-10-22 13:10:00,2011-07-29 15:12:00,280.0
13107,United Kingdom,2010-02-04 10:50:00,2011-10-26 14:52:00,629.0
13108,United Kingdom,2010-09-30 17:09:00,2010-12-02 10:35:00,62.0
13109,United Kingdom,2010-06-06 12:59:00,2011-10-11 10:16:00,491.0
13110,United Kingdom,2009-12-01 14:14:00,2011-11-08 14:30:00,707.0
13111,United Kingdom,2009-12-21 09:00:00,2009-12-21 09:00:00,0.0
13112,United Kingdom,2010-06-16 17:03:00,2010-06-16 17:03:00,0.0
13113,United Kingdom,2010-03-28 16:13:00,2011-12-09 12:49:00,620.0
13114,United Kingdom,2009-12-09 09:56:00,2009-12-09 09:56:00,0.0
13115,United Kingdom,2010-04-19 13:29:00,2011-11-28 12:38:00,587.0
13116,United Kingdom,2011-07-24 14:33:00,2011-07-24 14:33:00,0.0
13117,United Kingdom,2010-03-26 13:50:00,2011-11-18 12:02:00,601.0
13118,United Kingdom,2010-09-26 15:46:00,2011-11-20 12:46:00,419.0
13119,United Kingdom,2010-02-09 08:38:00,2010-02-09 08:38:00,0.0
13120,United Kingdom,2011-04-15 10:19:00,2011-04-15 10:19:00,0.0
13121,United Kingdom,2011-03-15 16:47:00,2011-03-15 16:47:00,0.0
13122,United Kingdom,2011-04-13 14:12:00,2011-09-06 15:53:00,146.0
13123,United Kingdom,2010-06-28 12:43:00,2010-08-24 10:18:00,56.0
13124,United Kingdom,2010-11-19 15:50:00,2011-09-11 12:45:00,295.0
13125,United Kingdom,2010-07-04 11:58:00,2010-07-04 11:58:00,0.0
13126,United Kingdom,2010-03-02 12:24:00,2011-12-05 10:00:00,642.0
13127,United Kingdom,2011-09-23 10:26:00,2011-09-23 10:26:00,0.0
13128,United Kingdom,2010-03-18 15:08:00,2010-03-18 15:08:00,0.0
13129,United Kingdom,2010-06-28 11:54:00,2010-09-13 13:47:00,77.0
13130,United Kingdom,2011-09-06 15:30:00,2011-09-06 15:30:00,0.0
13131,United Kingdom,2010-02-09 09:47:00,2011-11-16 13:21:00,645.0
13132,United Kingdom,2011-03-23 12:44:00,2011-03-23 12:44:00,0.0
13133,United Kingdom,2010-09-06 15:30:00,2011-03-11 10:31:00,185.0
13134,United Kingdom,2010-10-19 13:21:00,2011-09-15 10:35:00,330.0
13135,United Kingdom,2010-08-05 17:28:00,2011-05-27 10:52:00,294.0
13136,United Kingdom,2009-12-08 18:30:00,2011-10-14 13:41:00,674.0
13137,United Kingdom,2010-07-25 15:40:00,2011-11-29 12:09:00,491.0
13138,United Kingdom,2010-11-08 11:45:00,2011-11-17 16:51:00,374.0
13139,United Kingdom,2010-09-28 09:12:00,2011-11-23 13:54:00,421.0
13140,United Kingdom,2010-08-05 19:05:00,2011-08-23 15:33:00,382.0
13141,United Kingdom,2009-12-09 13:34:00,2011-09-16 09:54:00,645.0
13142,United Kingdom,2011-11-20 16:07:00,2011-11-20 16:07:00,0.0
13143,United Kingdom,2010-05-04 12:22:00,2010-05-04 12:22:00,0.0
13144,United Kingdom,2010-10-04 14:14:00,2011-01-11 11:15:00,98.0
13145,United Kingdom,2010-04-19 11:11:00,2011-10-31 12:45:00,560.0
13146,United Kingdom,2011-11-13 15:29:00,2011-11-13 15:29:00,0.0
13147,United Kingdom,2011-09-01 12:28:00,2011-11-29 13:59:00,89.0
13148,United Kingdom,2009-12-07 15:26:00,2011-11-10 15:23:00,702.0
13149,United Kingdom,2011-02-23 13:57:00,2011-11-25 13:09:00,274.0
13150,United Kingdom,2010-03-19 09:03:00,2010-08-12 12:59:00,146.0
13151,United Kingdom,2010-03-22 10:26:00,2011-02-17 12:29:00,332.0
13152,United Kingdom,2010-01-14 10:01:00,2010-10-18 13:44:00,277.0
13153,United Kingdom,2011-12-04 12:14:00,2011-12-04 12:14:00,0.0
13154,United Kingdom,2009-12-04 08:46:00,2010-11-05 16:00:00,336.0
13155,United Kingdom,2010-08-05 09:30:00,2011-11-06 15:41:00,458.0
13156,United Kingdom,2010-02-01 13:45:00,2010-11-19 13:09:00,290.0
13157,United Kingdom,2010-03-08 11:59:00,2011-10-21 13:50:00,592.0
13158,United Kingdom,2010-11-16 17:12:00,2011-09-06 11:58:00,293.0
13159,United Kingdom,2011-08-16 11:44:00,2011-12-01 11:20:00,106.0
13160,United Kingdom,2011-11-17 13:07:00,2011-11-17 13:07:00,0.0
13161,United Kingdom,2010-07-27 12:44:00,2011-01-30 14:03:00,187.0
13162,United Kingdom,2009-12-04 13:59:00,2011-08-09 15:59:00,613.0
13163,United Kingdom,2010-04-08 16:21:00,2010-04-08 16:21:00,0.0
13164,United Kingdom,2010-02-10 11:52:00,2010-05-19 13:52:00,98.0
13165,United Kingdom,2010-10-22 17:04:00,2011-10-24 15:05:00,366.0
13166,United Kingdom,2010-10-21 14:29:00,2011-03-01 15:16:00,131.0
13167,United Kingdom,2010-11-14 12:58:00,2011-11-21 12:24:00,371.0
13168,United Kingdom,2010-06-15 15:00:00,2011-11-03 12:56:00,505.0
13169,United Kingdom,2010-05-26 15:58:00,2011-10-07 12:11:00,498.0
13170,United Kingdom,2011-11-13 12:19:00,2011-11-13 12:19:00,0.0
13171,United Kingdom,2011-02-13 14:16:00,2011-11-18 10:27:00,277.0
13172,United Kingdom,2010-11-04 15:10:00,2010-11-04 15:10:00,0.0
13173,United Kingdom,2009-12-10 12:52:00,2011-12-05 15:51:00,725.0
13174,United Kingdom,2009-12-04 15:40:00,2011-11-23 14:35:00,718.0
13175,United Kingdom,2009-12-04 12:11:00,2010-05-06 13:13:00,153.0
13176,United Kingdom,2011-10-24 15:43:00,2011-10-24 15:43:00,0.0
13177,United Kingdom,2010-10-05 10:35:00,2011-10-06 09:56:00,365.0
13178,United Kingdom,2009-12-16 14:00:00,2011-11-13 16:14:00,697.0
13179,United Kingdom,2010-03-31 11:40:00,2010-03-31 11:40:00,0.0
13180,United Kingdom,2010-04-11 13:37:00,2010-04-11 13:37:00,0.0
13181,United Kingdom,2010-11-23 15:05:00,2010-11-23 15:05:00,0.0
13182,United Kingdom,2011-10-25 13:46:00,2011-10-25 13:46:00,0.0
13183,United Kingdom,2010-03-14 12:32:00,2011-12-02 10:30:00,627.0
13184,United Kingdom,2011-02-22 17:25:00,2011-11-25 12:02:00,275.0
13185,United Kingdom,2011-03-17 11:56:00,2011-03-17 11:56:00,0.0
13186,United Kingdom,2011-08-03 09:09:00,2011-10-31 11:40:00,89.0
13187,United Kingdom,2010-03-25 17:18:00,2011-01-06 18:57:00,287.0
13188,United Kingdom,2011-11-28 15:28:00,2011-11-28 15:28:00,0.0
13189,United Kingdom,2011-08-16 13:12:00,2011-11-21 10:39:00,96.0
13190,United Kingdom,2009-12-07 12:13:00,2010-06-13 15:47:00,188.0
13191,United Kingdom,2010-02-19 17:02:00,2010-02-19 17:02:00,0.0
13192,United Kingdom,2010-01-22 08:37:00,2011-09-05 14:13:00,591.0
13193,United Kingdom,2011-10-09 14:30:00,2011-10-09 14:30:00,0.0
13194,United Kingdom,2010-10-14 11:54:00,2011-07-27 09:01:00,285.0
13195,United Kingdom,2010-10-21 13:07:00,2010-10-21 13:07:00,0.0
13196,United Kingdom,2010-04-01 12:54:00,2011-11-28 13:54:00,606.0
13197,United Kingdom,2010-04-09 09:14:00,2010-04-09 09:14:00,0.0
13198,United Kingdom,2010-10-01 13:27:00,2011-11-29 15:17:00,424.0
13199,United Kingdom,2009-12-05 10:11:00,2011-12-06 12:30:00,731.0
13200,United Kingdom,2011-08-05 14:50:00,2011-11-20 15:35:00,107.0
13201,United Kingdom,2010-03-07 11:01:00,2010-07-25 14:30:00,140.0
13202,United Kingdom,2009-12-09 10:48:00,2010-11-10 16:24:00,336.0
13203,United Kingdom,2009-12-17 14:15:00,2011-11-30 10:45:00,712.0
13204,United Kingdom,2009-12-08 14:56:00,2009-12-08 14:56:00,0.0
13205,United Kingdom,2010-09-22 16:26:00,2010-09-22 16:26:00,0.0
13206,United Kingdom,2009-12-07 13:48:00,2010-11-04 16:50:00,332.0
13207,United Kingdom,2010-04-06 16:37:00,2011-11-24 14:52:00,596.0
13208,United Kingdom,2009-12-03 13:25:00,2011-10-12 09:54:00,677.0
13209,United Kingdom,2010-01-24 14:30:00,2011-11-09 13:54:00,653.0
13210,United Kingdom,2011-09-07 08:18:00,2011-09-07 08:18:00,0.0
13211,United Kingdom,2009-12-06 15:24:00,2011-11-29 14:43:00,722.0
13212,United Kingdom,2011-10-09 14:48:00,2011-11-20 12:40:00,41.0
13213,United Kingdom,2010-05-20 14:50:00,2011-10-14 11:42:00,511.0
13214,United Kingdom,2010-03-03 14:10:00,2010-10-18 10:00:00,228.0
13215,United Kingdom,2010-11-02 18:26:00,2010-11-02 18:26:00,0.0
13216,United Kingdom,2011-03-17 12:18:00,2011-03-17 12:18:00,0.0
13217,United Kingdom,2010-02-22 12:49:00,2011-08-09 15:32:00,533.0
13218,United Kingdom,2011-08-04 16:59:00,2011-08-04 16:59:00,0.0
13219,United Kingdom,2010-03-31 14:18:00,2010-03-31 14:18:00,0.0
13220,United Kingdom,2010-05-13 10:35:00,2011-09-22 13:38:00,497.0
13221,United Kingdom,2010-12-15 13:24:00,2011-04-13 16:58:00,119.0
13222,United Kingdom,2010-05-11 13:54:00,2010-05-11 13:54:00,0.0
13223,United Kingdom,2010-02-12 13:27:00,2011-05-23 13:03:00,464.0
13224,United Kingdom,2011-07-11 14:10:00,2011-10-10 14:55:00,91.0
13225,United Kingdom,2009-12-17 09:09:00,2011-12-06 13:29:00,719.0
13226,United Kingdom,2010-11-11 13:46:00,2011-03-11 14:35:00,120.0
13227,United Kingdom,2011-05-22 11:47:00,2011-05-22 11:47:00,0.0
13228,United Kingdom,2011-09-19 14:28:00,2011-09-19 14:28:00,0.0
13229,United Kingdom,2011-04-28 12:07:00,2011-04-28 12:07:00,0.0
13230,United Kingdom,2010-03-18 20:02:00,2011-12-05 16:03:00,626.0
13231,United Kingdom,,,
13232,United Kingdom,2011-04-10 13:48:00,2011-11-27 10:39:00,230.0
13233,United Kingdom,2010-01-14 14:10:00,2011-09-26 13:25:00,619.0
13234,United Kingdom,2009-12-07 12:32:00,2010-02-05 11:41:00,59.0
13235,United Kingdom,2011-05-11 17:13:00,2011-05-11 17:13:00,0.0
13236,United Kingdom,2011-08-25 08:58:00,2011-11-15 12:50:00,82.0
13237,United Kingdom,2010-11-17 10:07:00,2010-11-17 10:07:00,0.0
13238,United Kingdom,2010-04-28 15:02:00,2011-11-22 15:37:00,573.0
13239,United Kingdom,2010-07-25 13:34:00,2011-03-23 10:25:00,240.0
13240,United Kingdom,2010-02-25 13:17:00,2011-09-04 14:08:00,556.0
13241,United Kingdom,2010-10-24 11:17:00,2010-10-24 11:17:00,0.0
13242,United Kingdom,2010-02-09 13:12:00,2011-08-19 12:53:00,555.0
13243,United Kingdom,2010-03-18 13:10:00,2011-05-20 13:14:00,428.0
13244,United Kingdom,2011-09-08 11:46:00,2011-09-08 11:46:00,0.0
13245,United Kingdom,2010-10-03 14:03:00,2011-10-20 11:40:00,381.0
13246,United Kingdom,2010-07-02 13:36:00,2011-11-21 16:50:00,507.0
13247,United Kingdom,2011-09-18 11:31:00,2011-11-22 10:59:00,64.0
13248,United Kingdom,2011-06-03 13:05:00,2011-08-07 12:40:00,64.0
13249,United Kingdom,2010-01-24 12:11:00,2011-09-08 13:26:00,592.0
13250,United Kingdom,2010-07-25 14:01:00,2010-09-05 11:33:00,41.0
13251,United Kingdom,2010-11-02 13:20:00,2010-11-02 13:20:00,0.0
13252,United Kingdom,2010-03-24 10:30:00,2010-11-10 16:00:00,231.0
13253,United Kingdom,2010-01-05 12:13:00,2011-07-06 10:09:00,546.0
13254,United Kingdom,2010-11-28 15:42:00,2010-11-28 15:42:00,0.0
13255,United Kingdom,2010-07-15 13:20:00,2011-11-30 13:14:00,502.0
13257,United Kingdom,2010-09-29 14:58:00,2010-09-29 14:58:00,0.0
13258,United Kingdom,2010-11-04 12:45:00,2011-11-28 09:31:00,388.0
13259,United Kingdom,2010-01-10 10:26:00,2011-10-09 10:48:00,637.0
13260,United Kingdom,2011-10-09 13:21:00,2011-10-09 13:21:00,0.0
13261,United Kingdom,2011-02-27 10:41:00,2011-03-16 12:22:00,17.0
13262,United Kingdom,2010-04-18 12:14:00,2011-03-21 15:06:00,337.0
13263,United Kingdom,2010-10-22 17:07:00,2011-12-08 13:59:00,411.0
13264,United Kingdom,2010-09-23 12:42:00,2010-09-23 12:42:00,0.0
13265,United Kingdom,2011-03-11 09:54:00,2011-10-17 15:02:00,220.0
13266,United Kingdom,2009-12-17 10:52:00,2011-11-28 14:39:00,711.0
13267,United Kingdom,2009-12-07 16:56:00,2011-12-07 11:12:00,729.0
13268,United Kingdom,2011-03-17 13:20:00,2011-11-22 11:51:00,249.0
13269,United Kingdom,2009-12-02 11:47:00,2011-12-08 14:53:00,736.0
13270,United Kingdom,2010-12-08 14:53:00,2010-12-08 14:53:00,0.0
13271,United Kingdom,2011-11-02 14:31:00,2011-11-02 14:31:00,0.0
13272,United Kingdom,2011-09-11 12:06:00,2011-11-08 14:00:00,58.0
13273,United Kingdom,2011-08-18 14:02:00,2011-08-18 14:02:00,0.0
13274,United Kingdom,2010-10-26 13:48:00,2010-10-26 13:48:00,0.0
13275,United Kingdom,2010-03-17 14:05:00,2010-11-21 12:09:00,248.0
13276,United Kingdom,2010-03-07 14:05:00,2011-10-07 12:44:00,578.0
13277,United Kingdom,2010-06-18 08:45:00,2011-11-24 09:21:00,524.0
13278,United Kingdom,2010-04-08 11:59:00,2011-10-30 11:49:00,569.0
13279,United Kingdom,2011-09-22 17:24:00,2011-09-22 17:24:00,0.0
13280,United Kingdom,2010-03-05 09:07:00,2011-08-09 13:14:00,522.0
13281,United Kingdom,2010-09-26 16:03:00,2010-09-26 16:03:00,0.0
13282,United Kingdom,2010-10-29 14:11:00,2011-11-21 15:33:00,388.0
13283,United Kingdom,2010-03-09 14:36:00,2011-10-11 09:50:00,580.0
13284,United Kingdom,2011-01-13 09:23:00,2011-01-13 09:23:00,0.0
13285,United Kingdom,2010-03-25 14:26:00,2011-11-16 13:19:00,600.0
13286,United Kingdom,2010-04-18 15:35:00,2010-04-18 15:35:00,0.0
13287,United Kingdom,2010-01-04 10:43:00,2010-04-15 15:26:00,101.0
13288,United Kingdom,2010-02-11 14:59:00,2010-09-22 16:32:00,223.0
13289,United Kingdom,2009-12-16 11:53:00,2009-12-16 11:53:00,0.0
13290,United Kingdom,2010-09-27 16:29:00,2010-09-27 16:29:00,0.0
13291,United Kingdom,2010-02-11 18:36:00,2011-07-07 10:36:00,510.0
13292,United Kingdom,2010-07-01 14:36:00,2011-11-01 10:04:00,487.0
13293,United Kingdom,2010-02-09 12:05:00,2010-11-12 13:28:00,276.0
13294,United Kingdom,2010-03-03 12:54:00,2011-06-03 08:54:00,456.0
13295,United Kingdom,2010-05-12 09:13:00,2010-12-15 11:21:00,217.0
13296,United Kingdom,2010-05-11 14:29:00,2011-07-25 13:46:00,439.0
13297,United Kingdom,2010-06-15 12:35:00,2011-12-02 09:32:00,534.0
13298,United Kingdom,2011-12-08 13:11:00,2011-12-08 13:11:00,0.0
13299,United Kingdom,2010-06-29 11:30:00,2011-03-16 12:55:00,260.0
13300,United Kingdom,2010-05-14 15:56:00,2011-06-23 13:09:00,404.0
13301,United Kingdom,2011-02-20 13:13:00,2011-08-28 11:25:00,188.0
13302,United Kingdom,2010-07-01 12:32:00,2011-07-07 17:56:00,371.0
13303,United Kingdom,2010-11-04 14:55:00,2010-11-04 14:55:00,0.0
13304,United Kingdom,2010-02-08 12:42:00,2010-12-23 14:35:00,318.0
13305,United Kingdom,2010-03-10 14:49:00,2011-12-05 15:15:00,635.0
13306,United Kingdom,2010-10-05 14:55:00,2010-10-05 14:55:00,0.0
13307,United Kingdom,2010-04-26 13:28:00,2011-08-11 17:14:00,472.0
13308,United Kingdom,2010-04-22 09:22:00,2011-11-17 09:31:00,574.0
13309,United Kingdom,2010-11-12 12:10:00,2011-12-02 16:34:00,385.0
13310,United Kingdom,2010-11-02 17:03:00,2011-11-11 17:23:00,374.0
13311,United Kingdom,2011-07-12 14:26:00,2011-12-05 12:55:00,145.0
13312,United Kingdom,2010-09-14 14:36:00,2010-09-14 14:36:00,0.0
13313,United Kingdom,2009-12-02 16:18:00,2011-11-17 16:48:00,715.0
13314,United Kingdom,2011-09-27 10:20:00,2011-12-08 12:29:00,72.0
13315,United Kingdom,2010-01-19 15:34:00,2010-01-19 15:34:00,0.0
13316,United Kingdom,2010-03-10 10:01:00,2011-11-02 13:40:00,602.0
13317,United Kingdom,2009-12-13 11:11:00,2011-10-04 13:35:00,660.0
13318,United Kingdom,2011-11-02 13:26:00,2011-12-08 18:51:00,36.0
13319,United Kingdom,2009-12-06 14:46:00,2011-12-04 13:34:00,727.0
13320,United Kingdom,2010-08-18 10:29:00,2011-09-22 18:07:00,400.0
13321,United Kingdom,2011-09-14 15:18:00,2011-09-28 15:24:00,14.0
13322,United Kingdom,2011-11-22 14:21:00,2011-11-22 14:21:00,0.0
13323,United Kingdom,2011-09-16 13:23:00,2011-12-06 17:12:00,81.0
13324,United Kingdom,2010-05-25 10:23:00,2011-11-03 16:28:00,527.0
13325,United Kingdom,2011-09-19 10:36:00,2011-09-19 10:36:00,0.0
13326,United Kingdom,2010-10-03 16:00:00,2010-10-03 16:00:00,0.0
13327,United Kingdom,2009-12-18 15:35:00,2011-11-01 10:21:00,682.0
13328,United Kingdom,2011-01-27 15:22:00,2011-01-27 15:22:00,0.0
13329,United Kingdom,2009-12-04 15:41:00,2011-11-08 10:29:00,703.0
13330,United Kingdom,2010-02-23 10:12:00,2011-09-08 12:27:00,562.0
13331,United Kingdom,2010-11-03 08:04:00,2010-11-03 08:04:00,0.0
13332,United Kingdom,2011-11-25 13:30:00,2011-11-25 13:30:00,0.0
13333,United Kingdom,2010-02-19 09:26:00,2010-10-24 13:24:00,247.0
13334,United Kingdom,2010-02-25 12:21:00,2011-09-18 15:21:00,570.0
13335,United Kingdom,,,
13336,United Kingdom,2011-09-23 14:05:00,2011-09-23 14:05:00,0.0
13337,United Kingdom,2010-06-11 13:27:00,2010-06-11 13:27:00,0.0
13338,United Kingdom,2010-01-05 12:25:00,2011-07-05 09:06:00,545.0
13339,United Kingdom,2011-05-23 08:31:00,2011-05-23 08:31:00,0.0
13340,United Kingdom,2010-02-22 14:54:00,2011-10-25 13:15:00,609.0
13341,United Kingdom,2011-03-24 09:50:00,2011-03-24 09:50:00,0.0
13342,United Kingdom,,,
13343,United Kingdom,2011-06-15 12:24:00,2011-06-15 12:24:00,0.0
13344,United Kingdom,2011-03-07 10:28:00,2011-10-03 09:45:00,209.0
13345,United Kingdom,2011-02-25 09:01:00,2011-02-25 09:01:00,0.0
13346,United Kingdom,2010-04-22 12:34:00,2010-09-03 11:41:00,133.0
13347,United Kingdom,2011-09-30 13:28:00,2011-09-30 13:28:00,0.0
13348,United Kingdom,2011-10-06 17:28:00,2011-10-06 17:28:00,0.0
13349,United Kingdom,2011-11-29 08:07:00,2011-11-29 08:07:00,0.0
13350,United Kingdom,2011-09-21 13:33:00,2011-11-23 16:33:00,63.0
13351,United Kingdom,2011-10-04 12:55:00,2011-10-04 12:55:00,0.0
13352,United Kingdom,2011-10-10 13:55:00,2011-10-10 13:55:00,0.0
13353,United Kingdom,,,
13354,United Kingdom,2011-09-29 13:17:00,2011-09-29 13:17:00,0.0
13355,United Kingdom,2011-08-09 14:48:00,2011-08-09 14:48:00,0.0
13356,United Kingdom,2011-09-20 14:33:00,2011-09-20 14:33:00,0.0
13357,United Kingdom,2010-03-22 14:30:00,2011-03-27 13:56:00,369.0
13358,United Kingdom,2011-03-16 11:52:00,2011-03-16 11:52:00,0.0
13359,United Kingdom,2010-11-01 15:05:00,2011-10-07 09:30:00,339.0
13360,United Kingdom,2010-01-08 11:16:00,2010-10-04 12:37:00,269.0
13361,United Kingdom,2010-04-01 07:49:00,2010-08-24 14:56:00,145.0
13362,United Kingdom,2010-10-10 15:27:00,2011-11-30 14:41:00,415.0
13363,United Kingdom,2010-10-26 11:07:00,2011-11-22 12:40:00,392.0
13364,United Kingdom,2011-09-29 18:13:00,2011-09-29 18:13:00,0.0
13365,United Kingdom,2011-05-06 12:00:00,2011-11-06 12:36:00,184.0
13366,United Kingdom,2011-10-20 13:37:00,2011-10-20 13:37:00,0.0
13367,United Kingdom,2010-10-04 10:00:00,2010-10-04 10:00:00,0.0
13368,United Kingdom,2010-10-12 10:43:00,2011-03-28 09:59:00,166.0
13369,United Kingdom,2010-12-09 11:30:00,2010-12-09 11:30:00,0.0
13370,United Kingdom,2010-12-03 10:26:00,2010-12-03 10:26:00,0.0
13371,United Kingdom,2010-03-17 15:29:00,2010-07-22 17:33:00,127.0
13372,United Kingdom,2011-09-11 12:46:00,2011-09-11 12:46:00,0.0
13373,United Kingdom,2009-12-06 12:34:00,2011-10-10 10:51:00,672.0
13374,United Kingdom,2010-09-16 10:29:00,2010-10-21 10:04:00,34.0
13375,United Kingdom,2010-09-21 08:12:00,2011-09-12 10:19:00,356.0
13376,United Kingdom,2011-04-19 13:03:00,2011-09-01 16:16:00,135.0
13377,United Kingdom,2010-03-04 10:06:00,2010-11-08 12:20:00,249.0
13378,United Kingdom,,,
13379,United Kingdom,2011-07-26 12:26:00,2011-11-13 13:45:00,110.0
13380,United Kingdom,2010-10-03 10:18:00,2010-10-03 10:18:00,0.0
13381,United Kingdom,2009-12-01 15:19:00,2011-11-08 11:58:00,706.0
13382,United Kingdom,2009-12-08 09:56:00,2011-03-04 10:03:00,451.0
13383,United Kingdom,2010-06-14 11:45:00,2010-06-14 11:45:00,0.0
13384,United Kingdom,2010-07-27 12:22:00,2011-11-09 11:04:00,469.0
13385,United Kingdom,2011-01-14 09:52:00,2011-01-14 09:52:00,0.0
13386,United Kingdom,2010-09-28 13:09:00,2010-10-21 12:52:00,22.0
13387,United Kingdom,2010-10-18 14:07:00,2010-10-18 14:07:00,0.0
13388,United Kingdom,2010-04-15 10:18:00,2011-07-31 12:52:00,472.0
13389,United Kingdom,2011-04-21 12:12:00,2011-11-28 14:01:00,221.0
13390,United Kingdom,2011-09-26 08:38:00,2011-09-26 08:38:00,0.0
13391,United Kingdom,2011-05-20 10:50:00,2011-05-20 10:50:00,0.0
13392,United Kingdom,2010-01-31 13:34:00,2010-01-31 13:34:00,0.0
13393,United Kingdom,2009-12-07 18:12:00,2010-05-05 09:34:00,148.0
13394,United Kingdom,2009-12-01 11:58:00,2011-12-08 11:36:00,736.0
13395,United Kingdom,2010-10-14 13:00:00,2011-06-07 15:04:00,236.0
13396,United Kingdom,2011-01-24 13:37:00,2011-11-10 16:59:00,290.0
13397,United Kingdom,2010-01-20 09:50:00,2011-09-28 10:56:00,616.0
13398,United Kingdom,2010-09-17 09:34:00,2011-05-31 13:17:00,256.0
13399,United Kingdom,2010-07-08 17:47:00,2010-09-01 13:59:00,54.0
13400,United Kingdom,2010-05-06 09:00:00,2010-05-06 09:00:00,0.0
13401,United Kingdom,,,
13402,United Kingdom,2010-05-24 10:56:00,2011-08-04 15:51:00,437.0
13403,United Kingdom,2009-12-16 13:23:00,2011-11-22 08:28:00,705.0
13404,United Kingdom,2011-05-11 11:57:00,2011-12-08 15:37:00,211.0
13405,United Kingdom,2009-12-15 14:13:00,2011-09-26 17:01:00,650.0
13406,United Kingdom,2010-03-18 07:29:00,2010-10-08 14:44:00,204.0
13407,United Kingdom,2010-02-16 11:13:00,2010-05-10 12:41:00,83.0
13408,United Kingdom,2009-12-04 09:31:00,2011-12-08 09:05:00,733.0
13409,United Kingdom,,,
13410,United Kingdom,2009-12-08 13:43:00,2011-11-15 15:33:00,707.0
13411,United Kingdom,2011-08-24 13:57:00,2011-08-24 13:57:00,0.0
13412,United Kingdom,2010-03-29 16:28:00,2010-03-29 16:28:00,0.0
13413,United Kingdom,2010-01-21 17:43:00,2010-03-10 12:17:00,47.0
13414,United Kingdom,2010-04-15 17:00:00,2011-07-29 11:45:00,469.0
13415,United Kingdom,2009-12-11 14:20:00,2010-08-24 11:38:00,255.0
13416,United Kingdom,2009-12-03 13:02:00,2011-10-27 08:56:00,692.0
13417,United Kingdom,2010-02-08 12:39:00,2011-12-05 08:49:00,664.0
13418,United Kingdom,2009-12-11 12:51:00,2011-11-28 10:23:00,716.0
13419,United Kingdom,2011-10-07 12:49:00,2011-10-07 12:49:00,0.0
13420,United Kingdom,2011-06-22 11:35:00,2011-07-13 08:48:00,20.0
13421,United Kingdom,2010-02-14 14:45:00,2011-10-30 14:21:00,622.0
13422,United Kingdom,2011-10-06 13:42:00,2011-10-06 13:42:00,0.0
13423,United Kingdom,2010-10-07 09:02:00,2010-10-07 09:02:00,0.0
13424,United Kingdom,2010-09-16 10:49:00,2010-09-16 10:49:00,0.0
13425,United Kingdom,2010-05-09 14:35:00,2011-08-23 17:13:00,471.0
13426,United Kingdom,2009-12-09 15:16:00,2011-12-09 08:59:00,729.0
13427,United Kingdom,2009-12-17 13:44:00,2011-11-20 13:02:00,702.0
13428,United Kingdom,2010-07-13 13:20:00,2011-11-29 14:20:00,504.0
13429,United Kingdom,2011-09-25 15:59:00,2011-11-29 09:10:00,64.0
13430,United Kingdom,2011-09-14 14:26:00,2011-11-21 08:19:00,67.0
13431,United Kingdom,2010-02-18 11:53:00,2011-10-03 13:49:00,592.0
13432,United Kingdom,2010-04-06 14:42:00,2010-05-17 13:18:00,40.0
13433,United Kingdom,2010-01-12 08:59:00,2010-07-26 16:55:00,195.0
13434,United Kingdom,2010-02-22 09:54:00,2011-09-26 14:30:00,581.0
13435,United Kingdom,2010-07-27 16:56:00,2011-12-04 14:45:00,494.0
13436,United Kingdom,2011-12-08 10:33:00,2011-12-08 10:33:00,0.0
13437,United Kingdom,2011-06-02 14:30:00,2011-11-25 14:00:00,175.0
13438,United Kingdom,2010-06-10 18:46:00,2010-06-10 18:46:00,0.0
13439,United Kingdom,2010-07-01 14:36:00,2011-03-29 14:20:00,270.0
13440,United Kingdom,2010-09-14 10:34:00,2010-10-12 13:11:00,28.0
13441,United Kingdom,2010-10-04 10:38:00,2011-09-09 09:38:00,339.0
13442,United Kingdom,2009-12-01 14:59:00,2010-02-10 14:03:00,70.0
13443,United Kingdom,2010-01-31 13:30:00,2010-09-17 12:31:00,228.0
13444,United Kingdom,2010-07-21 14:34:00,2010-11-30 13:02:00,131.0
13445,United Kingdom,2010-03-23 15:34:00,2010-03-23 15:34:00,0.0
13446,United Kingdom,2010-02-14 11:52:00,2010-10-05 18:51:00,233.0
13447,United Kingdom,2011-11-04 10:10:00,2011-11-16 13:38:00,12.0
13448,United Kingdom,2009-12-06 12:14:00,2011-11-23 12:33:00,717.0
13449,United Kingdom,2011-11-16 08:28:00,2011-11-16 08:28:00,0.0
13450,United Kingdom,2010-04-15 19:15:00,2011-11-13 11:54:00,576.0
13451,United Kingdom,2010-03-21 16:13:00,2011-11-13 15:58:00,601.0
13452,United Kingdom,2010-08-24 09:53:00,2011-03-25 14:19:00,213.0
13453,United Kingdom,2010-11-02 13:23:00,2011-06-27 09:34:00,236.0
13454,United Kingdom,2010-03-08 14:40:00,2010-03-08 14:40:00,0.0
13455,United Kingdom,2009-12-09 08:58:00,2011-11-15 11:21:00,706.0
13456,United Kingdom,2011-05-16 15:34:00,2011-11-22 09:18:00,189.0
13457,United Kingdom,2009-12-02 12:46:00,2010-01-20 08:48:00,48.0
13458,United Kingdom,2010-11-16 14:01:00,2011-12-02 15:29:00,381.0
13459,United Kingdom,2010-01-26 13:35:00,2010-03-25 10:24:00,57.0
13460,United Kingdom,2011-10-21 09:50:00,2011-11-10 17:17:00,20.0
13461,United Kingdom,2010-04-21 16:01:00,2011-11-01 09:01:00,558.0
13462,United Kingdom,2009-12-14 09:48:00,2011-04-01 11:20:00,473.0
13463,United Kingdom,,,
13464,United Kingdom,2010-03-31 15:22:00,2011-10-12 15:01:00,559.0
13465,United Kingdom,2010-05-02 15:30:00,2010-09-19 15:13:00,139.0
13466,United Kingdom,2010-03-21 13:50:00,2011-06-08 16:39:00,444.0
13467,United Kingdom,2011-11-03 16:56:00,2011-11-29 10:01:00,25.0
13468,United Kingdom,2009-12-03 13:32:00,2011-12-08 10:39:00,734.0
13469,United Kingdom,2010-02-24 15:03:00,2010-02-24 15:03:00,0.0
13470,United Kingdom,2011-08-16 17:06:00,2011-09-01 14:57:00,15.0
13471,United Kingdom,2011-10-23 13:10:00,2011-12-08 15:44:00,46.0
13472,United Kingdom,2010-06-02 09:48:00,2010-09-02 09:41:00,91.0
13473,United Kingdom,2009-12-15 19:02:00,2011-10-10 11:20:00,663.0
13474,United Kingdom,2010-08-01 14:40:00,2011-04-17 13:53:00,258.0
13475,United Kingdom,2011-02-14 12:36:00,2011-06-01 13:52:00,107.0
13476,United Kingdom,2010-03-05 09:39:00,2011-06-14 12:00:00,466.0
13477,United Kingdom,2010-01-25 11:52:00,2011-11-02 12:04:00,646.0
13478,United Kingdom,2010-01-31 15:51:00,2010-08-27 13:23:00,207.0
13479,United Kingdom,2010-08-19 16:18:00,2011-05-23 10:45:00,276.0
13480,United Kingdom,2010-01-29 12:35:00,2010-10-19 11:53:00,262.0
13481,United Kingdom,2009-12-04 12:37:00,2011-10-25 09:07:00,689.0
13482,United Kingdom,2010-03-22 10:31:00,2011-04-21 17:03:00,395.0
13483,United Kingdom,2011-10-05 11:53:00,2011-10-05 11:53:00,0.0
13484,United Kingdom,2010-03-10 11:46:00,2011-04-12 16:30:00,398.0
13485,United Kingdom,2009-12-03 13:46:00,2011-04-20 13:58:00,503.0
13486,United Kingdom,2011-07-07 17:19:00,2011-09-22 13:13:00,76.0
13487,United Kingdom,2009-12-05 10:25:00,2011-10-13 12:07:00,677.0
13488,United Kingdom,2010-01-25 10:13:00,2011-11-22 14:41:00,666.0
13489,United Kingdom,2011-02-18 10:42:00,2011-08-26 13:16:00,189.0
13490,United Kingdom,2010-02-23 14:48:00,2010-02-23 14:48:00,0.0
13491,United Kingdom,2009-12-07 08:24:00,2011-10-19 08:32:00,681.0
13492,Switzerland,2011-05-09 10:06:00,2011-07-26 14:25:00,78.0
13493,Switzerland,2011-02-25 16:42:00,2011-03-09 15:35:00,11.0
13494,United Kingdom,2011-02-01 11:58:00,2011-02-01 11:58:00,0.0
13495,United Kingdom,2009-12-07 12:12:00,2011-12-02 11:21:00,724.0
13496,United Kingdom,2010-12-15 10:17:00,2011-11-29 10:58:00,349.0
13497,United Kingdom,2010-02-08 10:27:00,2011-03-02 09:04:00,386.0
13498,United Kingdom,2009-12-09 15:26:00,2009-12-09 15:26:00,0.0
13499,United Kingdom,2011-03-15 08:52:00,2011-11-22 11:21:00,252.0
13500,United Kingdom,2010-11-03 13:16:00,2011-11-16 15:35:00,378.0
13501,Switzerland,2010-05-18 13:24:00,2011-02-24 18:59:00,282.0
13502,United Kingdom,2010-06-09 10:52:00,2011-11-23 10:39:00,531.0
13503,United Kingdom,2010-02-16 13:49:00,2011-09-29 13:23:00,589.0
13504,United Kingdom,2011-10-06 13:20:00,2011-10-06 13:20:00,0.0
13505,Switzerland,2011-04-21 12:07:00,2011-09-28 11:56:00,159.0
13506,United Kingdom,2010-09-05 12:33:00,2011-01-27 13:53:00,144.0
13507,United Kingdom,2011-07-17 11:50:00,2011-12-06 13:13:00,142.0
13508,United Kingdom,2010-03-07 11:58:00,2011-04-10 11:58:00,399.0
13509,United Kingdom,2010-07-20 12:10:00,2011-12-01 10:10:00,498.0
13510,United Kingdom,2009-12-21 11:53:00,2011-12-08 13:46:00,717.0
13511,United Kingdom,2010-02-01 12:10:00,2010-02-01 12:10:00,0.0
13512,United Kingdom,2010-05-05 13:22:00,2011-03-24 10:03:00,322.0
13513,United Kingdom,2010-02-22 16:36:00,2011-08-05 11:50:00,528.0
13514,United Kingdom,2010-01-26 15:11:00,2011-09-27 09:39:00,608.0
13515,United Kingdom,2010-03-05 11:58:00,2011-09-28 11:26:00,571.0
13516,United Kingdom,2010-10-18 08:52:00,2011-11-18 13:15:00,396.0
13517,United Kingdom,2011-06-13 08:44:00,2011-10-11 11:43:00,120.0
13518,United Kingdom,2011-09-15 10:29:00,2011-09-15 10:29:00,0.0
13519,United Kingdom,2010-09-23 11:45:00,2011-09-22 18:24:00,364.0
13520,Switzerland,2009-12-17 11:11:00,2011-10-12 10:20:00,663.0
13521,United Kingdom,2011-11-29 15:09:00,2011-12-08 13:50:00,8.0
13522,United Kingdom,2011-11-09 15:11:00,2011-11-09 15:11:00,0.0
13523,United Kingdom,2010-11-02 14:55:00,2011-11-06 15:11:00,369.0
13524,United Kingdom,2011-05-04 12:26:00,2011-10-30 12:34:00,179.0
13525,United Kingdom,2011-04-05 15:36:00,2011-11-25 12:01:00,233.0
13526,United Kingdom,2009-12-01 12:56:00,2009-12-01 13:13:00,0.0
13527,United Kingdom,2010-01-21 12:37:00,2011-11-06 12:04:00,653.0
13528,United Kingdom,,,
13529,United Kingdom,2011-05-19 11:50:00,2011-09-22 09:15:00,125.0
13530,United Kingdom,2010-03-15 14:10:00,2010-03-15 14:10:00,0.0
13531,United Kingdom,2009-12-03 15:20:00,2011-05-18 16:56:00,531.0
13532,United Kingdom,2011-11-06 12:25:00,2011-11-06 12:25:00,0.0
13533,United Kingdom,2011-03-17 12:47:00,2011-06-10 11:54:00,84.0
13534,United Kingdom,2010-07-07 15:00:00,2011-12-07 14:52:00,517.0
13535,United Kingdom,2010-11-02 11:49:00,2010-11-02 11:49:00,0.0
13536,United Kingdom,2011-09-25 13:30:00,2011-12-08 16:38:00,74.0
13537,United Kingdom,2010-09-14 10:41:00,2010-10-10 12:45:00,26.0
13538,United Kingdom,2010-02-02 12:47:00,2011-10-27 16:34:00,632.0
13539,United Kingdom,2010-04-28 12:04:00,2011-09-15 10:18:00,504.0
13540,United Kingdom,2010-02-22 09:22:00,2010-08-29 14:20:00,188.0
13541,United Kingdom,2010-05-18 16:15:00,2010-10-08 16:37:00,143.0
13542,United Kingdom,2009-12-10 19:53:00,2010-11-28 11:24:00,352.0
13543,United Kingdom,2010-01-21 14:30:00,2010-03-15 13:34:00,52.0
13544,United Kingdom,2010-03-05 11:31:00,2011-10-31 11:57:00,605.0
13545,United Kingdom,2010-06-13 11:49:00,2010-11-14 11:27:00,153.0
13546,United Kingdom,2010-10-11 17:23:00,2011-11-27 14:50:00,411.0
13547,United Kingdom,2010-10-27 14:14:00,2010-10-27 14:14:00,0.0
13548,United Kingdom,2010-08-25 13:44:00,2011-09-04 14:50:00,375.0
13549,United Kingdom,2010-11-17 12:17:00,2011-11-14 09:20:00,361.0
13550,United Kingdom,2010-11-21 15:24:00,2010-11-21 15:24:00,0.0
13551,United Kingdom,2010-02-11 15:01:00,2011-01-24 14:46:00,346.0
13552,United Kingdom,2010-02-19 13:28:00,2011-10-04 15:19:00,592.0
13553,United Kingdom,2010-02-03 12:21:00,2010-02-03 12:21:00,0.0
13554,United Kingdom,2010-09-19 12:39:00,2010-11-24 15:05:00,66.0
13555,United Kingdom,2010-01-19 13:20:00,2011-09-27 12:36:00,615.0
13556,United Kingdom,2010-09-30 09:01:00,2010-10-06 16:44:00,6.0
13557,United Kingdom,2009-12-08 17:41:00,2011-11-11 15:24:00,702.0
13558,United Kingdom,2011-10-02 13:01:00,2011-12-04 11:24:00,62.0
13559,United Kingdom,2010-06-14 11:52:00,2010-07-15 09:52:00,30.0
13560,United Kingdom,2011-12-02 13:11:00,2011-12-02 13:11:00,0.0
13561,United Kingdom,2010-02-28 13:42:00,2011-05-08 12:39:00,433.0
13562,United Kingdom,2010-01-14 16:33:00,2011-09-19 10:51:00,612.0
13563,United Kingdom,2011-07-22 17:21:00,2011-09-16 14:45:00,55.0
13564,United Kingdom,2009-12-02 11:55:00,2011-07-18 14:33:00,593.0
13565,United Kingdom,2010-10-24 15:51:00,2011-11-20 14:33:00,391.0
13566,United Kingdom,2010-03-10 12:22:00,2011-10-30 11:59:00,598.0
13567,United Kingdom,2010-06-16 12:48:00,2010-10-07 12:51:00,113.0
13568,United Kingdom,2011-06-19 14:42:00,2011-06-19 14:42:00,0.0
13569,United Kingdom,2010-10-07 13:05:00,2011-11-22 13:07:00,411.0
13570,United Kingdom,2011-04-10 13:36:00,2011-04-10 13:36:00,0.0
13571,United Kingdom,2009-12-08 13:02:00,2011-11-27 10:47:00,718.0
13572,United Kingdom,2011-05-18 11:59:00,2011-05-18 11:59:00,0.0
13573,United Kingdom,2010-03-12 16:06:00,2011-10-20 14:33:00,586.0
13574,United Kingdom,2010-10-24 13:28:00,2010-10-24 13:28:00,0.0
13575,United Kingdom,2011-06-16 14:24:00,2011-11-16 13:14:00,152.0
13576,United Kingdom,2009-12-08 15:12:00,2011-11-29 15:34:00,721.0
13577,United Kingdom,2009-12-14 16:10:00,2011-11-14 15:19:00,699.0
13578,United Kingdom,2010-10-26 13:44:00,2010-10-26 13:44:00,0.0
13579,United Kingdom,2010-02-18 13:53:00,2011-11-25 08:41:00,644.0
13580,United Kingdom,2010-10-29 15:01:00,2010-10-29 15:01:00,0.0
13581,United Kingdom,2010-10-21 16:30:00,2011-02-03 14:41:00,104.0
13582,United Kingdom,2010-04-01 11:38:00,2010-11-15 11:34:00,227.0
13583,United Kingdom,2010-01-29 13:53:00,2011-07-07 10:40:00,523.0
13584,United Kingdom,2010-02-02 08:40:00,2011-02-06 12:49:00,369.0
13585,United Kingdom,2009-12-01 14:56:00,2010-06-27 12:33:00,207.0
13586,United Kingdom,2010-06-16 13:47:00,2010-06-16 13:47:00,0.0
13587,United Kingdom,2010-02-14 13:17:00,2011-10-07 12:31:00,599.0
13588,United Kingdom,2011-03-29 15:53:00,2011-11-24 10:42:00,239.0
13589,United Kingdom,2009-12-06 10:26:00,2011-11-25 12:10:00,719.0
13590,United Kingdom,2009-12-01 13:37:00,2011-11-28 12:54:00,726.0
13591,United Kingdom,2009-12-14 15:44:00,2011-10-06 12:26:00,660.0
13592,United Kingdom,2011-03-20 14:01:00,2011-11-04 09:49:00,228.0
13593,United Kingdom,2010-03-02 16:36:00,2011-08-23 13:35:00,538.0
13594,United Kingdom,2010-08-11 10:23:00,2011-10-18 10:19:00,432.0
13595,United Kingdom,2010-03-03 14:42:00,2010-07-11 12:36:00,129.0
13596,United Kingdom,2011-11-27 11:57:00,2011-12-04 12:01:00,7.0
13597,United Kingdom,2010-11-02 09:30:00,2010-11-04 14:54:00,2.0
13598,United Kingdom,2010-02-26 11:22:00,2011-10-23 14:28:00,604.0
13599,United Kingdom,2009-12-01 12:30:00,2011-12-08 16:10:00,737.0
13600,United Kingdom,2010-03-15 17:16:00,2011-01-31 15:27:00,321.0
13601,United Kingdom,2010-06-11 15:03:00,2011-10-25 17:31:00,501.0
13602,United Kingdom,2010-05-28 11:49:00,2011-10-06 11:47:00,495.0
13603,United Kingdom,2011-11-13 15:57:00,2011-11-13 15:57:00,0.0
13604,United Kingdom,2010-02-19 12:02:00,2010-02-19 12:02:00,0.0
13605,United Kingdom,2010-05-17 15:46:00,2010-11-17 17:16:00,184.0
13606,United Kingdom,2011-02-01 11:42:00,2011-11-10 17:46:00,282.0
13607,United Kingdom,2010-11-02 11:48:00,2011-10-30 16:17:00,362.0
13608,United Kingdom,2010-06-17 12:28:00,2010-06-17 12:28:00,0.0
13609,United Kingdom,2010-04-25 13:26:00,2010-04-25 13:26:00,0.0
13610,United Kingdom,2010-01-05 14:12:00,2011-11-27 15:38:00,691.0
13611,United Kingdom,2009-12-03 07:57:00,2011-09-11 14:51:00,647.0
13612,United Kingdom,2010-03-17 12:14:00,2010-03-17 12:14:00,0.0
13613,United Kingdom,2010-02-17 12:40:00,2010-09-13 12:01:00,207.0
13614,United Kingdom,2010-06-06 13:42:00,2011-11-15 14:47:00,527.0
13615,United Kingdom,2010-01-28 15:43:00,2011-01-25 08:21:00,361.0
13616,United Kingdom,2010-01-17 14:56:00,2010-05-20 12:59:00,122.0
13617,United Kingdom,2010-08-01 15:23:00,2011-10-30 13:50:00,454.0
13618,United Kingdom,2011-06-19 11:09:00,2011-06-19 11:09:00,0.0
13619,United Kingdom,2010-02-03 14:16:00,2010-06-13 11:39:00,129.0
13620,United Kingdom,2010-06-29 15:02:00,2010-06-29 15:02:00,0.0
13621,United Kingdom,2011-08-15 08:26:00,2011-08-15 08:26:00,0.0
13622,United Kingdom,2010-01-12 13:22:00,2010-01-12 13:22:00,0.0
13623,United Kingdom,2009-12-02 13:57:00,2011-11-09 12:00:00,706.0
13624,United Kingdom,2010-11-16 13:43:00,2010-11-16 13:43:00,0.0
13625,United Kingdom,2010-04-22 10:50:00,2010-04-22 10:50:00,0.0
13626,United Kingdom,2010-11-25 16:12:00,2011-04-01 10:05:00,126.0
13627,United Kingdom,2010-03-09 14:03:00,2011-10-11 14:20:00,581.0
13628,United Kingdom,2010-02-01 14:44:00,2010-02-01 14:44:00,0.0
13629,United Kingdom,2010-02-11 17:34:00,2011-11-16 13:21:00,642.0
13630,United Kingdom,2011-02-27 12:49:00,2011-12-04 15:16:00,280.0
13631,United Kingdom,2011-03-17 17:13:00,2011-09-01 09:57:00,167.0
13632,United Kingdom,2010-04-07 10:59:00,2011-11-15 10:51:00,586.0
13633,United Kingdom,,,
13634,United Kingdom,2010-01-10 14:26:00,2011-11-06 13:40:00,664.0
13635,United Kingdom,2009-12-01 09:46:00,2011-10-03 10:55:00,671.0
13636,United Kingdom,2011-02-27 14:29:00,2011-11-03 10:30:00,248.0
13637,United Kingdom,2011-04-27 13:06:00,2011-10-18 13:32:00,174.0
13638,United Kingdom,2011-11-24 10:38:00,2011-11-24 10:38:00,0.0
13639,United Kingdom,2010-09-29 10:05:00,2011-09-26 13:36:00,362.0
13640,United Kingdom,2010-04-07 15:33:00,2010-04-07 15:33:00,0.0
13641,United Kingdom,2009-12-05 13:17:00,2010-03-09 07:37:00,93.0
13642,United Kingdom,2010-10-03 12:23:00,2011-05-08 12:34:00,217.0
13643,United Kingdom,2009-12-08 12:48:00,2011-11-08 15:37:00,700.0
13644,United Kingdom,2011-08-26 11:53:00,2011-11-23 14:07:00,89.0
13645,United Kingdom,2011-08-11 16:11:00,2011-08-11 16:11:00,0.0
13646,United Kingdom,2010-11-05 12:00:00,2010-11-05 12:13:00,0.0
13647,United Kingdom,2010-04-15 12:55:00,2011-11-30 12:00:00,593.0
13648,United Kingdom,2009-12-01 18:13:00,2010-11-04 14:46:00,337.0
13649,United Kingdom,2010-06-30 16:35:00,2011-03-28 11:51:00,270.0
13650,United Kingdom,2010-01-26 08:44:00,2011-11-23 12:22:00,666.0
13651,United Kingdom,2010-11-23 09:44:00,2011-11-04 14:59:00,346.0
13652,United Kingdom,2010-02-25 17:37:00,2011-10-25 08:51:00,606.0
13653,United Kingdom,2010-08-09 08:19:00,2010-08-09 08:19:00,0.0
13654,United Kingdom,2009-12-02 11:43:00,2011-10-27 16:24:00,694.0
13655,United Kingdom,2010-04-27 09:59:00,2011-08-17 14:25:00,477.0
13656,United Kingdom,2010-04-23 12:50:00,2011-06-28 10:31:00,430.0
13657,United Kingdom,2011-05-22 12:35:00,2011-11-29 12:32:00,190.0
13658,United Kingdom,2010-02-05 13:17:00,2011-11-30 10:13:00,662.0
13659,United Kingdom,2010-02-17 09:05:00,2011-05-18 12:37:00,455.0
13660,United Kingdom,2010-11-04 16:10:00,2010-11-04 16:10:00,0.0
13661,United Kingdom,2010-04-15 14:58:00,2010-04-15 14:58:00,0.0
13662,United Kingdom,2010-02-19 13:21:00,2011-09-15 12:04:00,572.0
13663,United Kingdom,2010-03-03 10:11:00,2011-06-13 15:44:00,467.0
13664,United Kingdom,,,
13665,United Kingdom,2010-07-23 13:29:00,2010-11-18 13:06:00,117.0
13666,United Kingdom,2009-12-04 10:48:00,2011-10-10 15:39:00,675.0
13667,United Kingdom,2011-07-13 15:42:00,2011-07-13 15:42:00,0.0
13668,United Kingdom,2009-12-11 14:28:00,2011-12-07 12:11:00,725.0
13669,United Kingdom,2010-10-28 15:05:00,2011-10-20 09:32:00,356.0
13670,United Kingdom,2011-09-25 15:25:00,2011-09-25 15:25:00,0.0
13671,United Kingdom,2010-11-10 10:50:00,2010-11-10 10:50:00,0.0
13672,United Kingdom,2009-12-09 11:40:00,2011-02-11 13:53:00,429.0
13673,United Kingdom,2011-11-07 15:40:00,2011-11-21 12:11:00,13.0
13674,United Kingdom,2010-10-03 10:41:00,2010-10-03 10:41:00,0.0
13675,United Kingdom,2011-02-28 12:14:00,2011-07-11 12:57:00,133.0
13676,United Kingdom,2010-03-30 16:53:00,2010-06-18 17:30:00,80.0
13677,United Kingdom,2010-07-07 17:25:00,2010-10-31 11:32:00,115.0
13678,United Kingdom,2011-07-11 10:14:00,2011-07-11 10:14:00,0.0
13679,United Kingdom,2009-12-04 16:52:00,2010-08-03 12:13:00,241.0
13680,United Kingdom,2009-12-04 14:14:00,2011-12-08 13:47:00,733.0
13681,United Kingdom,2011-07-07 15:21:00,2011-11-22 11:13:00,137.0
13682,United Kingdom,2011-06-05 14:06:00,2011-06-05 14:06:00,0.0
13683,United Kingdom,2010-09-08 10:00:00,2010-09-08 10:00:00,0.0
13684,United Kingdom,2010-03-28 14:48:00,2011-02-27 10:13:00,335.0
13685,United Kingdom,2011-10-10 12:59:00,2011-12-07 11:41:00,57.0
13686,United Kingdom,2010-11-03 13:44:00,2011-06-10 09:10:00,218.0
13687,United Kingdom,2010-09-27 16:30:00,2010-09-27 16:30:00,0.0
13688,United Kingdom,2010-03-14 14:11:00,2010-03-14 14:11:00,0.0
13689,United Kingdom,2010-09-21 10:27:00,2011-10-07 13:21:00,381.0
13690,United Kingdom,2011-10-11 15:03:00,2011-10-11 15:03:00,0.0
13691,United Kingdom,2010-11-08 17:34:00,2010-11-08 17:34:00,0.0
13692,United Kingdom,2010-10-15 13:28:00,2011-11-15 11:17:00,395.0
13693,United Kingdom,2009-12-07 11:29:00,2010-11-30 18:21:00,358.0
13694,United Kingdom,2009-12-04 15:26:00,2011-12-06 09:32:00,731.0
13695,United Kingdom,2010-05-11 11:07:00,2011-11-08 14:26:00,546.0
13696,United Kingdom,2010-02-11 14:17:00,2010-10-14 09:44:00,244.0
13697,United Kingdom,2011-11-01 09:14:00,2011-11-01 09:14:00,0.0
13698,United Kingdom,2010-01-27 09:02:00,2010-04-22 11:52:00,85.0
13699,United Kingdom,2010-06-07 13:03:00,2011-07-07 16:51:00,395.0
13700,United Kingdom,2010-02-07 10:53:00,2011-11-13 13:00:00,644.0
13701,United Kingdom,2010-09-19 12:39:00,2010-09-19 12:39:00,0.0
13702,United Kingdom,2010-09-20 11:40:00,2010-09-20 11:40:00,0.0
13703,United Kingdom,2010-10-20 13:11:00,2011-01-25 13:10:00,96.0
13704,United Kingdom,2011-09-12 14:40:00,2011-12-04 15:13:00,83.0
13705,United Kingdom,2010-03-25 17:19:00,2011-12-02 12:32:00,616.0
13706,United Kingdom,2010-03-23 09:18:00,2011-02-10 09:21:00,324.0
13707,United Kingdom,2010-06-21 11:57:00,2011-03-17 18:03:00,269.0
13708,United Kingdom,2011-03-13 13:46:00,2011-03-13 13:46:00,0.0
13709,United Kingdom,2010-01-11 10:40:00,2011-12-06 10:28:00,693.0
13710,United Kingdom,2010-04-06 12:54:00,2011-11-08 08:16:00,580.0
13711,United Kingdom,2009-12-15 19:04:00,2011-05-05 10:31:00,505.0
13712,United Kingdom,2010-04-08 11:16:00,2011-04-07 12:33:00,364.0
13713,United Kingdom,2010-05-05 16:48:00,2010-10-27 16:18:00,174.0
13714,United Kingdom,2010-08-31 13:57:00,2010-08-31 13:57:00,0.0
13715,United Kingdom,2010-03-11 15:33:00,2011-03-03 19:21:00,357.0
13716,United Kingdom,2011-03-15 13:49:00,2011-03-15 13:49:00,0.0
13717,United Kingdom,2010-08-11 09:40:00,2011-11-07 14:13:00,453.0
13718,United Kingdom,2011-02-17 11:58:00,2011-04-07 13:24:00,49.0
13719,United Kingdom,2010-05-17 14:36:00,2011-11-24 15:26:00,556.0
13720,United Kingdom,2011-03-30 09:17:00,2011-08-15 12:46:00,138.0
13721,United Kingdom,2010-11-09 17:59:00,2011-11-03 14:05:00,358.0
13722,United Kingdom,2010-03-03 14:13:00,2011-07-31 12:44:00,514.0
13723,United Kingdom,2010-04-07 14:32:00,2011-05-06 17:04:00,394.0
13724,United Kingdom,2010-03-12 15:28:00,2010-03-12 15:28:00,0.0
13725,United Kingdom,2011-02-04 12:18:00,2011-10-21 10:03:00,258.0
13726,United Kingdom,2011-08-31 11:06:00,2011-11-01 10:49:00,61.0
13727,United Kingdom,2009-12-09 13:25:00,2011-11-11 09:46:00,701.0
13728,United Kingdom,2009-12-09 17:13:00,2011-11-03 10:49:00,693.0
13729,United Kingdom,2010-01-24 14:57:00,2010-09-30 10:44:00,248.0
13730,United Kingdom,2011-07-01 12:47:00,2011-07-27 08:35:00,25.0
13731,United Kingdom,2011-04-07 10:10:00,2011-05-04 14:33:00,27.0
13732,United Kingdom,2011-11-11 15:49:00,2011-11-11 15:49:00,0.0
13733,United Kingdom,2009-12-04 15:28:00,2010-10-25 12:18:00,324.0
13734,United Kingdom,2010-04-16 08:42:00,2010-07-19 12:04:00,94.0
13735,United Kingdom,2009-12-13 13:31:00,2011-11-15 11:14:00,701.0
13736,United Kingdom,2009-12-06 12:07:00,2011-12-04 15:19:00,728.0
13737,United Kingdom,2011-05-23 16:32:00,2011-05-23 16:32:00,0.0
13738,United Kingdom,2010-11-08 15:23:00,2010-11-08 15:23:00,0.0
13739,United Kingdom,2010-06-30 10:25:00,2011-11-21 13:35:00,509.0
13740,United Kingdom,2009-12-02 12:22:00,2011-04-13 10:32:00,496.0
13741,United Kingdom,2011-05-06 13:43:00,2011-09-29 09:19:00,145.0
13742,United Kingdom,2011-01-23 14:59:00,2011-11-23 11:07:00,303.0
13743,United Kingdom,2011-03-25 14:46:00,2011-12-07 10:09:00,256.0
13744,United Kingdom,2011-02-20 14:08:00,2011-09-05 15:19:00,197.0
13745,United Kingdom,2010-06-11 17:19:00,2011-06-30 16:43:00,383.0
13746,United Kingdom,2010-10-22 11:55:00,2010-10-22 11:55:00,0.0
13747,United Kingdom,2010-10-11 09:15:00,2010-12-01 10:37:00,51.0
13748,United Kingdom,2009-12-01 16:44:00,2011-09-05 09:45:00,642.0
13749,United Kingdom,,,
13750,United Kingdom,2010-04-01 14:49:00,2011-10-17 12:16:00,563.0
13751,United Kingdom,2011-02-24 15:56:00,2011-02-24 15:56:00,0.0
13752,United Kingdom,2010-06-30 10:23:00,2011-08-07 14:16:00,403.0
13753,United Kingdom,2009-12-03 10:20:00,2011-02-25 12:48:00,449.0
13754,United Kingdom,2010-09-28 15:29:00,2011-07-11 11:51:00,285.0
13755,United Kingdom,2011-10-07 15:45:00,2011-12-06 12:26:00,59.0
13756,United Kingdom,2009-12-15 15:18:00,2011-12-07 16:44:00,722.0
13757,United Kingdom,2010-02-03 12:37:00,2010-02-03 12:37:00,0.0
13758,United Kingdom,2009-12-01 10:06:00,2011-11-28 11:11:00,727.0
13759,United Kingdom,2011-09-29 15:40:00,2011-11-06 14:47:00,37.0
13760,United Kingdom,2010-04-25 13:10:00,2011-10-16 16:13:00,539.0
13761,United Kingdom,2010-02-21 11:08:00,2011-10-20 14:01:00,606.0
13762,United Kingdom,2010-01-10 12:13:00,2011-05-05 09:15:00,479.0
13763,United Kingdom,2010-09-30 17:39:00,2011-10-07 15:13:00,371.0
13764,United Kingdom,2010-03-07 12:56:00,2011-09-30 12:03:00,571.0
13765,United Kingdom,2010-02-24 13:46:00,2010-02-24 13:46:00,0.0
13766,United Kingdom,2010-08-01 14:25:00,2010-08-01 14:25:00,0.0
13767,United Kingdom,2009-12-01 10:52:00,2011-12-07 15:00:00,736.0
13768,United Kingdom,2009-12-09 10:25:00,2009-12-13 10:41:00,4.0
13769,United Kingdom,2009-12-16 11:59:00,2011-12-07 15:08:00,721.0
13770,United Kingdom,2009-12-09 14:44:00,2010-10-13 15:10:00,308.0
13771,United Kingdom,2010-02-25 12:37:00,2011-10-06 14:18:00,588.0
13772,United Kingdom,2010-02-23 13:55:00,2011-11-06 11:43:00,620.0
13773,United Kingdom,2010-02-18 10:27:00,2010-11-08 11:49:00,263.0
13774,United Kingdom,2011-09-19 12:06:00,2011-09-19 12:06:00,0.0
13775,United Kingdom,2010-04-28 12:15:00,2010-04-28 12:15:00,0.0
13776,United Kingdom,2010-10-07 16:07:00,2010-10-07 16:11:00,0.0
13777,United Kingdom,2009-12-02 09:47:00,2011-12-09 12:25:00,737.0
13778,United Kingdom,2010-05-23 13:34:00,2011-08-28 15:25:00,462.0
13779,United Kingdom,2010-07-12 11:24:00,2010-07-12 11:24:00,0.0
13780,United Kingdom,2010-10-28 19:51:00,2011-12-02 13:49:00,399.0
13781,United Kingdom,2009-12-18 15:46:00,2011-04-03 12:08:00,470.0
13782,United Kingdom,2009-12-06 12:52:00,2011-11-27 11:54:00,720.0
13783,United Kingdom,2010-02-04 13:47:00,2010-08-09 09:23:00,185.0
13784,United Kingdom,2010-09-15 12:27:00,2011-11-30 09:33:00,440.0
13785,United Kingdom,2010-09-05 16:01:00,2010-10-07 09:25:00,31.0
13786,United Kingdom,2009-12-03 15:32:00,2010-12-07 13:53:00,368.0
13787,United Kingdom,2010-01-14 10:13:00,2011-09-25 12:06:00,619.0
13788,United Kingdom,2010-07-22 15:50:00,2010-07-22 15:50:00,0.0
13789,United Kingdom,2010-11-16 15:31:00,2010-11-16 15:31:00,0.0
13790,United Kingdom,2011-12-05 15:48:00,2011-12-05 15:48:00,0.0
13791,United Kingdom,2011-06-24 16:38:00,2011-08-04 11:44:00,40.0
13792,United Kingdom,2010-10-13 11:05:00,2011-10-04 14:31:00,356.0
13793,United Kingdom,2010-03-03 08:25:00,2010-03-03 08:25:00,0.0
13794,United Kingdom,2010-06-11 12:30:00,2010-06-11 12:30:00,0.0
13795,United Kingdom,2010-03-12 12:44:00,2010-11-16 17:25:00,249.0
13796,United Kingdom,2010-07-28 14:45:00,2010-07-28 14:45:00,0.0
13797,United Kingdom,2010-03-02 12:17:00,2010-09-29 10:34:00,210.0
13798,United Kingdom,2009-12-08 16:21:00,2011-12-08 15:51:00,729.0
13799,United Kingdom,2010-03-05 16:39:00,2011-08-15 12:07:00,527.0
13800,United Kingdom,2009-12-03 10:03:00,2011-02-03 12:27:00,427.0
13801,United Kingdom,2011-10-04 10:15:00,2011-10-04 10:15:00,0.0
13802,United Kingdom,2010-02-16 10:11:00,2011-07-24 10:54:00,523.0
13803,United Kingdom,2010-03-31 10:00:00,2011-03-29 12:57:00,363.0
13804,United Kingdom,2010-09-29 10:26:00,2011-11-09 12:32:00,406.0
13805,United Kingdom,2011-08-02 15:29:00,2011-10-18 14:50:00,76.0
13806,United Kingdom,2011-10-07 11:43:00,2011-10-07 11:43:00,0.0
13807,United Kingdom,2009-12-04 12:41:00,2010-12-07 15:48:00,368.0
13808,United Kingdom,2011-09-04 12:07:00,2011-12-04 12:18:00,91.0
13809,Cyprus,2010-09-05 11:42:00,2011-02-07 13:15:00,155.0
13810,Germany,2011-10-14 12:57:00,2011-11-11 08:33:00,27.0
13811,Germany,2011-04-14 18:40:00,2011-06-09 09:54:00,55.0
13812,Germany,2011-08-26 12:54:00,2011-10-28 14:27:00,63.0
13813,Germany,2009-12-06 10:16:00,2011-10-31 10:38:00,694.0
13814,Germany,2010-06-30 14:12:00,2011-09-08 13:48:00,434.0
13815,Germany,2010-02-12 10:26:00,2011-11-17 14:19:00,643.0
13816,Germany,2011-10-06 14:37:00,2011-11-16 08:38:00,40.0
13817,Germany,2010-12-23 11:46:00,2011-11-10 17:49:00,322.0
13818,United Kingdom,2010-10-06 12:35:00,2010-10-06 12:35:00,0.0
13819,United Kingdom,2009-12-01 16:18:00,2011-02-11 10:38:00,436.0
13820,United Kingdom,2010-01-28 12:26:00,2010-10-17 13:46:00,262.0
13821,United Kingdom,2010-01-04 13:36:00,2011-07-18 09:49:00,559.0
13822,United Kingdom,2011-10-30 15:55:00,2011-12-04 12:13:00,34.0
13823,United Kingdom,2009-12-15 14:34:00,2011-11-21 10:22:00,705.0
13824,United Kingdom,2010-03-12 15:17:00,2011-11-07 12:41:00,604.0
13825,United Kingdom,2009-12-09 14:30:00,2010-03-28 11:02:00,108.0
13826,United Kingdom,2011-06-16 13:48:00,2011-06-16 13:48:00,0.0
13827,United Kingdom,2011-07-19 15:38:00,2011-10-13 12:38:00,85.0
13828,United Kingdom,2011-11-17 16:02:00,2011-11-17 16:02:00,0.0
13829,United Kingdom,2010-10-14 18:19:00,2010-10-14 18:19:00,0.0
13830,United Kingdom,2010-05-07 12:24:00,2010-05-07 12:24:00,0.0
13831,United Kingdom,2009-12-10 14:50:00,2011-11-23 15:41:00,713.0
13832,United Kingdom,2010-10-13 14:41:00,2011-11-20 15:36:00,403.0
13833,United Kingdom,2010-10-31 14:11:00,2011-07-03 13:27:00,244.0
13834,United Kingdom,2010-02-08 12:52:00,2010-05-12 10:27:00,92.0
13835,United Kingdom,2010-03-04 08:26:00,2011-11-14 15:37:00,620.0
13836,United Kingdom,2010-10-21 13:27:00,2010-11-05 13:31:00,15.0
13837,United Kingdom,2011-01-26 12:15:00,2011-05-12 12:10:00,105.0
13838,United Kingdom,2010-05-09 11:40:00,2011-12-04 11:00:00,573.0
13839,United Kingdom,2010-08-10 13:52:00,2010-08-10 13:52:00,0.0
13840,United Kingdom,2010-10-19 13:34:00,2010-10-19 13:34:00,0.0
13841,United Kingdom,2011-04-01 12:10:00,2011-04-01 12:10:00,0.0
13842,United Kingdom,2010-02-16 15:54:00,2011-10-12 10:51:00,602.0
13843,United Kingdom,2010-11-23 17:48:00,2010-11-23 17:48:00,0.0
13844,United Kingdom,2011-11-28 13:21:00,2011-11-28 13:21:00,0.0
13845,United Kingdom,2011-10-06 08:25:00,2011-10-06 08:25:00,0.0
13846,United Kingdom,2010-11-05 09:47:00,2011-11-15 12:07:00,375.0
13847,United Kingdom,2009-12-20 10:41:00,2009-12-20 10:41:00,0.0
13848,United Kingdom,2009-12-09 16:17:00,2011-09-08 12:58:00,637.0
13849,United Kingdom,2010-03-25 12:03:00,2011-10-19 10:59:00,572.0
13850,United Kingdom,2011-08-02 14:04:00,2011-08-02 14:04:00,0.0
13851,United Kingdom,2010-01-29 11:54:00,2011-09-05 12:36:00,584.0
13852,United Kingdom,2010-04-08 09:06:00,2010-04-08 09:06:00,0.0
13853,United Kingdom,2011-10-13 14:18:00,2011-10-13 14:18:00,0.0
13854,United Kingdom,2010-01-08 11:28:00,2011-12-01 09:06:00,691.0
13855,United Kingdom,2009-12-08 16:56:00,2010-07-27 09:53:00,230.0
13856,United Kingdom,2010-03-30 15:40:00,2011-06-24 10:03:00,450.0
13857,United Kingdom,2010-05-17 14:21:00,2010-11-11 12:54:00,177.0
13858,United Kingdom,2011-10-13 16:17:00,2011-10-13 16:17:00,0.0
13859,United Kingdom,2010-06-28 15:36:00,2011-01-17 16:14:00,203.0
13860,United Kingdom,2011-09-14 09:27:00,2011-12-08 12:57:00,85.0
13861,United Kingdom,2010-06-27 11:37:00,2010-10-06 14:20:00,101.0
13862,United Kingdom,2010-11-15 13:43:00,2011-11-21 16:24:00,371.0
13863,United Kingdom,2010-04-25 13:09:00,2011-04-06 10:20:00,345.0
13864,United Kingdom,2010-11-18 12:50:00,2010-11-18 12:50:00,0.0
13865,United Kingdom,2011-02-23 12:04:00,2011-10-12 13:31:00,231.0
13866,United Kingdom,2011-09-26 14:54:00,2011-09-26 14:54:00,0.0
13867,United Kingdom,2011-05-05 17:28:00,2011-11-08 15:48:00,186.0
13868,United Kingdom,2011-11-01 12:45:00,2011-12-02 16:32:00,31.0
13869,United Kingdom,2010-01-17 14:53:00,2011-08-08 13:53:00,567.0
13870,United Kingdom,2010-02-08 12:08:00,2011-12-07 13:23:00,667.0
13871,United Kingdom,2009-12-20 13:09:00,2011-11-17 10:49:00,696.0
13872,United Kingdom,2009-12-14 09:56:00,2010-06-30 15:35:00,198.0
13873,United Kingdom,2010-03-03 12:31:00,2011-08-12 10:08:00,526.0
13874,United Kingdom,2010-02-04 18:39:00,2010-12-16 18:20:00,314.0
13875,United Kingdom,2009-12-17 10:30:00,2011-10-17 09:36:00,668.0
13876,United Kingdom,2011-10-07 10:22:00,2011-10-07 10:22:00,0.0
13877,United Kingdom,2010-01-19 10:53:00,2011-09-14 15:49:00,603.0
13878,United Kingdom,2010-04-14 13:50:00,2011-10-16 12:19:00,549.0
13879,United Kingdom,2010-03-04 10:49:00,2010-03-04 10:49:00,0.0
13880,United Kingdom,2010-05-26 14:29:00,2011-11-18 13:44:00,540.0
13881,United Kingdom,2010-03-04 14:41:00,2011-12-06 12:50:00,641.0
13882,United Kingdom,2011-10-06 15:28:00,2011-12-07 11:16:00,61.0
13883,United Kingdom,2009-12-08 17:26:00,2011-11-29 10:45:00,720.0
13884,United Kingdom,2010-08-26 19:57:00,2011-12-02 16:30:00,462.0
13885,United Kingdom,2011-05-23 08:52:00,2011-06-03 15:07:00,11.0
13886,United Kingdom,2011-09-29 13:17:00,2011-09-29 13:17:00,0.0
13887,United Kingdom,2011-05-19 17:22:00,2011-05-19 17:22:00,0.0
13888,United Kingdom,2010-05-13 11:57:00,2011-08-12 10:13:00,455.0
13889,United Kingdom,2010-01-22 14:32:00,2011-09-08 09:13:00,593.0
13890,United Kingdom,2009-12-06 15:15:00,2011-12-08 15:36:00,732.0
13891,United Kingdom,2010-05-06 16:02:00,2010-11-26 15:57:00,203.0
13892,United Kingdom,2010-05-13 10:32:00,2011-11-13 11:50:00,549.0
13893,United Kingdom,2011-02-15 11:30:00,2011-02-15 11:30:00,0.0
13894,United Kingdom,2011-02-02 12:54:00,2011-11-16 09:44:00,286.0
13895,United Kingdom,2009-12-03 13:09:00,2011-11-11 16:57:00,708.0
13896,United Kingdom,2010-03-24 08:55:00,2010-03-24 08:55:00,0.0
13897,United Kingdom,2010-01-31 13:48:00,2011-10-20 14:30:00,627.0
13898,United Kingdom,2010-10-24 15:42:00,2011-01-18 10:28:00,85.0
13899,United Kingdom,2011-03-10 09:30:00,2011-11-23 13:40:00,258.0
13900,United Kingdom,2010-03-25 13:46:00,2011-06-09 19:26:00,441.0
13901,United Kingdom,2010-01-05 09:29:00,2011-09-28 14:48:00,631.0
13902,Denmark,2009-12-15 10:02:00,2010-03-17 13:09:00,92.0
13903,United Kingdom,2010-11-04 17:44:00,2010-11-04 17:44:00,0.0
13904,United Kingdom,2011-02-18 11:18:00,2011-11-02 13:41:00,257.0
13905,United Kingdom,2009-12-07 11:41:00,2009-12-07 11:41:00,0.0
13906,United Kingdom,2010-10-26 15:00:00,2010-10-26 15:00:00,0.0
13907,United Kingdom,2010-01-17 12:22:00,2010-01-17 12:22:00,0.0
13908,United Kingdom,2011-03-08 12:04:00,2011-09-21 11:49:00,196.0
13909,United Kingdom,2010-07-06 16:52:00,2010-10-12 17:22:00,98.0
13910,United Kingdom,,,
13911,United Kingdom,2010-03-01 16:31:00,2011-10-13 15:43:00,590.0
13912,United Kingdom,2010-10-12 08:43:00,2010-10-12 08:43:00,0.0
13913,United Kingdom,2010-07-21 10:11:00,2010-07-21 10:11:00,0.0
13914,United Kingdom,2011-11-03 16:28:00,2011-11-28 10:35:00,24.0
13915,United Kingdom,2010-11-10 15:17:00,2010-11-10 15:17:00,0.0
13916,United Kingdom,2010-02-02 10:06:00,2010-09-02 10:04:00,211.0
13917,United Kingdom,2011-06-01 12:46:00,2011-10-21 09:56:00,141.0
13918,United Kingdom,2011-03-31 18:05:00,2011-10-21 12:25:00,203.0
13919,Denmark,2010-06-17 09:30:00,2011-10-11 14:24:00,481.0
13920,United Kingdom,2010-05-26 15:48:00,2010-10-04 12:37:00,130.0
13921,United Kingdom,2009-12-18 12:19:00,2010-11-02 16:32:00,319.0
13922,United Kingdom,2010-08-29 14:36:00,2010-12-23 10:38:00,115.0
13923,United Kingdom,2011-10-17 12:33:00,2011-10-17 12:33:00,0.0
13924,United Kingdom,2011-09-28 15:07:00,2011-12-08 09:39:00,70.0
13925,United Kingdom,2011-07-28 12:09:00,2011-09-08 12:47:00,42.0
13926,United Kingdom,2011-11-16 13:16:00,2011-11-16 13:16:00,0.0
13927,United Kingdom,2010-09-28 16:12:00,2011-09-26 12:00:00,362.0
13928,United Kingdom,2011-07-29 15:59:00,2011-11-29 10:33:00,122.0
13929,United Kingdom,2010-01-14 07:25:00,2011-06-23 15:26:00,525.0
13930,United Kingdom,2011-07-26 11:00:00,2011-10-13 09:45:00,78.0
13931,United Kingdom,2009-12-03 10:26:00,2011-09-05 10:12:00,640.0
13932,United Kingdom,2011-02-18 12:02:00,2011-02-18 12:02:00,0.0
13933,United Kingdom,2011-07-14 13:35:00,2011-08-22 14:03:00,39.0
13934,United Kingdom,2011-03-21 08:39:00,2011-03-21 08:39:00,0.0
13935,United Kingdom,2010-02-25 16:01:00,2010-04-22 11:21:00,55.0
13936,United Kingdom,2010-10-21 14:21:00,2011-06-13 08:47:00,234.0
13937,United Kingdom,2010-11-02 12:37:00,2011-06-23 16:35:00,233.0
13938,United Kingdom,2011-11-04 14:37:00,2011-11-04 14:37:00,0.0
13939,United Kingdom,2010-04-06 12:43:00,2011-11-16 13:33:00,589.0
13940,United Kingdom,2011-07-18 16:05:00,2011-11-22 15:15:00,126.0
13941,United Kingdom,2009-12-16 16:10:00,2011-11-18 09:43:00,701.0
13942,United Kingdom,2010-06-23 12:35:00,2010-06-23 12:35:00,0.0
13943,United Kingdom,2010-05-11 11:30:00,2010-05-11 11:30:00,0.0
13944,United Kingdom,2010-02-24 15:02:00,2010-02-24 15:02:00,0.0
13945,United Kingdom,2010-08-17 09:59:00,2010-11-10 10:00:00,85.0
13946,United Kingdom,2009-12-04 11:07:00,2011-09-21 13:33:00,656.0
13947,United Kingdom,2011-10-05 14:42:00,2011-10-05 14:42:00,0.0
13948,United Kingdom,2009-12-04 12:14:00,2010-12-14 10:18:00,374.0
13949,United Kingdom,2011-09-06 11:55:00,2011-12-07 09:35:00,91.0
13950,United Kingdom,2011-04-07 11:29:00,2011-11-28 14:44:00,235.0
13951,United Kingdom,2011-02-18 15:21:00,2011-06-16 16:43:00,118.0
13952,United Kingdom,2009-12-16 09:41:00,2011-05-06 09:00:00,505.0
13953,United Kingdom,2009-12-11 12:58:00,2011-12-02 16:04:00,721.0
13954,United Kingdom,2011-09-30 10:52:00,2011-12-08 12:50:00,69.0
13955,United Kingdom,2010-11-29 17:35:00,2011-07-08 17:19:00,220.0
13956,United Kingdom,2011-03-13 12:51:00,2011-12-04 13:20:00,266.0
13957,United Kingdom,2010-02-19 10:32:00,2010-10-18 10:02:00,240.0
13958,United Kingdom,2009-12-05 13:12:00,2010-11-25 10:11:00,354.0
13959,United Kingdom,2010-07-16 15:11:00,2011-09-21 15:06:00,431.0
13960,United Kingdom,2011-09-29 12:39:00,2011-11-18 15:27:00,50.0
13961,United Kingdom,2010-11-12 14:40:00,2010-11-12 14:40:00,0.0
13962,United Kingdom,2010-09-30 10:35:00,2011-11-18 08:47:00,413.0
13963,United Kingdom,2010-04-21 16:20:00,2011-02-04 14:43:00,288.0
13964,United Kingdom,2010-10-05 12:38:00,2010-11-17 13:53:00,43.0
13965,United Kingdom,2010-01-05 15:21:00,2010-08-20 10:40:00,226.0
13966,United Kingdom,2010-09-30 13:08:00,2010-09-30 13:08:00,0.0
13967,United Kingdom,2010-11-08 13:24:00,2011-07-17 12:02:00,250.0
13968,United Kingdom,2010-10-12 13:22:00,2010-10-12 13:22:00,0.0
13969,United Kingdom,2010-03-25 13:15:00,2011-12-02 15:11:00,617.0
13970,United Kingdom,2010-09-28 11:53:00,2010-11-18 13:21:00,51.0
13971,United Kingdom,2010-01-26 09:51:00,2011-11-21 12:06:00,664.0
13972,United Kingdom,2011-05-22 11:34:00,2011-09-30 11:54:00,131.0
13973,United Kingdom,2011-02-25 15:21:00,2011-02-25 15:21:00,0.0
13974,United Kingdom,2010-05-06 17:55:00,2011-10-21 14:41:00,532.0
13975,United Kingdom,2010-02-02 13:13:00,2011-11-08 13:19:00,644.0
13976,United Kingdom,2010-02-09 13:08:00,2011-05-17 09:13:00,461.0
13977,United Kingdom,2010-10-24 14:08:00,2010-10-24 14:08:00,0.0
13978,United Kingdom,2011-10-25 15:04:00,2011-11-25 11:36:00,30.0
13979,United Kingdom,2009-12-03 10:02:00,2011-09-27 13:32:00,663.0
13980,United Kingdom,2010-02-21 14:18:00,2011-10-10 13:34:00,595.0
13981,United Kingdom,2010-10-20 10:03:00,2010-10-20 10:03:00,0.0
13982,United Kingdom,2010-01-20 14:04:00,2011-10-31 16:24:00,649.0
13983,United Kingdom,2009-12-09 13:53:00,2011-11-10 11:06:00,700.0
13984,United Kingdom,2009-12-07 11:51:00,2011-11-13 12:38:00,706.0
13985,United Kingdom,2010-02-09 13:56:00,2011-12-05 17:06:00,664.0
13986,United Kingdom,2011-11-22 15:00:00,2011-11-22 15:00:00,0.0
13987,United Kingdom,2010-11-04 09:54:00,2010-11-25 10:20:00,21.0
13988,United Kingdom,2010-03-24 11:05:00,2011-11-20 10:15:00,605.0
13989,United Kingdom,2010-05-25 12:13:00,2011-10-05 09:47:00,497.0
13990,United Kingdom,2011-05-10 15:19:00,2011-05-10 15:19:00,0.0
13991,United Kingdom,2011-07-19 12:58:00,2011-11-27 16:18:00,131.0
13992,United Kingdom,2010-09-02 17:04:00,2011-11-09 15:23:00,432.0
13993,United Kingdom,2009-12-03 11:57:00,2011-10-28 09:06:00,693.0
13994,United Kingdom,2011-07-14 18:28:00,2011-12-06 11:05:00,144.0
13995,United Kingdom,2009-12-18 12:43:00,2011-11-24 14:22:00,706.0
13996,United Kingdom,2010-11-05 15:07:00,2010-11-18 16:27:00,13.0
13997,United Kingdom,2010-06-07 17:33:00,2010-07-08 18:06:00,31.0
13998,United Kingdom,2010-05-12 13:18:00,2010-09-19 10:20:00,129.0
13999,United Kingdom,2009-12-05 12:42:00,2011-11-29 13:40:00,724.0
14000,United Kingdom,2009-12-02 09:50:00,2011-05-12 16:50:00,526.0
14001,United Kingdom,2010-08-03 12:49:00,2011-10-25 10:31:00,447.0
14002,United Kingdom,2011-07-06 14:59:00,2011-07-28 15:55:00,22.0
14003,United Kingdom,2009-12-07 08:53:00,2009-12-07 08:53:00,0.0
14004,United Kingdom,2010-09-30 09:39:00,2011-10-27 14:40:00,392.0
14005,United Kingdom,2011-05-08 10:33:00,2011-11-30 12:41:00,206.0
14006,United Kingdom,2010-02-25 09:45:00,2011-08-16 09:39:00,536.0
14007,United Kingdom,2010-07-15 09:06:00,2010-07-15 09:06:00,0.0
14008,United Kingdom,2010-10-03 13:09:00,2010-10-03 13:09:00,0.0
14009,United Kingdom,2010-09-03 12:08:00,2011-05-25 15:47:00,264.0
14010,United Kingdom,2010-05-23 12:46:00,2010-05-23 13:00:00,0.0
14011,United Kingdom,2010-04-11 13:40:00,2010-08-16 15:31:00,127.0
14012,United Kingdom,2011-03-07 12:26:00,2011-03-07 12:26:00,0.0
14013,United Kingdom,2010-03-26 10:02:00,2011-08-21 15:01:00,513.0
14014,United Kingdom,2010-05-12 09:04:00,2011-09-23 13:18:00,499.0
14015,United Kingdom,2011-10-18 10:02:00,2011-10-18 10:02:00,0.0
14016,EIRE,2010-01-08 14:12:00,2011-07-01 11:29:00,538.0
14017,United Kingdom,2010-05-17 14:52:00,2010-05-17 14:52:00,0.0
14018,United Kingdom,2010-03-04 14:23:00,2010-03-04 14:23:00,0.0
14019,United Kingdom,2011-07-24 15:39:00,2011-10-24 10:13:00,91.0
14020,United Kingdom,2010-06-28 15:29:00,2011-11-23 09:22:00,512.0
14021,United Kingdom,2010-04-26 11:22:00,2011-07-07 15:46:00,437.0
14022,United Kingdom,2010-08-10 09:38:00,2011-04-28 14:39:00,261.0
14023,United Kingdom,2011-04-03 15:50:00,2011-12-02 13:58:00,242.0
14024,United Kingdom,2010-11-14 10:51:00,2011-08-10 11:30:00,269.0
14025,United Kingdom,2010-05-05 09:56:00,2010-09-01 10:11:00,119.0
14026,United Kingdom,2010-03-24 14:10:00,2010-08-26 10:31:00,154.0
14027,United Kingdom,2011-10-10 09:01:00,2011-10-10 09:01:00,0.0
14028,United Kingdom,2010-06-07 12:02:00,2010-06-07 13:33:00,0.0
14029,United Kingdom,2011-07-18 16:57:00,2011-10-07 14:46:00,80.0
14030,United Kingdom,2009-12-10 17:27:00,2011-11-21 16:48:00,710.0
14031,United Kingdom,2009-12-03 15:35:00,2011-12-02 17:13:00,729.0
14032,United Kingdom,2009-12-14 12:02:00,2011-12-07 15:23:00,723.0
14033,United Kingdom,2010-06-02 15:10:00,2010-06-02 15:10:00,0.0
14034,United Kingdom,2011-07-05 13:06:00,2011-11-17 14:02:00,135.0
14035,United Kingdom,2010-04-06 12:39:00,2011-11-11 10:03:00,583.0
14036,United Kingdom,2011-02-28 09:26:00,2011-02-28 09:26:00,0.0
14037,United Kingdom,2009-12-07 11:39:00,2011-06-16 13:57:00,556.0
14038,United Kingdom,2010-02-04 08:56:00,2011-09-22 13:37:00,595.0
14039,United Kingdom,2010-05-13 10:15:00,2011-11-06 13:48:00,542.0
14040,United Kingdom,2009-12-01 12:14:00,2011-10-30 12:42:00,698.0
14041,United Kingdom,2011-03-18 13:25:00,2011-03-18 13:25:00,0.0
14042,United Kingdom,2009-12-14 15:07:00,2009-12-14 15:07:00,0.0
14043,United Kingdom,2009-12-10 15:56:00,2010-08-05 18:18:00,238.0
14044,United Kingdom,2010-01-24 15:14:00,2011-11-13 12:05:00,657.0
14045,United Kingdom,2010-01-08 10:08:00,2011-08-22 15:27:00,591.0
14046,United Kingdom,2011-02-28 14:48:00,2011-02-28 14:48:00,0.0
14047,United Kingdom,2010-02-01 10:05:00,2011-12-01 11:43:00,668.0
14048,United Kingdom,2010-11-22 14:08:00,2011-02-07 14:53:00,77.0
14049,United Kingdom,2010-04-01 14:52:00,2011-11-23 12:20:00,600.0
14050,United Kingdom,2011-08-25 13:46:00,2011-11-08 10:00:00,74.0
14051,United Kingdom,2009-12-03 11:53:00,2011-12-09 10:20:00,735.0
14052,United Kingdom,2010-11-14 11:37:00,2011-11-20 12:30:00,371.0
14053,United Kingdom,2010-08-10 11:02:00,2011-08-07 14:27:00,362.0
14054,United Kingdom,2011-10-05 15:49:00,2011-10-05 15:49:00,0.0
14055,United Kingdom,2009-12-16 15:11:00,2011-08-25 15:04:00,616.0
14056,United Kingdom,2011-02-28 15:19:00,2011-12-08 13:36:00,282.0
14057,United Kingdom,2009-12-03 13:17:00,2011-11-16 10:32:00,712.0
14058,United Kingdom,2010-06-27 11:29:00,2010-09-03 09:31:00,67.0
14059,United Kingdom,2011-03-18 10:06:00,2011-03-18 10:06:00,0.0
14060,United Kingdom,2010-03-11 09:47:00,2011-12-05 12:29:00,634.0
14061,United Kingdom,2009-12-01 18:03:00,2010-07-20 17:22:00,230.0
14062,United Kingdom,2009-12-10 14:28:00,2011-11-30 10:04:00,719.0
14063,United Kingdom,2009-12-08 13:46:00,2010-09-27 16:18:00,293.0
14064,United Kingdom,2010-01-21 13:22:00,2011-11-10 13:14:00,657.0
14065,United Kingdom,2010-10-04 12:03:00,2010-11-15 16:13:00,42.0
14066,United Kingdom,2011-03-18 12:21:00,2011-03-18 12:21:00,0.0
14067,United Kingdom,2011-09-04 12:00:00,2011-10-07 10:21:00,32.0
14068,United Kingdom,2010-01-31 10:10:00,2011-01-23 16:02:00,357.0
14069,United Kingdom,2010-05-27 12:30:00,2010-07-13 12:12:00,46.0
14070,United Kingdom,2010-01-24 12:27:00,2010-01-24 12:27:00,0.0
14071,United Kingdom,2011-03-20 11:33:00,2011-12-06 12:27:00,261.0
14072,United Kingdom,2010-02-11 12:31:00,2010-02-11 12:31:00,0.0
14073,United Kingdom,2011-11-07 15:49:00,2011-11-07 15:49:00,0.0
14074,United Kingdom,2010-03-26 13:55:00,2010-03-26 13:55:00,0.0
14075,United Kingdom,2010-06-16 14:47:00,2011-12-05 08:38:00,536.0
14076,United Kingdom,2011-08-02 15:19:00,2011-08-02 15:19:00,0.0
14077,United Kingdom,2010-11-09 16:01:00,2011-10-30 12:35:00,354.0
14078,United Kingdom,2010-03-28 15:05:00,2011-08-30 12:16:00,519.0
14079,United Kingdom,2010-01-26 17:19:00,2011-08-07 12:10:00,557.0
14080,United Kingdom,2009-12-02 15:01:00,2011-11-07 11:09:00,704.0
14081,United Kingdom,2009-12-10 18:27:00,2011-02-10 16:17:00,426.0
14082,United Kingdom,2010-11-12 11:47:00,2010-12-10 11:02:00,27.0
14083,United Kingdom,2009-12-18 11:34:00,2011-12-05 13:14:00,717.0
14084,United Kingdom,2010-07-15 14:36:00,2010-07-15 14:36:00,0.0
14085,United Kingdom,2009-12-08 13:41:00,2011-12-07 13:46:00,729.0
14086,United Kingdom,2010-09-03 10:52:00,2010-09-03 10:52:00,0.0
14087,United Kingdom,2009-12-04 15:27:00,2011-12-07 12:41:00,732.0
14088,United Kingdom,2010-10-14 19:46:00,2011-11-29 16:16:00,410.0
14089,United Kingdom,2011-10-14 10:38:00,2011-10-14 10:38:00,0.0
14090,United Kingdom,2011-01-19 10:51:00,2011-01-19 10:51:00,0.0
14091,United Kingdom,2010-01-10 13:41:00,2010-02-23 15:17:00,44.0
14092,United Kingdom,2009-12-16 16:24:00,2011-12-02 12:13:00,715.0
14093,United Kingdom,2011-11-27 16:27:00,2011-11-27 16:27:00,0.0
14094,United Kingdom,2010-09-26 11:58:00,2010-09-26 11:58:00,0.0
14095,United Kingdom,2009-12-17 12:49:00,2009-12-17 12:49:00,0.0
14096,United Kingdom,2011-08-30 10:49:00,2011-12-05 17:17:00,97.0
14097,United Kingdom,2010-03-04 10:46:00,2010-08-15 14:20:00,164.0
14098,United Kingdom,2011-11-03 10:13:00,2011-11-03 10:13:00,0.0
14099,United Kingdom,2009-12-10 11:55:00,2011-11-23 13:53:00,713.0
14100,United Kingdom,2011-07-25 11:01:00,2011-07-25 11:01:00,0.0
14101,United Kingdom,2010-03-28 13:36:00,2011-09-27 12:28:00,547.0
14102,United Kingdom,2011-10-26 12:46:00,2011-12-04 15:38:00,39.0
14104,United Kingdom,2010-05-28 16:11:00,2011-07-08 12:50:00,405.0
14105,United Kingdom,2009-12-18 16:57:00,2011-04-14 17:58:00,482.0
14106,United Kingdom,2009-12-02 14:09:00,2009-12-02 14:09:00,0.0
14107,United Kingdom,2009-12-09 14:20:00,2011-10-19 12:12:00,678.0
14108,United Kingdom,2009-12-01 18:07:00,2011-11-09 10:41:00,707.0
14109,United Kingdom,2011-09-28 10:18:00,2011-09-28 10:18:00,0.0
14110,United Kingdom,2009-12-01 09:50:00,2011-12-06 12:26:00,735.0
14111,United Kingdom,2011-04-12 11:36:00,2011-11-25 13:44:00,227.0
14112,United Kingdom,2010-02-23 14:16:00,2011-11-17 12:30:00,631.0
14113,United Kingdom,2009-12-08 07:42:00,2011-12-06 12:18:00,728.0
14114,United Kingdom,2010-04-12 11:07:00,2011-03-11 09:42:00,332.0
14115,United Kingdom,2010-02-11 11:44:00,2010-07-26 12:36:00,165.0
14116,United Kingdom,2011-08-10 12:44:00,2011-11-20 10:29:00,101.0
14117,United Kingdom,2011-07-19 09:49:00,2011-07-19 09:49:00,0.0
14118,United Kingdom,2010-10-07 11:59:00,2010-10-07 11:59:00,0.0
14119,United Kingdom,2009-12-21 14:52:00,2010-11-29 10:33:00,342.0
14120,United Kingdom,,,
14121,United Kingdom,2011-10-11 10:39:00,2011-12-06 12:19:00,56.0
14122,United Kingdom,2009-12-02 14:22:00,2010-10-29 15:11:00,331.0
14123,United Kingdom,2009-12-06 15:35:00,2009-12-06 15:35:00,0.0
14124,United Kingdom,2011-09-16 13:32:00,2011-09-16 13:32:00,0.0
14125,United Kingdom,2011-09-22 15:40:00,2011-11-29 12:47:00,67.0
14126,United Kingdom,2010-09-21 14:51:00,2011-12-02 11:45:00,436.0
14127,United Kingdom,2010-10-10 11:53:00,2011-08-09 10:49:00,302.0
14128,United Kingdom,2010-06-06 14:05:00,2011-10-10 12:00:00,490.0
14129,United Kingdom,2010-05-09 14:54:00,2011-12-08 11:02:00,577.0
14130,United Kingdom,2009-12-11 16:33:00,2011-01-24 16:05:00,408.0
14131,United Kingdom,2010-03-01 11:59:00,2010-03-01 11:59:00,0.0
14132,United Kingdom,2011-06-09 12:04:00,2011-12-07 13:35:00,181.0
14133,United Kingdom,2009-12-06 12:10:00,2011-08-02 11:34:00,603.0
14134,United Kingdom,2009-12-10 09:25:00,2010-11-22 12:26:00,347.0
14135,United Kingdom,2009-12-02 08:58:00,2011-12-08 11:38:00,736.0
14136,United Kingdom,2009-12-08 09:19:00,2010-11-04 11:53:00,331.0
14137,United Kingdom,2010-01-13 12:30:00,2010-01-13 12:30:00,0.0
14138,United Kingdom,2011-10-07 09:38:00,2011-12-08 12:44:00,62.0
14139,United Kingdom,2010-06-15 09:17:00,2011-10-24 13:34:00,496.0
14140,United Kingdom,2011-11-08 11:20:00,2011-12-06 09:05:00,27.0
14141,United Kingdom,2011-08-26 14:40:00,2011-12-07 09:53:00,102.0
14142,United Kingdom,2010-03-03 15:13:00,2010-12-01 16:33:00,273.0
14143,United Kingdom,2011-07-29 09:48:00,2011-07-29 09:48:00,0.0
14144,United Kingdom,2010-08-10 15:17:00,2010-08-10 15:17:00,0.0
14145,United Kingdom,2010-04-08 09:47:00,2011-10-24 12:10:00,564.0
14146,United Kingdom,2010-01-13 16:04:00,2011-12-01 10:18:00,686.0
14147,United Kingdom,2010-03-09 13:43:00,2011-09-22 18:10:00,562.0
14148,United Kingdom,2010-10-21 14:08:00,2011-04-20 12:02:00,180.0
14149,United Kingdom,2011-05-03 09:44:00,2011-05-03 09:44:00,0.0
14150,United Kingdom,2010-12-15 10:04:00,2011-11-04 10:05:00,324.0
14151,United Kingdom,2009-12-23 10:54:00,2010-02-04 15:35:00,43.0
14152,United Kingdom,2010-02-18 13:57:00,2011-09-25 12:54:00,583.0
14153,United Kingdom,2010-08-13 14:35:00,2010-08-13 14:35:00,0.0
14154,United Kingdom,2010-01-13 12:47:00,2011-04-14 16:26:00,456.0
14155,United Kingdom,2011-03-18 14:13:00,2011-03-18 14:13:00,0.0
14156,EIRE,2009-12-01 12:30:00,2011-11-30 10:54:00,728.0
14157,United Kingdom,2010-03-03 16:49:00,2011-11-20 11:32:00,626.0
14158,United Kingdom,2011-10-30 15:08:00,2011-10-30 15:08:00,0.0
14159,United Kingdom,2009-12-03 12:31:00,2011-11-20 12:36:00,717.0
14160,United Kingdom,2010-01-10 12:06:00,2010-04-08 14:30:00,88.0
14161,United Kingdom,2009-12-13 11:46:00,2011-05-08 11:41:00,510.0
14162,United Kingdom,2011-02-20 12:32:00,2011-06-19 11:36:00,118.0
14163,United Kingdom,2010-09-03 17:15:00,2011-09-13 15:18:00,374.0
14164,United Kingdom,2011-09-20 12:18:00,2011-09-30 12:24:00,10.0
14165,United Kingdom,2011-03-09 12:39:00,2011-03-09 12:39:00,0.0
14166,United Kingdom,2010-03-23 15:10:00,2010-07-22 19:42:00,121.0
14167,United Kingdom,2010-01-27 16:07:00,2011-10-31 14:29:00,641.0
14168,United Kingdom,2010-05-24 12:28:00,2010-10-15 10:49:00,143.0
14169,United Kingdom,2010-09-21 13:39:00,2010-10-05 08:45:00,13.0
14170,United Kingdom,2010-11-09 14:06:00,2010-11-29 13:10:00,19.0
14171,United Kingdom,2009-12-09 13:50:00,2011-09-02 16:43:00,632.0
14172,United Kingdom,2010-03-07 10:58:00,2010-04-13 13:26:00,37.0
14173,United Kingdom,2009-12-09 12:46:00,2011-11-29 11:54:00,719.0
14174,United Kingdom,2011-11-06 13:17:00,2011-11-06 13:17:00,0.0
14175,United Kingdom,2010-03-22 10:43:00,2011-10-11 11:55:00,568.0
14176,United Kingdom,2010-11-23 13:21:00,2011-02-15 13:12:00,83.0
14177,United Kingdom,2010-02-26 11:59:00,2011-09-14 15:11:00,565.0
14178,United Kingdom,2011-06-10 12:51:00,2011-12-01 12:01:00,173.0
14179,United Kingdom,2011-10-18 14:00:00,2011-10-30 12:07:00,11.0
14180,United Kingdom,2010-06-09 14:56:00,2011-11-29 10:56:00,537.0
14181,United Kingdom,2010-05-26 12:32:00,2010-10-25 08:27:00,151.0
14182,United Kingdom,2010-04-22 15:36:00,2010-09-22 11:45:00,152.0
14183,United Kingdom,2010-08-15 15:36:00,2010-10-24 14:45:00,69.0
14184,United Kingdom,2011-10-04 12:43:00,2011-10-04 12:43:00,0.0
14185,United Kingdom,2011-01-12 13:52:00,2011-01-12 13:52:00,0.0
14186,United Kingdom,2010-03-05 11:17:00,2010-10-08 13:30:00,217.0
14187,United Kingdom,2010-08-23 12:06:00,2010-08-23 12:06:00,0.0
14188,United Kingdom,2011-02-02 13:46:00,2011-11-09 12:45:00,279.0
14189,United Kingdom,2010-11-16 09:28:00,2011-12-07 15:55:00,386.0
14190,United Kingdom,2010-02-11 14:27:00,2010-02-11 14:27:00,0.0
14191,United Kingdom,2009-12-11 10:48:00,2011-12-08 09:23:00,726.0
14192,United Kingdom,2010-11-16 17:44:00,2010-11-16 17:44:00,0.0
14193,United Kingdom,2010-11-08 12:31:00,2011-10-03 09:34:00,328.0
14194,United Kingdom,2010-01-06 12:16:00,2011-12-05 10:38:00,697.0
14195,United Kingdom,2010-03-15 17:12:00,2011-05-22 10:29:00,432.0
14196,United Kingdom,2011-08-25 10:25:00,2011-08-25 10:25:00,0.0
14197,United Kingdom,2010-10-25 10:01:00,2010-10-25 10:01:00,0.0
14198,United Kingdom,2010-01-05 10:07:00,2011-11-21 16:35:00,685.0
14199,United Kingdom,2010-06-27 12:13:00,2011-05-05 13:44:00,312.0
14200,United Kingdom,2010-04-01 13:01:00,2010-04-01 13:01:00,0.0
14201,United Kingdom,2010-04-30 13:00:00,2011-10-10 13:27:00,528.0
14202,United Kingdom,2010-03-25 10:36:00,2010-11-23 17:13:00,243.0
14203,United Kingdom,2010-11-07 13:35:00,2010-11-07 13:35:00,0.0
14204,United Kingdom,2009-12-02 13:26:00,2011-12-07 13:38:00,735.0
14205,United Kingdom,2010-03-07 12:20:00,2011-11-23 10:55:00,625.0
14206,United Kingdom,2010-11-02 11:37:00,2011-04-14 16:38:00,163.0
14207,United Kingdom,2010-01-21 09:33:00,2010-01-21 09:33:00,0.0
14208,United Kingdom,2010-06-06 13:11:00,2011-09-06 12:48:00,456.0
14209,United Kingdom,2010-01-22 10:28:00,2011-11-29 10:18:00,675.0
14210,United Kingdom,2010-01-06 10:17:00,2011-08-26 12:36:00,597.0
14211,United Kingdom,2009-12-09 12:48:00,2011-10-17 13:23:00,677.0
14212,United Kingdom,2010-09-20 11:48:00,2011-09-11 12:45:00,356.0
14213,United Kingdom,2010-10-31 10:37:00,2010-10-31 10:37:00,0.0
14214,United Kingdom,2011-03-07 12:26:00,2011-11-09 10:31:00,246.0
14215,United Kingdom,2009-12-08 09:35:00,2011-11-28 12:19:00,720.0
14216,United Kingdom,2010-10-21 15:07:00,2011-12-06 14:56:00,410.0
14217,United Kingdom,2010-06-30 12:54:00,2011-12-08 11:53:00,525.0
14218,United Kingdom,2011-10-28 10:00:00,2011-10-28 10:00:00,0.0
14219,United Kingdom,2010-08-03 14:42:00,2011-12-05 16:23:00,489.0
14220,United Kingdom,2010-05-19 13:26:00,2011-04-06 13:23:00,321.0
14221,United Kingdom,2010-04-06 14:10:00,2011-10-28 13:42:00,569.0
14222,United Kingdom,2011-06-15 16:42:00,2011-06-15 16:42:00,0.0
14223,United Kingdom,2011-03-20 16:02:00,2011-09-08 13:38:00,171.0
14224,United Kingdom,2010-06-13 13:46:00,2011-08-21 13:24:00,433.0
14225,United Kingdom,2010-01-12 15:02:00,2010-10-01 10:32:00,261.0
14226,United Kingdom,2010-09-24 14:32:00,2011-11-11 11:34:00,412.0
14227,United Kingdom,2010-02-08 09:38:00,2011-11-13 15:48:00,643.0
14228,United Kingdom,2010-06-11 12:29:00,2010-09-28 09:45:00,108.0
14229,United Kingdom,2010-08-25 11:47:00,2011-10-19 10:03:00,419.0
14230,United Kingdom,2010-06-09 13:56:00,2010-09-30 09:07:00,112.0
14231,United Kingdom,2010-09-15 09:52:00,2011-06-09 11:05:00,267.0
14232,United Kingdom,2011-03-20 12:44:00,2011-10-28 11:09:00,221.0
14233,United Kingdom,2010-03-05 16:35:00,2011-10-21 15:54:00,594.0
14234,United Kingdom,2011-10-13 13:58:00,2011-11-17 17:53:00,35.0
14235,United Kingdom,2010-03-30 13:36:00,2011-09-25 14:37:00,544.0
14236,United Kingdom,2010-07-22 14:27:00,2011-09-20 09:13:00,424.0
14237,United Kingdom,2010-04-28 10:04:00,2010-12-01 13:20:00,217.0
14238,United Kingdom,2009-12-05 10:58:00,2011-01-17 14:40:00,408.0
14239,United Kingdom,2009-12-05 12:36:00,2011-10-27 14:40:00,691.0
14240,United Kingdom,2010-10-12 12:48:00,2011-11-09 13:45:00,393.0
14241,United Kingdom,2010-01-12 15:11:00,2011-06-09 11:46:00,512.0
14242,United Kingdom,2011-01-18 08:53:00,2011-04-19 11:46:00,91.0
14243,United Kingdom,2010-08-20 13:41:00,2011-12-01 11:12:00,467.0
14244,United Kingdom,2010-02-17 11:40:00,2010-02-17 11:40:00,0.0
14245,United Kingdom,2011-03-21 10:41:00,2011-05-04 08:40:00,43.0
14246,United Kingdom,2011-04-08 08:25:00,2011-08-21 11:50:00,135.0
14247,United Kingdom,2010-06-06 15:07:00,2011-03-06 15:21:00,273.0
14248,United Kingdom,2010-07-12 14:27:00,2011-01-25 14:45:00,197.0
14249,United Kingdom,2010-01-29 14:21:00,2010-10-25 12:34:00,268.0
14250,United Kingdom,2011-09-11 13:44:00,2011-12-02 14:30:00,82.0
14251,United Kingdom,2011-10-13 12:46:00,2011-12-08 08:32:00,55.0
14252,United Kingdom,2010-11-23 13:36:00,2010-11-23 13:36:00,0.0
14253,United Kingdom,2010-03-26 15:08:00,2010-08-03 14:55:00,129.0
14254,United Kingdom,2010-10-03 11:52:00,2010-10-03 11:52:00,0.0
14255,United Kingdom,2010-06-11 15:54:00,2010-06-11 15:54:00,0.0
14256,United Kingdom,2010-01-14 10:35:00,2011-03-24 13:17:00,434.0
14257,United Kingdom,2010-03-01 15:36:00,2011-10-06 16:54:00,584.0
14258,United Kingdom,2009-12-04 08:36:00,2011-11-30 15:27:00,726.0
14259,United Kingdom,2011-07-21 10:44:00,2011-07-21 10:44:00,0.0
14260,United Kingdom,2010-06-09 11:23:00,2010-08-25 14:55:00,77.0
14261,United Kingdom,2011-09-22 10:47:00,2011-10-20 10:04:00,27.0
14262,United Kingdom,2011-04-13 12:23:00,2011-12-01 14:17:00,232.0
14263,United Kingdom,2010-10-12 14:09:00,2010-10-12 14:09:00,0.0
14264,United Kingdom,2010-04-07 13:21:00,2011-07-08 10:20:00,456.0
14265,Unspecified,2010-04-06 14:39:00,2011-08-22 13:32:00,502.0
14266,United Kingdom,2010-10-07 13:32:00,2010-10-07 13:32:00,0.0
14267,United Kingdom,2011-03-24 11:38:00,2011-06-30 10:09:00,97.0
14268,United Kingdom,2010-08-26 10:45:00,2010-08-26 10:45:00,0.0
14269,United Kingdom,2010-09-26 12:53:00,2010-09-26 12:53:00,0.0
14270,United Kingdom,2011-01-12 09:33:00,2011-01-12 09:33:00,0.0
14271,United Kingdom,2010-10-26 17:01:00,2011-04-28 12:47:00,183.0
14272,United Kingdom,2010-05-06 14:01:00,2011-09-27 10:08:00,508.0
14273,United Kingdom,2011-04-11 13:24:00,2011-10-19 13:20:00,190.0
14274,United Kingdom,2010-01-22 12:51:00,2010-01-22 12:51:00,0.0
14275,United Kingdom,2010-04-11 12:32:00,2010-11-09 09:06:00,211.0
14276,United Kingdom,2010-02-17 13:10:00,2011-09-02 09:45:00,561.0
14277,France,2009-12-13 15:43:00,2011-11-24 15:01:00,710.0
14278,United Kingdom,2010-10-26 12:07:00,2010-10-26 12:07:00,0.0
14279,United Kingdom,2010-01-27 16:34:00,2010-07-07 08:42:00,160.0
14280,United Kingdom,2011-05-27 10:37:00,2011-05-27 10:37:00,0.0
14281,United Kingdom,2010-10-27 14:45:00,2010-10-27 14:45:00,0.0
14282,United Kingdom,2010-02-15 11:22:00,2011-12-06 17:04:00,659.0
14283,United Kingdom,2010-05-19 12:22:00,2010-09-02 14:46:00,106.0
14284,United Kingdom,2010-02-24 12:06:00,2011-11-09 08:11:00,622.0
14285,United Kingdom,2009-12-08 14:13:00,2011-11-18 14:50:00,710.0
14286,United Kingdom,2009-12-04 08:40:00,2011-11-16 10:34:00,712.0
14287,United Kingdom,2011-05-25 11:41:00,2011-12-01 13:25:00,190.0
14288,United Kingdom,2011-05-10 13:22:00,2011-05-10 13:22:00,0.0
14289,United Kingdom,2011-02-23 12:33:00,2011-12-01 11:44:00,280.0
14290,United Kingdom,2009-12-08 11:44:00,2011-11-28 14:02:00,720.0
14291,United Kingdom,2009-12-09 10:46:00,2011-12-08 10:26:00,728.0
14292,United Kingdom,2010-03-19 11:10:00,2011-12-02 11:50:00,623.0
14293,United Kingdom,2009-12-10 10:57:00,2011-12-06 15:17:00,726.0
14294,United Kingdom,2010-10-28 16:25:00,2010-10-28 16:25:00,0.0
14295,United Kingdom,2009-12-08 09:49:00,2011-10-30 15:50:00,691.0
14296,United Kingdom,2010-05-14 14:34:00,2010-10-14 14:14:00,152.0
14297,United Kingdom,2011-03-10 08:31:00,2011-11-22 09:06:00,257.0
14298,United Kingdom,2009-12-11 13:49:00,2011-12-01 13:12:00,719.0
14299,United Kingdom,2009-12-02 10:58:00,2011-12-01 16:05:00,729.0
14300,United Kingdom,2011-11-21 08:57:00,2011-11-21 08:57:00,0.0
14301,United Kingdom,2010-02-11 13:07:00,2011-08-14 15:33:00,549.0
14302,United Kingdom,2009-12-02 08:16:00,2010-10-05 08:10:00,306.0
14303,United Kingdom,2010-10-01 10:31:00,2010-10-28 15:37:00,27.0
14304,United Kingdom,2010-05-18 10:50:00,2011-05-01 11:50:00,348.0
14305,United Kingdom,2011-07-27 14:14:00,2011-09-29 15:29:00,64.0
14306,United Kingdom,2010-01-31 13:42:00,2011-10-19 13:23:00,625.0
14307,United Kingdom,2009-12-07 13:06:00,2011-09-12 09:38:00,643.0
14308,United Kingdom,2010-06-08 16:39:00,2010-06-08 16:48:00,0.0
14309,United Kingdom,2010-06-07 10:24:00,2011-12-01 13:33:00,542.0
14310,United Kingdom,2010-10-03 12:34:00,2010-10-03 12:34:00,0.0
14311,United Kingdom,2010-05-21 10:28:00,2011-04-11 10:14:00,324.0
14312,United Kingdom,2010-07-23 15:05:00,2011-10-24 09:46:00,457.0
14313,United Kingdom,,,
14314,United Kingdom,2010-10-05 08:00:00,2011-08-25 10:39:00,324.0
14315,United Kingdom,2010-03-15 12:49:00,2011-10-26 12:06:00,589.0
14316,United Kingdom,2010-03-19 15:18:00,2010-10-13 16:31:00,208.0
14317,United Kingdom,2011-10-06 10:44:00,2011-10-06 10:44:00,0.0
14318,United Kingdom,2010-09-05 15:32:00,2010-09-05 15:32:00,0.0
14319,United Kingdom,2010-10-11 13:38:00,2010-10-11 13:38:00,0.0
14320,United Kingdom,2010-01-21 11:44:00,2011-05-17 09:24:00,480.0
14321,United Kingdom,2010-08-23 12:56:00,2011-11-29 09:47:00,462.0
14322,United Kingdom,2010-02-18 08:49:00,2010-10-06 15:17:00,230.0
14323,United Kingdom,2011-04-15 11:44:00,2011-08-17 11:37:00,123.0
14324,United Kingdom,2010-01-15 13:31:00,2010-10-26 11:44:00,283.0
14325,United Kingdom,2010-05-19 09:20:00,2010-05-19 09:20:00,0.0
14326,United Kingdom,2010-06-25 12:10:00,2011-04-11 15:04:00,290.0
14327,United Kingdom,2010-01-08 14:04:00,2011-06-29 13:58:00,536.0
14328,United Kingdom,2010-09-27 16:01:00,2010-09-27 16:01:00,0.0
14329,United Kingdom,2009-12-16 15:31:00,2011-11-22 15:50:00,706.0
14330,United Kingdom,2010-03-26 09:10:00,2010-03-26 09:10:00,0.0
14331,United Kingdom,2011-07-27 15:14:00,2011-08-07 13:17:00,10.0
14332,United Kingdom,2010-10-19 13:01:00,2011-11-17 11:54:00,393.0
14333,United Kingdom,2011-10-03 10:38:00,2011-10-03 10:38:00,0.0
14334,United Kingdom,2010-05-20 10:04:00,2011-11-23 10:01:00,551.0
14335,Germany,2011-09-04 13:07:00,2011-11-23 13:41:00,80.0
14336,United Kingdom,2011-03-08 16:48:00,2011-11-23 11:40:00,259.0
14337,United Kingdom,,,
14338,United Kingdom,2010-06-21 10:32:00,2011-07-01 14:08:00,375.0
14339,United Kingdom,2010-10-07 08:50:00,2011-04-11 11:06:00,186.0
14340,United Kingdom,2011-05-05 09:44:00,2011-05-05 09:44:00,0.0
14341,United Kingdom,2009-12-01 12:20:00,2011-10-25 15:48:00,693.0
14342,United Kingdom,2010-08-24 13:03:00,2011-11-18 13:21:00,451.0
14343,United Kingdom,2010-01-18 16:47:00,2010-10-14 13:05:00,268.0
14344,United Kingdom,2010-03-23 15:47:00,2011-08-04 13:51:00,498.0
14345,United Kingdom,2011-11-01 09:51:00,2011-11-01 09:51:00,0.0
14346,United Kingdom,2010-07-30 10:44:00,2011-08-11 09:47:00,376.0
14347,United Kingdom,2009-12-03 10:49:00,2009-12-03 10:49:00,0.0
14348,United Kingdom,2011-03-24 16:23:00,2011-03-24 16:23:00,0.0
14349,United Kingdom,2011-11-29 15:39:00,2011-11-29 15:39:00,0.0
14350,United Kingdom,2010-10-05 15:52:00,2011-03-10 14:14:00,155.0
14351,United Kingdom,2011-06-28 11:56:00,2011-06-28 11:56:00,0.0
14352,United Kingdom,2011-03-11 14:58:00,2011-07-05 15:41:00,116.0
14353,United Kingdom,2010-10-04 12:38:00,2011-05-08 16:06:00,216.0
14354,United Kingdom,2011-11-09 15:36:00,2011-12-04 11:32:00,24.0
14355,United Kingdom,2010-03-22 15:08:00,2010-12-09 12:16:00,261.0
14356,United Kingdom,2011-09-19 14:43:00,2011-09-21 09:18:00,1.0
14357,United Kingdom,2011-10-27 16:23:00,2011-10-27 16:23:00,0.0
14358,United Kingdom,2010-10-07 17:26:00,2010-11-15 15:51:00,38.0
14359,United Kingdom,2011-09-13 09:03:00,2011-11-20 13:17:00,68.0
14360,United Kingdom,2011-09-06 11:58:00,2011-11-08 09:12:00,62.0
14361,United Kingdom,2010-05-10 12:29:00,2010-05-10 12:29:00,0.0
14362,United Kingdom,2011-11-17 15:08:00,2011-11-17 15:08:00,0.0
14363,United Kingdom,2010-09-14 14:39:00,2010-11-02 17:01:00,49.0
14364,United Kingdom,2011-05-12 12:56:00,2011-08-23 11:01:00,102.0
14365,United Kingdom,2010-01-27 09:44:00,2010-11-10 09:52:00,287.0
14366,United Kingdom,2010-07-02 17:23:00,2010-07-02 17:23:00,0.0
14367,United Kingdom,2011-03-08 14:12:00,2011-12-01 13:19:00,267.0
14368,United Kingdom,2011-01-24 09:52:00,2011-01-24 09:52:00,0.0
14369,United Kingdom,2010-02-16 10:28:00,2010-03-07 15:47:00,19.0
14370,United Kingdom,2010-02-01 08:35:00,2010-09-15 10:53:00,226.0
14371,United Kingdom,2011-02-17 16:35:00,2011-02-17 16:35:00,0.0
14372,United Kingdom,2010-04-19 15:57:00,2010-09-22 16:17:00,156.0
14373,United Kingdom,2010-12-16 15:40:00,2010-12-16 15:40:00,0.0
14374,United Kingdom,2010-06-16 14:25:00,2010-06-16 14:25:00,0.0
14375,United Kingdom,2010-06-16 14:34:00,2011-06-07 13:44:00,355.0
14376,United Kingdom,2010-01-25 15:36:00,2010-01-25 15:36:00,0.0
14377,United Kingdom,2011-03-22 13:38:00,2011-06-01 13:32:00,70.0
14378,United Kingdom,2010-03-28 12:22:00,2010-03-28 12:22:00,0.0
14379,United Kingdom,2010-08-16 15:31:00,2011-10-26 16:43:00,436.0
14380,United Kingdom,2010-01-26 17:11:00,2010-01-26 17:11:00,0.0
14381,United Kingdom,2010-09-14 16:15:00,2011-10-18 17:10:00,399.0
14382,United Kingdom,2010-11-14 16:32:00,2011-11-13 16:18:00,363.0
14383,United Kingdom,2011-06-29 10:18:00,2011-11-01 15:53:00,125.0
14384,United Kingdom,2010-07-27 09:53:00,2010-07-27 09:53:00,0.0
14385,United Kingdom,2011-11-16 11:55:00,2011-11-30 15:36:00,14.0
14386,United Kingdom,2011-02-16 09:45:00,2011-02-16 09:45:00,0.0
14387,United Kingdom,2011-08-22 14:13:00,2011-11-07 12:29:00,76.0
14388,United Kingdom,2010-01-20 11:54:00,2011-11-29 13:32:00,678.0
14389,United Kingdom,2010-04-28 14:57:00,2011-10-05 15:17:00,525.0
14390,United Kingdom,2010-10-10 14:30:00,2011-11-29 13:49:00,414.0
14391,United Kingdom,2010-05-12 09:42:00,2010-05-12 09:42:00,0.0
14392,United Kingdom,2010-10-03 12:56:00,2010-10-03 12:56:00,0.0
14393,United Kingdom,2011-05-05 18:16:00,2011-05-05 18:16:00,0.0
14394,United Kingdom,2010-05-24 10:43:00,2010-05-24 10:43:00,0.0
14395,United Kingdom,2010-04-18 13:12:00,2011-12-07 14:34:00,598.0
14396,United Kingdom,2009-12-02 14:21:00,2011-10-05 16:09:00,672.0
14397,United Kingdom,2011-05-10 12:25:00,2011-12-07 09:22:00,210.0
14398,United Kingdom,2010-06-30 11:57:00,2010-11-03 13:46:00,126.0
14399,United Kingdom,2010-02-03 13:09:00,2010-11-10 13:23:00,280.0
14400,United Kingdom,2010-03-18 12:11:00,2011-07-13 15:50:00,482.0
14401,United Kingdom,2009-12-14 13:22:00,2011-12-05 13:30:00,721.0
14402,United Kingdom,2010-02-25 13:20:00,2010-02-25 13:20:00,0.0
14403,United Kingdom,2010-03-10 14:00:00,2011-08-01 12:57:00,508.0
14404,United Kingdom,2009-12-20 14:40:00,2011-11-06 12:30:00,685.0
14405,United Kingdom,2010-11-18 11:40:00,2010-11-18 11:40:00,0.0
14406,United Kingdom,2011-08-12 16:54:00,2011-08-12 16:54:00,0.0
14407,United Kingdom,2011-03-08 11:59:00,2011-08-24 14:02:00,169.0
14408,United Kingdom,2009-12-07 12:18:00,2011-11-29 11:41:00,721.0
14409,United Kingdom,2010-05-21 16:45:00,2011-09-29 18:18:00,496.0
14410,United Kingdom,2010-09-28 15:46:00,2011-09-08 15:08:00,344.0
14411,United Kingdom,2011-02-02 10:56:00,2011-02-02 10:56:00,0.0
14412,United Kingdom,2010-10-11 12:33:00,2011-10-28 10:45:00,381.0
14413,United Kingdom,2010-01-19 14:27:00,2010-12-12 13:37:00,326.0
14414,United Kingdom,2010-11-30 10:12:00,2011-09-09 12:09:00,283.0
14415,United Kingdom,2009-12-16 14:08:00,2011-12-08 14:38:00,722.0
14416,United Kingdom,2011-10-28 15:10:00,2011-11-17 15:22:00,20.0
14417,United Kingdom,2010-11-17 10:55:00,2010-11-17 10:55:00,0.0
14418,United Kingdom,2011-08-23 17:18:00,2011-12-06 11:39:00,104.0
14419,United Kingdom,2010-11-22 11:09:00,2011-11-29 11:22:00,372.0
14420,United Kingdom,2010-01-17 12:41:00,2011-09-01 18:07:00,592.0
14421,United Kingdom,2010-01-17 11:30:00,2011-10-13 13:24:00,634.0
14422,United Kingdom,2009-12-17 12:12:00,2011-12-09 11:26:00,721.0
14423,United Kingdom,2010-01-14 11:49:00,2011-05-05 15:12:00,476.0
14424,United Kingdom,2011-11-22 11:48:00,2011-11-22 11:48:00,0.0
14425,United Kingdom,2009-12-02 11:31:00,2010-10-01 10:24:00,302.0
14426,United Kingdom,2010-03-04 14:36:00,2011-11-16 12:25:00,621.0
14427,United Kingdom,2010-03-18 09:49:00,2011-10-20 14:23:00,581.0
14428,United Kingdom,2011-01-18 16:39:00,2011-12-02 13:17:00,317.0
14429,United Kingdom,2010-11-01 10:08:00,2010-11-01 10:08:00,0.0
14430,United Kingdom,2010-04-11 15:59:00,2010-07-16 11:35:00,95.0
14431,United Kingdom,2010-01-21 10:49:00,2011-02-10 10:40:00,384.0
14432,United Kingdom,2011-09-11 14:09:00,2011-11-30 08:04:00,79.0
14433,United Kingdom,2010-08-31 12:35:00,2010-08-31 12:35:00,0.0
14434,United Kingdom,2011-09-28 15:31:00,2011-11-18 08:56:00,50.0
14435,United Kingdom,2010-07-26 12:33:00,2010-07-26 12:33:00,0.0
14436,United Kingdom,2010-06-04 11:32:00,2011-09-02 10:13:00,454.0
14437,United Kingdom,2010-05-05 12:20:00,2010-12-09 09:27:00,217.0
14438,United Kingdom,2011-02-06 14:56:00,2011-02-06 14:56:00,0.0
14439,Greece,2010-01-21 14:01:00,2011-01-24 11:39:00,367.0
14440,United Kingdom,2009-12-02 12:13:00,2011-12-01 15:42:00,729.0
14441,United Kingdom,2010-01-18 10:40:00,2011-12-09 09:07:00,689.0
14442,Channel Islands,2010-01-18 12:59:00,2011-05-19 11:36:00,485.0
14443,United Kingdom,2010-11-25 14:18:00,2011-10-17 10:10:00,325.0
14444,United Kingdom,2010-09-09 18:56:00,2010-09-09 18:56:00,0.0
14445,United Kingdom,2010-09-10 11:09:00,2010-09-10 11:09:00,0.0
14446,United Kingdom,2010-11-18 12:08:00,2011-12-09 11:34:00,385.0
14447,United Kingdom,2010-11-04 13:32:00,2011-11-21 08:28:00,381.0
14448,United Kingdom,2010-12-10 17:26:00,2011-11-30 13:50:00,354.0
14449,United Kingdom,2010-09-29 13:15:00,2011-11-21 12:06:00,417.0
14450,United Kingdom,2010-04-08 12:09:00,2011-06-12 10:46:00,429.0
14451,United Kingdom,2010-01-17 10:35:00,2011-10-10 13:38:00,631.0
14452,United Kingdom,2010-07-06 13:13:00,2011-11-29 12:06:00,510.0
14453,United Kingdom,2011-06-02 14:15:00,2011-06-02 14:15:00,0.0
14454,United Kingdom,2009-12-06 12:56:00,2010-11-28 13:26:00,357.0
14455,United Kingdom,2010-08-01 13:26:00,2010-10-03 15:48:00,63.0
14456,United Kingdom,2011-07-20 13:06:00,2011-12-04 13:59:00,137.0
14457,United Kingdom,2011-02-02 09:39:00,2011-02-02 09:39:00,0.0
14458,United Kingdom,2010-11-24 12:43:00,2010-11-24 12:43:00,0.0
14459,United Kingdom,2010-02-26 13:26:00,2011-07-07 13:35:00,496.0
14460,United Kingdom,2009-12-15 19:06:00,2011-08-21 14:19:00,613.0
14461,United Kingdom,2010-01-18 12:48:00,2011-07-14 17:11:00,542.0
14462,United Kingdom,2010-10-03 14:13:00,2011-10-04 15:55:00,366.0
14463,United Kingdom,2010-07-28 11:35:00,2011-09-02 15:20:00,401.0
14464,United Kingdom,2010-03-22 15:20:00,2010-05-20 18:00:00,59.0
14465,United Kingdom,2010-01-07 15:03:00,2011-04-07 12:38:00,454.0
14466,United Kingdom,2009-12-13 15:44:00,2011-11-10 14:07:00,696.0
14467,United Kingdom,2009-12-02 12:44:00,2011-11-22 12:48:00,720.0
14468,United Kingdom,2009-12-06 12:21:00,2009-12-06 12:21:00,0.0
14469,United Kingdom,2010-01-29 11:12:00,2010-10-19 14:30:00,263.0
14470,United Kingdom,2010-10-05 12:39:00,2011-11-28 10:31:00,418.0
14471,United Kingdom,2009-12-07 12:26:00,2010-04-27 17:12:00,141.0
14472,United Kingdom,2010-01-19 13:09:00,2011-08-28 11:01:00,585.0
14473,United Kingdom,2011-03-02 13:56:00,2011-09-26 15:10:00,208.0
14474,United Kingdom,2010-05-09 12:12:00,2011-10-24 13:26:00,533.0
14475,United Kingdom,2010-10-27 09:20:00,2011-09-29 10:46:00,337.0
14476,United Kingdom,2011-03-27 15:39:00,2011-03-27 15:39:00,0.0
14477,United Kingdom,2010-01-04 15:41:00,2011-11-20 11:11:00,684.0
14478,United Kingdom,2009-12-01 13:20:00,2010-11-22 15:29:00,356.0
14479,United Kingdom,2009-12-06 13:48:00,2011-03-31 09:07:00,479.0
14480,United Kingdom,2009-12-21 16:32:00,2011-11-28 16:35:00,707.0
14481,United Kingdom,2010-01-31 12:43:00,2011-06-28 10:38:00,512.0
14482,United Kingdom,2010-08-26 14:13:00,2011-11-21 13:14:00,451.0
14483,United Kingdom,2009-12-03 10:16:00,2011-03-03 10:26:00,455.0
14484,United Kingdom,2009-12-17 10:57:00,2011-10-20 14:11:00,672.0
14485,United Kingdom,2011-11-01 12:25:00,2011-11-01 12:25:00,0.0
14486,United Kingdom,2010-06-04 10:30:00,2010-07-16 09:42:00,41.0
14487,United Kingdom,2010-11-25 13:36:00,2011-11-13 12:17:00,352.0
14488,United Kingdom,2011-10-03 09:30:00,2011-10-03 09:30:00,0.0
14489,United Kingdom,2010-04-06 09:52:00,2011-05-16 14:51:00,405.0
14490,United Kingdom,2010-10-07 11:36:00,2010-10-29 15:04:00,22.0
14491,United Kingdom,2010-12-02 12:10:00,2011-06-17 15:22:00,197.0
14492,United Kingdom,2010-03-30 14:23:00,2010-10-05 13:21:00,188.0
14493,United Kingdom,2010-03-08 08:33:00,2011-12-02 16:14:00,634.0
14494,United Kingdom,2009-12-08 13:25:00,2011-11-14 09:21:00,705.0
14495,United Kingdom,2010-02-18 08:49:00,2011-10-20 12:28:00,609.0
14496,United Kingdom,2010-03-16 13:15:00,2011-02-01 09:01:00,321.0
14497,United Kingdom,2010-02-04 09:59:00,2011-02-03 17:01:00,364.0
14498,United Kingdom,2010-06-07 16:05:00,2011-10-28 12:09:00,507.0
14499,United Kingdom,2010-08-27 11:57:00,2011-11-13 13:01:00,443.0
14500,United Kingdom,2011-06-03 10:08:00,2011-09-12 16:45:00,101.0
14501,United Kingdom,2011-01-24 10:43:00,2011-06-09 12:02:00,136.0
14502,United Kingdom,2011-01-30 15:52:00,2011-11-20 11:50:00,293.0
14503,United Kingdom,2011-06-14 10:00:00,2011-12-06 13:30:00,175.0
14504,United Kingdom,2011-03-06 14:38:00,2011-10-23 16:00:00,231.0
14505,United Kingdom,2009-12-09 14:48:00,2011-11-22 15:45:00,713.0
14506,United Kingdom,2010-04-19 08:27:00,2011-11-22 13:02:00,582.0
14507,United Kingdom,2009-12-10 17:04:00,2011-11-16 12:21:00,705.0
14508,United Kingdom,2010-06-17 13:02:00,2011-11-17 19:48:00,518.0
14509,United Kingdom,2010-06-23 13:21:00,2010-06-23 13:21:00,0.0
14510,United Kingdom,2010-09-29 13:35:00,2010-11-29 12:46:00,60.0
14511,United Kingdom,2011-07-29 12:13:00,2011-11-28 17:05:00,122.0
14512,United Kingdom,2009-12-07 13:49:00,2011-06-05 12:39:00,544.0
14513,United Kingdom,2010-05-20 17:57:00,2011-08-31 11:25:00,467.0
14514,United Kingdom,2009-12-13 13:21:00,2011-10-09 16:05:00,665.0
14515,United Kingdom,2010-06-07 12:37:00,2011-11-22 11:37:00,532.0
14516,United Kingdom,2010-07-11 14:07:00,2010-07-11 14:07:00,0.0
14517,United Kingdom,2011-07-21 11:42:00,2011-11-06 14:20:00,108.0
14518,United Kingdom,2011-10-06 14:43:00,2011-10-06 14:43:00,0.0
14519,United Kingdom,2009-12-11 10:40:00,2010-01-25 11:18:00,45.0
14520,United Kingdom,2011-02-22 09:15:00,2011-12-08 09:46:00,289.0
14521,United Kingdom,2010-08-05 16:35:00,2010-08-05 16:35:00,0.0
14522,United Kingdom,2010-01-24 13:55:00,2011-11-15 13:24:00,659.0
14523,United Kingdom,2011-08-23 13:13:00,2011-08-23 13:13:00,0.0
14524,United Kingdom,2010-10-19 11:44:00,2011-11-08 12:29:00,385.0
14525,United Kingdom,2009-12-13 14:01:00,2011-11-20 11:37:00,706.0
14526,United Kingdom,2010-11-15 13:32:00,2010-11-15 13:32:00,0.0
14527,United Kingdom,2009-12-02 12:06:00,2011-12-07 12:19:00,735.0
14528,United Kingdom,2011-11-02 17:09:00,2011-11-02 17:09:00,0.0
14529,United Kingdom,2011-08-21 14:10:00,2011-10-10 15:27:00,50.0
14530,United Kingdom,2010-01-21 11:25:00,2011-11-14 10:38:00,661.0
14531,United Kingdom,2010-08-17 10:16:00,2010-08-17 10:16:00,0.0
14532,United Kingdom,2010-01-10 11:47:00,2011-04-17 13:05:00,462.0
14533,United Kingdom,2010-04-08 12:13:00,2011-11-15 12:05:00,585.0
14534,United Kingdom,2010-03-15 14:16:00,2011-12-07 12:19:00,631.0
14535,United Kingdom,2010-02-24 15:03:00,2011-10-10 15:39:00,593.0
14536,United Kingdom,2011-03-25 12:21:00,2011-03-25 12:21:00,0.0
14537,United Kingdom,2010-03-26 13:44:00,2011-10-13 10:54:00,565.0
14538,United Kingdom,2010-01-25 15:42:00,2011-10-06 10:31:00,618.0
14539,United Kingdom,2011-10-26 12:03:00,2011-11-24 09:50:00,28.0
14540,United Kingdom,2009-12-07 13:00:00,2011-11-30 10:15:00,722.0
14541,United Kingdom,2010-01-07 11:59:00,2011-10-12 10:08:00,642.0
14542,United Kingdom,2011-06-07 08:19:00,2011-06-07 08:19:00,0.0
14543,United Kingdom,2009-12-01 13:47:00,2011-11-11 12:45:00,709.0
14544,United Kingdom,2010-08-26 16:00:00,2011-11-15 15:06:00,445.0
14545,United Kingdom,2010-02-03 15:23:00,2010-02-03 15:23:00,0.0
14546,United Kingdom,2009-12-06 13:10:00,2011-12-04 13:00:00,727.0
14547,United Kingdom,2011-10-16 14:35:00,2011-12-06 11:06:00,50.0
14548,United Kingdom,2009-12-06 14:00:00,2011-07-12 12:19:00,582.0
14549,United Kingdom,2009-12-02 14:06:00,2011-02-01 13:47:00,425.0
14550,United Kingdom,2010-08-13 12:05:00,2011-11-29 12:12:00,473.0
14551,United Kingdom,2010-01-27 12:06:00,2011-11-21 13:36:00,663.0
14552,United Kingdom,2010-04-26 13:44:00,2011-07-11 12:49:00,440.0
14553,United Kingdom,2010-07-18 12:07:00,2011-11-20 13:20:00,490.0
14554,United Kingdom,2011-10-18 13:04:00,2011-11-29 16:44:00,42.0
14555,United Kingdom,2009-12-18 11:39:00,2011-10-13 16:24:00,664.0
14556,United Kingdom,2010-01-20 11:49:00,2010-04-22 14:57:00,92.0
14557,United Kingdom,2011-09-15 15:48:00,2011-09-15 15:48:00,0.0
14558,United Kingdom,2009-12-08 10:41:00,2010-02-23 12:51:00,77.0
14559,United Kingdom,2010-11-14 16:05:00,2010-11-14 16:05:00,0.0
14560,United Kingdom,2009-12-02 10:15:00,2011-12-02 15:22:00,730.0
14561,United Kingdom,2011-06-08 13:26:00,2011-09-25 12:39:00,108.0
14562,United Kingdom,2010-02-07 14:10:00,2011-12-06 11:05:00,666.0
14563,United Kingdom,2010-04-26 12:51:00,2010-07-18 12:01:00,82.0
14564,Channel Islands,2009-12-04 09:27:00,2010-10-01 09:02:00,300.0
14565,United Kingdom,2010-08-23 09:48:00,2011-09-05 09:07:00,377.0
14566,Channel Islands,2010-06-24 10:34:00,2011-08-21 11:05:00,423.0
14567,United Kingdom,2011-08-01 13:48:00,2011-10-14 10:21:00,73.0
14568,Channel Islands,2010-09-30 17:15:00,2010-09-30 17:15:00,0.0
14569,United Kingdom,2010-04-15 11:49:00,2011-12-08 14:58:00,602.0
14570,United Kingdom,2010-09-22 13:07:00,2011-03-04 10:58:00,162.0
14571,United Kingdom,2010-10-10 15:06:00,2010-10-10 15:06:00,0.0
14572,United Kingdom,2010-03-28 13:47:00,2011-12-06 14:40:00,618.0
14573,United Kingdom,2010-01-08 16:34:00,2011-06-13 11:15:00,520.0
14574,United Kingdom,2009-12-07 12:42:00,2009-12-07 12:42:00,0.0
14575,United Kingdom,2010-08-08 14:51:00,2010-08-08 14:51:00,0.0
14576,United Kingdom,2010-12-02 17:51:00,2010-12-02 17:51:00,0.0
14577,United Kingdom,2009-12-11 12:09:00,2011-11-27 12:47:00,716.0
14578,United Kingdom,2011-12-06 17:18:00,2011-12-06 17:18:00,0.0
14579,United Kingdom,2010-10-03 14:36:00,2010-10-03 14:36:00,0.0
14580,United Kingdom,2010-07-09 15:20:00,2010-07-09 15:20:00,0.0
14581,United Kingdom,2010-06-13 15:48:00,2011-11-23 12:39:00,527.0
14582,United Kingdom,2011-10-30 11:56:00,2011-10-30 11:56:00,0.0
14583,United Kingdom,2010-03-28 15:16:00,2011-12-04 12:32:00,615.0
14584,United Kingdom,2010-02-17 14:01:00,2011-06-23 18:33:00,491.0
14585,United Kingdom,2010-10-19 12:17:00,2011-10-20 14:33:00,366.0
14586,United Kingdom,2011-03-08 10:04:00,2011-03-08 10:04:00,0.0
14587,United Kingdom,2011-01-12 13:16:00,2011-11-21 11:34:00,312.0
14588,United Kingdom,2010-05-10 15:08:00,2010-05-10 15:08:00,0.0
14589,United Kingdom,2010-12-03 11:42:00,2010-12-03 11:42:00,0.0
14590,United Kingdom,2009-12-07 14:10:00,2010-10-11 12:06:00,307.0
14591,United Kingdom,2011-05-10 14:09:00,2011-11-24 13:57:00,197.0
14592,United Kingdom,2011-10-06 18:08:00,2011-11-04 16:35:00,28.0
14593,United Kingdom,2009-12-09 12:57:00,2011-11-18 12:48:00,708.0
14594,United Kingdom,2010-12-01 13:54:00,2011-12-02 13:28:00,365.0
14595,United Kingdom,2010-01-20 13:59:00,2011-11-20 12:12:00,668.0
14596,United Kingdom,2010-03-23 12:13:00,2010-03-23 12:13:00,0.0
14597,United Kingdom,2010-09-28 13:17:00,2011-11-28 13:13:00,425.0
14598,United Kingdom,2010-05-19 13:07:00,2011-10-26 13:19:00,525.0
14599,United Kingdom,2010-07-18 15:54:00,2010-11-14 14:49:00,118.0
14600,United Kingdom,2010-11-11 15:56:00,2011-02-07 09:48:00,87.0
14601,United Kingdom,2011-11-29 09:48:00,2011-11-29 09:48:00,0.0
14602,United Kingdom,2010-02-21 15:47:00,2010-02-21 15:47:00,0.0
14603,United Kingdom,2011-03-10 10:27:00,2011-03-10 10:27:00,0.0
14604,United Kingdom,2010-03-16 13:00:00,2010-03-16 13:00:00,0.0
14605,United Kingdom,2009-12-08 13:59:00,2010-11-30 14:07:00,357.0
14606,United Kingdom,2009-12-03 12:40:00,2011-12-08 19:28:00,735.0
14607,United Kingdom,2009-12-15 11:25:00,2011-11-24 10:35:00,708.0
14608,United Kingdom,2009-12-06 12:34:00,2011-12-05 16:52:00,729.0
14609,United Kingdom,2010-02-09 09:48:00,2011-09-28 12:54:00,596.0
14610,United Kingdom,2010-07-13 16:06:00,2010-11-09 10:58:00,118.0
14611,United Kingdom,2010-04-20 10:19:00,2010-09-22 09:19:00,154.0
14612,United Kingdom,2010-10-20 16:01:00,2010-10-20 16:01:00,0.0
14613,United Kingdom,2010-01-28 13:02:00,2010-01-28 13:02:00,0.0
14614,United Kingdom,2010-11-18 13:04:00,2010-11-18 13:04:00,0.0
14615,United Kingdom,2010-06-09 13:59:00,2010-11-10 13:36:00,153.0
14616,United Kingdom,2010-06-09 09:42:00,2011-04-11 09:54:00,306.0
14617,United Kingdom,2010-10-20 10:40:00,2010-11-02 11:41:00,13.0
14618,United Kingdom,2010-06-11 10:11:00,2011-11-30 13:45:00,537.0
14619,United Kingdom,2010-06-16 14:41:00,2011-04-08 07:37:00,295.0
14620,United Kingdom,2011-03-01 08:30:00,2011-05-18 11:58:00,78.0
14621,United Kingdom,2010-01-25 09:08:00,2011-12-08 16:22:00,682.0
14622,United Kingdom,2011-06-08 12:42:00,2011-06-08 12:42:00,0.0
14623,United Kingdom,2010-04-16 17:12:00,2011-11-07 13:56:00,569.0
14624,United Kingdom,2010-04-14 10:44:00,2011-10-13 13:44:00,547.0
14625,United Kingdom,2009-12-16 13:23:00,2011-05-27 15:32:00,527.0
14626,United Kingdom,2009-12-10 14:57:00,2011-11-16 10:37:00,705.0
14627,United Kingdom,2010-11-25 16:32:00,2010-11-25 16:32:00,0.0
14628,United Kingdom,2010-01-25 14:40:00,2011-09-09 14:58:00,592.0
14629,United Kingdom,2011-10-23 16:13:00,2011-12-05 16:55:00,43.0
14630,United Kingdom,2010-08-12 16:38:00,2010-08-12 16:38:00,0.0
14631,United Kingdom,2010-08-09 14:45:00,2011-10-20 11:17:00,436.0
14632,United Kingdom,2011-03-22 08:49:00,2011-03-22 08:49:00,0.0
14633,United Kingdom,2011-03-18 17:07:00,2011-03-18 17:07:00,0.0
14634,United Kingdom,2010-06-16 09:48:00,2010-09-28 10:40:00,104.0
14635,United Kingdom,2010-09-12 10:47:00,2010-09-12 10:47:00,0.0
14636,United Kingdom,2011-03-16 09:52:00,2011-11-03 16:12:00,232.0
14637,United Kingdom,2010-01-31 15:52:00,2010-01-31 15:52:00,0.0
14638,United Kingdom,2011-10-20 10:10:00,2011-10-20 10:10:00,0.0
14639,United Kingdom,2010-02-16 12:35:00,2011-10-18 15:06:00,609.0
14640,United Kingdom,2010-01-22 15:44:00,2011-11-15 13:07:00,661.0
14641,United Kingdom,2011-11-18 10:42:00,2011-11-18 10:42:00,0.0
14642,United Kingdom,2011-10-12 11:08:00,2011-10-12 11:08:00,0.0
14643,United Kingdom,2009-12-11 11:52:00,2011-06-22 14:41:00,558.0
14644,United Kingdom,2009-12-03 16:24:00,2011-10-03 08:30:00,668.0
14645,United Kingdom,2010-03-15 11:33:00,2011-07-06 09:15:00,477.0
14646,Netherlands,2009-12-02 16:52:00,2011-12-08 12:12:00,735.0
14647,United Kingdom,2010-07-04 13:27:00,2011-05-22 13:40:00,322.0
14648,United Kingdom,2009-12-10 13:59:00,2010-10-19 13:12:00,312.0
14649,United Kingdom,2010-01-20 13:10:00,2011-12-05 12:30:00,683.0
14650,United Kingdom,2010-04-29 20:27:00,2010-04-29 20:27:00,0.0
14651,United Kingdom,2010-03-18 11:39:00,2011-10-03 15:52:00,564.0
14652,United Kingdom,2011-09-23 14:21:00,2011-09-23 14:21:00,0.0
14653,United Kingdom,2009-12-02 11:51:00,2011-12-08 13:45:00,736.0
14654,United Kingdom,2009-12-01 12:57:00,2009-12-01 12:57:00,0.0
14655,United Kingdom,2010-04-22 14:29:00,2011-12-01 16:28:00,588.0
14656,United Kingdom,2010-04-15 12:10:00,2011-06-23 13:51:00,434.0
14657,United Kingdom,2010-09-30 19:57:00,2011-11-22 12:47:00,417.0
14658,United Kingdom,2011-08-14 15:42:00,2011-12-04 15:35:00,111.0
14659,United Kingdom,2011-01-28 12:43:00,2011-12-01 12:17:00,306.0
14660,United Kingdom,2011-08-31 10:40:00,2011-09-14 11:34:00,14.0
14661,United Kingdom,2011-11-13 11:51:00,2011-11-13 11:51:00,0.0
14662,United Kingdom,2009-12-03 16:47:00,2011-11-11 12:13:00,707.0
14663,United Kingdom,2010-10-05 13:12:00,2010-10-05 13:21:00,0.0
14664,United Kingdom,2011-11-06 14:56:00,2011-11-20 10:59:00,13.0
14665,United Kingdom,2010-04-26 11:17:00,2011-10-10 09:14:00,531.0
14666,United Kingdom,2011-11-15 12:57:00,2011-11-15 12:57:00,0.0
14667,United Kingdom,2009-12-02 12:38:00,2011-11-29 11:30:00,726.0
14668,United Kingdom,2010-09-20 15:03:00,2010-09-20 15:03:00,0.0
14669,United Kingdom,2009-12-02 13:06:00,2011-04-12 11:43:00,495.0
14670,United Kingdom,2009-12-07 13:59:00,2011-03-04 14:13:00,452.0
14671,United Kingdom,2010-05-20 18:21:00,2010-06-08 13:39:00,18.0
14672,United Kingdom,2010-01-28 11:33:00,2011-04-19 10:19:00,445.0
14673,United Kingdom,2010-10-26 10:14:00,2011-12-06 14:31:00,406.0
14674,United Kingdom,2010-07-18 14:25:00,2010-07-18 14:25:00,0.0
14675,United Kingdom,2010-11-16 12:22:00,2011-11-23 12:58:00,372.0
14676,United Kingdom,2010-03-10 09:30:00,2011-11-08 13:29:00,608.0
14677,United Kingdom,2010-04-26 09:48:00,2010-04-26 09:48:00,0.0
14678,United Kingdom,2010-05-09 14:32:00,2010-05-09 14:32:00,0.0
14679,United Kingdom,2009-12-08 17:13:00,2010-11-23 11:51:00,349.0
14680,United Kingdom,2009-12-04 12:36:00,2011-11-14 16:59:00,710.0
14681,United Kingdom,2010-02-24 08:54:00,2011-09-29 15:52:00,582.0
14682,United Kingdom,2010-02-05 14:47:00,2011-06-05 12:12:00,484.0
14683,United Kingdom,2010-04-30 17:18:00,2010-04-30 17:18:00,0.0
14684,United Kingdom,2010-11-14 14:07:00,2011-11-14 11:33:00,364.0
14685,United Kingdom,2009-12-13 11:32:00,2010-05-12 13:08:00,150.0
14686,United Kingdom,2010-02-18 18:29:00,2010-10-21 18:31:00,245.0
14687,United Kingdom,2010-06-06 10:36:00,2011-08-25 11:59:00,445.0
14688,United Kingdom,2010-09-09 12:35:00,2011-12-02 12:26:00,448.0
14689,United Kingdom,2011-05-15 11:22:00,2011-05-15 11:22:00,0.0
14690,United Kingdom,2010-10-25 12:20:00,2011-10-26 15:39:00,366.0
14691,United Kingdom,2011-05-11 09:55:00,2011-11-09 12:30:00,182.0
14692,United Kingdom,2010-04-01 14:04:00,2011-07-25 15:08:00,480.0
14693,United Kingdom,2010-07-02 08:28:00,2011-03-20 12:50:00,261.0
14694,United Kingdom,2010-04-01 19:46:00,2010-04-01 19:46:00,0.0
14695,United Kingdom,2009-12-07 11:05:00,2010-07-08 14:18:00,213.0
14696,United Kingdom,2010-10-14 11:43:00,2011-12-05 13:43:00,417.0
14697,United Kingdom,2011-05-05 15:29:00,2011-05-05 15:39:00,0.0
14698,United Kingdom,2011-10-19 12:54:00,2011-12-08 12:26:00,49.0
14699,United Kingdom,2010-07-02 12:04:00,2011-05-09 14:54:00,311.0
14700,United Kingdom,2010-08-11 12:19:00,2011-11-07 14:40:00,453.0
14701,United Kingdom,2010-01-24 12:15:00,2011-11-29 12:38:00,674.0
14702,United Kingdom,2009-12-10 20:22:00,2011-12-08 19:29:00,727.0
14703,United Kingdom,2011-11-25 09:23:00,2011-11-25 09:23:00,0.0
14704,United Kingdom,2010-03-25 17:21:00,2011-11-28 12:51:00,612.0
14705,United Kingdom,2011-05-25 12:39:00,2011-05-25 12:39:00,0.0
14706,United Kingdom,2010-03-31 11:09:00,2010-03-31 11:09:00,0.0
14707,United Kingdom,2010-05-12 11:07:00,2010-09-30 11:37:00,141.0
14708,United Kingdom,2010-09-10 10:26:00,2011-12-07 08:21:00,452.0
14709,United Kingdom,2009-12-05 15:26:00,2011-11-24 15:41:00,719.0
14710,United Kingdom,2009-12-03 17:12:00,2011-11-25 14:53:00,721.0
14711,United Kingdom,2011-03-22 13:32:00,2011-11-29 14:58:00,252.0
14712,United Kingdom,2010-10-17 14:49:00,2011-11-10 12:59:00,388.0
14713,United Kingdom,2009-12-03 19:22:00,2011-11-30 16:26:00,726.0
14714,United Kingdom,2010-01-21 11:51:00,2011-11-15 13:07:00,663.0
14715,United Kingdom,2010-01-19 12:18:00,2011-11-15 12:10:00,664.0
14716,United Kingdom,2010-09-21 12:07:00,2011-10-27 17:29:00,401.0
14717,United Kingdom,2009-12-06 13:05:00,2009-12-06 13:05:00,0.0
14718,United Kingdom,2010-10-25 13:07:00,2010-10-25 13:07:00,0.0
14719,United Kingdom,2011-04-04 14:17:00,2011-12-08 12:43:00,247.0
14720,United Kingdom,2011-08-05 12:06:00,2011-12-04 12:02:00,120.0
14721,United Kingdom,2010-11-25 13:08:00,2010-11-25 13:08:00,0.0
14722,United Kingdom,2010-08-10 13:28:00,2011-07-15 14:58:00,339.0
14723,United Kingdom,2009-12-04 11:22:00,2011-11-29 15:23:00,725.0
14724,United Kingdom,2010-04-28 13:26:00,2010-04-28 13:26:00,0.0
14725,United Kingdom,2010-06-23 11:34:00,2011-11-15 12:42:00,510.0
14726,United Kingdom,2010-02-23 12:35:00,2010-02-23 12:35:00,0.0
14727,United Kingdom,2010-06-11 13:23:00,2011-03-10 14:45:00,272.0
14728,United Kingdom,2010-10-22 15:57:00,2010-10-22 15:57:00,0.0
14729,United Kingdom,2010-03-24 13:30:00,2010-12-01 12:43:00,251.0
14730,United Kingdom,2011-03-08 12:49:00,2011-12-08 14:39:00,275.0
14731,United Kingdom,2011-05-11 13:06:00,2011-10-23 15:54:00,165.0
14732,United Kingdom,2009-12-09 10:48:00,2011-12-01 14:34:00,722.0
14733,United Kingdom,2010-11-02 15:42:00,2011-11-23 15:39:00,385.0
14734,United Kingdom,2010-06-06 15:15:00,2010-10-10 12:04:00,125.0
14735,United Kingdom,2009-12-04 11:32:00,2011-12-06 12:09:00,732.0
14736,United Kingdom,2010-08-11 15:13:00,2010-08-11 15:21:00,0.0
14737,United Kingdom,2010-11-04 11:29:00,2011-12-06 10:16:00,396.0
14738,United Kingdom,2009-12-07 10:21:00,2011-10-28 08:56:00,689.0
14739,United Kingdom,2009-12-02 13:23:00,2011-12-05 16:54:00,733.0
14740,United Kingdom,2010-02-25 11:40:00,2011-05-26 18:17:00,455.0
14741,United Kingdom,2010-10-18 09:33:00,2011-11-28 08:48:00,405.0
14742,United Kingdom,2010-09-30 14:07:00,2010-09-30 14:07:00,0.0
14743,United Kingdom,2010-04-26 10:26:00,2010-04-26 10:26:00,0.0
14744,United Kingdom,2010-05-18 14:06:00,2011-11-23 12:51:00,553.0
14745,United Kingdom,2010-03-12 10:33:00,2011-08-19 10:05:00,524.0
14746,United Kingdom,2010-10-12 11:06:00,2010-10-29 14:44:00,17.0
14747,United Kingdom,2011-04-04 14:09:00,2011-04-04 14:09:00,0.0
14748,United Kingdom,2010-03-04 17:08:00,2011-11-10 18:33:00,616.0
14749,United Kingdom,2010-08-17 12:36:00,2010-08-17 12:36:00,0.0
14750,United Kingdom,2009-12-03 17:57:00,2009-12-03 17:57:00,0.0
14751,United Kingdom,2009-12-13 14:08:00,2010-01-24 13:37:00,41.0
14752,United Kingdom,2011-10-27 11:55:00,2011-10-27 11:55:00,0.0
14753,United Kingdom,2010-09-05 11:04:00,2011-09-13 14:50:00,373.0
14754,United Kingdom,2010-01-18 11:04:00,2011-10-26 12:01:00,646.0
14755,United Kingdom,2009-12-03 16:51:00,2011-11-30 11:24:00,726.0
14756,United Kingdom,2010-10-11 11:50:00,2011-11-24 18:13:00,409.0
14757,United Kingdom,2011-09-25 14:36:00,2011-09-25 14:36:00,0.0
14758,United Kingdom,2010-04-08 08:27:00,2011-07-18 08:21:00,465.0
14759,United Kingdom,2011-04-21 10:55:00,2011-12-05 12:03:00,228.0
14760,United Kingdom,2011-02-15 16:27:00,2011-02-15 16:27:00,0.0
14761,United Kingdom,2010-09-21 14:22:00,2011-10-12 12:10:00,385.0
14762,United Kingdom,2010-03-23 15:36:00,2011-03-21 08:20:00,362.0
14763,United Kingdom,,,
14764,United Kingdom,2011-10-24 11:54:00,2011-10-24 11:54:00,0.0
14765,United Kingdom,2011-06-16 19:49:00,2011-11-10 19:53:00,147.0
14766,United Kingdom,2010-06-06 11:11:00,2011-12-01 16:05:00,543.0
14767,United Kingdom,2010-08-22 14:54:00,2010-08-22 14:54:00,0.0
14768,United Kingdom,2011-08-04 13:25:00,2011-11-22 12:54:00,109.0
14769,United Kingdom,2009-12-16 09:17:00,2011-12-07 10:24:00,721.0
14770,United Kingdom,2010-02-25 18:58:00,2011-04-21 14:21:00,419.0
14771,United Kingdom,2009-12-03 09:44:00,2010-03-28 12:52:00,115.0
14772,United Kingdom,2011-08-19 15:04:00,2011-08-19 15:04:00,0.0
14773,United Kingdom,2010-04-26 10:29:00,2010-04-26 10:29:00,0.0
14774,United Kingdom,2010-06-29 12:26:00,2010-06-29 12:26:00,0.0
14775,United Kingdom,2010-12-02 16:38:00,2011-10-12 15:27:00,313.0
14776,United Kingdom,2010-09-19 14:12:00,2011-10-19 15:34:00,395.0
14777,United Kingdom,2010-11-01 12:50:00,2010-11-01 12:50:00,0.0
14778,United Kingdom,2011-02-04 11:43:00,2011-08-04 15:23:00,181.0
14779,United Kingdom,2011-01-20 12:04:00,2011-03-04 12:42:00,43.0
14780,United Kingdom,2011-09-21 15:15:00,2011-10-16 12:46:00,24.0
14781,United Kingdom,,,
14782,United Kingdom,2011-01-24 11:12:00,2011-01-24 11:12:00,0.0
14783,United Kingdom,2010-02-18 16:16:00,2010-02-18 16:16:00,0.0
14784,United Kingdom,2010-11-15 09:49:00,2011-11-13 13:30:00,363.0
14785,United Kingdom,2011-11-24 13:40:00,2011-11-29 13:21:00,4.0
14786,United Kingdom,2010-06-07 13:42:00,2010-06-07 13:42:00,0.0
14787,United Kingdom,2010-08-25 14:38:00,2010-08-25 14:38:00,0.0
14788,United Kingdom,2010-04-22 18:16:00,2011-12-02 17:06:00,588.0
14789,United Kingdom,2011-11-11 08:59:00,2011-11-11 08:59:00,0.0
14790,United Kingdom,2009-12-11 14:37:00,2011-11-23 09:28:00,711.0
14791,United Kingdom,2010-04-12 10:24:00,2010-04-12 10:24:00,0.0
14792,United Kingdom,2011-10-07 09:19:00,2011-10-07 09:19:00,0.0
14793,United Kingdom,2010-06-22 16:54:00,2011-11-18 14:50:00,513.0
14794,United Kingdom,2010-08-09 15:44:00,2011-12-07 10:11:00,484.0
14795,United Kingdom,2011-06-26 13:04:00,2011-06-26 13:04:00,0.0
14796,United Kingdom,2009-12-14 15:06:00,2011-12-08 15:31:00,724.0
14797,United Kingdom,2010-07-20 14:07:00,2010-07-20 14:07:00,0.0
14798,United Kingdom,2010-03-01 08:38:00,2011-10-18 10:58:00,596.0
14799,United Kingdom,2009-12-02 11:18:00,2011-10-19 16:16:00,686.0
14800,United Kingdom,2010-09-30 14:38:00,2011-10-23 12:46:00,387.0
14801,United Kingdom,2011-10-09 15:24:00,2011-10-09 15:24:00,0.0
14802,United Kingdom,2010-09-27 16:32:00,2010-09-27 16:34:00,0.0
14803,United Kingdom,2011-02-20 13:21:00,2011-06-30 13:58:00,130.0
14804,United Kingdom,2011-12-01 11:20:00,2011-12-01 11:20:00,0.0
14805,United Kingdom,2010-03-28 12:34:00,2011-11-24 16:20:00,606.0
14806,United Kingdom,2010-09-26 15:50:00,2011-09-25 15:32:00,363.0
14807,United Kingdom,2010-02-28 11:33:00,2010-11-14 12:47:00,259.0
14808,United Kingdom,2011-06-20 12:53:00,2011-10-31 12:21:00,132.0
14809,United Kingdom,2010-03-28 15:42:00,2010-03-28 15:44:00,0.0
14810,United Kingdom,2010-10-06 13:12:00,2011-10-30 11:19:00,388.0
14811,United Kingdom,2010-11-17 13:09:00,2010-11-17 13:09:00,0.0
14812,United Kingdom,2010-04-20 12:13:00,2010-04-20 12:13:00,0.0
14813,United Kingdom,2010-04-08 11:49:00,2010-12-05 11:57:00,241.0
14814,United Kingdom,2010-05-07 14:10:00,2010-05-07 14:10:00,0.0
14815,United Kingdom,2011-10-03 11:36:00,2011-11-03 11:36:00,31.0
14816,United Kingdom,2011-05-26 13:16:00,2011-05-26 13:16:00,0.0
14817,United Kingdom,2010-03-22 12:10:00,2011-05-23 13:35:00,427.0
14818,United Kingdom,2010-03-02 12:48:00,2011-09-27 11:01:00,573.0
14819,United Kingdom,2009-12-21 15:54:00,2011-10-06 13:41:00,653.0
14820,United Kingdom,2010-01-31 12:49:00,2011-11-18 15:41:00,656.0
14821,United Kingdom,2010-02-01 13:33:00,2010-12-08 08:43:00,309.0
14822,United Kingdom,2010-08-11 12:52:00,2010-08-11 12:52:00,0.0
14823,United Kingdom,2011-05-29 12:48:00,2011-06-12 13:12:00,14.0
14824,United Kingdom,2010-03-12 13:07:00,2011-11-29 14:20:00,627.0
14825,United Kingdom,2010-04-06 14:14:00,2011-12-06 11:38:00,608.0
14826,United Kingdom,2010-01-13 13:08:00,2010-05-07 09:00:00,113.0
14828,United Kingdom,2009-12-07 11:19:00,2011-05-27 10:16:00,535.0
14829,United Kingdom,2010-09-29 13:14:00,2011-11-10 16:16:00,407.0
14830,United Kingdom,2011-10-17 14:29:00,2011-10-17 14:29:00,0.0
14831,United Kingdom,2009-12-02 09:21:00,2010-01-28 14:31:00,57.0
14832,United Kingdom,2010-03-19 15:14:00,2010-03-19 15:14:00,0.0
14833,United Kingdom,2010-07-29 10:06:00,2010-07-29 10:06:00,0.0
14834,United Kingdom,2010-10-28 17:37:00,2011-11-22 10:30:00,389.0
14835,United Kingdom,2010-04-01 19:34:00,2010-06-29 10:08:00,88.0
14836,United Kingdom,2011-11-09 13:26:00,2011-11-29 16:45:00,20.0
14837,United Kingdom,2010-01-24 10:20:00,2011-09-11 10:58:00,595.0
14838,United Kingdom,2009-12-03 09:52:00,2010-10-12 15:46:00,313.0
14839,United Kingdom,2010-01-04 16:29:00,2010-10-17 13:01:00,285.0
14840,United Kingdom,2010-06-18 15:42:00,2011-03-17 12:00:00,271.0
14841,United Kingdom,2009-12-02 16:49:00,2011-10-17 15:03:00,683.0
14842,United Kingdom,2011-02-04 15:32:00,2011-10-27 12:37:00,264.0
14843,United Kingdom,2010-09-29 12:39:00,2010-09-29 12:39:00,0.0
14844,United Kingdom,2010-04-12 12:50:00,2011-10-07 10:41:00,542.0
14845,United Kingdom,2010-04-19 10:19:00,2010-04-19 10:19:00,0.0
14846,United Kingdom,2010-10-08 17:07:00,2010-10-08 17:07:00,0.0
14847,United Kingdom,2010-05-24 12:29:00,2011-07-14 10:52:00,415.0
14848,United Kingdom,2010-10-31 12:22:00,2010-10-31 12:22:00,0.0
14849,United Kingdom,2010-01-10 11:40:00,2011-11-18 10:58:00,676.0
14850,United Kingdom,2010-05-20 13:28:00,2011-02-01 11:21:00,256.0
14851,United Kingdom,2010-03-19 11:52:00,2011-11-16 14:20:00,607.0
14852,United Kingdom,2010-03-05 14:51:00,2011-10-12 13:20:00,585.0
14853,United Kingdom,2010-04-13 09:26:00,2011-11-15 16:56:00,581.0
14854,United Kingdom,2010-01-22 09:48:00,2011-09-22 17:00:00,608.0
14855,United Kingdom,2010-04-08 10:30:00,2011-08-12 14:02:00,491.0
14856,United Kingdom,2011-10-14 09:35:00,2011-11-03 14:53:00,20.0
14857,United Kingdom,2010-03-15 11:00:00,2011-10-11 09:23:00,574.0
14858,United Kingdom,2010-07-22 10:51:00,2010-07-22 10:51:00,0.0
14859,United Kingdom,2010-06-03 10:26:00,2011-11-27 11:18:00,542.0
14860,United Kingdom,2011-11-20 14:17:00,2011-11-20 14:17:00,0.0
14861,United Kingdom,2009-12-08 12:12:00,2011-10-18 12:54:00,679.0
14862,United Kingdom,2011-07-14 11:20:00,2011-11-14 10:01:00,122.0
14863,United Kingdom,2011-11-10 15:04:00,2011-11-10 15:04:00,0.0
14864,United Kingdom,,,
14865,United Kingdom,2009-12-01 16:05:00,2011-12-02 16:25:00,731.0
14866,United Kingdom,2010-08-26 11:54:00,2011-11-29 11:45:00,459.0
14867,United Kingdom,2009-12-05 15:47:00,2011-06-07 11:39:00,548.0
14868,United Kingdom,2010-10-15 14:52:00,2011-12-06 14:49:00,416.0
14869,United Kingdom,2009-12-16 11:43:00,2011-12-01 12:36:00,715.0
14870,United Kingdom,2010-01-25 09:05:00,2011-03-23 10:51:00,422.0
14871,United Kingdom,2009-12-01 11:57:00,2011-12-06 13:42:00,735.0
14872,United Kingdom,2010-03-16 14:41:00,2010-08-13 12:34:00,149.0
14873,United Kingdom,2010-03-16 10:51:00,2011-05-13 13:52:00,423.0
14874,United Kingdom,2010-06-22 14:58:00,2010-06-22 14:58:00,0.0
14875,United Kingdom,2010-09-24 10:28:00,2011-08-24 12:20:00,334.0
14876,United Kingdom,2010-05-27 13:49:00,2010-07-06 14:57:00,40.0
14877,United Kingdom,2010-03-07 12:25:00,2010-10-17 13:09:00,224.0
14878,United Kingdom,2010-02-21 11:14:00,2011-11-27 11:15:00,644.0
14879,United Kingdom,2010-01-24 11:35:00,2010-01-24 11:35:00,0.0
14880,United Kingdom,2011-02-24 12:27:00,2011-09-23 13:42:00,211.0
14881,United Kingdom,2011-11-20 11:06:00,2011-11-20 11:06:00,0.0
14882,United Kingdom,2010-03-30 15:02:00,2011-11-13 12:47:00,592.0
14883,United Kingdom,2011-05-12 09:49:00,2011-11-21 10:23:00,193.0
14884,United Kingdom,2010-02-08 12:56:00,2010-02-08 12:56:00,0.0
14885,United Kingdom,2010-08-31 10:11:00,2011-07-31 12:05:00,334.0
14886,United Kingdom,2011-04-01 08:56:00,2011-04-01 08:56:00,0.0
14887,United Kingdom,2011-09-21 15:32:00,2011-09-21 15:32:00,0.0
14888,United Kingdom,2011-05-16 14:58:00,2011-05-16 14:58:00,0.0
14889,United Kingdom,2011-01-07 15:19:00,2011-01-07 15:19:00,0.0
14890,United Kingdom,2010-02-18 09:00:00,2011-03-31 11:57:00,406.0
14891,United Kingdom,2010-09-29 12:41:00,2011-07-14 18:08:00,288.0
14892,United Kingdom,2010-01-18 08:58:00,2010-01-18 08:58:00,0.0
14893,United Kingdom,2010-04-01 09:03:00,2011-11-30 12:31:00,608.0
14894,United Kingdom,2009-12-02 10:42:00,2011-09-15 13:51:00,652.0
14895,United Kingdom,2009-12-10 14:22:00,2011-12-02 09:23:00,721.0
14896,United Kingdom,2009-12-06 12:42:00,2011-05-19 10:20:00,528.0
14897,United Kingdom,2009-12-15 17:05:00,2011-12-02 10:32:00,716.0
14898,United Kingdom,2009-12-03 16:40:00,2011-11-16 14:54:00,712.0
14899,United Kingdom,2010-11-09 15:20:00,2010-11-09 15:20:00,0.0
14900,United Kingdom,2010-07-05 15:09:00,2010-07-05 15:09:00,0.0
14901,United Kingdom,2010-07-29 11:11:00,2011-11-28 17:09:00,487.0
14902,United Kingdom,2010-06-04 12:35:00,2011-11-14 10:34:00,527.0
14903,United Kingdom,2011-03-06 11:50:00,2011-11-18 16:07:00,257.0
14904,United Kingdom,2010-10-08 12:48:00,2011-12-07 12:55:00,425.0
14905,United Kingdom,2009-12-03 14:36:00,2011-07-05 12:41:00,578.0
14906,United Kingdom,2010-09-20 16:30:00,2010-09-20 16:30:00,0.0
14907,United Kingdom,2010-04-16 13:40:00,2011-12-06 14:14:00,599.0
14908,United Kingdom,2010-09-02 16:39:00,2011-09-26 12:56:00,388.0
14909,United Kingdom,2010-02-14 15:47:00,2010-09-28 16:56:00,226.0
14910,United Kingdom,2011-10-16 11:06:00,2011-12-07 10:06:00,51.0
14911,EIRE,2009-12-01 11:41:00,2011-12-08 15:54:00,737.0
14912,Italy,2010-01-26 16:29:00,2011-11-23 09:20:00,665.0
14913,United Kingdom,2010-08-11 08:40:00,2011-11-04 08:29:00,449.0
14914,United Kingdom,,,
14915,United Kingdom,2009-12-03 10:17:00,2011-09-09 13:34:00,645.0
14916,United Kingdom,2010-04-01 10:57:00,2011-09-30 09:20:00,546.0
14917,United Kingdom,2010-04-22 09:44:00,2010-04-22 11:28:00,0.0
14918,United Kingdom,2010-04-08 11:18:00,2011-08-16 11:50:00,495.0
14919,United Kingdom,2010-06-18 13:06:00,2010-06-18 13:06:00,0.0
14920,United Kingdom,2010-05-23 15:25:00,2011-05-11 10:32:00,352.0
14921,United Kingdom,2011-05-22 12:51:00,2011-11-09 13:17:00,171.0
14922,United Kingdom,2010-07-20 09:45:00,2010-11-11 11:14:00,114.0
14923,United Kingdom,2011-10-20 11:51:00,2011-10-20 11:51:00,0.0
14924,United Kingdom,2010-03-10 12:51:00,2011-04-08 09:25:00,393.0
14925,United Kingdom,,,
14926,United Kingdom,2010-04-20 09:59:00,2010-11-23 07:13:00,216.0
14927,United Kingdom,2010-11-08 12:30:00,2010-11-08 12:30:00,0.0
14928,United Kingdom,2010-03-22 09:14:00,2010-03-22 09:14:00,0.0
14929,United Kingdom,2010-10-14 12:22:00,2011-11-07 17:21:00,389.0
14930,Channel Islands,2010-04-12 11:22:00,2011-08-23 10:31:00,497.0
14931,Channel Islands,2011-04-13 09:32:00,2011-12-05 10:19:00,236.0
14932,Channel Islands,2010-11-19 09:16:00,2010-12-09 11:48:00,20.0
14933,Channel Islands,2010-09-21 17:29:00,2010-09-22 10:47:00,0.0
14934,Channel Islands,2010-09-24 12:08:00,2011-09-19 10:10:00,359.0
14935,Channel Islands,2010-03-30 11:48:00,2011-02-15 14:44:00,322.0
14936,Channel Islands,2010-05-05 12:26:00,2011-11-06 10:30:00,549.0
14937,Channel Islands,2011-08-01 14:16:00,2011-10-14 12:29:00,73.0
14938,Channel Islands,2010-05-26 13:35:00,2010-05-26 13:38:00,0.0
14939,Channel Islands,,,
14940,United Kingdom,2009-12-06 15:46:00,2010-10-18 10:47:00,315.0
14941,United Kingdom,2010-05-10 11:30:00,2010-05-10 11:30:00,0.0
14942,United Kingdom,2009-12-10 10:32:00,2010-11-03 10:51:00,328.0
14943,United Kingdom,2010-02-14 16:04:00,2010-02-14 16:04:00,0.0
14944,United Kingdom,2010-02-17 08:47:00,2011-11-10 09:10:00,631.0
14945,United Kingdom,2010-10-22 11:26:00,2010-10-22 11:26:00,0.0
14946,United Kingdom,2011-11-25 13:33:00,2011-11-25 13:33:00,0.0
14947,United Kingdom,2010-03-25 11:29:00,2011-09-28 15:48:00,552.0
14948,United Kingdom,2011-05-04 14:52:00,2011-11-16 17:16:00,196.0
14949,United Kingdom,2009-12-18 15:28:00,2010-08-27 15:38:00,252.0
14950,United Kingdom,2011-11-20 13:48:00,2011-11-20 13:48:00,0.0
14951,United Kingdom,2011-09-21 15:15:00,2011-09-21 15:15:00,0.0
14952,United Kingdom,2009-12-03 15:34:00,2011-10-11 10:33:00,676.0
14953,United Kingdom,2010-09-30 12:16:00,2011-11-14 14:59:00,410.0
14954,United Kingdom,2010-01-05 16:38:00,2011-11-27 14:30:00,690.0
14955,United Kingdom,2009-12-07 11:35:00,2009-12-07 11:35:00,0.0
14956,United Kingdom,2010-10-14 16:40:00,2010-10-14 16:40:00,0.0
14957,United Kingdom,2010-03-05 10:50:00,2011-03-31 17:59:00,391.0
14958,United Kingdom,2009-12-03 16:02:00,2011-07-15 14:20:00,588.0
14959,United Kingdom,2011-02-16 13:00:00,2011-10-06 18:23:00,232.0
14960,United Kingdom,2011-06-21 13:38:00,2011-12-01 12:54:00,162.0
14961,United Kingdom,2009-12-04 11:32:00,2011-11-29 09:42:00,724.0
14962,United Kingdom,2010-05-04 14:57:00,2011-03-14 09:42:00,313.0
14963,United Kingdom,2010-07-02 12:43:00,2011-11-30 12:16:00,515.0
14964,United Kingdom,2011-04-06 14:13:00,2011-04-06 14:13:00,0.0
14965,United Kingdom,2011-09-04 13:15:00,2011-09-04 13:20:00,0.0
14966,United Kingdom,2009-12-15 13:48:00,2011-11-25 12:20:00,709.0
14967,United Kingdom,2009-12-03 14:07:00,2011-10-21 11:06:00,686.0
14968,United Kingdom,2010-09-07 13:28:00,2011-11-09 13:58:00,428.0
14969,United Kingdom,2010-01-05 12:43:00,2010-01-05 12:43:00,0.0
14970,United Kingdom,2010-02-14 13:37:00,2011-10-02 13:44:00,595.0
14971,United Kingdom,2011-10-27 13:33:00,2011-11-04 17:07:00,8.0
14972,United Kingdom,2010-11-23 16:17:00,2011-08-03 14:54:00,252.0
14973,United Kingdom,2011-04-28 12:22:00,2011-08-24 15:51:00,118.0
14974,United Kingdom,2011-11-02 13:01:00,2011-11-02 13:01:00,0.0
14975,United Kingdom,2010-10-14 14:11:00,2011-10-13 14:08:00,363.0
14976,United Kingdom,2011-01-17 11:09:00,2011-10-13 16:37:00,269.0
14977,United Kingdom,2009-12-14 10:37:00,2009-12-14 10:37:00,0.0
14978,United Kingdom,2010-04-28 10:50:00,2011-09-28 13:07:00,518.0
14979,United Kingdom,2009-12-04 12:54:00,2009-12-04 12:54:00,0.0
14980,United Kingdom,2009-12-02 14:09:00,2009-12-02 14:09:00,0.0
14981,United Kingdom,2010-10-12 11:04:00,2011-04-07 13:45:00,177.0
14982,United Kingdom,2010-05-16 15:52:00,2010-05-16 15:52:00,0.0
14983,United Kingdom,2010-01-19 17:32:00,2010-01-19 17:32:00,0.0
14984,United Kingdom,2010-01-11 13:22:00,2011-11-20 14:28:00,678.0
14985,United Kingdom,2010-12-16 19:51:00,2011-05-25 14:29:00,159.0
14986,United Kingdom,2010-01-24 15:54:00,2010-11-28 15:25:00,307.0
14987,United Kingdom,2009-12-02 14:56:00,2011-11-24 09:59:00,721.0
14988,United Kingdom,2010-04-16 13:34:00,2011-05-12 12:05:00,390.0
14989,United Kingdom,2010-02-16 10:40:00,2010-02-16 10:40:00,0.0
14990,United Kingdom,2009-12-09 13:31:00,2010-04-06 13:54:00,118.0
14991,United Kingdom,2010-10-05 13:01:00,2010-10-05 13:01:00,0.0
14992,United Kingdom,2010-09-23 17:48:00,2010-09-23 17:48:00,0.0
14993,United Kingdom,2010-05-25 12:47:00,2010-05-25 12:47:00,0.0
14994,United Kingdom,2010-03-26 14:16:00,2010-11-22 12:59:00,240.0
14995,United Kingdom,2011-03-04 13:14:00,2011-11-01 11:39:00,241.0
14996,United Kingdom,2010-08-15 13:41:00,2010-08-15 13:44:00,0.0
14997,United Kingdom,2010-02-22 12:11:00,2011-10-24 13:28:00,609.0
14998,United Kingdom,2010-04-13 16:07:00,2011-06-22 17:30:00,435.0
14999,United Kingdom,2010-04-26 10:47:00,2010-04-26 10:47:00,0.0
15000,United Kingdom,2011-10-23 11:42:00,2011-10-23 11:42:00,0.0
15001,United Kingdom,2010-11-10 13:31:00,2010-11-10 13:51:00,0.0
15002,United Kingdom,2010-01-12 11:40:00,2011-08-16 10:44:00,580.0
15003,United Kingdom,2010-01-26 13:04:00,2010-08-23 15:44:00,209.0
15004,United Kingdom,2011-07-15 14:05:00,2011-07-15 14:05:00,0.0
15005,United Kingdom,2009-12-01 14:19:00,2011-11-24 12:25:00,722.0
15006,United Kingdom,2010-09-12 13:03:00,2011-10-19 15:08:00,402.0
15007,United Kingdom,2011-07-03 16:00:00,2011-07-03 16:00:00,0.0
15008,United Kingdom,2010-03-12 11:13:00,2010-08-16 13:09:00,157.0
15009,United Kingdom,2011-11-14 17:40:00,2011-11-27 13:35:00,12.0
15010,United Kingdom,2011-11-04 12:42:00,2011-11-04 12:42:00,0.0
15011,United Kingdom,2010-10-19 12:05:00,2010-11-09 11:10:00,20.0
15012,United Kingdom,2010-05-12 11:49:00,2011-10-17 12:22:00,523.0
15013,United Kingdom,2010-01-31 12:15:00,2010-08-09 12:05:00,189.0
15014,United Kingdom,2011-06-16 19:40:00,2011-10-27 20:07:00,133.0
15015,United Kingdom,2009-12-14 14:46:00,2010-07-26 13:50:00,223.0
15016,United Kingdom,2010-06-14 13:06:00,2011-06-20 12:06:00,370.0
15017,United Kingdom,2011-11-06 10:33:00,2011-11-06 10:33:00,0.0
15018,United Kingdom,2010-12-07 10:47:00,2011-11-01 12:47:00,329.0
15019,United Kingdom,2011-03-18 12:35:00,2011-03-18 12:35:00,0.0
15020,United Kingdom,2010-11-25 13:29:00,2010-11-25 13:29:00,0.0
15021,United Kingdom,2010-07-29 16:35:00,2011-12-01 11:53:00,489.0
15022,United Kingdom,2010-01-31 16:02:00,2011-11-28 12:35:00,665.0
15023,United Kingdom,2010-02-03 15:45:00,2011-12-06 17:23:00,671.0
15024,United Kingdom,2010-10-11 16:14:00,2011-11-30 12:06:00,414.0
15025,United Kingdom,2010-05-20 13:28:00,2011-11-06 15:20:00,535.0
15026,United Kingdom,2010-09-17 13:52:00,2011-09-20 13:52:00,368.0
15027,United Kingdom,2010-03-25 14:39:00,2011-11-09 10:16:00,593.0
15028,United Kingdom,2010-11-10 14:32:00,2011-12-01 14:06:00,385.0
15029,United Kingdom,2010-03-30 12:16:00,2010-03-30 12:16:00,0.0
15030,United Kingdom,2010-03-04 17:10:00,2011-09-29 10:50:00,573.0
15031,United Kingdom,2009-12-08 13:38:00,2011-12-05 14:19:00,727.0
15032,United Kingdom,2009-12-10 15:27:00,2011-03-28 15:03:00,472.0
15033,United Kingdom,2011-01-14 13:28:00,2011-12-05 12:40:00,324.0
15034,United Kingdom,2010-05-11 13:30:00,2011-11-24 12:11:00,561.0
15035,United Kingdom,2011-09-11 11:08:00,2011-09-11 11:08:00,0.0
15036,United Kingdom,2011-06-13 12:19:00,2011-09-28 15:42:00,107.0
15037,United Kingdom,2010-11-28 12:14:00,2010-11-28 13:05:00,0.0
15038,United Kingdom,2010-10-10 14:35:00,2011-10-12 11:33:00,366.0
15039,United Kingdom,2009-12-10 11:39:00,2011-11-30 11:31:00,719.0
15040,United Kingdom,2010-06-16 11:40:00,2010-06-16 11:40:00,0.0
15041,United Kingdom,2010-09-21 13:16:00,2011-06-22 16:16:00,274.0
15042,United Kingdom,2010-04-23 14:01:00,2011-05-24 16:25:00,396.0
15043,United Kingdom,2010-06-24 15:50:00,2011-11-08 14:26:00,501.0
15044,United Kingdom,2009-12-16 15:13:00,2011-11-20 13:20:00,703.0
15045,United Kingdom,2011-03-27 11:44:00,2011-07-11 11:33:00,105.0
15046,United Kingdom,2010-01-14 14:29:00,2011-11-30 15:50:00,685.0
15047,United Kingdom,2011-03-15 10:49:00,2011-03-15 10:49:00,0.0
15048,United Kingdom,2010-12-06 12:15:00,2011-10-05 14:55:00,303.0
15049,United Kingdom,2011-03-11 12:13:00,2011-03-11 12:13:00,0.0
15050,United Kingdom,2010-08-16 12:00:00,2011-11-14 16:17:00,455.0
15051,United Kingdom,2009-12-01 13:29:00,2011-11-16 15:38:00,715.0
15052,United Kingdom,2011-01-24 15:52:00,2011-01-24 15:52:00,0.0
15053,United Kingdom,2011-03-03 12:06:00,2011-12-05 12:08:00,277.0
15054,United Kingdom,2011-10-30 14:33:00,2011-11-27 15:02:00,28.0
15055,United Kingdom,2009-12-16 15:48:00,2010-08-22 11:06:00,248.0
15056,United Kingdom,2010-07-07 15:58:00,2010-07-07 15:58:00,0.0
15057,United Kingdom,2009-12-05 15:27:00,2011-03-09 15:17:00,458.0
15058,United Kingdom,2010-02-24 14:07:00,2011-11-14 14:57:00,628.0
15059,United Kingdom,2009-12-06 12:17:00,2011-10-30 11:35:00,692.0
15060,United Kingdom,2011-11-30 14:03:00,2011-12-01 13:47:00,0.0
15061,United Kingdom,2009-12-01 12:18:00,2011-12-06 12:06:00,734.0
15062,United Kingdom,2010-04-08 15:41:00,2011-09-29 16:51:00,539.0
15063,United Kingdom,2011-05-10 13:25:00,2011-05-10 13:25:00,0.0
15064,United Kingdom,2009-12-22 16:17:00,2010-10-25 14:32:00,306.0
15065,United Kingdom,2010-10-25 09:13:00,2011-11-02 09:45:00,373.0
15066,United Kingdom,2011-10-17 13:25:00,2011-10-17 13:25:00,0.0
15067,United Kingdom,2010-04-11 15:54:00,2011-09-22 13:20:00,528.0
15068,United Kingdom,2010-03-28 13:18:00,2011-10-24 14:47:00,575.0
15069,United Kingdom,2011-06-13 14:16:00,2011-06-13 14:16:00,0.0
15070,United Kingdom,2009-12-15 13:49:00,2010-12-02 11:23:00,351.0
15071,United Kingdom,2010-05-18 12:45:00,2011-09-07 11:43:00,476.0
15072,United Kingdom,2010-08-17 15:46:00,2010-08-17 15:46:00,0.0
15073,United Kingdom,2010-01-27 08:48:00,2011-11-30 10:44:00,672.0
15074,United Kingdom,2010-08-29 11:47:00,2011-08-26 14:45:00,362.0
15075,United Kingdom,2011-09-23 12:27:00,2011-09-23 12:27:00,0.0
15076,United Kingdom,2010-07-05 14:11:00,2011-06-20 08:23:00,349.0
15077,United Kingdom,2009-12-09 17:10:00,2010-08-02 11:13:00,235.0
15078,United Kingdom,2009-12-04 12:03:00,2011-12-02 15:41:00,728.0
15079,United Kingdom,2009-12-08 11:22:00,2011-05-11 12:45:00,519.0
15080,United Kingdom,2010-07-26 10:03:00,2010-10-08 11:52:00,74.0
15081,United Kingdom,2010-06-22 10:25:00,2011-11-17 17:08:00,513.0
15082,United Kingdom,2010-02-09 10:23:00,2010-02-09 10:23:00,0.0
15083,United Kingdom,2011-03-28 12:18:00,2011-03-28 12:18:00,0.0
15084,United Kingdom,2010-03-04 10:45:00,2010-11-25 11:58:00,266.0
15085,United Kingdom,2009-12-10 11:47:00,2009-12-10 11:47:00,0.0
15086,United Kingdom,2010-03-24 13:56:00,2010-05-24 12:27:00,60.0
15087,United Kingdom,2011-03-03 10:34:00,2011-03-03 10:34:00,0.0
15088,United Kingdom,2011-10-03 14:05:00,2011-11-18 13:14:00,45.0
15089,United Kingdom,2011-08-03 14:14:00,2011-11-29 16:31:00,118.0
15090,United Kingdom,2011-02-04 14:03:00,2011-02-04 14:03:00,0.0
15091,United Kingdom,2010-02-03 11:46:00,2011-10-03 12:47:00,607.0
15092,United Kingdom,2010-09-03 12:33:00,2011-05-08 14:10:00,247.0
15093,United Kingdom,2009-12-08 12:46:00,2011-11-21 13:09:00,713.0
15094,United Kingdom,2010-03-05 12:56:00,2010-09-02 16:55:00,181.0
15095,United Kingdom,2010-01-21 09:37:00,2011-08-28 12:01:00,584.0
15096,United Kingdom,2011-10-28 10:27:00,2011-10-28 10:27:00,0.0
15097,United Kingdom,2010-05-05 14:22:00,2011-12-05 14:03:00,578.0
15098,United Kingdom,2011-06-10 15:22:00,2011-06-10 15:33:00,0.0
15099,United Kingdom,2011-09-16 13:13:00,2011-09-16 13:13:00,0.0
15100,United Kingdom,2010-01-07 14:33:00,2011-01-10 10:35:00,367.0
15101,United Kingdom,2010-04-28 15:00:00,2011-12-01 10:18:00,581.0
15102,United Kingdom,2010-06-11 10:16:00,2010-06-27 12:16:00,16.0
15103,United Kingdom,2011-09-14 13:54:00,2011-11-08 14:53:00,55.0
15104,United Kingdom,2011-03-02 14:16:00,2011-05-27 12:29:00,85.0
15105,United Kingdom,2010-03-23 12:18:00,2011-11-21 16:54:00,608.0
15106,United Kingdom,2011-03-15 12:52:00,2011-11-22 09:16:00,251.0
15107,United Kingdom,2010-09-14 10:47:00,2011-02-01 14:46:00,140.0
15108,European Community,2011-04-26 10:54:00,2011-07-21 10:24:00,85.0
15109,United Kingdom,2009-12-04 12:33:00,2011-04-08 09:58:00,489.0
15110,United Kingdom,2010-08-11 15:49:00,2011-11-16 11:16:00,461.0
15111,United Kingdom,2010-04-26 13:12:00,2011-11-10 16:58:00,563.0
15112,United Kingdom,2010-04-07 14:17:00,2010-04-07 14:17:00,0.0
15113,United Kingdom,2011-10-16 15:27:00,2011-11-30 08:23:00,44.0
15114,United Kingdom,2010-10-14 16:44:00,2011-11-09 15:05:00,390.0
15115,United Kingdom,2009-12-07 11:20:00,2011-11-21 14:59:00,714.0
15116,United Kingdom,2011-05-19 08:50:00,2011-11-22 12:25:00,187.0
15117,United Kingdom,2010-03-15 13:39:00,2011-11-25 08:12:00,619.0
15118,United Kingdom,2011-07-28 14:54:00,2011-07-28 14:54:00,0.0
15119,United Kingdom,2011-04-08 09:08:00,2011-04-08 09:08:00,0.0
15120,United Kingdom,2011-07-29 09:48:00,2011-07-29 09:48:00,0.0
15121,United Kingdom,2011-02-24 12:41:00,2011-10-20 14:51:00,238.0
15122,United Kingdom,2010-03-30 14:05:00,2011-08-17 16:48:00,505.0
15123,United Kingdom,2010-03-16 09:49:00,2011-12-02 13:12:00,626.0
15124,United Kingdom,2010-02-26 10:49:00,2011-11-17 10:09:00,628.0
15125,United Kingdom,2010-03-31 13:29:00,2011-11-14 13:57:00,593.0
15126,United Kingdom,2010-01-21 17:09:00,2010-06-21 12:31:00,150.0
15127,United Kingdom,2010-07-08 10:07:00,2011-10-05 10:30:00,454.0
15128,United Kingdom,2010-10-05 16:46:00,2011-10-10 13:54:00,369.0
15129,United Kingdom,2010-04-08 17:15:00,2011-10-20 14:40:00,559.0
15130,United Kingdom,2011-06-23 10:15:00,2011-06-23 10:15:00,0.0
15131,United Kingdom,2010-11-10 12:07:00,2010-11-10 12:07:00,0.0
15132,United Kingdom,2011-03-22 12:02:00,2011-11-21 17:10:00,244.0
15133,United Kingdom,2010-07-07 12:31:00,2011-08-04 10:44:00,392.0
15134,United Kingdom,2010-10-13 12:44:00,2011-11-25 08:55:00,407.0
15135,United Kingdom,2010-06-01 13:33:00,2011-04-14 19:16:00,317.0
15136,United Kingdom,2011-09-04 16:05:00,2011-12-07 12:26:00,93.0
15137,United Kingdom,2010-01-28 15:45:00,2010-07-07 09:41:00,159.0
15138,United Kingdom,2010-11-11 09:16:00,2010-11-11 09:16:00,0.0
15139,United Kingdom,2011-01-07 12:44:00,2011-04-14 11:39:00,96.0
15140,United Kingdom,2010-09-23 13:07:00,2011-10-18 14:07:00,390.0
15141,United Kingdom,2010-03-28 15:58:00,2010-09-08 11:33:00,163.0
15142,United Kingdom,2010-07-27 09:05:00,2011-10-24 12:51:00,454.0
15143,United Kingdom,2010-10-03 13:58:00,2011-04-28 12:03:00,206.0
15144,United Kingdom,2009-12-13 11:35:00,2011-12-01 15:12:00,718.0
15145,United Kingdom,2011-04-05 15:20:00,2011-12-05 17:21:00,244.0
15146,United Kingdom,2011-02-21 13:07:00,2011-06-28 12:09:00,126.0
15147,United Kingdom,2011-04-13 15:57:00,2011-04-13 15:57:00,0.0
15148,United Kingdom,2011-11-29 08:21:00,2011-11-29 08:21:00,0.0
15149,United Kingdom,2010-02-28 11:13:00,2011-07-29 10:58:00,515.0
15150,United Kingdom,2010-06-14 12:01:00,2011-11-22 12:52:00,526.0
15151,United Kingdom,2010-07-18 12:19:00,2010-10-12 16:37:00,86.0
15152,United Kingdom,2010-01-07 15:15:00,2011-11-30 12:32:00,691.0
15153,United Kingdom,2011-11-08 17:09:00,2011-11-08 17:09:00,0.0
15154,United Kingdom,2010-08-18 17:41:00,2011-09-25 16:05:00,402.0
15155,United Kingdom,2010-11-21 12:59:00,2010-11-21 12:59:00,0.0
15156,United Kingdom,2011-11-06 12:41:00,2011-12-08 18:22:00,32.0
15157,United Kingdom,2009-12-10 14:44:00,2011-12-06 11:28:00,725.0
15158,United Kingdom,2010-11-03 13:46:00,2011-10-25 13:53:00,356.0
15159,United Kingdom,2010-10-04 09:31:00,2011-12-08 12:05:00,430.0
15160,United Kingdom,2010-10-14 15:26:00,2010-12-17 14:15:00,63.0
15161,United Kingdom,2010-11-16 16:08:00,2010-11-16 16:08:00,0.0
15162,United Kingdom,2009-12-08 13:14:00,2009-12-08 13:14:00,0.0
15163,United Kingdom,2011-05-31 15:22:00,2011-11-21 13:10:00,173.0
15164,United Kingdom,2010-01-18 13:34:00,2011-10-02 12:05:00,621.0
15165,United Kingdom,2010-12-01 14:03:00,2010-12-01 14:03:00,0.0
15166,United Kingdom,2010-08-29 12:31:00,2010-08-29 12:31:00,0.0
15167,United Kingdom,2010-02-04 14:13:00,2011-01-23 12:41:00,352.0
15168,United Kingdom,2011-11-14 11:26:00,2011-11-14 11:26:00,0.0
15169,United Kingdom,2009-12-13 11:16:00,2010-11-22 13:04:00,344.0
15170,United Kingdom,2010-10-29 10:34:00,2010-10-29 10:34:00,0.0
15171,United Kingdom,2011-01-12 15:36:00,2011-01-12 15:36:00,0.0
15172,United Kingdom,2011-04-17 11:56:00,2011-12-01 11:51:00,227.0
15173,United Kingdom,2010-04-01 12:26:00,2010-11-24 10:21:00,236.0
15174,United Kingdom,2010-10-25 09:40:00,2011-01-21 09:06:00,87.0
15175,United Kingdom,2011-09-29 11:31:00,2011-09-29 11:31:00,0.0
15176,United Kingdom,2010-02-10 10:36:00,2010-02-10 10:36:00,0.0
15177,United Kingdom,2010-10-10 12:48:00,2010-10-10 12:48:00,0.0
15178,United Kingdom,2011-03-24 15:12:00,2011-03-24 15:12:00,0.0
15179,United Kingdom,2009-12-03 12:27:00,2011-11-21 12:53:00,718.0
15180,United Kingdom,2010-04-29 15:27:00,2010-12-07 14:57:00,221.0
15181,United Kingdom,2009-12-08 19:02:00,2011-10-04 13:58:00,664.0
15182,United Kingdom,2010-02-21 12:03:00,2011-07-08 13:37:00,502.0
15183,United Kingdom,2010-05-04 11:31:00,2010-06-10 10:43:00,36.0
15184,United Kingdom,2009-12-16 12:06:00,2011-11-10 13:41:00,694.0
15185,United Kingdom,2011-09-30 14:06:00,2011-09-30 14:06:00,0.0
15186,United Kingdom,2010-01-12 10:14:00,2011-11-25 14:58:00,682.0
15187,United Kingdom,2011-05-11 13:49:00,2011-12-08 11:56:00,210.0
15188,United Kingdom,2009-12-14 13:30:00,2009-12-14 13:30:00,0.0
15189,United Kingdom,2010-07-18 13:37:00,2011-12-08 13:22:00,507.0
15190,United Kingdom,2010-10-01 13:09:00,2010-10-01 13:09:00,0.0
15191,United Kingdom,2010-01-20 12:35:00,2010-09-02 15:37:00,225.0
15192,United Kingdom,2010-01-29 10:13:00,2011-08-12 11:41:00,560.0
15193,United Kingdom,2011-10-10 08:23:00,2011-10-10 08:23:00,0.0
15194,United Kingdom,2009-12-03 10:37:00,2011-12-06 15:10:00,733.0
15195,United Kingdom,2011-12-07 12:20:00,2011-12-07 12:20:00,0.0
15196,United Kingdom,2009-12-13 11:14:00,2010-10-03 10:50:00,293.0
15197,United Kingdom,2009-12-11 12:56:00,2011-11-29 10:00:00,717.0
15198,United Kingdom,2010-01-19 10:01:00,2011-09-08 14:42:00,597.0
15199,United Kingdom,2010-05-13 10:14:00,2011-10-11 15:12:00,516.0
15200,United Kingdom,2010-08-02 09:38:00,2010-08-02 09:38:00,0.0
15201,United Kingdom,2010-04-07 14:50:00,2011-09-13 14:53:00,524.0
15202,United Kingdom,2010-10-15 12:39:00,2010-10-15 13:05:00,0.0
15203,United Kingdom,2009-12-08 18:06:00,2011-11-14 08:16:00,705.0
15204,United Kingdom,2010-12-17 13:49:00,2010-12-17 13:49:00,0.0
15205,United Kingdom,2011-08-04 16:07:00,2011-09-15 19:36:00,42.0
15206,United Kingdom,2011-03-09 08:59:00,2011-11-29 13:41:00,265.0
15207,United Kingdom,2010-06-10 17:29:00,2010-10-19 13:29:00,130.0
15208,United Kingdom,2010-10-12 12:17:00,2011-12-08 17:24:00,422.0
15209,United Kingdom,2009-12-09 17:26:00,2009-12-09 17:26:00,0.0
15210,United Kingdom,2010-05-13 14:42:00,2011-04-28 16:11:00,350.0
15211,United Kingdom,2010-12-09 16:08:00,2011-10-10 13:31:00,304.0
15212,United Kingdom,2010-11-28 10:45:00,2011-04-12 13:45:00,135.0
15213,United Kingdom,2011-01-14 11:05:00,2011-01-25 12:21:00,11.0
15214,United Kingdom,2011-04-11 09:46:00,2011-12-08 12:07:00,241.0
15215,United Kingdom,2010-04-06 11:21:00,2011-10-24 11:41:00,566.0
15216,United Kingdom,2010-03-31 09:52:00,2011-09-13 11:41:00,531.0
15217,United Kingdom,2010-05-25 13:51:00,2010-05-25 13:51:00,0.0
15218,United Kingdom,2010-01-26 11:33:00,2011-11-29 11:48:00,672.0
15219,United Kingdom,2010-03-01 11:33:00,2011-06-16 16:57:00,472.0
15220,United Kingdom,2011-03-04 10:24:00,2011-10-19 12:39:00,229.0
15221,United Kingdom,2010-03-12 10:40:00,2010-12-08 13:08:00,271.0
15222,United Kingdom,2009-12-16 13:49:00,2011-01-25 08:03:00,404.0
15223,United Kingdom,2009-12-05 11:19:00,2011-04-28 11:31:00,509.0
15224,United Kingdom,2010-01-15 16:14:00,2010-12-16 15:02:00,334.0
15225,United Kingdom,2011-04-19 14:51:00,2011-04-19 14:51:00,0.0
15226,United Kingdom,2011-02-02 11:41:00,2011-02-02 11:41:00,0.0
15227,United Kingdom,2010-03-16 08:23:00,2011-11-03 11:59:00,597.0
15228,United Kingdom,2010-07-28 10:21:00,2011-10-04 13:56:00,433.0
15229,United Kingdom,2010-05-02 13:50:00,2010-05-02 13:50:00,0.0
15230,United Kingdom,2011-04-13 11:04:00,2011-04-14 14:39:00,1.0
15231,United Kingdom,2010-03-28 15:12:00,2010-03-28 15:12:00,0.0
15232,United Kingdom,2011-07-22 12:21:00,2011-08-18 16:27:00,27.0
15233,United Kingdom,2010-11-03 13:36:00,2010-11-03 13:36:00,0.0
15234,United Kingdom,2011-03-08 08:53:00,2011-03-08 08:53:00,0.0
15235,United Kingdom,2010-11-16 12:48:00,2011-05-06 09:44:00,170.0
15236,United Kingdom,2011-02-14 10:52:00,2011-02-14 10:52:00,0.0
15237,United Kingdom,2011-04-26 15:04:00,2011-12-08 09:46:00,225.0
15238,United Kingdom,2011-06-08 16:00:00,2011-11-10 14:28:00,154.0
15239,United Kingdom,2011-09-22 09:53:00,2011-11-29 14:14:00,68.0
15240,United Kingdom,2009-12-05 14:57:00,2011-10-26 09:50:00,689.0
15241,United Kingdom,2010-02-23 13:59:00,2011-10-04 09:05:00,587.0
15242,United Kingdom,2010-10-13 15:33:00,2010-10-13 15:33:00,0.0
15243,United Kingdom,2010-09-30 17:28:00,2011-09-26 14:12:00,360.0
15244,United Kingdom,2010-02-11 14:48:00,2011-10-05 13:19:00,600.0
15245,United Kingdom,2010-04-23 14:23:00,2011-07-28 18:56:00,461.0
15246,United Kingdom,2010-06-02 11:28:00,2011-04-15 14:45:00,317.0
15247,United Kingdom,2010-06-20 14:08:00,2011-08-09 12:52:00,414.0
15248,United Kingdom,2010-06-23 14:34:00,2010-10-24 13:09:00,122.0
15249,United Kingdom,2010-03-26 14:51:00,2011-11-08 11:45:00,591.0
15250,United Kingdom,2010-03-09 07:35:00,2010-03-09 07:35:00,0.0
15251,United Kingdom,2010-01-29 12:42:00,2011-11-30 15:02:00,670.0
15252,United Kingdom,2010-04-07 10:24:00,2011-11-03 13:30:00,575.0
15253,United Kingdom,2010-05-02 11:17:00,2011-11-23 16:22:00,570.0
15254,United Kingdom,2010-05-28 10:08:00,2011-08-04 15:04:00,433.0
15255,United Kingdom,2009-12-03 09:10:00,2011-10-04 12:43:00,670.0
15256,United Kingdom,2010-05-27 11:41:00,2011-07-14 11:47:00,413.0
15257,United Kingdom,2010-10-21 14:03:00,2011-03-01 12:58:00,130.0
15258,United Kingdom,2011-05-06 14:16:00,2011-06-24 12:30:00,48.0
15259,United Kingdom,2010-01-26 09:41:00,2010-07-15 08:47:00,169.0
15260,United Kingdom,2009-12-06 11:45:00,2011-08-31 13:55:00,633.0
15261,United Kingdom,2010-10-01 11:59:00,2011-07-27 15:20:00,299.0
15262,United Kingdom,2010-08-08 15:55:00,2011-01-20 12:16:00,164.0
15263,United Kingdom,2011-08-25 10:26:00,2011-08-25 10:26:00,0.0
15264,United Kingdom,2010-06-27 13:29:00,2011-10-06 13:49:00,466.0
15265,United Kingdom,2009-12-01 17:08:00,2011-07-11 14:46:00,586.0
15266,United Kingdom,2010-01-07 12:19:00,2011-01-05 13:40:00,363.0
15267,United Kingdom,2011-06-10 10:24:00,2011-11-17 15:59:00,160.0
15268,United Kingdom,2010-04-13 11:27:00,2010-08-18 10:33:00,126.0
15269,United Kingdom,2010-11-14 12:58:00,2011-11-16 09:32:00,366.0
15270,United Kingdom,2009-12-17 15:02:00,2011-11-24 09:24:00,706.0
15271,United Kingdom,2010-08-05 14:57:00,2011-12-02 14:11:00,483.0
15272,United Kingdom,2010-02-14 13:39:00,2011-10-13 12:59:00,605.0
15273,United Kingdom,2010-04-19 11:31:00,2010-04-19 11:31:00,0.0
15274,United Kingdom,2011-11-21 14:17:00,2011-12-05 16:57:00,14.0
15275,United Kingdom,2011-11-02 11:20:00,2011-11-02 11:20:00,0.0
15276,United Kingdom,2010-10-01 12:24:00,2011-10-04 16:39:00,368.0
15277,United Kingdom,2010-10-10 16:02:00,2011-10-24 10:08:00,378.0
15278,United Kingdom,2010-02-12 14:53:00,2010-05-27 10:03:00,103.0
15279,United Kingdom,2010-02-02 10:15:00,2010-12-20 10:48:00,321.0
15280,United Kingdom,2010-05-17 14:17:00,2011-06-20 17:14:00,399.0
15281,United Kingdom,2010-10-08 12:14:00,2011-10-12 09:10:00,368.0
15282,United Kingdom,2010-05-18 16:27:00,2010-05-18 16:27:00,0.0
15283,United Kingdom,2010-07-09 15:46:00,2010-11-14 14:54:00,127.0
15284,United Kingdom,2010-07-27 13:25:00,2010-07-27 13:25:00,0.0
15285,United Kingdom,2010-10-28 09:46:00,2010-10-28 09:46:00,0.0
15286,United Kingdom,2011-10-21 11:08:00,2011-10-21 11:08:00,0.0
15287,United Kingdom,2009-12-02 12:13:00,2011-11-17 15:34:00,715.0
15288,United Kingdom,2010-02-12 15:27:00,2011-10-27 16:58:00,622.0
15289,United Kingdom,2010-03-28 11:45:00,2011-11-10 13:49:00,592.0
15290,United Kingdom,2010-02-24 10:15:00,2011-12-05 11:39:00,649.0
15291,United Kingdom,2009-12-03 11:09:00,2011-11-14 11:02:00,710.0
15292,United Kingdom,2011-05-22 15:00:00,2011-05-22 15:00:00,0.0
15293,United Kingdom,2010-02-12 11:54:00,2010-02-12 11:54:00,0.0
15294,United Kingdom,2010-10-25 11:45:00,2010-10-25 11:45:00,0.0
15295,United Kingdom,2010-02-23 13:03:00,2010-02-23 13:03:00,0.0
15296,United Kingdom,2010-01-21 13:48:00,2011-10-20 11:47:00,636.0
15297,United Kingdom,2011-10-07 09:42:00,2011-11-29 16:32:00,53.0
15298,United Kingdom,2009-12-08 17:04:00,2011-12-07 17:17:00,729.0
15299,United Kingdom,2010-01-12 11:34:00,2011-10-03 14:19:00,629.0
15300,United Kingdom,2011-10-06 17:08:00,2011-10-06 17:08:00,0.0
15301,United Kingdom,2010-09-15 15:41:00,2011-10-20 09:57:00,399.0
15302,United Kingdom,2009-12-09 13:11:00,2009-12-09 13:11:00,0.0
15303,United Kingdom,2010-01-25 09:42:00,2011-02-22 13:59:00,393.0
15304,United Kingdom,2010-10-14 10:24:00,2011-10-10 10:23:00,360.0
15305,United Kingdom,2010-06-02 13:50:00,2010-06-02 13:50:00,0.0
15306,United Kingdom,2010-02-18 17:12:00,2011-10-06 12:56:00,594.0
15307,United Kingdom,2011-09-05 11:38:00,2011-09-05 11:38:00,0.0
15308,United Kingdom,2011-03-10 13:08:00,2011-03-10 13:08:00,0.0
15309,United Kingdom,2009-12-04 13:01:00,2010-04-08 11:11:00,124.0
15310,United Kingdom,2010-08-18 11:38:00,2010-08-18 11:38:00,0.0
15311,United Kingdom,2009-12-01 11:21:00,2011-12-09 12:00:00,738.0
15312,United Kingdom,2009-12-16 09:23:00,2011-09-25 13:10:00,648.0
15313,United Kingdom,2011-08-21 16:02:00,2011-08-21 16:02:00,0.0
15314,United Kingdom,2010-10-07 15:41:00,2011-05-24 14:39:00,228.0
15315,United Kingdom,2011-08-15 15:17:00,2011-10-06 12:51:00,51.0
15316,United Kingdom,2011-01-17 11:34:00,2011-01-17 11:34:00,0.0
15317,United Kingdom,2010-01-31 15:55:00,2010-01-31 15:55:00,0.0
15318,United Kingdom,2011-12-06 11:30:00,2011-12-06 11:30:00,0.0
15319,United Kingdom,2011-03-01 12:48:00,2011-03-01 12:48:00,0.0
15320,United Kingdom,2011-10-26 13:27:00,2011-10-26 13:27:00,0.0
15321,United Kingdom,2010-02-03 09:47:00,2011-09-30 09:40:00,603.0
15322,United Kingdom,2010-08-20 13:10:00,2011-09-15 09:34:00,390.0
15323,United Kingdom,2010-02-16 09:21:00,2010-05-26 10:01:00,99.0
15324,United Kingdom,2010-01-07 14:37:00,2010-01-07 14:37:00,0.0
15325,United Kingdom,2010-02-16 13:30:00,2011-08-28 11:55:00,557.0
15326,United Kingdom,2009-12-01 13:19:00,2011-01-10 11:38:00,404.0
15327,United Kingdom,2011-10-18 11:55:00,2011-10-18 11:55:00,0.0
15328,United Kingdom,2010-10-28 09:05:00,2010-10-28 09:05:00,0.0
15329,United Kingdom,2009-12-14 12:18:00,2011-10-31 15:36:00,686.0
15330,United Kingdom,2011-10-10 12:30:00,2011-11-07 17:50:00,28.0
15331,United Kingdom,2010-04-09 14:26:00,2010-07-28 09:42:00,109.0
15332,Lithuania,2010-07-14 13:01:00,2010-12-08 14:43:00,147.0
15333,United Kingdom,2011-05-15 13:27:00,2011-05-15 13:27:00,0.0
15334,United Kingdom,2011-06-19 13:51:00,2011-07-06 11:22:00,16.0
15335,United Kingdom,2011-10-17 12:50:00,2011-10-17 12:50:00,0.0
15336,United Kingdom,2010-11-03 12:39:00,2010-11-03 12:39:00,0.0
15337,United Kingdom,2010-10-24 15:29:00,2010-10-24 15:29:00,0.0
15338,United Kingdom,2010-01-31 14:25:00,2010-01-31 14:25:00,0.0
15339,United Kingdom,2010-02-08 13:38:00,2011-10-04 12:51:00,602.0
15340,United Kingdom,2010-05-27 10:27:00,2010-05-27 10:27:00,0.0
15341,United Kingdom,2010-09-16 16:41:00,2011-09-20 09:40:00,368.0
15342,United Kingdom,2011-08-02 10:19:00,2011-08-02 10:19:00,0.0
15343,United Kingdom,2011-09-13 13:55:00,2011-09-13 13:55:00,0.0
15344,United Kingdom,2011-09-26 14:48:00,2011-12-09 10:45:00,73.0
15345,United Kingdom,2011-10-25 11:28:00,2011-10-25 11:28:00,0.0
15346,United Kingdom,2010-10-04 15:11:00,2011-01-11 11:18:00,98.0
15347,United Kingdom,2010-09-28 12:50:00,2010-12-08 15:25:00,71.0
15348,United Kingdom,2011-09-28 13:17:00,2011-09-28 13:17:00,0.0
15349,United Kingdom,2011-06-05 15:46:00,2011-07-04 16:06:00,29.0
15350,United Kingdom,2010-11-21 15:14:00,2010-12-01 13:33:00,9.0
15351,United Kingdom,2010-10-03 12:18:00,2011-11-27 12:52:00,420.0
15352,United Kingdom,2010-06-09 11:28:00,2010-06-09 11:28:00,0.0
15353,United Kingdom,2009-12-02 11:33:00,2011-03-30 12:15:00,483.0
15354,United Kingdom,2010-04-15 16:17:00,2010-04-15 16:24:00,0.0
15355,United Kingdom,2011-10-17 15:22:00,2011-11-10 13:44:00,23.0
15356,United Kingdom,2010-10-13 13:12:00,2011-11-08 13:11:00,390.0
15357,Unspecified,,,
15358,United Kingdom,2009-12-07 12:19:00,2011-12-05 09:04:00,727.0
15359,United Kingdom,2010-01-15 11:30:00,2010-02-15 10:47:00,30.0
15360,United Kingdom,2011-10-31 09:35:00,2011-10-31 09:35:00,0.0
15361,United Kingdom,2010-06-14 13:27:00,2010-12-13 09:52:00,181.0
15362,United Kingdom,2009-12-01 09:08:00,2010-09-17 10:37:00,290.0
15363,United Kingdom,2010-08-04 08:41:00,2010-12-02 12:28:00,120.0
15364,United Kingdom,2011-03-30 13:39:00,2011-09-05 09:46:00,158.0
15365,United Kingdom,2010-02-04 16:43:00,2011-11-14 08:29:00,647.0
15366,United Kingdom,2010-02-26 10:10:00,2011-09-25 15:01:00,576.0
15367,United Kingdom,2009-12-10 14:20:00,2011-10-13 14:13:00,671.0
15368,United Kingdom,2010-11-10 15:52:00,2011-11-18 14:42:00,372.0
15369,United Kingdom,2009-12-08 07:43:00,2010-08-04 13:54:00,239.0
15370,United Kingdom,2010-10-25 12:08:00,2011-10-30 10:58:00,369.0
15371,United Kingdom,2010-02-15 13:14:00,2010-02-15 13:14:00,0.0
15372,United Kingdom,2010-02-14 11:24:00,2011-07-25 16:39:00,526.0
15373,United Kingdom,2010-05-02 11:57:00,2011-12-01 15:05:00,578.0
15374,United Kingdom,2010-03-25 12:03:00,2011-08-03 09:59:00,495.0
15375,United Kingdom,2010-01-18 15:38:00,2010-01-18 15:38:00,0.0
15376,United Kingdom,2011-05-01 13:45:00,2011-10-30 15:04:00,182.0
15377,United Kingdom,2010-10-20 11:42:00,2010-11-22 08:55:00,32.0
15378,United Kingdom,2010-07-26 08:47:00,2010-09-03 11:30:00,39.0
15379,United Kingdom,2010-11-04 11:59:00,2011-06-23 13:13:00,231.0
15380,United Kingdom,2009-12-01 13:50:00,2011-12-01 12:13:00,729.0
15381,United Kingdom,2010-05-05 14:35:00,2011-05-10 11:55:00,369.0
15382,United Kingdom,2009-12-04 14:13:00,2011-11-25 10:58:00,720.0
15383,United Kingdom,,,
15384,United Kingdom,2010-04-26 12:38:00,2011-06-23 10:57:00,422.0
15385,United Kingdom,2010-01-31 13:02:00,2011-10-30 15:11:00,637.0
15386,United Kingdom,2011-06-06 13:47:00,2011-06-06 13:47:00,0.0
15387,United Kingdom,2010-08-04 16:05:00,2010-08-04 16:05:00,0.0
15388,Canada,2011-03-14 13:53:00,2011-03-14 13:53:00,0.0
15389,United Kingdom,2010-01-27 12:44:00,2011-06-20 16:18:00,509.0
15390,Canada,2010-10-26 17:23:00,2010-11-08 15:19:00,12.0
15391,United Kingdom,2010-05-04 15:04:00,2010-05-04 15:04:00,0.0
15392,United Kingdom,2010-10-04 12:50:00,2011-12-05 11:01:00,426.0
15393,United Kingdom,2009-12-15 17:56:00,2011-11-23 16:48:00,707.0
15394,United Kingdom,2009-12-15 19:05:00,2011-11-30 11:49:00,714.0
15395,United Kingdom,2011-01-18 12:40:00,2011-01-18 12:40:00,0.0
15396,United Kingdom,2010-05-05 09:04:00,2011-08-19 10:56:00,471.0
15397,United Kingdom,2011-02-23 09:25:00,2011-02-23 09:25:00,0.0
15398,United Kingdom,2011-09-22 14:56:00,2011-11-23 16:47:00,62.0
15399,United Kingdom,2011-09-21 15:57:00,2011-12-08 13:04:00,77.0
15400,United Kingdom,2010-05-28 08:33:00,2011-09-08 13:57:00,468.0
15401,United Kingdom,2010-05-20 10:56:00,2010-09-13 13:42:00,116.0
15402,United Kingdom,2010-04-27 12:12:00,2011-07-14 12:17:00,443.0
15403,United Kingdom,2009-12-09 12:45:00,2010-08-05 12:21:00,238.0
15404,United Kingdom,2010-11-29 11:03:00,2010-11-29 11:03:00,0.0
15405,United Kingdom,2010-05-12 15:56:00,2011-06-03 14:44:00,386.0
15406,United Kingdom,2010-09-12 13:06:00,2011-11-08 13:22:00,422.0
15407,United Kingdom,2011-02-07 13:18:00,2011-11-06 11:55:00,271.0
15408,United Kingdom,2011-03-20 15:02:00,2011-03-20 15:02:00,0.0
15409,United Kingdom,2009-12-18 15:35:00,2009-12-18 15:35:00,0.0
15410,United Kingdom,2010-04-19 08:57:00,2011-09-16 14:47:00,515.0
15411,United Kingdom,2011-06-10 12:30:00,2011-11-13 15:19:00,156.0
15412,United Kingdom,2011-06-21 15:24:00,2011-06-21 15:24:00,0.0
15413,United Kingdom,2009-12-01 10:18:00,2010-01-17 11:33:00,47.0
15414,United Kingdom,2011-04-11 13:45:00,2011-11-30 09:50:00,232.0
15415,United Kingdom,2011-01-30 14:13:00,2011-01-30 14:13:00,0.0
15416,United Kingdom,2010-02-01 11:55:00,2011-10-06 09:38:00,611.0
15417,United Kingdom,2011-09-15 15:26:00,2011-09-15 15:26:00,0.0
15418,United Kingdom,2010-05-02 11:31:00,2010-10-10 13:38:00,161.0
15419,United Kingdom,2011-11-15 09:23:00,2011-11-15 09:23:00,0.0
15420,United Kingdom,2009-12-05 13:29:00,2010-10-01 15:46:00,300.0
15421,United Kingdom,2009-12-07 15:10:00,2011-10-12 09:20:00,673.0
15422,United Kingdom,2010-02-07 11:52:00,2011-01-20 16:17:00,347.0
15423,United Kingdom,2010-03-28 13:42:00,2011-11-01 14:01:00,583.0
15424,United Kingdom,2010-09-02 17:17:00,2011-03-30 13:02:00,208.0
15425,United Kingdom,2010-02-14 12:36:00,2010-11-04 18:13:00,263.0
15426,United Kingdom,2010-05-02 15:10:00,2011-11-20 15:36:00,567.0
15427,United Kingdom,2011-10-23 14:47:00,2011-11-06 14:29:00,13.0
15428,United Kingdom,2009-12-17 17:46:00,2011-11-24 16:54:00,706.0
15429,United Kingdom,2011-09-25 13:42:00,2011-11-13 12:28:00,48.0
15430,United Kingdom,2010-06-29 15:04:00,2010-08-29 10:42:00,60.0
15431,United Kingdom,2010-07-25 12:44:00,2010-07-25 12:44:00,0.0
15432,United Kingdom,2010-06-16 14:34:00,2011-11-16 16:30:00,518.0
15433,United Kingdom,2011-03-17 14:12:00,2011-05-10 10:45:00,53.0
15434,United Kingdom,2010-01-24 15:35:00,2011-12-01 13:33:00,675.0
15435,United Kingdom,2011-11-17 16:39:00,2011-11-17 16:39:00,0.0
15436,United Kingdom,2011-04-19 16:52:00,2011-11-27 16:05:00,221.0
15437,United Kingdom,2010-03-09 10:45:00,2011-03-22 13:11:00,378.0
15438,United Kingdom,2011-07-31 14:19:00,2011-07-31 14:19:00,0.0
15439,United Kingdom,2010-02-24 12:05:00,2010-10-31 10:38:00,248.0
15440,United Kingdom,2011-05-15 11:30:00,2011-10-16 12:16:00,154.0
15441,United Kingdom,2009-12-09 14:55:00,2010-11-08 15:50:00,334.0
15442,United Kingdom,2011-04-05 12:24:00,2011-04-05 12:24:00,0.0
15443,United Kingdom,2010-03-07 12:10:00,2011-12-08 10:40:00,640.0
15444,United Kingdom,2011-10-30 16:12:00,2011-11-30 17:37:00,31.0
15445,United Kingdom,2010-04-28 15:00:00,2011-03-20 15:06:00,326.0
15446,United Kingdom,2009-12-13 13:53:00,2010-11-28 11:59:00,349.0
15447,United Kingdom,2010-03-24 14:40:00,2011-01-13 11:26:00,294.0
15448,United Kingdom,2010-02-03 13:29:00,2011-01-31 10:42:00,361.0
15449,United Kingdom,2011-03-23 10:43:00,2011-11-13 15:02:00,235.0
15450,United Kingdom,2011-11-09 17:11:00,2011-11-09 17:11:00,0.0
15451,United Kingdom,2010-04-19 14:08:00,2010-10-01 13:40:00,164.0
15452,United Kingdom,2010-07-16 14:23:00,2011-11-10 12:13:00,481.0
15453,United Kingdom,2011-06-05 12:37:00,2011-12-08 10:59:00,185.0
15454,United Kingdom,2010-03-31 13:15:00,2010-12-12 14:21:00,256.0
15455,United Kingdom,2010-04-21 12:43:00,2010-04-21 12:43:00,0.0
15456,United Kingdom,2009-12-08 12:54:00,2011-03-01 13:51:00,448.0
15457,United Kingdom,2011-03-22 15:31:00,2011-03-22 15:31:00,0.0
15458,United Kingdom,2010-11-02 19:50:00,2011-11-14 13:08:00,376.0
15459,United Kingdom,2010-07-30 14:31:00,2010-10-18 15:25:00,80.0
15460,United Kingdom,2010-12-20 16:08:00,2010-12-20 16:08:00,0.0
15461,United Kingdom,2010-03-18 12:40:00,2010-09-05 12:31:00,170.0
15462,United Kingdom,2010-09-20 10:23:00,2011-09-06 13:11:00,351.0
15463,United Kingdom,2011-11-10 12:57:00,2011-11-10 12:57:00,0.0
15464,United Kingdom,2011-01-05 15:56:00,2011-01-05 15:56:00,0.0
15465,United Kingdom,2009-12-10 09:42:00,2011-11-20 10:11:00,710.0
15466,United Kingdom,2009-12-03 12:28:00,2011-09-15 14:08:00,651.0
15467,United Kingdom,2011-07-10 14:42:00,2011-11-30 14:17:00,142.0
15468,United Kingdom,2010-11-12 09:39:00,2011-10-19 13:49:00,341.0
15469,United Kingdom,2010-09-27 10:09:00,2011-10-20 16:21:00,388.0
15470,United Kingdom,2010-05-13 09:35:00,2010-05-13 09:35:00,0.0
15471,United Kingdom,2010-06-07 12:17:00,2011-12-07 14:12:00,548.0
15472,United Kingdom,2011-08-18 15:17:00,2011-08-18 15:17:00,0.0
15473,United Kingdom,2010-09-21 09:14:00,2011-11-25 15:15:00,430.0
15474,United Kingdom,2010-04-23 11:14:00,2010-04-23 11:14:00,0.0
15475,United Kingdom,2011-09-23 15:20:00,2011-09-23 15:20:00,0.0
15476,United Kingdom,2010-09-23 14:00:00,2010-11-24 15:17:00,62.0
15477,United Kingdom,2010-02-28 10:37:00,2010-02-28 10:37:00,0.0
15478,United Kingdom,2010-05-13 18:49:00,2011-10-30 14:19:00,534.0
15479,United Kingdom,2009-12-06 15:08:00,2009-12-06 15:08:00,0.0
15480,Malta,2010-02-01 14:52:00,2011-08-15 14:32:00,559.0
15481,Norway,2010-11-03 14:52:00,2010-11-03 14:52:00,0.0
15482,United Kingdom,2009-12-02 16:59:00,2011-11-24 10:46:00,721.0
15483,United Kingdom,2010-01-24 15:42:00,2011-07-01 13:07:00,522.0
15484,United Kingdom,2009-12-05 15:18:00,2011-12-08 15:03:00,732.0
15485,United Kingdom,2009-12-01 17:31:00,2011-11-09 14:31:00,707.0
15486,United Kingdom,2010-06-30 13:15:00,2010-06-30 13:15:00,0.0
15487,United Kingdom,2010-01-29 12:07:00,2010-01-29 12:07:00,0.0
15488,United Kingdom,2010-05-05 13:03:00,2011-09-08 10:11:00,490.0
15489,United Kingdom,2010-01-15 16:58:00,2011-11-17 08:53:00,670.0
15490,United Kingdom,2010-10-05 13:11:00,2010-10-05 13:11:00,0.0
15491,United Kingdom,2011-04-18 10:04:00,2011-09-05 15:56:00,140.0
15492,United Kingdom,2011-09-26 14:02:00,2011-11-11 14:53:00,46.0
15493,United Kingdom,2010-02-23 11:14:00,2011-11-07 12:04:00,622.0
15494,United Kingdom,2009-12-10 20:16:00,2011-11-18 14:51:00,707.0
15495,United Kingdom,2010-11-25 13:46:00,2010-11-25 13:46:00,0.0
15496,United Kingdom,2010-03-18 13:16:00,2010-03-18 13:16:00,0.0
15497,United Kingdom,2009-12-18 15:08:00,2011-11-22 11:51:00,703.0
15498,United Kingdom,2009-12-16 17:27:00,2011-12-07 12:48:00,720.0
15499,United Kingdom,2009-12-16 12:17:00,2009-12-16 12:17:00,0.0
15500,United Kingdom,2011-09-19 13:47:00,2011-12-01 13:47:00,73.0
15501,United Kingdom,2010-10-20 12:47:00,2010-10-31 11:15:00,10.0
15502,United Kingdom,2010-06-03 11:12:00,2011-11-24 12:48:00,539.0
15503,United Kingdom,2009-12-13 11:34:00,2010-12-12 10:57:00,363.0
15504,United Kingdom,2010-02-12 12:34:00,2011-09-19 13:45:00,584.0
15505,United Kingdom,2011-07-07 13:33:00,2011-10-18 07:56:00,102.0
15506,United Kingdom,2010-08-19 12:38:00,2011-11-17 12:11:00,454.0
15507,United Kingdom,2011-06-21 11:19:00,2011-06-21 11:19:00,0.0
15508,United Kingdom,2011-04-18 15:31:00,2011-06-03 15:43:00,46.0
15509,United Kingdom,2010-11-24 14:48:00,2010-11-24 14:48:00,0.0
15510,United Kingdom,2011-01-13 12:10:00,2011-01-13 12:10:00,0.0
15511,United Kingdom,2011-09-15 15:05:00,2011-11-28 09:43:00,73.0
15512,United Kingdom,2010-02-01 13:23:00,2011-07-07 10:20:00,520.0
15513,United Kingdom,2010-01-13 14:59:00,2011-11-06 14:36:00,661.0
15514,United Kingdom,2009-12-04 16:37:00,2011-11-27 14:40:00,722.0
15515,United Kingdom,2010-11-17 13:39:00,2010-11-17 13:39:00,0.0
15516,United Kingdom,2011-10-24 11:33:00,2011-10-26 10:51:00,1.0
15517,United Kingdom,2011-04-20 14:02:00,2011-04-20 14:02:00,0.0
15518,United Kingdom,2009-12-20 12:21:00,2011-10-06 13:05:00,655.0
15519,United Kingdom,2010-09-19 13:57:00,2010-11-21 14:35:00,63.0
15520,United Kingdom,2011-12-08 10:58:00,2011-12-08 10:58:00,0.0
15521,United Kingdom,2010-01-05 10:19:00,2011-10-30 13:42:00,663.0
15522,United Kingdom,2011-09-13 12:26:00,2011-11-07 11:26:00,54.0
15523,United Kingdom,2009-12-02 15:16:00,2011-09-16 16:29:00,653.0
15524,United Kingdom,2010-04-12 09:19:00,2011-11-15 12:09:00,582.0
15525,United Kingdom,2010-11-22 12:10:00,2011-12-07 14:43:00,380.0
15526,United Kingdom,2011-11-06 15:01:00,2011-11-06 15:04:00,0.0
15527,United Kingdom,2009-12-15 17:31:00,2011-11-21 12:17:00,705.0
15528,United Kingdom,2011-03-30 16:14:00,2011-03-30 16:14:00,0.0
15529,United Kingdom,2010-11-10 14:26:00,2011-11-17 11:29:00,371.0
15530,United Kingdom,2010-07-15 11:10:00,2011-11-18 12:25:00,491.0
15531,United Kingdom,2011-11-09 17:47:00,2011-12-01 18:43:00,22.0
15532,United Kingdom,2010-06-08 14:52:00,2011-11-14 14:51:00,523.0
15533,United Kingdom,2011-09-11 15:41:00,2011-11-20 15:35:00,69.0
15534,United Kingdom,2009-12-14 12:48:00,2009-12-14 12:48:00,0.0
15535,United Kingdom,2010-09-16 20:04:00,2011-06-19 16:02:00,275.0
15536,United Kingdom,2010-10-26 16:31:00,2010-10-26 16:31:00,0.0
15537,United Kingdom,2011-06-29 13:10:00,2011-06-29 13:10:00,0.0
15538,United Kingdom,2010-02-14 12:38:00,2010-06-20 10:49:00,125.0
15539,United Kingdom,2011-12-02 13:36:00,2011-12-02 13:36:00,0.0
15540,United Kingdom,2010-11-29 11:10:00,2011-11-28 13:51:00,364.0
15541,United Kingdom,2011-08-17 14:58:00,2011-08-17 14:58:00,0.0
15542,United Kingdom,2009-12-02 11:53:00,2010-07-15 13:32:00,225.0
15543,United Kingdom,2010-09-06 11:28:00,2011-02-24 15:26:00,171.0
15544,United Kingdom,2010-01-28 14:39:00,2011-11-30 16:43:00,671.0
15545,United Kingdom,2010-12-03 17:28:00,2011-10-16 13:24:00,316.0
15546,United Kingdom,2010-04-12 11:45:00,2010-04-12 11:51:00,0.0
15547,United Kingdom,2009-12-06 13:40:00,2011-12-02 12:52:00,725.0
15548,United Kingdom,2010-04-23 12:20:00,2010-04-23 12:20:00,0.0
15549,United Kingdom,2010-01-11 13:16:00,2011-09-23 16:22:00,620.0
15550,United Kingdom,2009-12-03 15:15:00,2011-12-05 15:38:00,732.0
15551,United Kingdom,2010-06-07 15:05:00,2011-11-03 12:37:00,513.0
15552,United Kingdom,2010-03-26 16:17:00,2011-05-06 14:47:00,405.0
15553,United Kingdom,2011-10-10 14:02:00,2011-10-10 14:02:00,0.0
15554,United Kingdom,2011-03-07 09:00:00,2011-03-07 09:00:00,0.0
15555,United Kingdom,2009-12-06 11:58:00,2011-11-27 16:19:00,721.0
15556,United Kingdom,2011-11-15 16:08:00,2011-11-15 16:08:00,0.0
15557,United Kingdom,2011-11-11 12:46:00,2011-11-11 12:46:00,0.0
15558,United Kingdom,2010-03-10 15:25:00,2010-03-10 15:25:00,0.0
15559,United Kingdom,2010-05-20 14:06:00,2010-05-20 14:06:00,0.0
15560,United Kingdom,2010-11-07 10:14:00,2010-11-07 10:15:00,0.0
15561,United Kingdom,2010-02-14 12:22:00,2011-11-28 11:07:00,651.0
15562,United Kingdom,2009-12-13 15:17:00,2010-12-23 09:55:00,374.0
15563,United Kingdom,2010-01-28 11:36:00,2011-11-17 14:50:00,658.0
15564,United Kingdom,2010-02-01 15:58:00,2010-09-02 15:52:00,212.0
15565,United Kingdom,2011-09-30 10:44:00,2011-10-20 14:33:00,20.0
15566,United Kingdom,2009-12-15 14:53:00,2010-11-12 12:11:00,331.0
15567,United Kingdom,2011-11-21 10:48:00,2011-11-21 10:48:00,0.0
15568,United Kingdom,2011-09-27 14:37:00,2011-12-07 11:27:00,70.0
15569,United Kingdom,2010-02-28 10:55:00,2011-08-28 10:15:00,545.0
15570,United Kingdom,2010-03-28 14:04:00,2011-12-02 14:47:00,614.0
15571,United Kingdom,2009-12-06 12:10:00,2011-11-28 10:02:00,721.0
15572,United Kingdom,2010-04-14 14:38:00,2011-12-05 10:09:00,599.0
15573,United Kingdom,2009-12-10 14:19:00,2011-11-08 11:38:00,697.0
15574,United Kingdom,2010-09-01 14:37:00,2011-06-15 12:01:00,286.0
15575,United Kingdom,2010-03-30 12:50:00,2010-03-30 12:50:00,0.0
15576,United Kingdom,2011-11-02 12:03:00,2011-11-02 12:03:00,0.0
15577,United Kingdom,2009-12-13 16:17:00,2011-07-11 17:03:00,575.0
15578,United Kingdom,2011-06-30 13:03:00,2011-06-30 13:03:00,0.0
15579,United Kingdom,2010-10-03 14:37:00,2011-10-02 12:45:00,363.0
15580,United Kingdom,2010-02-07 11:21:00,2010-11-28 11:00:00,293.0
15581,United Kingdom,2009-12-02 12:19:00,2011-08-11 09:38:00,616.0
15582,United Kingdom,2011-05-03 13:36:00,2011-11-15 09:55:00,195.0
15583,United Kingdom,2010-11-28 15:04:00,2010-11-28 15:04:00,0.0
15584,United Kingdom,2010-02-07 12:16:00,2011-11-16 10:55:00,646.0
15585,United Kingdom,2011-06-16 08:38:00,2011-06-16 08:38:00,0.0
15586,United Kingdom,2010-01-08 10:02:00,2010-04-26 11:00:00,108.0
15587,United Kingdom,2010-08-05 08:44:00,2011-10-20 13:37:00,441.0
15588,United Kingdom,2010-01-31 12:19:00,2010-01-31 12:19:00,0.0
15589,United Kingdom,2011-02-02 10:46:00,2011-03-29 09:54:00,54.0
15590,United Kingdom,2010-04-12 10:09:00,2010-11-22 14:49:00,224.0
15591,United Kingdom,2010-02-04 09:20:00,2010-05-06 09:23:00,91.0
15592,United Kingdom,2011-10-24 08:59:00,2011-10-24 08:59:00,0.0
15593,United Kingdom,2011-09-30 11:46:00,2011-09-30 11:46:00,0.0
15594,United Kingdom,2011-04-19 10:08:00,2011-11-24 08:53:00,218.0
15595,United Kingdom,2010-08-09 12:27:00,2010-08-09 12:27:00,0.0
15596,United Kingdom,2010-07-28 11:46:00,2011-08-31 10:55:00,398.0
15597,United Kingdom,2010-05-13 13:10:00,2011-11-04 13:26:00,540.0
15598,United Kingdom,2010-10-08 09:20:00,2011-10-17 16:04:00,374.0
15599,United Kingdom,2010-09-20 10:15:00,2011-11-13 11:44:00,419.0
15600,United Kingdom,2010-04-25 11:50:00,2010-10-07 14:30:00,165.0
15601,United Kingdom,2009-12-01 14:53:00,2011-11-28 15:15:00,727.0
15602,United Kingdom,2009-12-02 09:35:00,2011-12-01 14:14:00,729.0
15603,United Kingdom,2010-03-01 16:02:00,2011-09-22 10:04:00,569.0
15604,United Kingdom,2011-10-18 14:47:00,2011-10-18 14:47:00,0.0
15605,United Kingdom,2010-01-14 14:03:00,2011-11-03 14:17:00,658.0
15606,United Kingdom,2010-03-02 14:48:00,2011-10-09 15:47:00,586.0
15607,United Kingdom,2010-01-08 12:16:00,2011-01-07 12:44:00,364.0
15608,United Kingdom,2010-10-20 10:10:00,2011-11-11 13:20:00,387.0
15609,United Kingdom,2011-06-08 13:00:00,2011-06-08 13:00:00,0.0
15610,United Kingdom,2011-10-19 10:36:00,2011-10-19 10:36:00,0.0
15611,United Kingdom,2010-01-25 14:50:00,2011-11-30 12:36:00,673.0
15612,United Kingdom,2011-10-09 12:49:00,2011-11-03 14:52:00,25.0
15613,United Kingdom,2010-04-08 12:51:00,2010-04-08 12:51:00,0.0
15614,United Kingdom,2010-03-23 11:13:00,2010-09-28 10:46:00,188.0
15615,United Kingdom,2009-12-02 15:28:00,2011-11-29 14:42:00,726.0
15616,United Kingdom,2010-09-27 13:10:00,2010-09-27 13:10:00,0.0
15617,United Kingdom,2010-07-20 13:16:00,2010-11-08 16:07:00,111.0
15618,United Kingdom,2011-07-26 10:13:00,2011-11-07 08:34:00,103.0
15619,United Kingdom,2011-11-29 08:14:00,2011-11-29 08:14:00,0.0
15620,United Kingdom,2010-10-26 11:32:00,2011-10-14 12:41:00,353.0
15621,United Kingdom,2011-11-18 11:49:00,2011-12-05 14:01:00,17.0
15622,United Kingdom,2010-03-04 10:29:00,2011-10-27 16:44:00,602.0
15623,United Kingdom,2009-12-10 14:46:00,2011-07-21 17:26:00,588.0
15624,United Kingdom,2011-03-28 13:32:00,2011-08-15 11:38:00,139.0
15625,United Kingdom,2010-06-15 15:23:00,2011-08-28 10:21:00,438.0
15626,United Kingdom,2010-10-14 17:16:00,2011-09-26 10:03:00,346.0
15627,United Kingdom,2010-07-05 11:56:00,2010-09-08 14:14:00,65.0
15628,United Kingdom,2009-12-13 13:39:00,2011-12-05 10:24:00,721.0
15629,United Kingdom,2010-06-25 11:39:00,2010-09-15 13:46:00,82.0
15630,United Kingdom,2010-03-05 14:30:00,2011-10-25 15:36:00,599.0
15631,United Kingdom,2010-03-07 14:52:00,2010-03-07 14:52:00,0.0
15632,United Kingdom,2011-03-10 08:29:00,2011-11-24 09:51:00,259.0
15633,United Kingdom,2009-12-08 17:51:00,2010-07-18 13:54:00,221.0
15634,United Kingdom,2010-11-21 15:30:00,2011-11-22 16:28:00,366.0
15635,United Kingdom,2010-11-09 08:58:00,2010-11-09 08:58:00,0.0
15636,United Kingdom,2010-05-19 11:37:00,2011-09-11 11:17:00,479.0
15637,United Kingdom,2009-12-15 17:54:00,2011-10-18 08:28:00,671.0
15638,United Kingdom,2010-04-08 14:37:00,2010-11-26 11:52:00,231.0
15639,United Kingdom,2010-04-13 13:11:00,2011-07-28 14:30:00,471.0
15640,United Kingdom,2009-12-14 16:36:00,2011-12-05 14:35:00,720.0
15641,United Kingdom,2009-12-06 15:31:00,2011-08-26 14:04:00,627.0
15642,United Kingdom,2009-12-10 11:51:00,2009-12-10 11:51:00,0.0
15643,United Kingdom,2011-03-02 14:34:00,2011-06-01 07:38:00,90.0
15644,United Kingdom,2011-03-23 15:37:00,2011-06-26 14:54:00,94.0
15645,United Kingdom,2010-10-10 12:51:00,2011-11-21 11:55:00,406.0
15646,United Kingdom,2010-10-25 13:06:00,2011-07-05 09:53:00,252.0
15647,United Kingdom,2010-10-20 15:09:00,2010-10-20 15:09:00,0.0
15648,United Kingdom,2011-03-17 18:59:00,2011-05-19 15:53:00,62.0
15649,United Kingdom,2010-11-17 16:22:00,2011-01-07 13:34:00,50.0
15650,United Kingdom,2010-03-21 11:46:00,2010-07-06 10:41:00,106.0
15651,United Kingdom,2010-04-22 13:26:00,2011-11-03 08:41:00,559.0
15652,United Kingdom,2010-08-11 16:58:00,2011-09-09 14:22:00,393.0
15653,United Kingdom,2011-08-16 09:50:00,2011-09-08 10:49:00,23.0
15654,United Kingdom,2011-11-13 15:15:00,2011-11-30 13:08:00,16.0
15655,United Kingdom,2011-04-10 15:25:00,2011-04-10 15:25:00,0.0
15656,United Kingdom,2011-02-28 15:32:00,2011-10-25 14:56:00,238.0
15657,United Kingdom,2011-11-17 12:19:00,2011-11-17 12:19:00,0.0
15658,United Kingdom,2009-12-03 11:19:00,2011-06-02 15:22:00,546.0
15659,United Kingdom,2010-02-24 13:32:00,2011-10-27 09:23:00,609.0
15660,United Kingdom,2010-02-05 16:01:00,2011-11-14 16:58:00,647.0
15661,United Kingdom,2010-05-10 07:59:00,2011-01-26 13:56:00,261.0
15662,United Kingdom,2009-12-01 13:49:00,2010-02-16 16:47:00,77.0
15663,United Kingdom,2011-08-25 15:50:00,2011-08-25 15:50:00,0.0
15664,United Kingdom,2010-02-28 12:50:00,2011-10-20 10:57:00,598.0
15665,United Kingdom,2010-03-14 15:07:00,2011-06-24 14:57:00,466.0
15666,United Kingdom,2010-08-01 15:41:00,2010-08-24 16:14:00,23.0
15667,United Kingdom,2011-10-31 10:56:00,2011-10-31 10:56:00,0.0
15668,United Kingdom,2011-05-06 10:39:00,2011-05-06 10:39:00,0.0
15669,United Kingdom,2011-03-21 09:13:00,2011-10-30 16:03:00,223.0
15670,United Kingdom,2010-06-01 15:34:00,2011-02-16 10:50:00,259.0
15671,United Kingdom,2011-03-14 09:37:00,2011-11-21 12:43:00,252.0
15672,United Kingdom,2009-12-14 16:52:00,2009-12-14 16:52:00,0.0
15673,United Kingdom,2010-02-22 14:28:00,2011-09-12 16:12:00,567.0
15674,United Kingdom,2009-12-08 17:08:00,2011-09-27 15:17:00,657.0
15675,United Kingdom,2010-10-31 14:14:00,2011-09-19 13:48:00,322.0
15676,United Kingdom,2011-03-01 10:19:00,2011-11-21 12:40:00,265.0
15677,United Kingdom,2010-09-02 12:08:00,2011-10-21 15:36:00,414.0
15678,United Kingdom,2010-07-05 12:49:00,2011-10-18 09:25:00,469.0
15679,United Kingdom,2011-06-10 08:24:00,2011-11-15 16:19:00,158.0
15680,United Kingdom,2009-12-02 12:15:00,2011-11-30 13:46:00,728.0
15681,United Kingdom,2010-05-24 14:18:00,2011-11-14 16:30:00,539.0
15682,United Kingdom,2010-01-21 14:37:00,2010-04-19 15:30:00,88.0
15683,United Kingdom,2010-08-23 12:01:00,2011-08-14 12:56:00,356.0
15684,United Kingdom,2009-12-04 16:13:00,2010-06-10 18:51:00,188.0
15685,United Kingdom,2010-09-15 13:43:00,2010-09-15 13:43:00,0.0
15686,United Kingdom,2010-10-15 13:50:00,2010-10-15 13:50:00,0.0
15687,United Kingdom,2011-01-13 15:13:00,2011-12-01 08:33:00,321.0
15688,United Kingdom,2010-10-17 12:06:00,2010-10-17 12:06:00,0.0
15689,United Kingdom,2010-04-01 09:53:00,2011-08-12 09:37:00,497.0
15690,United Kingdom,2011-08-31 11:40:00,2011-12-05 15:59:00,96.0
15691,United Kingdom,2009-12-06 16:01:00,2011-04-01 15:13:00,480.0
15692,United Kingdom,2011-11-11 14:12:00,2011-11-11 14:12:00,0.0
15693,United Kingdom,2010-02-18 14:37:00,2010-02-18 14:37:00,0.0
15694,United Kingdom,2009-12-07 15:43:00,2011-12-09 09:44:00,731.0
15695,United Kingdom,2010-01-27 10:56:00,2011-03-18 08:32:00,414.0
15696,United Kingdom,2010-01-24 14:36:00,2011-11-06 14:02:00,650.0
15697,United Kingdom,2010-01-19 09:10:00,2010-01-19 09:10:00,0.0
15698,United Kingdom,2010-03-25 17:38:00,2010-03-25 17:38:00,0.0
15699,United Kingdom,2011-11-22 08:26:00,2011-11-22 08:26:00,0.0
15700,United Kingdom,2011-06-19 15:36:00,2011-06-20 16:53:00,1.0
15701,United Kingdom,2011-08-21 12:36:00,2011-12-07 14:39:00,108.0
15702,Nigeria,2010-01-26 17:23:00,2010-08-20 14:50:00,205.0
15703,United Kingdom,2011-03-20 10:51:00,2011-03-20 10:51:00,0.0
15704,United Kingdom,2010-05-05 14:51:00,2011-07-22 13:35:00,442.0
15705,United Kingdom,2011-05-22 15:37:00,2011-05-22 15:37:00,0.0
15706,United Kingdom,2011-08-15 14:32:00,2011-10-07 10:09:00,52.0
15707,United Kingdom,2011-09-14 14:19:00,2011-11-04 14:35:00,51.0
15708,United Kingdom,2010-10-10 11:33:00,2011-10-30 10:54:00,384.0
15709,United Kingdom,2010-04-29 18:31:00,2011-03-01 10:38:00,305.0
15710,United Kingdom,2010-10-18 17:05:00,2010-10-18 17:05:00,0.0
15711,United Kingdom,2010-01-24 12:13:00,2010-06-01 12:14:00,128.0
15712,United Kingdom,2009-12-01 11:17:00,2011-11-30 14:09:00,729.0
15713,United Kingdom,2009-12-16 09:41:00,2011-07-19 13:34:00,580.0
15714,United Kingdom,2010-06-02 12:08:00,2011-11-28 11:26:00,543.0
15715,United Kingdom,2010-03-30 12:17:00,2010-06-02 09:56:00,63.0
15716,United Kingdom,2009-12-07 12:42:00,2011-07-17 11:59:00,586.0
15717,United Kingdom,2010-04-26 10:41:00,2011-04-19 13:21:00,358.0
15718,United Kingdom,2010-06-17 16:20:00,2010-06-17 16:20:00,0.0
15719,United Kingdom,2009-12-01 12:47:00,2011-11-07 12:29:00,705.0
15720,United Kingdom,2010-06-07 15:40:00,2011-11-15 14:48:00,525.0
15721,United Kingdom,2011-11-28 12:14:00,2011-11-28 12:14:00,0.0
15722,United Kingdom,2010-03-09 15:05:00,2011-11-04 11:43:00,604.0
15723,United Kingdom,2010-05-14 12:55:00,2010-12-10 11:12:00,209.0
15724,United Kingdom,2010-11-04 10:22:00,2011-05-22 14:40:00,199.0
15725,United Kingdom,2011-11-24 14:51:00,2011-11-24 14:51:00,0.0
15726,United Kingdom,2010-11-14 16:12:00,2010-11-14 16:12:00,0.0
15727,United Kingdom,2010-01-24 12:12:00,2011-11-23 12:36:00,668.0
15728,United Kingdom,2010-09-21 14:46:00,2010-11-25 10:39:00,64.0
15729,United Kingdom,2010-11-01 13:44:00,2011-05-11 12:36:00,190.0
15730,United Kingdom,2010-10-04 14:15:00,2011-10-05 12:31:00,365.0
15731,United Kingdom,2010-06-04 10:10:00,2010-06-04 10:10:00,0.0
15732,United Kingdom,2010-02-04 10:10:00,2011-05-11 14:24:00,461.0
15733,United Kingdom,2011-03-02 09:05:00,2011-03-02 09:05:00,0.0
15734,United Kingdom,2010-06-10 14:25:00,2011-08-17 10:50:00,432.0
15735,United Kingdom,2010-10-14 13:38:00,2010-10-14 13:38:00,0.0
15736,United Kingdom,2010-09-30 14:19:00,2010-09-30 14:20:00,0.0
15737,United Kingdom,2011-04-11 10:01:00,2011-11-25 11:21:00,228.0
15738,United Kingdom,2009-12-10 15:52:00,2011-11-21 08:26:00,710.0
15739,United Kingdom,2011-10-04 13:42:00,2011-10-04 13:42:00,0.0
15740,United Kingdom,2011-10-21 14:29:00,2011-10-21 14:29:00,0.0
15741,United Kingdom,2010-03-31 11:55:00,2010-09-07 16:21:00,160.0
15742,United Kingdom,2010-03-30 15:25:00,2010-03-30 15:25:00,0.0
15743,United Kingdom,2011-06-08 10:14:00,2011-11-23 17:19:00,168.0
15744,United Kingdom,2011-09-23 09:52:00,2011-09-23 09:52:00,0.0
15745,United Kingdom,2011-04-17 13:04:00,2011-11-20 13:45:00,217.0
15746,United Kingdom,2011-07-28 15:21:00,2011-07-28 15:21:00,0.0
15747,United Kingdom,2010-01-18 11:21:00,2011-11-27 12:26:00,678.0
15748,United Kingdom,2010-09-16 16:52:00,2011-10-30 12:51:00,408.0
15749,United Kingdom,2011-01-11 12:55:00,2011-04-18 13:20:00,97.0
15750,United Kingdom,2009-12-01 17:19:00,2011-12-07 12:34:00,735.0
15751,United Kingdom,2009-12-06 13:08:00,2010-09-05 12:44:00,272.0
15752,United Kingdom,2010-09-08 11:56:00,2011-10-31 11:37:00,417.0
15753,United Kingdom,2011-02-08 12:41:00,2011-02-08 12:41:00,0.0
15754,United Kingdom,2010-02-22 13:31:00,2011-10-19 14:40:00,604.0
15755,United Kingdom,2009-12-04 08:24:00,2011-11-29 14:57:00,725.0
15756,United Kingdom,2011-04-04 14:00:00,2011-10-09 13:30:00,187.0
15757,United Kingdom,2010-06-10 13:47:00,2011-10-05 12:14:00,481.0
15758,United Kingdom,2011-11-15 10:48:00,2011-11-15 10:48:00,0.0
15759,United Kingdom,2009-12-02 10:08:00,2011-05-05 15:13:00,519.0
15760,Norway,2010-03-19 11:35:00,2010-03-19 11:45:00,0.0
15761,United Kingdom,2010-09-23 09:33:00,2010-09-23 09:33:00,0.0
15762,United Kingdom,2011-09-23 15:17:00,2011-10-05 16:15:00,12.0
15763,United Kingdom,2011-09-23 12:10:00,2011-11-08 09:44:00,45.0
15764,United Kingdom,2010-08-18 13:58:00,2011-09-12 17:58:00,390.0
15765,United Kingdom,2010-02-11 10:25:00,2010-02-11 10:25:00,0.0
15766,United Kingdom,2010-01-26 15:55:00,2011-10-06 17:03:00,618.0
15767,United Kingdom,,,
15768,United Kingdom,2009-12-03 12:10:00,2011-08-16 10:48:00,620.0
15769,United Kingdom,2009-12-11 09:58:00,2011-12-02 13:52:00,721.0
15770,United Kingdom,2010-04-06 11:47:00,2010-04-06 11:47:00,0.0
15771,United Kingdom,2010-01-15 12:14:00,2010-04-14 13:56:00,89.0
15772,United Kingdom,2010-10-17 13:33:00,2010-10-17 13:33:00,0.0
15773,United Kingdom,2010-10-26 15:27:00,2011-12-04 12:48:00,403.0
15774,United Kingdom,2010-02-21 12:57:00,2011-10-02 12:04:00,587.0
15775,United Kingdom,2010-03-18 07:32:00,2011-04-08 12:56:00,386.0
15776,United Kingdom,2011-07-29 13:46:00,2011-07-29 13:46:00,0.0
15777,United Kingdom,2010-05-20 10:37:00,2011-04-12 16:43:00,327.0
15778,United Kingdom,2010-10-04 15:10:00,2010-10-04 15:10:00,0.0
15779,United Kingdom,2010-06-25 15:55:00,2010-09-02 16:40:00,69.0
15780,United Kingdom,2010-12-17 11:43:00,2011-06-09 12:01:00,174.0
15781,United Kingdom,2011-02-07 09:15:00,2011-11-14 14:57:00,280.0
15782,United Kingdom,2010-10-05 15:43:00,2011-11-30 10:49:00,420.0
15783,United Kingdom,2011-11-29 09:50:00,2011-11-29 09:50:00,0.0
15784,United Kingdom,2010-02-05 14:42:00,2010-08-29 10:38:00,204.0
15785,United Kingdom,2009-12-15 16:28:00,2011-11-07 11:33:00,691.0
15786,United Kingdom,2010-06-21 10:13:00,2011-10-24 14:13:00,490.0
15787,United Kingdom,2011-10-09 13:11:00,2011-11-13 14:55:00,35.0
15788,United Kingdom,2010-07-19 12:48:00,2010-07-19 12:48:00,0.0
15789,United Kingdom,2010-03-26 11:21:00,2010-12-16 14:35:00,265.0
15790,United Kingdom,2011-11-29 14:53:00,2011-11-29 14:53:00,0.0
15791,United Kingdom,2010-03-08 09:41:00,2011-10-27 10:14:00,598.0
15792,United Kingdom,2010-03-31 09:42:00,2010-11-05 08:21:00,218.0
15793,United Kingdom,2009-12-01 12:54:00,2011-11-25 09:31:00,723.0
15794,United Kingdom,2009-12-02 15:10:00,2009-12-03 13:04:00,0.0
15795,United Kingdom,2010-01-18 11:31:00,2011-07-13 10:43:00,540.0
15796,United Kingdom,2010-03-31 13:10:00,2011-12-08 19:55:00,617.0
15797,United Kingdom,2010-01-27 13:12:00,2011-08-18 17:04:00,568.0
15798,United Kingdom,2010-01-27 11:55:00,2010-08-04 09:13:00,188.0
15799,United Kingdom,2010-10-17 14:26:00,2011-09-25 12:46:00,342.0
15800,United Kingdom,2010-03-31 13:17:00,2011-08-24 14:23:00,511.0
15801,United Kingdom,2011-08-22 09:53:00,2011-10-24 13:52:00,63.0
15802,United Kingdom,2011-07-20 11:38:00,2011-07-20 11:38:00,0.0
15803,United Kingdom,2010-02-01 16:29:00,2011-10-19 14:56:00,624.0
15804,United Kingdom,2011-05-25 10:12:00,2011-12-09 12:31:00,198.0
15805,United Kingdom,2009-12-10 12:57:00,2011-11-16 16:32:00,706.0
15806,United Kingdom,2011-03-08 09:24:00,2011-10-24 14:35:00,230.0
15807,United Kingdom,2010-02-11 15:32:00,2011-10-20 14:10:00,615.0
15808,United Kingdom,2009-12-01 16:30:00,2011-02-06 14:33:00,431.0
15809,United Kingdom,2010-06-22 14:23:00,2011-11-03 16:40:00,499.0
15810,United Kingdom,2010-02-04 18:18:00,2011-09-22 09:38:00,594.0
15811,United Kingdom,2010-11-16 16:46:00,2011-11-17 15:31:00,365.0
15812,United Kingdom,2009-12-15 13:40:00,2011-08-24 14:19:00,617.0
15813,United Kingdom,2011-04-14 09:09:00,2011-05-16 08:13:00,31.0
15814,United Kingdom,2010-04-15 14:31:00,2011-11-23 08:17:00,586.0
15815,United Kingdom,2011-03-25 08:43:00,2011-10-07 12:42:00,196.0
15816,United Kingdom,2010-06-15 12:54:00,2010-06-15 13:36:00,0.0
15817,United Kingdom,2010-06-14 13:31:00,2010-10-15 11:07:00,122.0
15818,United Kingdom,2010-04-30 12:58:00,2010-04-30 12:58:00,0.0
15819,United Kingdom,2010-03-18 11:08:00,2011-10-21 14:50:00,582.0
15820,United Kingdom,2011-01-24 12:00:00,2011-01-24 12:00:00,0.0
15821,United Kingdom,2011-10-09 13:28:00,2011-10-26 15:48:00,17.0
15822,United Kingdom,2009-12-06 15:12:00,2011-12-06 14:50:00,729.0
15823,United Kingdom,2009-12-08 15:12:00,2010-12-02 15:08:00,358.0
15824,United Kingdom,2010-06-25 15:10:00,2010-09-12 13:20:00,78.0
15825,United Kingdom,2011-06-20 13:27:00,2011-06-20 13:27:00,0.0
15826,United Kingdom,2010-05-20 17:00:00,2011-10-14 16:05:00,511.0
15827,United Kingdom,2010-01-08 11:25:00,2011-09-27 15:35:00,627.0
15828,United Kingdom,2010-11-29 16:41:00,2010-11-29 16:41:00,0.0
15829,United Kingdom,2011-07-22 10:23:00,2011-09-01 16:45:00,41.0
15830,United Kingdom,2011-11-02 10:40:00,2011-11-02 10:40:00,0.0
15831,United Kingdom,2011-01-19 14:52:00,2011-10-12 13:14:00,265.0
15832,United Kingdom,2011-03-30 15:29:00,2011-03-30 15:29:00,0.0
15833,United Kingdom,2009-12-02 11:59:00,2009-12-02 11:59:00,0.0
15834,United Kingdom,2010-10-11 14:05:00,2011-09-30 14:41:00,354.0
15835,United Kingdom,2011-01-13 10:35:00,2011-10-26 15:47:00,286.0
15836,United Kingdom,2011-10-20 17:13:00,2011-10-20 17:13:00,0.0
15837,United Kingdom,2010-08-11 10:16:00,2011-10-06 09:01:00,420.0
15838,United Kingdom,2009-12-15 09:51:00,2011-11-28 14:00:00,713.0
15839,United Kingdom,2011-07-14 16:35:00,2011-11-06 13:54:00,114.0
15840,United Kingdom,2011-06-20 11:42:00,2011-10-12 09:08:00,113.0
15841,United Kingdom,2009-12-10 08:29:00,2011-09-28 12:15:00,657.0
15842,United Kingdom,2010-06-30 09:06:00,2010-11-11 14:08:00,134.0
15843,United Kingdom,2011-02-09 10:19:00,2011-02-09 10:19:00,0.0
15844,United Kingdom,2011-10-24 15:19:00,2011-10-24 15:19:00,0.0
15845,United Kingdom,2010-01-26 14:44:00,2011-11-22 09:42:00,664.0
15846,United Kingdom,2010-11-19 14:40:00,2010-11-19 14:40:00,0.0
15847,United Kingdom,2010-03-08 08:47:00,2011-11-01 14:41:00,603.0
15848,United Kingdom,2010-03-28 10:54:00,2010-03-28 10:54:00,0.0
15849,United Kingdom,,,
15850,United Kingdom,2009-12-13 13:27:00,2011-11-20 14:14:00,707.0
15851,United Kingdom,2010-07-01 12:34:00,2010-07-01 12:34:00,0.0
15852,United Kingdom,2010-07-01 10:16:00,2011-06-06 11:22:00,340.0
15853,United Kingdom,2011-10-19 10:38:00,2011-10-19 10:38:00,0.0
15854,United Kingdom,2009-12-10 12:08:00,2011-12-05 13:39:00,725.0
15855,United Kingdom,2010-08-20 17:15:00,2011-07-26 10:20:00,339.0
15856,United Kingdom,2009-12-03 14:02:00,2011-12-05 17:09:00,732.0
15857,United Kingdom,2010-10-05 16:43:00,2011-11-21 12:18:00,411.0
15858,United Kingdom,2009-12-10 11:42:00,2011-11-24 12:48:00,714.0
15859,United Kingdom,2010-10-03 12:52:00,2010-10-03 12:52:00,0.0
15860,United Kingdom,2009-12-06 12:31:00,2011-10-30 11:25:00,692.0
15861,United Kingdom,2010-01-28 19:41:00,2011-11-27 15:59:00,667.0
15862,United Kingdom,2009-12-17 11:33:00,2011-12-01 13:28:00,714.0
15863,United Kingdom,2009-12-17 10:20:00,2011-11-14 12:49:00,697.0
15864,United Kingdom,2010-11-23 15:02:00,2011-11-17 13:32:00,358.0
15865,United Kingdom,2010-01-05 13:58:00,2011-10-30 12:43:00,662.0
15866,United Kingdom,2011-08-30 14:09:00,2011-08-30 14:09:00,0.0
15867,United Kingdom,2009-12-14 15:16:00,2011-12-04 13:32:00,719.0
15868,United Kingdom,2010-05-05 14:11:00,2010-05-05 14:11:00,0.0
15869,United Kingdom,2010-03-23 16:50:00,2011-03-07 17:23:00,349.0
15870,United Kingdom,2010-09-19 16:22:00,2011-11-07 10:58:00,413.0
15871,United Kingdom,2010-09-28 14:16:00,2010-09-28 14:16:00,0.0
15872,United Kingdom,2010-06-07 14:53:00,2011-11-25 11:55:00,535.0
15873,United Kingdom,2010-07-27 11:58:00,2010-07-28 12:41:00,1.0
15874,United Kingdom,2010-01-07 13:56:00,2011-10-07 12:31:00,637.0
15875,United Kingdom,2010-03-03 16:51:00,2010-03-03 16:51:00,0.0
15876,United Kingdom,2010-09-17 15:26:00,2010-10-26 18:58:00,39.0
15877,United Kingdom,2011-11-22 11:18:00,2011-12-08 11:53:00,16.0
15878,United Kingdom,2009-12-06 12:28:00,2010-05-27 12:17:00,171.0
15879,United Kingdom,2009-12-17 19:54:00,2010-10-31 16:21:00,317.0
15880,United Kingdom,2010-12-05 13:00:00,2010-12-05 13:00:00,0.0
15881,United Kingdom,2010-12-10 13:32:00,2011-01-31 16:59:00,52.0
15882,United Kingdom,2009-12-10 15:33:00,2011-05-25 11:35:00,530.0
15883,United Kingdom,2011-11-06 14:50:00,2011-12-07 17:05:00,31.0
15884,United Kingdom,2009-12-03 18:23:00,2010-10-03 15:55:00,303.0
15885,United Kingdom,2010-01-21 12:47:00,2011-09-08 10:43:00,594.0
15886,United Kingdom,2010-04-20 15:03:00,2011-10-10 14:25:00,537.0
15887,United Kingdom,2010-06-02 11:53:00,2010-10-29 08:36:00,148.0
15888,United Kingdom,2010-07-01 11:51:00,2011-09-20 12:30:00,446.0
15889,United Kingdom,2009-12-10 12:21:00,2011-07-06 11:10:00,572.0
15890,United Kingdom,2010-04-14 08:43:00,2010-11-10 12:46:00,210.0
15891,United Kingdom,2011-04-27 12:35:00,2011-04-27 12:35:00,0.0
15892,United Kingdom,2010-02-08 16:23:00,2010-02-08 16:23:00,0.0
15893,United Kingdom,2010-08-15 11:12:00,2010-08-15 11:12:00,0.0
15894,United Kingdom,2010-12-05 14:06:00,2011-03-31 13:50:00,115.0
15895,United Kingdom,2011-07-13 10:27:00,2011-07-13 10:27:00,0.0
15896,United Kingdom,,,
15897,United Kingdom,2011-05-29 13:32:00,2011-05-29 13:50:00,0.0
15898,United Kingdom,2009-12-11 16:11:00,2011-12-08 15:23:00,726.0
15899,United Kingdom,2010-12-06 10:36:00,2010-12-06 10:36:00,0.0
15900,United Kingdom,2010-05-26 11:27:00,2011-11-16 12:19:00,539.0
15901,United Kingdom,2010-06-14 12:39:00,2011-11-23 12:43:00,527.0
15902,United Kingdom,2010-11-24 16:57:00,2010-11-24 16:57:00,0.0
15903,United Kingdom,2010-01-14 10:57:00,2011-11-30 08:08:00,684.0
15904,United Kingdom,2011-12-01 14:50:00,2011-12-01 14:50:00,0.0
15905,United Kingdom,2010-06-14 16:00:00,2010-06-14 16:00:00,0.0
15906,United Kingdom,2010-09-15 12:17:00,2011-11-20 12:24:00,431.0
15907,United Kingdom,2011-05-13 13:01:00,2011-12-06 12:21:00,206.0
15908,United Kingdom,2010-07-15 19:21:00,2010-08-06 11:56:00,21.0
15909,United Kingdom,2011-06-19 10:38:00,2011-06-19 10:38:00,0.0
15910,United Kingdom,2010-01-21 11:51:00,2011-12-09 10:51:00,686.0
15911,United Kingdom,2009-12-09 13:26:00,2010-03-26 12:06:00,106.0
15912,United Kingdom,2009-12-10 12:58:00,2011-06-14 14:29:00,551.0
15913,United Kingdom,2010-06-23 16:31:00,2010-06-23 16:31:00,0.0
15914,United Kingdom,2010-11-26 16:09:00,2010-11-26 16:10:00,0.0
15915,United Kingdom,2010-11-03 11:13:00,2010-11-03 11:13:00,0.0
15916,United Kingdom,2009-12-10 16:21:00,2011-11-23 13:46:00,712.0
15917,United Kingdom,2009-12-02 14:55:00,2011-04-06 10:40:00,489.0
15918,United Kingdom,2010-03-18 11:40:00,2011-06-02 11:42:00,441.0
15919,United Kingdom,2010-12-06 11:26:00,2011-11-20 11:28:00,349.0
15920,United Kingdom,2009-12-14 13:09:00,2011-07-08 15:31:00,571.0
15921,United Kingdom,2010-03-09 11:03:00,2011-06-20 11:03:00,468.0
15922,United Kingdom,2010-12-01 13:51:00,2010-12-01 13:51:00,0.0
15923,United Kingdom,2010-12-02 12:16:00,2010-12-02 12:16:00,0.0
15924,United Kingdom,2009-12-08 15:00:00,2009-12-08 15:00:00,0.0
15925,United Kingdom,2011-05-29 15:35:00,2011-05-29 15:35:00,0.0
15926,United Kingdom,2010-06-15 15:23:00,2010-06-15 15:23:00,0.0
15927,United Kingdom,2010-03-02 13:25:00,2010-03-02 13:25:00,0.0
15928,United Kingdom,2010-02-21 15:16:00,2010-02-21 15:16:00,0.0
15929,United Kingdom,2010-03-05 14:56:00,2010-03-05 14:56:00,0.0
15930,United Kingdom,2011-10-03 14:52:00,2011-10-03 14:52:00,0.0
15931,United Kingdom,2010-10-07 16:46:00,2010-10-07 16:46:00,0.0
15932,United Kingdom,2011-02-23 14:50:00,2011-12-05 17:13:00,285.0
15933,United Kingdom,2011-09-14 12:05:00,2011-11-18 13:14:00,65.0
15934,United Kingdom,2010-10-06 12:08:00,2010-10-18 10:13:00,11.0
15935,United Kingdom,2011-04-12 09:35:00,2011-04-14 13:27:00,2.0
15936,United Kingdom,2010-08-29 11:42:00,2010-11-25 16:39:00,88.0
15937,United Kingdom,2011-10-06 15:48:00,2011-10-06 15:48:00,0.0
15938,United Kingdom,2010-06-01 09:42:00,2011-08-19 12:56:00,444.0
15939,United Kingdom,2010-11-30 12:07:00,2011-09-11 11:30:00,284.0
15940,United Kingdom,2011-02-01 16:18:00,2011-02-01 16:18:00,0.0
15941,United Kingdom,2010-03-12 14:45:00,2010-03-12 14:45:00,0.0
15942,United Kingdom,2011-07-29 09:01:00,2011-07-29 09:01:00,0.0
15943,United Kingdom,2010-01-31 11:04:00,2010-02-28 12:49:00,28.0
15944,United Kingdom,2009-12-13 12:57:00,2011-03-08 10:33:00,449.0
15945,United Kingdom,2009-12-01 13:47:00,2010-12-09 13:14:00,372.0
15946,United Kingdom,2010-03-16 10:49:00,2010-07-25 12:18:00,131.0
15947,United Kingdom,2011-09-18 10:46:00,2011-09-18 10:46:00,0.0
15948,United Kingdom,2010-10-11 12:16:00,2011-12-01 15:32:00,416.0
15949,United Kingdom,2011-09-29 17:34:00,2011-11-23 09:09:00,54.0
15950,United Kingdom,2010-01-26 11:39:00,2011-11-08 11:09:00,650.0
15951,United Kingdom,2010-11-23 18:20:00,2011-12-01 08:34:00,372.0
15952,United Kingdom,2011-04-28 12:55:00,2011-11-06 11:18:00,191.0
15953,United Kingdom,2009-12-03 14:00:00,2011-11-24 15:32:00,721.0
15954,United Kingdom,2010-04-29 13:35:00,2010-04-29 13:35:00,0.0
15955,United Kingdom,2010-02-23 16:36:00,2011-11-15 14:15:00,629.0
15956,United Kingdom,2009-12-13 11:16:00,2010-06-06 13:06:00,175.0
15957,United Kingdom,2010-10-15 12:11:00,2011-11-08 12:14:00,389.0
15958,United Kingdom,2010-06-07 10:59:00,2011-09-26 13:41:00,476.0
15959,United Kingdom,2010-01-26 16:19:00,2010-01-26 16:38:00,0.0
15960,United Kingdom,2010-09-30 15:50:00,2010-11-30 15:57:00,61.0
15961,United Kingdom,2010-11-25 15:59:00,2010-11-25 15:59:00,0.0
15962,United Kingdom,2010-09-16 13:48:00,2010-09-16 13:48:00,0.0
15963,United Kingdom,2011-10-25 13:05:00,2011-11-20 11:33:00,25.0
15964,United Kingdom,2010-02-14 15:30:00,2010-02-14 15:30:00,0.0
15965,United Kingdom,2009-12-03 11:45:00,2011-11-22 16:44:00,719.0
15966,United Kingdom,2010-09-15 10:44:00,2010-09-15 10:44:00,0.0
15967,United Kingdom,2009-12-01 13:29:00,2011-11-16 15:41:00,715.0
15968,United Kingdom,2010-11-16 13:04:00,2010-11-16 13:04:00,0.0
15969,United Kingdom,2010-07-05 13:10:00,2011-12-07 11:06:00,519.0
15970,United Kingdom,2010-04-20 11:30:00,2011-02-09 12:08:00,295.0
15971,United Kingdom,2009-12-08 09:46:00,2011-11-22 12:50:00,714.0
15972,United Kingdom,2010-04-18 14:06:00,2010-09-09 13:20:00,143.0
15973,United Kingdom,2010-10-06 15:00:00,2010-12-08 11:42:00,62.0
15974,United Kingdom,2011-02-24 10:10:00,2011-10-31 13:13:00,249.0
15975,United Kingdom,2011-09-16 13:33:00,2011-09-16 13:33:00,0.0
15976,United Kingdom,2010-06-06 14:01:00,2011-06-27 13:00:00,385.0
15977,United Kingdom,2011-10-31 16:24:00,2011-11-22 13:29:00,21.0
15978,United Kingdom,2010-03-05 14:39:00,2011-09-23 15:21:00,567.0
15979,United Kingdom,2010-04-16 11:35:00,2010-04-16 11:35:00,0.0
15980,United Kingdom,2010-06-01 14:40:00,2011-09-12 09:41:00,467.0
15981,United Kingdom,2010-03-29 10:07:00,2011-11-15 08:00:00,595.0
15982,United Kingdom,2010-04-13 15:47:00,2010-04-13 15:47:00,0.0
15983,United Kingdom,2009-12-06 12:52:00,2011-11-17 17:34:00,711.0
15984,United Kingdom,2009-12-01 13:38:00,2011-12-07 12:16:00,735.0
15985,United Kingdom,2010-05-27 15:51:00,2011-08-08 16:31:00,438.0
15986,United Kingdom,2010-11-23 10:02:00,2011-11-09 15:17:00,351.0
15987,United Kingdom,2010-11-25 12:56:00,2011-11-27 15:38:00,367.0
15988,United Kingdom,2010-02-21 11:36:00,2011-11-20 13:23:00,637.0
15989,United Kingdom,2009-12-02 15:51:00,2010-11-29 12:03:00,361.0
15990,United Kingdom,2010-02-28 12:30:00,2011-10-26 15:58:00,605.0
15991,United Kingdom,2010-06-23 15:50:00,2010-06-23 15:50:00,0.0
15992,United Kingdom,2010-09-12 11:52:00,2011-12-06 11:00:00,449.0
15993,United Kingdom,2011-10-26 16:21:00,2011-12-01 10:45:00,35.0
15994,United Kingdom,2010-03-14 11:55:00,2011-10-16 12:28:00,581.0
15995,United Kingdom,2010-10-21 13:57:00,2010-10-21 13:57:00,0.0
15996,United Kingdom,2010-11-07 15:49:00,2011-09-12 15:14:00,308.0
15997,United Kingdom,,,
15998,United Kingdom,2009-12-01 11:45:00,2011-11-03 12:45:00,702.0
15999,United Kingdom,2009-12-04 12:31:00,2009-12-04 12:31:00,0.0
16000,United Kingdom,2011-12-07 12:14:00,2011-12-07 12:17:00,0.0
16001,United Kingdom,2010-11-23 17:10:00,2010-11-23 17:10:00,0.0
16002,United Kingdom,2010-03-24 13:08:00,2010-03-24 13:08:00,0.0
16003,United Kingdom,2009-12-03 18:51:00,2011-11-10 09:57:00,706.0
16004,United Kingdom,2010-01-25 13:56:00,2010-08-22 11:48:00,208.0
16005,United Kingdom,2010-09-15 13:21:00,2011-11-27 13:47:00,438.0
16006,United Kingdom,2010-11-17 12:03:00,2011-05-12 13:12:00,176.0
16007,United Kingdom,2010-06-14 13:18:00,2011-10-23 11:05:00,495.0
16008,United Kingdom,2010-03-19 11:07:00,2011-11-16 10:32:00,606.0
16009,United Kingdom,2011-07-03 11:26:00,2011-11-17 16:51:00,137.0
16010,United Kingdom,2010-10-24 10:54:00,2011-04-08 10:14:00,165.0
16011,United Kingdom,2009-12-01 12:02:00,2011-12-01 16:31:00,730.0
16012,United Kingdom,2010-06-28 11:39:00,2011-11-04 13:25:00,494.0
16013,United Kingdom,2009-12-08 10:24:00,2011-12-06 10:36:00,728.0
16014,United Kingdom,2010-01-31 12:43:00,2011-11-02 12:04:00,639.0
16015,United Kingdom,2011-10-21 12:56:00,2011-12-06 10:58:00,45.0
16016,United Kingdom,2010-11-02 13:27:00,2011-12-06 14:35:00,399.0
16017,United Kingdom,2010-01-05 12:06:00,2011-10-23 12:56:00,656.0
16018,United Kingdom,2009-12-07 13:57:00,2011-10-31 14:13:00,693.0
16019,United Kingdom,2009-12-14 14:12:00,2011-10-24 11:51:00,678.0
16020,United Kingdom,2011-10-05 13:54:00,2011-11-23 11:18:00,48.0
16021,United Kingdom,2010-06-13 11:05:00,2010-11-09 14:48:00,149.0
16022,United Kingdom,2011-03-24 13:16:00,2011-03-24 13:16:00,0.0
16023,United Kingdom,2011-03-18 13:32:00,2011-10-24 16:34:00,220.0
16024,United Kingdom,2010-10-24 11:40:00,2011-11-27 13:26:00,399.0
16025,United Kingdom,2011-11-10 11:45:00,2011-11-10 11:45:00,0.0
16026,United Kingdom,2011-10-27 13:53:00,2011-10-27 13:53:00,0.0
16027,United Kingdom,2010-01-08 13:21:00,2011-09-09 10:47:00,608.0
16028,United Kingdom,2010-04-23 11:45:00,2010-04-23 11:45:00,0.0
16029,United Kingdom,2009-12-08 11:23:00,2011-11-01 10:27:00,692.0
16030,United Kingdom,2011-02-03 11:28:00,2011-02-03 11:28:00,0.0
16031,United Kingdom,2011-04-06 14:23:00,2011-09-08 13:07:00,154.0
16032,United Kingdom,2010-07-04 13:31:00,2010-09-09 18:00:00,67.0
16033,United Kingdom,2010-08-11 16:44:00,2011-12-04 12:44:00,479.0
16034,United Kingdom,2010-10-26 13:00:00,2011-05-27 16:17:00,213.0
16035,United Kingdom,2010-05-28 15:09:00,2010-05-28 15:09:00,0.0
16036,United Kingdom,2010-03-29 14:47:00,2011-09-13 14:53:00,533.0
16037,United Kingdom,2010-03-01 12:31:00,2011-03-15 09:13:00,378.0
16038,United Kingdom,2011-05-22 11:29:00,2011-12-02 12:40:00,194.0
16039,United Kingdom,2010-03-21 15:17:00,2010-10-12 10:44:00,204.0
16040,United Kingdom,2010-04-09 10:12:00,2011-10-05 13:47:00,544.0
16041,United Kingdom,2011-07-21 16:27:00,2011-11-09 12:25:00,110.0
16042,United Kingdom,2010-09-12 12:00:00,2011-11-17 17:50:00,431.0
16043,United Kingdom,2010-08-15 11:26:00,2011-11-02 12:50:00,444.0
16044,United Kingdom,2010-09-30 18:12:00,2010-09-30 18:12:00,0.0
16045,United Kingdom,2010-07-29 12:50:00,2011-08-12 12:41:00,378.0
16046,United Kingdom,2010-05-26 13:18:00,2010-05-26 13:18:00,0.0
16047,EIRE,2010-01-26 16:34:00,2010-01-26 16:34:00,0.0
16048,United Kingdom,2010-06-08 12:36:00,2010-12-01 15:28:00,176.0
16049,United Kingdom,2010-07-11 13:53:00,2011-10-30 13:19:00,475.0
16050,United Kingdom,2010-11-03 15:55:00,2011-06-19 11:44:00,227.0
16051,United Kingdom,2010-01-27 09:38:00,2010-01-27 09:38:00,0.0
16052,United Kingdom,2011-10-16 15:13:00,2011-10-16 15:13:00,0.0
16053,United Kingdom,2010-04-08 11:11:00,2011-11-07 11:21:00,578.0
16054,United Kingdom,2010-04-01 18:37:00,2011-07-17 13:08:00,471.0
16055,United Kingdom,2011-05-03 09:26:00,2011-05-03 09:26:00,0.0
16056,United Kingdom,2011-10-25 15:19:00,2011-10-25 15:19:00,0.0
16057,United Kingdom,2010-01-07 17:11:00,2011-11-23 15:23:00,684.0
16058,United Kingdom,2010-10-29 16:48:00,2010-10-29 16:48:00,0.0
16059,United Kingdom,2010-05-19 13:04:00,2011-10-05 09:56:00,503.0
16060,United Kingdom,2010-08-02 15:26:00,2010-11-04 12:10:00,93.0
16061,United Kingdom,2010-10-04 15:29:00,2010-10-04 15:29:00,0.0
16062,United Kingdom,2010-06-21 13:32:00,2011-11-30 12:15:00,526.0
16063,United Kingdom,2011-03-24 14:55:00,2011-03-24 14:55:00,0.0
16064,United Kingdom,2009-12-14 16:11:00,2009-12-14 16:11:00,0.0
16065,United Kingdom,2010-09-02 13:27:00,2010-12-09 13:03:00,97.0
16066,United Kingdom,2011-08-07 14:33:00,2011-11-23 11:54:00,107.0
16067,United Kingdom,2010-02-02 18:01:00,2010-05-26 12:33:00,112.0
16068,United Kingdom,2010-04-25 11:52:00,2010-04-25 11:52:00,0.0
16069,United Kingdom,2010-10-18 10:32:00,2010-10-18 10:32:00,0.0
16070,United Kingdom,2011-11-07 16:36:00,2011-11-17 15:50:00,9.0
16071,United Kingdom,2010-02-22 14:48:00,2011-10-26 11:14:00,610.0
16072,United Kingdom,2010-06-08 16:47:00,2011-02-24 14:32:00,260.0
16073,United Kingdom,2011-02-15 15:41:00,2011-02-15 15:41:00,0.0
16074,United Kingdom,2010-11-14 13:19:00,2010-11-14 13:19:00,0.0
16075,United Kingdom,2010-05-24 15:57:00,2010-07-25 11:31:00,61.0
16076,United Kingdom,2011-05-15 12:31:00,2011-12-06 14:59:00,205.0
16077,United Kingdom,2010-03-24 10:42:00,2010-03-24 10:42:00,0.0
16078,United Kingdom,2010-02-08 13:29:00,2011-03-01 09:47:00,385.0
16079,United Kingdom,2011-10-30 13:06:00,2011-11-23 12:48:00,23.0
16080,United Kingdom,2010-09-15 14:19:00,2011-09-19 10:42:00,368.0
16081,United Kingdom,2010-02-03 12:46:00,2011-10-14 13:06:00,618.0
16082,United Kingdom,2010-02-07 15:16:00,2010-02-07 15:16:00,0.0
16083,United Kingdom,2010-11-16 11:53:00,2011-08-31 10:47:00,287.0
16084,United Kingdom,2011-02-13 16:05:00,2011-02-13 16:05:00,0.0
16085,United Kingdom,2010-01-20 14:03:00,2011-11-16 13:24:00,664.0
16086,United Kingdom,2009-12-02 13:20:00,2011-10-11 13:09:00,677.0
16087,United Kingdom,2010-01-19 12:30:00,2010-11-15 16:44:00,300.0
16088,United Kingdom,2010-04-27 10:56:00,2010-05-13 10:16:00,15.0
16089,United Kingdom,2010-07-18 15:51:00,2010-11-18 13:51:00,122.0
16090,United Kingdom,2010-03-25 13:05:00,2010-03-25 13:05:00,0.0
16091,United Kingdom,2011-05-25 09:18:00,2011-07-08 08:45:00,43.0
16092,United Kingdom,2010-05-09 16:10:00,2011-08-17 10:46:00,464.0
16093,United Kingdom,2011-08-25 11:09:00,2011-08-25 11:09:00,0.0
16094,United Kingdom,2010-04-16 14:00:00,2011-11-28 12:45:00,590.0
16095,United Kingdom,2010-09-09 16:54:00,2010-09-09 16:54:00,0.0
16096,United Kingdom,2010-03-04 15:44:00,2011-03-20 13:38:00,380.0
16097,United Kingdom,2011-04-13 13:47:00,2011-04-13 13:47:00,0.0
16098,United Kingdom,2009-12-15 09:40:00,2011-09-13 09:59:00,637.0
16099,United Kingdom,2010-03-03 11:13:00,2011-10-20 13:13:00,596.0
16100,United Kingdom,2010-09-03 11:39:00,2010-09-03 11:39:00,0.0
16101,United Kingdom,2010-05-27 12:50:00,2011-09-30 10:18:00,490.0
16102,United Kingdom,2011-08-03 12:50:00,2011-10-28 13:19:00,86.0
16103,United Kingdom,2010-01-08 12:08:00,2011-12-02 14:16:00,693.0
16104,United Kingdom,2009-12-06 10:41:00,2011-10-09 10:23:00,671.0
16105,United Kingdom,2010-04-14 13:27:00,2011-04-05 10:13:00,355.0
16106,United Kingdom,2011-10-05 10:37:00,2011-10-05 10:37:00,0.0
16107,United Kingdom,2011-06-09 18:42:00,2011-11-22 09:40:00,165.0
16108,United Kingdom,2010-03-18 14:14:00,2011-09-16 11:48:00,546.0
16109,United Kingdom,2010-01-10 10:37:00,2011-05-05 09:17:00,479.0
16110,United Kingdom,2010-07-05 13:04:00,2011-10-25 14:35:00,477.0
16111,United Kingdom,2010-10-07 19:51:00,2010-10-07 19:51:00,0.0
16112,United Kingdom,2011-01-05 11:47:00,2011-07-19 14:28:00,195.0
16113,United Kingdom,2011-06-09 16:16:00,2011-06-09 16:16:00,0.0
16114,United Kingdom,2011-06-22 10:13:00,2011-06-22 10:13:00,0.0
16115,United Kingdom,2010-05-14 11:59:00,2011-11-30 11:32:00,564.0
16116,United Kingdom,2011-05-12 12:01:00,2011-05-12 12:01:00,0.0
16117,United Kingdom,2010-04-27 11:50:00,2011-06-03 11:42:00,401.0
16118,United Kingdom,2010-02-25 09:40:00,2010-02-25 09:40:00,0.0
16119,United Kingdom,2009-12-16 11:56:00,2011-12-01 15:11:00,715.0
16120,United Kingdom,2010-10-13 15:07:00,2011-10-11 14:22:00,362.0
16121,United Kingdom,2010-05-23 10:52:00,2011-10-13 12:59:00,508.0
16122,United Kingdom,2010-10-10 15:26:00,2011-09-27 15:34:00,352.0
16123,United Kingdom,2011-10-19 09:18:00,2011-10-19 09:18:00,0.0
16124,United Kingdom,2009-12-07 10:33:00,2011-01-26 14:45:00,415.0
16125,United Kingdom,2009-12-14 15:38:00,2010-12-07 15:48:00,358.0
16126,United Kingdom,2009-12-02 13:34:00,2011-11-10 16:03:00,708.0
16127,United Kingdom,2009-12-13 12:19:00,2011-10-31 13:58:00,687.0
16128,United Kingdom,2010-07-16 16:30:00,2011-11-22 11:14:00,493.0
16129,United Kingdom,2010-07-20 12:32:00,2010-10-28 14:29:00,100.0
16130,United Kingdom,2010-04-01 13:58:00,2010-10-13 15:14:00,195.0
16131,United Kingdom,2009-12-02 10:09:00,2011-10-19 11:53:00,686.0
16132,United Kingdom,2010-03-22 10:25:00,2010-06-13 13:49:00,83.0
16133,United Kingdom,2010-03-31 12:21:00,2011-12-06 11:24:00,614.0
16134,United Kingdom,2010-06-17 09:48:00,2011-11-18 10:05:00,519.0
16135,United Kingdom,2010-05-05 09:35:00,2011-03-22 12:30:00,321.0
16136,United Kingdom,2010-02-14 12:49:00,2011-10-11 09:10:00,603.0
16137,United Kingdom,2010-01-28 15:04:00,2010-01-28 15:04:00,0.0
16138,United Kingdom,2010-04-28 09:51:00,2010-11-26 12:13:00,212.0
16139,United Kingdom,2009-12-03 13:51:00,2011-11-21 08:37:00,717.0
16140,United Kingdom,2010-09-24 12:03:00,2011-10-05 12:15:00,376.0
16141,United Kingdom,2010-10-18 14:12:00,2011-09-12 13:11:00,328.0
16142,United Kingdom,2011-04-04 10:16:00,2011-04-04 10:16:00,0.0
16143,United Kingdom,2009-12-10 09:44:00,2011-12-06 14:13:00,726.0
16144,United Kingdom,2011-04-07 10:09:00,2011-04-07 10:09:00,0.0
16145,United Kingdom,2010-05-04 13:31:00,2011-12-01 10:33:00,575.0
16146,United Kingdom,2010-09-17 10:46:00,2011-07-05 14:20:00,291.0
16147,United Kingdom,2010-02-05 12:26:00,2011-07-29 09:57:00,538.0
16148,United Kingdom,2010-09-29 10:12:00,2011-02-16 14:01:00,140.0
16149,United Kingdom,2010-10-06 15:54:00,2011-12-05 11:29:00,424.0
16150,United Kingdom,2009-12-17 15:33:00,2011-10-28 12:39:00,679.0
16151,United Kingdom,,,
16152,United Kingdom,2011-03-16 09:47:00,2011-03-16 09:47:00,0.0
16153,United Kingdom,2010-05-26 12:41:00,2011-10-21 10:50:00,512.0
16154,United Kingdom,,,
16155,United Kingdom,2010-06-18 11:23:00,2010-11-23 12:03:00,158.0
16156,United Kingdom,2009-12-02 17:06:00,2011-12-01 12:42:00,728.0
16157,United Kingdom,2011-09-28 11:48:00,2011-11-24 11:41:00,56.0
16158,United Kingdom,2009-12-05 15:00:00,2010-07-05 13:55:00,211.0
16159,United Kingdom,2009-12-03 11:51:00,2011-03-03 12:27:00,455.0
16160,United Kingdom,2011-09-15 10:53:00,2011-10-05 14:19:00,20.0
16161,United Kingdom,2010-02-08 11:06:00,2011-12-08 12:10:00,668.0
16162,United Kingdom,2011-04-01 15:03:00,2011-04-01 15:03:00,0.0
16163,United Kingdom,2009-12-02 10:00:00,2011-04-21 15:15:00,505.0
16164,United Kingdom,2011-10-28 09:12:00,2011-11-22 15:04:00,25.0
16165,United Kingdom,2010-07-22 14:17:00,2010-07-22 14:17:00,0.0
16166,United Kingdom,2010-01-17 14:16:00,2010-10-07 15:44:00,263.0
16167,United Kingdom,2009-12-01 10:46:00,2010-10-21 15:33:00,324.0
16168,United Kingdom,2009-12-03 12:38:00,2011-11-29 12:45:00,726.0
16169,United Kingdom,2011-09-25 11:33:00,2011-12-01 15:28:00,67.0
16170,United Kingdom,2010-02-18 13:50:00,2011-10-20 08:21:00,608.0
16171,United Kingdom,2011-10-11 14:51:00,2011-10-11 14:51:00,0.0
16172,United Kingdom,2010-07-14 15:34:00,2011-09-05 13:22:00,417.0
16173,United Kingdom,2011-09-02 15:23:00,2011-11-24 10:53:00,82.0
16174,United Kingdom,2010-04-15 15:12:00,2011-08-05 13:26:00,476.0
16175,United Kingdom,2010-05-25 12:01:00,2011-09-06 14:32:00,469.0
16176,United Kingdom,2010-03-29 14:52:00,2010-10-14 13:54:00,198.0
16177,United Kingdom,2010-03-02 14:03:00,2011-10-20 12:57:00,596.0
16178,United Kingdom,2010-11-03 14:46:00,2011-07-24 16:05:00,263.0
16179,United Kingdom,2011-10-10 09:41:00,2011-10-10 09:41:00,0.0
16180,United Kingdom,2010-06-23 13:19:00,2011-08-31 16:28:00,434.0
16181,United Kingdom,2011-09-27 13:38:00,2011-09-27 13:38:00,0.0
16182,United Kingdom,2010-03-09 09:34:00,2011-09-28 13:23:00,568.0
16183,United Kingdom,2010-10-28 14:43:00,2011-10-03 14:59:00,340.0
16184,United Kingdom,2011-05-12 13:33:00,2011-10-06 17:43:00,147.0
16185,United Kingdom,2010-05-24 11:04:00,2011-11-23 09:41:00,547.0
16186,United Kingdom,2009-12-09 15:36:00,2011-11-17 12:43:00,707.0
16187,United Kingdom,2011-02-28 13:34:00,2011-11-08 09:50:00,252.0
16188,United Kingdom,2010-10-27 11:50:00,2011-10-26 12:19:00,364.0
16189,United Kingdom,2011-09-15 15:21:00,2011-11-24 11:47:00,69.0
16190,United Kingdom,2009-12-14 11:59:00,2011-10-30 15:59:00,685.0
16191,United Kingdom,2009-12-11 12:24:00,2011-12-07 11:26:00,725.0
16192,United Kingdom,2009-12-04 12:28:00,2009-12-04 12:28:00,0.0
16193,United Kingdom,2010-10-25 10:25:00,2011-04-17 11:45:00,174.0
16194,United Kingdom,2010-11-29 13:28:00,2010-11-29 13:28:00,0.0
16195,United Kingdom,2009-12-16 14:09:00,2009-12-16 14:09:00,0.0
16196,United Kingdom,2010-08-08 11:40:00,2010-08-08 11:40:00,0.0
16197,United Kingdom,2009-12-16 11:44:00,2010-08-27 12:56:00,254.0
16198,United Kingdom,2010-09-28 13:59:00,2011-09-25 14:58:00,362.0
16199,United Kingdom,2010-03-18 18:47:00,2010-11-12 12:55:00,238.0
16200,United Kingdom,2009-12-02 15:04:00,2011-12-05 14:40:00,732.0
16201,United Kingdom,2010-10-20 12:00:00,2011-12-06 16:02:00,412.0
16202,United Kingdom,2009-12-02 10:48:00,2010-12-14 10:43:00,376.0
16203,United Kingdom,2010-07-23 13:09:00,2011-10-12 12:31:00,445.0
16204,United Kingdom,2009-12-08 17:44:00,2011-11-16 13:40:00,707.0
16205,United Kingdom,2010-06-15 11:58:00,2011-11-09 09:32:00,511.0
16206,United Kingdom,2010-01-24 15:25:00,2011-10-16 10:41:00,629.0
16207,United Kingdom,2011-11-14 13:51:00,2011-11-14 13:51:00,0.0
16208,United Kingdom,2010-02-24 14:24:00,2011-10-26 11:36:00,608.0
16209,United Kingdom,2010-06-11 11:58:00,2011-09-12 11:58:00,458.0
16210,United Kingdom,2009-12-02 12:54:00,2011-12-08 12:36:00,735.0
16211,United Kingdom,2010-09-27 15:24:00,2011-09-12 12:11:00,349.0
16212,United Kingdom,2010-02-07 15:26:00,2011-11-20 13:00:00,650.0
16213,United Kingdom,2011-09-22 10:03:00,2011-09-22 10:03:00,0.0
16214,United Kingdom,2010-09-30 13:57:00,2011-06-22 11:30:00,264.0
16215,United Kingdom,2011-09-20 10:18:00,2011-09-20 10:18:00,0.0
16216,United Kingdom,2011-03-17 15:34:00,2011-03-17 15:34:00,0.0
16217,United Kingdom,2011-03-02 15:28:00,2011-04-18 13:31:00,46.0
16218,United Kingdom,2010-05-27 16:09:00,2011-11-10 09:59:00,531.0
16219,United Kingdom,2010-07-27 11:44:00,2010-07-27 11:44:00,0.0
16220,United Kingdom,,,
16221,United Kingdom,2010-08-10 13:32:00,2011-11-03 11:43:00,449.0
16222,United Kingdom,2009-12-18 14:31:00,2011-01-25 13:38:00,402.0
16223,United Kingdom,2010-11-09 12:07:00,2010-11-30 11:50:00,20.0
16224,United Kingdom,2010-11-17 13:14:00,2011-10-13 17:51:00,330.0
16225,United Kingdom,2010-02-07 12:41:00,2011-10-26 08:30:00,625.0
16226,United Kingdom,2010-10-22 11:19:00,2011-05-20 14:41:00,210.0
16227,United Kingdom,2010-06-22 13:28:00,2011-04-28 13:33:00,310.0
16228,United Kingdom,2010-11-04 18:54:00,2010-11-19 14:20:00,14.0
16229,United Kingdom,2010-05-24 12:59:00,2011-09-13 17:16:00,477.0
16230,United Kingdom,2011-05-03 15:12:00,2011-06-03 10:06:00,30.0
16231,United Kingdom,2010-04-21 12:06:00,2010-11-25 15:00:00,218.0
16232,United Kingdom,2010-06-07 14:04:00,2011-10-27 12:16:00,506.0
16233,United Kingdom,2009-12-02 13:23:00,2011-09-29 17:27:00,666.0
16234,United Kingdom,2010-05-27 10:39:00,2010-08-20 14:33:00,85.0
16235,United Kingdom,2010-08-26 12:10:00,2011-10-30 10:56:00,429.0
16236,United Kingdom,2011-09-22 14:10:00,2011-09-22 14:10:00,0.0
16237,United Kingdom,2010-09-28 17:02:00,2010-09-28 17:02:00,0.0
16238,United Kingdom,2010-10-13 12:36:00,2010-10-13 12:36:00,0.0
16239,United Kingdom,2010-09-02 19:17:00,2011-10-14 08:29:00,406.0
16240,United Kingdom,2011-09-23 13:44:00,2011-11-15 14:30:00,53.0
16241,United Kingdom,2010-10-25 13:40:00,2011-11-30 11:08:00,400.0
16242,United Kingdom,2010-03-15 16:02:00,2011-12-01 15:12:00,625.0
16243,United Kingdom,2011-10-16 12:09:00,2011-11-06 12:32:00,21.0
16244,United Kingdom,2010-12-02 11:41:00,2011-05-12 10:18:00,160.0
16245,United Kingdom,2011-03-28 09:30:00,2011-11-16 10:14:00,233.0
16246,United Kingdom,2010-02-08 12:32:00,2010-09-06 12:04:00,209.0
16247,United Kingdom,2011-06-22 14:23:00,2011-06-22 14:23:00,0.0
16248,United Kingdom,2011-10-09 11:32:00,2011-10-09 11:32:00,0.0
16249,United Kingdom,2011-04-14 13:50:00,2011-10-18 10:07:00,186.0
16250,United Kingdom,2010-11-18 10:43:00,2011-03-23 15:07:00,125.0
16251,United Kingdom,2010-07-15 14:55:00,2010-07-15 14:55:00,0.0
16252,United Kingdom,2010-11-22 11:57:00,2010-11-22 11:57:00,0.0
16253,United Kingdom,2009-12-08 17:24:00,2011-10-04 09:09:00,664.0
16254,United Kingdom,2010-03-17 15:43:00,2010-11-26 13:22:00,253.0
16255,United Kingdom,2010-01-24 12:21:00,2011-11-23 12:40:00,668.0
16256,United Kingdom,2010-04-21 10:34:00,2011-03-18 12:18:00,331.0
16257,United Kingdom,2011-06-16 10:11:00,2011-06-16 10:11:00,0.0
16258,United Kingdom,2010-03-10 14:19:00,2011-10-25 13:30:00,593.0
16259,United Kingdom,2010-04-13 16:57:00,2010-10-25 14:27:00,194.0
16260,United Kingdom,2011-10-20 09:40:00,2011-10-20 09:40:00,0.0
16261,United Kingdom,2010-09-23 16:40:00,2011-11-22 17:23:00,425.0
16262,United Kingdom,2010-11-26 13:22:00,2010-11-26 13:22:00,0.0
16263,United Kingdom,2010-10-12 14:52:00,2010-10-12 14:52:00,0.0
16264,United Kingdom,2010-09-19 16:14:00,2010-09-27 15:00:00,7.0
16265,United Kingdom,2010-10-28 15:18:00,2011-11-30 16:41:00,398.0
16266,United Kingdom,2010-02-04 16:21:00,2011-09-27 12:08:00,599.0
16267,United Kingdom,2010-04-27 14:10:00,2010-04-27 14:10:00,0.0
16268,United Kingdom,2011-09-29 18:30:00,2011-09-29 18:30:00,0.0
16269,United Kingdom,2010-09-28 11:50:00,2010-09-28 11:50:00,0.0
16270,United Kingdom,2010-12-21 14:26:00,2010-12-21 14:26:00,0.0
16271,United Kingdom,2010-03-07 12:03:00,2011-12-07 12:45:00,640.0
16272,United Kingdom,2011-08-15 10:53:00,2011-08-15 10:53:00,0.0
16273,United Kingdom,2010-02-21 16:02:00,2010-03-01 13:24:00,7.0
16274,United Kingdom,2010-12-01 15:35:00,2010-12-01 15:35:00,0.0
16275,United Kingdom,2010-03-08 14:41:00,2011-05-27 12:41:00,444.0
16276,United Kingdom,2010-04-11 12:02:00,2011-06-16 09:34:00,430.0
16277,United Kingdom,2009-12-06 11:27:00,2009-12-06 11:27:00,0.0
16278,United Kingdom,2010-07-28 15:40:00,2011-08-31 17:12:00,399.0
16279,United Kingdom,2010-04-22 14:09:00,2011-11-18 15:00:00,575.0
16280,United Kingdom,2009-12-14 15:49:00,2009-12-14 15:49:00,0.0
16281,United Kingdom,2010-01-26 13:41:00,2011-09-28 14:57:00,610.0
16282,United Kingdom,2009-12-21 11:52:00,2011-01-04 11:42:00,378.0
16283,United Kingdom,2010-02-28 14:12:00,2011-12-04 12:08:00,643.0
16284,United Kingdom,2010-11-11 13:27:00,2011-11-08 16:12:00,362.0
16285,United Kingdom,2010-03-03 16:03:00,2010-03-03 16:03:00,0.0
16286,United Kingdom,2010-03-26 09:58:00,2010-08-19 14:48:00,146.0
16287,United Kingdom,2010-01-19 09:46:00,2011-06-23 09:08:00,519.0
16288,United Kingdom,2010-08-26 14:45:00,2010-08-26 14:45:00,0.0
16289,United Kingdom,2010-09-03 14:02:00,2010-09-03 14:02:00,0.0
16290,United Kingdom,2010-05-23 11:46:00,2010-09-01 11:52:00,101.0
16291,Portugal,2010-01-26 16:26:00,2010-01-26 16:26:00,0.0
16292,United Kingdom,2010-04-14 13:29:00,2011-08-10 12:24:00,482.0
16293,United Kingdom,2009-12-11 09:58:00,2011-11-18 09:58:00,707.0
16294,United Kingdom,2010-08-20 12:01:00,2010-08-20 12:01:00,0.0
16295,United Kingdom,2011-10-06 10:45:00,2011-11-30 08:17:00,54.0
16296,United Kingdom,2009-12-18 12:03:00,2010-03-23 13:11:00,95.0
16297,United Kingdom,2011-03-16 08:29:00,2011-03-16 08:29:00,0.0
16298,United Kingdom,2010-09-23 15:23:00,2011-11-17 11:59:00,419.0
16299,United Kingdom,2010-08-19 17:46:00,2010-08-19 17:46:00,0.0
16300,United Kingdom,2010-02-02 11:40:00,2010-10-05 13:14:00,245.0
16301,United Kingdom,2009-12-03 10:20:00,2009-12-03 10:20:00,0.0
16302,United Kingdom,2011-08-05 09:44:00,2011-08-05 09:44:00,0.0
16303,United Kingdom,2010-03-18 14:12:00,2011-11-14 10:49:00,605.0
16304,United Kingdom,2010-01-14 08:30:00,2010-01-14 08:30:00,0.0
16305,United Kingdom,2011-07-24 12:18:00,2011-07-24 12:18:00,0.0
16306,United Kingdom,2010-10-01 09:36:00,2011-05-10 12:12:00,221.0
16307,United Kingdom,2010-05-11 14:40:00,2010-10-06 14:31:00,147.0
16308,United Kingdom,2009-12-15 15:48:00,2011-11-02 11:24:00,686.0
16309,United Kingdom,2011-04-13 11:46:00,2011-08-25 15:35:00,134.0
16310,United Kingdom,2010-03-07 15:41:00,2010-10-21 14:47:00,227.0
16311,United Kingdom,2011-10-21 13:13:00,2011-11-22 08:54:00,31.0
16312,United Kingdom,2010-10-03 14:15:00,2010-10-03 14:15:00,0.0
16313,United Kingdom,2011-10-21 09:04:00,2011-12-06 13:02:00,46.0
16314,United Kingdom,2010-08-24 11:52:00,2010-11-15 12:06:00,83.0
16315,United Kingdom,2010-06-21 13:53:00,2011-01-13 11:57:00,205.0
16316,United Kingdom,2010-08-03 14:38:00,2011-10-06 13:48:00,428.0
16317,United Kingdom,2010-05-04 10:17:00,2011-08-12 12:46:00,465.0
16318,United Kingdom,2011-11-04 13:05:00,2011-11-04 13:05:00,0.0
16319,United Kingdom,2011-05-06 11:27:00,2011-05-06 11:27:00,0.0
16320,Unspecified,2010-01-27 13:29:00,2011-06-20 15:25:00,509.0
16321,Australia,2009-12-01 10:36:00,2011-09-28 14:55:00,666.0
16322,United Kingdom,2011-11-03 14:33:00,2011-12-08 15:41:00,35.0
16323,United Kingdom,2010-05-11 09:48:00,2011-05-27 14:48:00,381.0
16324,United Kingdom,2011-06-15 14:26:00,2011-08-03 12:58:00,48.0
16325,United Kingdom,2009-12-04 13:21:00,2011-10-24 08:48:00,688.0
16326,United Kingdom,2010-01-28 13:23:00,2011-12-04 10:11:00,674.0
16327,United Kingdom,2009-12-14 13:06:00,2011-11-25 13:23:00,711.0
16328,United Kingdom,2010-05-25 14:02:00,2010-05-25 14:02:00,0.0
16329,United Kingdom,2009-12-01 11:34:00,2010-10-08 12:44:00,311.0
16330,United Kingdom,2010-02-15 12:36:00,2011-11-22 12:24:00,644.0
16331,United Kingdom,2010-03-07 10:55:00,2010-10-03 13:47:00,210.0
16332,United Kingdom,2010-04-29 13:41:00,2011-11-11 14:22:00,561.0
16333,United Kingdom,2011-02-03 10:50:00,2011-12-02 12:19:00,302.0
16334,United Kingdom,2010-08-04 16:38:00,2010-08-04 16:38:00,0.0
16335,United Kingdom,2009-12-04 10:18:00,2010-06-06 11:35:00,184.0
16336,United Kingdom,2010-03-18 08:05:00,2010-10-15 12:32:00,211.0
16337,United Kingdom,2011-11-03 10:03:00,2011-11-03 10:03:00,0.0
16338,United Kingdom,2011-07-05 13:56:00,2011-07-05 13:56:00,0.0
16339,United Kingdom,2011-02-28 13:41:00,2011-02-28 13:41:00,0.0
16340,United Kingdom,2010-06-06 13:26:00,2011-08-24 14:53:00,444.0
16341,United Kingdom,2010-04-09 10:30:00,2011-11-15 09:12:00,584.0
16342,United Kingdom,2011-06-13 10:10:00,2011-09-25 14:36:00,104.0
16343,United Kingdom,2010-10-28 14:15:00,2011-11-23 17:45:00,391.0
16344,United Kingdom,2010-02-09 12:16:00,2011-07-04 15:50:00,510.0
16345,United Kingdom,2010-08-13 17:13:00,2011-10-26 16:03:00,438.0
16346,United Kingdom,2010-11-19 15:55:00,2010-11-19 15:55:00,0.0
16347,United Kingdom,2010-03-12 12:41:00,2011-11-28 13:14:00,626.0
16348,United Kingdom,2010-10-05 13:57:00,2011-11-07 15:44:00,398.0
16349,United Kingdom,2011-02-22 12:40:00,2011-02-22 12:40:00,0.0
16350,United Kingdom,2010-10-07 16:33:00,2011-11-18 15:53:00,406.0
16351,United Kingdom,2009-12-04 16:12:00,2011-01-11 10:26:00,402.0
16352,United Kingdom,2011-11-02 08:44:00,2011-11-22 10:32:00,20.0
16353,United Kingdom,2009-12-07 13:55:00,2011-12-06 12:23:00,728.0
16354,United Kingdom,2010-04-27 13:33:00,2011-10-07 14:28:00,528.0
16355,United Kingdom,2010-11-29 14:21:00,2010-11-29 14:21:00,0.0
16356,United Kingdom,2010-06-06 11:26:00,2011-05-26 11:51:00,354.0
16357,United Kingdom,2010-11-23 18:52:00,2011-11-06 16:04:00,347.0
16358,United Kingdom,2010-11-10 11:36:00,2011-12-08 15:09:00,393.0
16359,United Kingdom,2010-02-16 10:39:00,2011-12-02 17:04:00,654.0
16360,United Kingdom,2011-09-12 13:50:00,2011-12-05 12:16:00,83.0
16361,United Kingdom,2011-09-29 13:13:00,2011-11-30 12:32:00,61.0
16362,United Kingdom,2010-09-28 09:24:00,2011-11-07 13:01:00,405.0
16363,United Kingdom,2011-10-17 14:14:00,2011-10-17 14:14:00,0.0
16364,United Kingdom,2011-07-25 14:35:00,2011-11-28 11:27:00,125.0
16365,United Kingdom,2009-12-11 12:41:00,2011-11-22 11:24:00,710.0
16366,United Kingdom,2009-12-16 10:39:00,2011-11-21 08:19:00,704.0
16367,United Kingdom,2010-11-21 13:23:00,2011-11-02 13:13:00,345.0
16368,United Kingdom,2010-09-30 11:30:00,2011-12-07 13:12:00,433.0
16369,United Kingdom,2010-04-07 16:52:00,2011-11-21 16:25:00,592.0
16370,United Kingdom,2011-04-28 16:40:00,2011-09-18 15:55:00,142.0
16371,United Kingdom,2010-09-17 12:09:00,2010-09-17 12:09:00,0.0
16372,United Kingdom,2010-04-11 15:20:00,2011-11-06 13:08:00,573.0
16373,United Kingdom,2010-10-24 13:10:00,2010-11-22 15:50:00,29.0
16374,United Kingdom,2010-04-30 13:10:00,2011-10-04 15:21:00,522.0
16375,United Kingdom,2010-08-26 14:12:00,2010-08-26 14:25:00,0.0
16376,United Kingdom,2011-11-22 16:47:00,2011-12-01 11:38:00,8.0
16377,United Kingdom,2010-04-01 10:36:00,2011-03-17 15:41:00,350.0
16378,United Kingdom,2011-02-02 12:42:00,2011-04-06 15:07:00,63.0
16379,United Kingdom,2011-09-22 09:33:00,2011-12-05 15:38:00,74.0
16380,United Kingdom,2011-10-09 15:40:00,2011-10-09 15:40:00,0.0
16381,United Kingdom,2010-10-17 13:06:00,2010-11-09 09:56:00,22.0
16382,United Kingdom,2010-06-07 12:42:00,2010-10-27 16:23:00,142.0
16383,United Kingdom,2010-02-04 13:18:00,2011-09-26 12:45:00,598.0
16384,United Kingdom,2010-04-28 14:01:00,2011-09-11 11:19:00,500.0
16385,United Kingdom,2010-03-18 12:45:00,2011-10-10 13:12:00,571.0
16386,United Kingdom,2010-11-17 11:19:00,2011-11-11 12:28:00,359.0
16387,United Kingdom,2010-03-11 12:22:00,2011-01-21 11:34:00,315.0
16388,United Kingdom,2010-02-24 10:20:00,2010-02-24 10:20:00,0.0
16389,United Kingdom,2011-03-01 15:47:00,2011-10-17 14:41:00,229.0
16390,United Kingdom,2010-01-29 15:25:00,2010-06-21 10:11:00,142.0
16391,United Kingdom,2010-05-27 11:27:00,2010-11-04 12:27:00,161.0
16392,United Kingdom,2010-05-27 11:17:00,2011-03-15 12:11:00,292.0
16393,United Kingdom,2009-12-01 12:13:00,2011-12-07 12:51:00,736.0
16394,United Kingdom,2011-02-23 10:58:00,2011-10-14 09:48:00,232.0
16395,United Kingdom,2009-12-06 12:26:00,2011-10-10 12:50:00,673.0
16396,United Kingdom,2010-08-20 14:17:00,2010-08-20 14:17:00,0.0
16397,United Kingdom,2010-03-21 15:36:00,2010-03-21 15:36:00,0.0
16398,United Kingdom,2011-03-31 09:38:00,2011-07-08 15:16:00,99.0
16399,United Kingdom,2010-11-15 15:03:00,2011-11-20 16:12:00,370.0
16400,United Kingdom,2009-12-08 12:38:00,2011-09-06 12:27:00,636.0
16401,United Kingdom,2010-06-02 13:13:00,2011-12-08 18:15:00,554.0
16402,United Kingdom,2010-12-05 13:42:00,2011-03-20 12:25:00,104.0
16403,United Kingdom,2011-01-31 13:39:00,2011-01-31 13:39:00,0.0
16404,United Kingdom,2011-09-30 14:55:00,2011-09-30 14:55:00,0.0
16405,United Kingdom,2011-02-02 17:08:00,2011-02-10 15:24:00,7.0
16406,United Kingdom,2010-02-24 11:51:00,2011-11-21 11:57:00,635.0
16407,United Kingdom,2010-10-03 13:56:00,2011-11-27 11:05:00,419.0
16408,United Kingdom,2010-04-27 14:08:00,2010-04-27 14:08:00,0.0
16409,United Kingdom,2009-12-13 15:38:00,2011-11-03 16:45:00,690.0
16410,United Kingdom,2009-12-05 14:51:00,2009-12-05 14:51:00,0.0
16411,United Kingdom,2010-10-07 15:09:00,2011-11-20 13:23:00,408.0
16412,United Kingdom,2010-02-04 13:46:00,2011-10-17 12:35:00,619.0
16413,United Kingdom,2010-11-29 12:49:00,2011-10-14 12:08:00,318.0
16414,United Kingdom,2010-01-14 10:21:00,2011-11-18 09:42:00,672.0
16415,United Kingdom,2010-02-01 12:30:00,2011-10-26 13:35:00,632.0
16416,United Kingdom,2010-02-23 12:00:00,2011-11-13 12:50:00,628.0
16417,United Kingdom,2010-08-04 09:08:00,2010-08-04 09:08:00,0.0
16418,United Kingdom,2010-10-13 12:31:00,2011-10-26 12:39:00,378.0
16419,United Kingdom,2010-02-09 13:26:00,2011-08-19 12:33:00,555.0
16420,United Kingdom,2010-11-08 15:15:00,2010-11-08 15:15:00,0.0
16421,United Kingdom,2010-08-27 12:02:00,2010-11-28 13:31:00,93.0
16422,United Kingdom,2010-01-12 11:57:00,2011-11-22 14:00:00,679.0
16423,United Kingdom,2011-11-15 09:21:00,2011-11-15 09:21:00,0.0
16424,United Kingdom,2010-11-22 11:24:00,2011-06-01 13:40:00,191.0
16425,United Kingdom,2011-02-10 14:30:00,2011-02-10 14:30:00,0.0
16426,United Kingdom,2011-03-08 15:45:00,2011-12-07 14:01:00,273.0
16427,United Kingdom,2011-02-28 15:18:00,2011-03-21 17:10:00,21.0
16428,United Kingdom,2010-07-30 12:10:00,2010-10-22 12:22:00,84.0
16429,United Kingdom,2011-08-25 13:54:00,2011-08-25 13:54:00,0.0
16430,United Kingdom,2010-01-27 12:45:00,2011-10-13 14:47:00,624.0
16431,United Kingdom,2011-02-15 14:02:00,2011-05-10 14:09:00,84.0
16432,United Kingdom,2011-10-06 13:59:00,2011-10-06 13:59:00,0.0
16433,United Kingdom,2010-10-27 12:26:00,2011-11-11 14:09:00,380.0
16434,United Kingdom,2010-01-17 14:51:00,2011-11-10 14:28:00,661.0
16435,United Kingdom,2010-07-13 13:29:00,2010-07-15 18:22:00,2.0
16436,United Kingdom,2009-12-06 16:02:00,2010-02-09 13:19:00,64.0
16437,United Kingdom,2010-10-06 12:34:00,2010-11-23 16:59:00,48.0
16438,United Kingdom,2011-09-18 13:31:00,2011-12-04 10:51:00,76.0
16439,United Kingdom,2009-12-17 14:22:00,2009-12-17 14:22:00,0.0
16440,United Kingdom,2010-08-03 11:32:00,2011-12-02 12:02:00,486.0
16441,United Kingdom,2010-03-22 18:00:00,2011-10-03 17:48:00,559.0
16442,United Kingdom,2009-12-13 11:05:00,2011-12-08 11:43:00,725.0
16443,United Kingdom,2010-07-07 11:57:00,2010-07-07 11:57:00,0.0
16444,United Kingdom,2010-03-24 14:06:00,2011-10-24 13:50:00,578.0
16445,United Kingdom,2010-10-24 12:39:00,2011-11-06 12:32:00,377.0
16446,United Kingdom,2011-05-18 09:52:00,2011-12-09 09:15:00,204.0
16447,United Kingdom,2010-02-17 14:09:00,2011-07-27 12:45:00,524.0
16448,United Kingdom,2010-08-25 16:58:00,2011-05-25 16:28:00,272.0
16449,United Kingdom,2011-03-04 12:15:00,2011-05-26 10:25:00,82.0
16450,United Kingdom,2010-02-21 15:46:00,2011-07-13 11:47:00,506.0
16451,United Kingdom,2009-12-04 15:11:00,2011-09-13 09:17:00,647.0
16452,United Kingdom,2010-01-15 12:22:00,2010-03-19 12:39:00,63.0
16453,United Kingdom,2010-06-09 13:15:00,2010-06-27 12:46:00,17.0
16454,United Kingdom,2010-04-07 15:54:00,2011-10-26 11:40:00,566.0
16455,United Kingdom,2010-03-30 10:31:00,2011-10-07 12:17:00,556.0
16456,United Kingdom,2010-03-29 11:16:00,2011-09-01 13:50:00,521.0
16457,United Kingdom,2011-05-05 13:19:00,2011-05-05 13:19:00,0.0
16458,United Kingdom,2010-05-26 14:38:00,2011-12-07 09:34:00,559.0
16459,United Kingdom,2009-12-10 12:42:00,2009-12-10 12:42:00,0.0
16460,United Kingdom,2011-09-19 10:15:00,2011-11-11 13:46:00,53.0
16461,United Kingdom,2010-03-03 13:57:00,2011-06-15 12:07:00,468.0
16462,United Kingdom,2011-03-01 08:58:00,2011-09-27 10:24:00,210.0
16463,United Kingdom,2011-05-19 14:45:00,2011-11-18 14:01:00,182.0
16464,United Kingdom,2011-07-20 13:53:00,2011-11-20 12:11:00,122.0
16465,United Kingdom,2010-09-21 10:46:00,2010-10-15 09:27:00,23.0
16466,United Kingdom,2010-03-07 14:31:00,2011-11-06 11:35:00,608.0
16467,United Kingdom,2009-12-02 11:59:00,2010-07-19 11:49:00,228.0
16468,United Kingdom,2010-08-15 13:10:00,2011-09-26 14:13:00,407.0
16469,United Kingdom,2010-07-13 13:17:00,2011-11-16 12:25:00,490.0
16470,United Kingdom,2009-12-11 12:21:00,2011-10-19 12:11:00,676.0
16471,United Kingdom,2010-02-25 10:07:00,2011-03-10 09:41:00,377.0
16472,United Kingdom,2010-04-21 11:48:00,2010-10-01 13:56:00,163.0
16473,United Kingdom,2010-11-30 16:29:00,2011-06-28 09:10:00,209.0
16474,United Kingdom,2011-07-17 14:51:00,2011-12-02 13:02:00,137.0
16475,United Kingdom,2011-03-11 09:39:00,2011-09-12 14:37:00,185.0
16476,United Kingdom,2010-10-04 10:29:00,2010-10-04 10:29:00,0.0
16477,United Kingdom,2010-08-12 09:43:00,2011-10-07 09:44:00,421.0
16478,United Kingdom,2011-10-05 12:02:00,2011-11-14 15:51:00,40.0
16479,United Kingdom,2011-11-29 13:04:00,2011-11-29 13:40:00,0.0
16480,United Kingdom,2011-09-25 11:40:00,2011-09-25 11:40:00,0.0
16481,United Kingdom,2010-01-26 13:09:00,2010-01-26 13:09:00,0.0
16482,United Kingdom,2011-11-24 12:33:00,2011-11-24 12:33:00,0.0
16483,United Kingdom,2011-05-31 13:08:00,2011-05-31 13:08:00,0.0
16484,United Kingdom,2011-06-02 10:39:00,2011-06-19 12:06:00,17.0
16485,United Kingdom,2009-12-06 12:28:00,2011-09-23 15:50:00,656.0
16486,United Kingdom,2010-06-20 12:16:00,2010-06-20 12:16:00,0.0
16487,United Kingdom,2010-02-18 17:36:00,2010-05-11 13:38:00,81.0
16488,United Kingdom,2011-07-14 11:46:00,2011-11-06 13:42:00,115.0
16489,United Kingdom,2010-09-29 15:02:00,2010-11-24 14:40:00,55.0
16490,United Kingdom,2010-09-29 16:30:00,2010-09-29 16:30:00,0.0
16491,United Kingdom,2010-10-22 15:42:00,2011-10-24 10:18:00,366.0
16492,United Kingdom,2010-06-17 08:20:00,2010-06-17 08:20:00,0.0
16493,United Kingdom,2010-03-26 13:05:00,2011-09-21 11:10:00,543.0
16494,United Kingdom,2011-02-16 12:49:00,2011-02-16 12:49:00,0.0
16495,United Kingdom,2011-03-08 16:38:00,2011-12-06 13:20:00,272.0
16496,United Kingdom,2010-07-18 13:42:00,2011-12-01 10:31:00,500.0
16497,United Kingdom,2009-12-03 14:11:00,2011-10-21 10:55:00,686.0
16498,United Kingdom,2011-06-30 19:52:00,2011-07-01 15:07:00,0.0
16499,United Kingdom,2010-06-11 12:22:00,2010-12-14 13:31:00,186.0
16500,United Kingdom,2010-06-14 14:54:00,2011-12-05 12:04:00,538.0
16501,United Kingdom,2010-11-21 14:10:00,2010-11-21 14:10:00,0.0
16502,United Kingdom,2010-03-29 13:39:00,2010-03-29 13:44:00,0.0
16503,United Kingdom,2010-06-21 14:07:00,2011-08-25 11:46:00,429.0
16504,United Kingdom,2011-11-14 15:18:00,2011-11-14 15:18:00,0.0
16505,United Kingdom,2011-11-08 12:14:00,2011-11-08 12:14:00,0.0
16506,United Kingdom,2011-10-30 15:50:00,2011-11-20 12:17:00,20.0
16507,United Kingdom,2010-05-16 12:56:00,2010-05-16 12:56:00,0.0
16508,United Kingdom,2010-03-19 13:41:00,2010-03-19 13:41:00,0.0
16509,United Kingdom,2011-02-16 09:25:00,2011-02-16 09:25:00,0.0
16510,United Kingdom,2010-01-17 12:30:00,2010-12-02 13:39:00,319.0
16511,United Kingdom,2010-03-01 12:21:00,2011-11-18 10:41:00,626.0
16512,United Kingdom,,,
16513,United Kingdom,2011-10-27 14:56:00,2011-12-05 10:18:00,38.0
16514,United Kingdom,,,
16515,United Kingdom,2010-06-17 12:17:00,2011-10-18 13:10:00,488.0
16516,United Kingdom,2011-11-09 14:59:00,2011-11-09 14:59:00,0.0
16517,United Kingdom,2011-03-07 13:50:00,2011-03-07 13:50:00,0.0
16518,United Kingdom,2010-06-01 13:31:00,2011-10-09 15:04:00,495.0
16519,United Kingdom,2010-03-01 13:51:00,2011-11-14 15:41:00,623.0
16520,United Kingdom,2010-03-02 16:50:00,2011-06-06 13:24:00,460.0
16521,United Kingdom,2010-03-01 13:22:00,2010-10-20 13:09:00,232.0
16522,United Kingdom,2010-09-15 13:32:00,2010-09-30 10:54:00,14.0
16523,United Kingdom,2010-01-24 13:14:00,2011-12-08 09:06:00,682.0
16524,United Kingdom,2010-01-17 13:16:00,2010-09-19 13:37:00,245.0
16525,United Kingdom,2009-12-02 13:53:00,2011-12-07 15:07:00,735.0
16526,United Kingdom,2010-05-04 16:34:00,2011-06-21 12:02:00,412.0
16527,United Kingdom,2010-10-11 13:25:00,2011-09-19 16:21:00,343.0
16528,United Kingdom,2011-12-06 12:45:00,2011-12-06 12:45:00,0.0
16529,United Kingdom,2010-06-27 13:29:00,2011-06-02 17:23:00,340.0
16530,United Kingdom,2010-02-09 15:30:00,2010-02-09 15:30:00,0.0
16531,United Kingdom,2010-09-24 09:49:00,2011-11-17 16:29:00,419.0
16532,United Kingdom,2010-03-29 10:26:00,2011-11-22 11:08:00,603.0
16533,United Kingdom,2011-10-02 15:07:00,2011-11-20 13:08:00,48.0
16534,United Kingdom,2010-03-07 15:47:00,2010-03-07 15:47:00,0.0
16535,United Kingdom,2010-01-28 15:26:00,2011-12-04 15:18:00,674.0
16536,United Kingdom,2011-08-21 15:54:00,2011-08-21 15:54:00,0.0
16537,United Kingdom,2010-03-08 13:41:00,2010-03-08 13:41:00,0.0
16538,United Kingdom,2010-04-23 16:25:00,2010-06-16 16:59:00,54.0
16539,United Kingdom,2010-06-25 15:24:00,2011-12-07 08:41:00,529.0
16540,United Kingdom,2010-10-21 17:22:00,2010-10-21 17:22:00,0.0
16541,United Kingdom,2009-12-04 13:22:00,2009-12-04 13:22:00,0.0
16542,United Kingdom,2010-11-03 14:44:00,2011-10-17 10:47:00,347.0
16543,United Kingdom,2010-04-27 11:38:00,2010-04-27 11:38:00,0.0
16544,United Kingdom,2010-02-15 13:20:00,2010-07-08 11:11:00,142.0
16545,United Kingdom,2010-11-29 10:39:00,2011-06-28 10:37:00,210.0
16546,United Kingdom,2010-09-23 15:43:00,2011-02-22 11:20:00,151.0
16547,United Kingdom,2010-06-11 13:02:00,2010-06-11 13:02:00,0.0
16548,United Kingdom,2010-04-19 16:15:00,2010-04-19 16:15:00,0.0
16549,United Kingdom,2010-03-28 15:45:00,2011-11-29 15:06:00,610.0
16550,United Kingdom,2009-12-02 11:24:00,2011-08-23 11:12:00,628.0
16551,United Kingdom,2009-12-13 16:12:00,2011-09-05 09:38:00,630.0
16552,United Kingdom,2010-12-01 12:36:00,2011-04-11 10:04:00,130.0
16553,United Kingdom,2010-02-11 18:46:00,2011-06-29 15:42:00,502.0
16554,United Kingdom,2009-12-15 09:42:00,2011-10-28 14:51:00,682.0
16555,United Kingdom,2010-07-22 13:39:00,2011-11-04 14:31:00,470.0
16556,United Kingdom,2009-12-07 10:51:00,2011-10-04 11:36:00,666.0
16557,United Kingdom,2011-07-25 13:28:00,2011-11-15 14:04:00,113.0
16558,United Kingdom,2009-12-03 18:11:00,2011-12-09 10:20:00,735.0
16559,United Kingdom,2010-11-07 13:52:00,2010-11-07 13:52:00,0.0
16560,United Kingdom,2009-12-08 12:05:00,2011-11-13 10:35:00,704.0
16561,United Kingdom,2011-10-11 09:53:00,2011-12-04 11:50:00,54.0
16562,United Kingdom,2010-08-20 11:45:00,2010-08-20 11:45:00,0.0
16563,United Kingdom,2009-12-01 18:35:00,2011-10-17 11:51:00,684.0
16564,United Kingdom,2010-05-19 14:41:00,2010-05-19 14:41:00,0.0
16565,United Kingdom,2010-06-02 12:47:00,2010-12-10 15:21:00,191.0
16566,United Kingdom,2011-02-20 10:29:00,2011-11-24 16:34:00,277.0
16567,United Kingdom,2011-01-07 09:31:00,2011-05-29 13:57:00,142.0
16568,United Kingdom,2010-03-08 14:51:00,2010-10-08 10:54:00,213.0
16569,United Kingdom,2009-12-16 15:05:00,2011-12-06 15:32:00,720.0
16570,United Kingdom,2010-03-30 09:32:00,2011-11-24 17:02:00,604.0
16571,United Kingdom,2010-03-18 09:12:00,2011-11-13 11:46:00,605.0
16572,United Kingdom,2011-03-09 12:04:00,2011-08-04 16:34:00,148.0
16573,United Kingdom,2011-02-22 15:14:00,2011-09-16 09:13:00,205.0
16574,United Kingdom,2010-02-19 11:46:00,2011-09-29 13:39:00,587.0
16575,United Kingdom,,,
16576,United Kingdom,2010-07-06 10:42:00,2010-10-15 13:37:00,101.0
16577,United Kingdom,2010-02-11 09:45:00,2010-02-11 09:45:00,0.0
16578,United Kingdom,2010-03-23 15:11:00,2010-03-23 15:11:00,0.0
16579,United Kingdom,2010-10-10 11:58:00,2010-10-10 11:58:00,0.0
16580,United Kingdom,,,
16581,United Kingdom,2011-06-10 10:05:00,2011-06-10 10:05:00,0.0
16582,United Kingdom,2011-08-18 17:02:00,2011-08-18 17:02:00,0.0
16583,United Kingdom,2010-02-04 12:18:00,2010-12-01 12:03:00,299.0
16584,United Kingdom,2010-02-16 10:41:00,2011-09-20 13:45:00,581.0
16585,United Kingdom,2010-01-13 13:31:00,2010-04-25 10:34:00,101.0
16586,United Kingdom,2010-03-14 11:24:00,2011-04-05 09:32:00,386.0
16587,United Kingdom,2011-04-21 15:51:00,2011-04-21 15:51:00,0.0
16588,United Kingdom,2010-05-14 13:43:00,2010-11-18 17:56:00,188.0
16589,United Kingdom,2010-09-15 14:56:00,2011-09-29 14:50:00,378.0
16590,United Kingdom,2010-10-21 12:09:00,2010-11-04 09:06:00,13.0
16591,United Kingdom,2011-10-02 10:43:00,2011-10-02 10:43:00,0.0
16592,United Kingdom,2009-12-18 15:57:00,2011-12-05 13:49:00,716.0
16593,United Kingdom,2009-12-05 10:44:00,2011-10-20 12:41:00,684.0
16594,United Kingdom,2011-09-25 14:08:00,2011-09-25 14:08:00,0.0
16595,United Kingdom,2010-01-17 12:12:00,2011-10-09 13:15:00,630.0
16596,United Kingdom,2009-12-10 13:09:00,2011-11-24 10:02:00,713.0
16597,United Kingdom,2011-12-05 15:44:00,2011-12-05 15:44:00,0.0
16598,United Kingdom,2011-02-27 11:42:00,2011-02-27 11:42:00,0.0
16599,United Kingdom,2010-11-19 12:45:00,2010-11-19 12:45:00,0.0
16600,United Kingdom,2009-12-18 12:59:00,2011-12-05 16:00:00,717.0
16601,United Kingdom,2010-03-26 13:39:00,2011-10-30 11:09:00,582.0
16602,United Kingdom,2010-11-16 09:13:00,2011-11-03 15:54:00,352.0
16603,United Kingdom,2011-09-09 13:02:00,2011-09-26 10:06:00,16.0
16604,United Kingdom,2010-05-20 16:34:00,2010-05-26 09:10:00,5.0
16605,United Kingdom,2009-12-15 19:03:00,2009-12-15 19:03:00,0.0
16606,United Kingdom,2010-10-01 13:21:00,2010-10-31 13:57:00,30.0
16607,United Kingdom,2010-04-29 14:01:00,2011-11-22 10:24:00,571.0
16608,United Kingdom,2010-02-14 11:57:00,2010-09-12 11:44:00,209.0
16609,United Kingdom,2011-04-01 10:11:00,2011-11-24 13:32:00,237.0
16610,United Kingdom,2011-05-04 13:13:00,2011-05-04 13:13:00,0.0
16611,United Kingdom,2010-03-10 16:07:00,2011-06-06 15:46:00,452.0
16612,United Kingdom,2009-12-03 15:54:00,2011-11-07 07:38:00,703.0
16613,United Kingdom,2011-09-30 15:52:00,2011-09-30 15:52:00,0.0
16614,United Kingdom,2010-05-10 15:18:00,2011-06-10 11:36:00,395.0
16615,United Kingdom,2010-03-23 15:13:00,2010-03-23 15:13:00,0.0
16616,United Kingdom,2011-07-05 13:38:00,2011-11-24 16:31:00,142.0
16617,United Kingdom,2011-04-18 10:35:00,2011-04-18 10:35:00,0.0
16618,United Kingdom,2011-01-21 11:55:00,2011-11-08 13:52:00,291.0
16619,United Kingdom,2010-02-22 12:05:00,2011-03-21 08:18:00,391.0
16620,United Kingdom,2009-12-01 14:35:00,2011-12-06 12:19:00,734.0
16621,United Kingdom,2011-03-07 11:32:00,2011-10-19 11:38:00,226.0
16622,United Kingdom,2010-06-14 10:44:00,2010-06-14 10:44:00,0.0
16623,United Kingdom,2010-04-26 14:04:00,2011-04-08 10:09:00,346.0
16624,United Kingdom,2011-05-26 14:20:00,2011-09-20 12:39:00,116.0
16625,United Kingdom,2010-06-14 11:56:00,2011-03-10 12:50:00,269.0
16626,United Kingdom,2011-03-18 12:27:00,2011-12-09 11:56:00,265.0
16627,United Kingdom,2011-09-21 14:38:00,2011-09-21 14:38:00,0.0
16628,United Kingdom,2010-03-08 12:24:00,2011-11-10 12:45:00,612.0
16629,United Kingdom,2011-09-04 16:12:00,2011-09-27 10:34:00,22.0
16630,United Kingdom,2010-10-28 14:30:00,2010-10-28 14:30:00,0.0
16631,United Kingdom,2010-02-26 10:49:00,2010-08-15 11:20:00,170.0
16632,United Kingdom,2010-05-07 16:46:00,2010-08-11 11:39:00,95.0
16633,United Kingdom,2011-04-19 14:36:00,2011-11-22 13:41:00,216.0
16634,United Kingdom,2010-01-21 09:30:00,2011-05-01 12:09:00,465.0
16635,United Kingdom,2010-10-29 09:41:00,2010-10-29 09:41:00,0.0
16636,United Kingdom,2010-03-03 14:06:00,2010-09-27 13:13:00,207.0
16637,United Kingdom,2011-04-28 10:20:00,2011-11-07 13:17:00,193.0
16638,United Kingdom,2010-08-18 13:33:00,2011-11-17 11:09:00,455.0
16639,United Kingdom,2010-10-26 18:23:00,2011-11-08 13:20:00,377.0
16640,United Kingdom,2010-11-07 10:48:00,2010-11-07 10:48:00,0.0
16641,United Kingdom,2010-01-07 12:22:00,2011-08-26 12:49:00,596.0
16642,United Kingdom,2010-10-20 14:22:00,2011-12-05 11:31:00,410.0
16643,United Kingdom,2010-10-13 09:47:00,2011-04-08 08:24:00,176.0
16644,United Kingdom,2011-05-11 12:53:00,2011-06-15 12:39:00,34.0
16645,United Kingdom,2009-12-04 09:49:00,2009-12-04 09:49:00,0.0
16646,United Kingdom,2010-09-16 13:28:00,2010-09-16 13:28:00,0.0
16647,United Kingdom,2010-06-13 15:52:00,2011-06-23 11:47:00,374.0
16648,United Kingdom,2010-04-28 14:58:00,2011-10-28 08:58:00,547.0
16649,United Kingdom,2010-07-07 15:41:00,2010-07-07 15:41:00,0.0
16650,United Kingdom,2010-07-08 14:18:00,2011-09-29 09:51:00,447.0
16651,United Kingdom,2010-05-02 11:46:00,2010-05-02 11:46:00,0.0
16652,United Kingdom,2010-03-17 10:22:00,2011-10-12 09:38:00,573.0
16653,United Kingdom,2011-09-29 13:38:00,2011-11-23 14:51:00,55.0
16654,United Kingdom,2010-04-06 13:29:00,2011-07-21 15:23:00,471.0
16655,United Kingdom,2010-01-31 15:40:00,2011-11-22 11:25:00,659.0
16656,United Kingdom,2009-12-04 12:59:00,2011-11-17 14:43:00,713.0
16657,United Kingdom,2011-03-30 12:02:00,2011-11-30 11:48:00,244.0
16658,United Kingdom,2010-03-30 16:24:00,2010-12-06 13:47:00,250.0
16659,United Kingdom,2011-06-03 15:03:00,2011-06-03 15:03:00,0.0
16660,United Kingdom,2010-01-14 11:09:00,2011-11-23 14:53:00,678.0
16661,United Kingdom,2009-12-17 15:39:00,2010-06-17 15:24:00,181.0
16662,United Kingdom,2010-11-10 16:56:00,2010-11-10 16:56:00,0.0
16663,United Kingdom,2009-12-10 13:12:00,2009-12-10 13:12:00,0.0
16664,United Kingdom,2010-05-19 17:11:00,2010-05-19 17:11:00,0.0
16665,United Kingdom,2010-12-12 14:03:00,2010-12-12 14:03:00,0.0
16666,United Kingdom,2010-03-28 15:13:00,2011-11-20 14:01:00,601.0
16667,United Kingdom,2011-02-28 12:57:00,2011-10-02 15:26:00,216.0
16668,United Kingdom,2010-03-18 18:25:00,2011-11-24 17:43:00,615.0
16669,United Kingdom,2011-09-22 14:13:00,2011-11-16 12:26:00,54.0
16670,United Kingdom,2009-12-10 15:28:00,2011-11-23 09:34:00,712.0
16671,United Kingdom,2011-06-28 11:20:00,2011-11-11 13:40:00,136.0
16672,United Kingdom,2011-03-18 10:15:00,2011-12-07 16:29:00,264.0
16673,United Kingdom,2010-01-29 14:22:00,2010-01-29 14:22:00,0.0
16674,United Kingdom,2011-09-02 13:59:00,2011-10-16 11:31:00,43.0
16675,United Kingdom,2010-08-18 13:11:00,2010-09-24 12:15:00,36.0
16676,United Kingdom,2010-10-17 13:07:00,2011-11-06 12:01:00,384.0
16677,United Kingdom,2010-02-25 16:11:00,2010-10-24 14:53:00,240.0
16678,United Kingdom,2011-03-02 09:24:00,2011-12-07 12:17:00,280.0
16679,United Kingdom,2010-06-10 18:35:00,2010-12-08 13:51:00,180.0
16680,United Kingdom,2010-06-23 09:30:00,2011-10-27 17:35:00,491.0
16681,United Kingdom,2010-03-08 14:10:00,2011-09-28 11:11:00,568.0
16682,United Kingdom,2011-06-05 11:02:00,2011-12-05 12:13:00,183.0
16683,United Kingdom,2010-06-24 10:36:00,2010-06-24 10:36:00,0.0
16684,United Kingdom,2009-12-07 12:56:00,2011-12-05 14:06:00,728.0
16685,United Kingdom,2011-10-09 13:44:00,2011-10-09 13:58:00,0.0
16686,United Kingdom,2009-12-06 15:48:00,2011-10-23 13:49:00,685.0
16687,United Kingdom,2010-11-14 11:46:00,2010-11-14 11:46:00,0.0
16688,United Kingdom,2011-10-10 12:23:00,2011-12-08 15:24:00,59.0
16689,United Kingdom,2011-09-18 13:29:00,2011-09-25 11:39:00,6.0
16690,United Kingdom,2010-09-14 15:00:00,2011-09-28 15:02:00,379.0
16691,United Kingdom,2010-05-27 14:55:00,2010-10-17 15:03:00,143.0
16692,United Kingdom,2010-09-24 11:31:00,2011-03-28 14:46:00,185.0
16693,United Kingdom,2010-02-21 12:42:00,2011-10-02 11:10:00,587.0
16694,United Kingdom,2009-12-16 15:45:00,2009-12-16 15:45:00,0.0
16695,United Kingdom,2010-05-27 12:24:00,2010-05-27 12:36:00,0.0
16696,United Kingdom,2011-04-05 15:20:00,2011-07-27 14:23:00,112.0
16697,United Kingdom,2011-04-12 17:12:00,2011-04-12 17:12:00,0.0
16698,United Kingdom,2011-03-31 13:33:00,2011-04-27 10:52:00,26.0
16699,United Kingdom,2009-12-04 13:31:00,2010-11-24 14:38:00,355.0
16700,United Kingdom,2009-12-02 10:51:00,2011-12-01 11:00:00,729.0
16701,United Kingdom,2009-12-01 19:19:00,2011-12-01 11:10:00,729.0
16702,United Kingdom,2009-12-07 16:40:00,2010-10-20 14:10:00,316.0
16703,United Kingdom,,,
16704,United Kingdom,2010-02-05 14:14:00,2010-03-31 14:02:00,53.0
16705,United Kingdom,2009-12-09 13:34:00,2011-12-09 12:08:00,729.0
16706,United Kingdom,2011-08-17 15:53:00,2011-11-02 13:50:00,76.0
16707,United Kingdom,2010-03-09 15:16:00,2010-11-04 14:39:00,239.0
16708,United Kingdom,2011-10-25 12:20:00,2011-10-25 12:20:00,0.0
16709,United Kingdom,2009-12-09 13:16:00,2011-09-16 10:56:00,645.0
16710,United Kingdom,2009-12-04 13:41:00,2011-11-20 14:50:00,716.0
16711,United Kingdom,2009-12-02 13:22:00,2011-12-06 16:32:00,734.0
16712,United Kingdom,2010-11-03 15:45:00,2011-11-30 13:48:00,391.0
16713,United Kingdom,2009-12-15 12:49:00,2011-11-21 12:36:00,705.0
16714,United Kingdom,2010-02-07 11:17:00,2011-05-05 11:09:00,451.0
16715,United Kingdom,2010-05-26 12:35:00,2011-09-22 18:15:00,484.0
16716,United Kingdom,2010-03-19 11:05:00,2011-03-18 10:03:00,363.0
16717,United Kingdom,2009-12-07 15:55:00,2011-11-16 12:16:00,708.0
16718,United Kingdom,2009-12-06 13:07:00,2010-12-05 13:03:00,363.0
16719,United Kingdom,2009-12-13 10:59:00,2011-11-25 09:27:00,711.0
16720,United Kingdom,2009-12-17 17:54:00,2011-11-13 16:22:00,695.0
16721,United Kingdom,2011-03-22 16:08:00,2011-03-22 16:08:00,0.0
16722,United Kingdom,2009-12-03 19:23:00,2011-11-22 13:28:00,718.0
16723,United Kingdom,2009-12-04 13:23:00,2011-09-09 13:01:00,643.0
16724,United Kingdom,2010-10-31 11:40:00,2010-10-31 11:40:00,0.0
16725,United Kingdom,2009-12-13 15:54:00,2011-02-10 16:52:00,424.0
16726,United Kingdom,2010-10-24 16:09:00,2011-11-13 14:53:00,384.0
16727,United Kingdom,2010-01-20 10:48:00,2010-12-10 13:48:00,324.0
16728,United Kingdom,2011-03-20 13:28:00,2011-10-24 14:36:00,218.0
16729,United Kingdom,2011-04-12 14:22:00,2011-11-01 14:29:00,203.0
16730,United Kingdom,2011-01-24 14:01:00,2011-10-18 14:11:00,267.0
16731,United Kingdom,2010-03-01 15:05:00,2010-03-01 15:05:00,0.0
16732,United Kingdom,2009-12-08 13:04:00,2011-11-08 09:54:00,699.0
16733,United Kingdom,2010-06-28 10:12:00,2010-06-28 10:12:00,0.0
16734,United Kingdom,2011-08-17 15:00:00,2011-10-18 13:44:00,61.0
16735,United Kingdom,2009-12-08 09:24:00,2011-09-22 11:49:00,653.0
16736,United Kingdom,2009-12-03 16:12:00,2010-07-22 10:09:00,230.0
16737,United Kingdom,2010-05-11 09:53:00,2011-10-17 13:03:00,524.0
16738,United Kingdom,2011-02-15 09:46:00,2011-02-15 09:46:00,0.0
16739,United Kingdom,2010-06-21 09:38:00,2011-06-16 09:17:00,359.0
16740,United Kingdom,2010-11-09 13:34:00,2010-11-09 13:34:00,0.0
16741,United Kingdom,2010-03-24 15:15:00,2010-03-24 15:15:00,0.0
16742,United Kingdom,2009-12-16 17:22:00,2011-10-24 12:02:00,676.0
16743,United Kingdom,2010-04-22 13:21:00,2011-11-10 13:13:00,566.0
16744,United Kingdom,2011-06-19 15:13:00,2011-11-28 13:06:00,161.0
16745,United Kingdom,2011-02-01 11:31:00,2011-09-14 11:58:00,225.0
16746,United Kingdom,2009-12-04 13:00:00,2011-12-05 12:33:00,730.0
16747,United Kingdom,2011-10-03 10:18:00,2011-11-02 11:37:00,30.0
16748,United Kingdom,2009-12-10 12:28:00,2011-11-22 10:17:00,711.0
16749,United Kingdom,2009-12-15 14:05:00,2010-04-27 13:06:00,132.0
16750,United Kingdom,2011-04-21 16:53:00,2011-10-26 12:48:00,187.0
16751,United Kingdom,2011-11-09 10:48:00,2011-11-09 10:48:00,0.0
16752,United Kingdom,2010-12-02 12:18:00,2010-12-02 12:18:00,0.0
16753,United Kingdom,2011-10-12 13:14:00,2011-10-12 13:14:00,0.0
16754,United Kingdom,2010-03-08 11:32:00,2010-12-02 17:38:00,269.0
16755,United Kingdom,2009-12-09 14:25:00,2011-08-17 13:21:00,615.0
16756,United Kingdom,2010-03-09 15:56:00,2011-05-09 09:33:00,425.0
16757,United Kingdom,2010-10-26 15:09:00,2011-01-25 11:59:00,90.0
16758,United Kingdom,2011-10-05 14:47:00,2011-10-05 14:47:00,0.0
16759,United Kingdom,2011-11-09 09:06:00,2011-12-02 12:42:00,23.0
16760,United Kingdom,2010-10-05 15:55:00,2010-10-05 15:55:00,0.0
16761,United Kingdom,2011-09-04 11:15:00,2011-09-04 11:15:00,0.0
16762,United Kingdom,2011-07-18 12:52:00,2011-11-20 11:43:00,124.0
16763,United Kingdom,2009-12-01 15:26:00,2011-05-25 11:52:00,539.0
16764,United Kingdom,2011-07-19 17:17:00,2011-12-06 11:41:00,139.0
16765,United Kingdom,2010-11-22 13:42:00,2011-02-18 15:41:00,88.0
16766,United Kingdom,2011-03-11 13:34:00,2011-03-11 15:22:00,0.0
16767,United Kingdom,2010-04-28 16:49:00,2011-11-09 09:42:00,559.0
16768,United Kingdom,2009-12-07 11:47:00,2011-10-23 10:38:00,684.0
16769,United Kingdom,2009-12-14 11:10:00,2011-03-24 13:41:00,465.0
16770,United Kingdom,2010-08-22 16:08:00,2011-10-13 12:21:00,416.0
16771,United Kingdom,2009-12-09 11:52:00,2011-11-06 13:28:00,697.0
16772,United Kingdom,2009-12-18 10:50:00,2010-10-12 13:19:00,298.0
16773,United Kingdom,2009-12-06 15:01:00,2011-10-13 14:37:00,675.0
16774,United Kingdom,2010-02-16 16:53:00,2011-10-03 12:41:00,593.0
16775,United Kingdom,2010-09-23 17:34:00,2011-11-29 15:22:00,431.0
16776,United Kingdom,2010-10-20 12:13:00,2011-10-10 13:04:00,355.0
16777,United Kingdom,2010-03-17 12:42:00,2011-09-20 13:41:00,552.0
16778,United Kingdom,2011-03-10 15:21:00,2011-09-26 13:48:00,199.0
16779,United Kingdom,2009-12-03 13:03:00,2011-12-07 14:54:00,734.0
16780,United Kingdom,2010-10-28 19:41:00,2011-08-31 16:09:00,306.0
16781,United Kingdom,2010-02-08 13:56:00,2010-12-02 14:26:00,297.0
16782,United Kingdom,2009-12-09 11:58:00,2011-11-29 13:20:00,720.0
16783,United Kingdom,2010-09-29 11:53:00,2010-09-29 11:53:00,0.0
16784,United Kingdom,2010-03-28 12:55:00,2011-11-20 12:20:00,601.0
16785,United Kingdom,2010-10-26 10:36:00,2010-10-26 10:36:00,0.0
16786,United Kingdom,2010-11-11 08:25:00,2010-11-11 08:25:00,0.0
16787,United Kingdom,2010-01-10 11:12:00,2010-11-07 11:01:00,300.0
16788,United Kingdom,2010-02-07 12:40:00,2011-08-08 14:53:00,547.0
16789,United Kingdom,2011-12-01 15:12:00,2011-12-01 15:12:00,0.0
16790,United Kingdom,2011-11-02 11:23:00,2011-12-06 11:53:00,34.0
16791,United Kingdom,2009-12-03 18:08:00,2011-11-10 19:12:00,707.0
16792,United Kingdom,2010-01-04 13:47:00,2011-03-02 14:41:00,422.0
16793,United Kingdom,2011-10-13 15:08:00,2011-10-13 15:08:00,0.0
16794,United Kingdom,2010-03-25 15:17:00,2011-12-08 17:54:00,623.0
16795,United Kingdom,2010-01-25 13:14:00,2010-12-09 14:08:00,318.0
16796,United Kingdom,2011-09-11 14:01:00,2011-09-11 14:01:00,0.0
16797,United Kingdom,2009-12-02 13:33:00,2010-11-11 19:14:00,344.0
16798,United Kingdom,2009-12-10 19:35:00,2010-06-03 19:01:00,174.0
16799,United Kingdom,2010-09-12 12:46:00,2010-10-03 14:28:00,21.0
16800,United Kingdom,2011-11-28 14:06:00,2011-11-28 14:06:00,0.0
16801,United Kingdom,2011-03-11 13:56:00,2011-06-29 15:33:00,110.0
16802,United Kingdom,2009-12-09 13:00:00,2010-01-29 13:44:00,51.0
16803,United Kingdom,2011-10-05 14:28:00,2011-10-05 14:28:00,0.0
16804,United Kingdom,2011-03-14 15:48:00,2011-11-16 16:43:00,247.0
16805,United Kingdom,2009-12-08 14:29:00,2011-06-19 11:23:00,557.0
16806,United Kingdom,2011-04-14 19:59:00,2011-08-28 15:27:00,135.0
16807,United Kingdom,2010-03-26 14:38:00,2011-07-20 12:00:00,480.0
16808,United Kingdom,2011-03-10 19:05:00,2011-09-01 19:34:00,175.0
16809,United Kingdom,2010-04-13 15:34:00,2011-11-16 15:45:00,582.0
16810,United Kingdom,2010-10-15 15:32:00,2011-05-31 15:32:00,228.0
16811,United Kingdom,2011-11-22 17:19:00,2011-12-05 11:39:00,12.0
16812,United Kingdom,2010-11-22 14:36:00,2010-12-14 12:35:00,21.0
16813,United Kingdom,2011-05-19 13:28:00,2011-12-01 14:03:00,196.0
16814,United Kingdom,2010-04-11 12:45:00,2011-11-25 13:27:00,593.0
16815,United Kingdom,2010-06-21 12:05:00,2010-09-12 10:59:00,82.0
16816,United Kingdom,2010-12-16 17:01:00,2011-08-28 14:16:00,254.0
16817,United Kingdom,2010-10-04 09:06:00,2011-12-07 11:03:00,429.0
16818,United Kingdom,2011-05-18 11:42:00,2011-11-29 10:41:00,194.0
16819,United Kingdom,2010-08-31 17:31:00,2010-08-31 17:37:00,0.0
16820,United Kingdom,2011-09-05 12:06:00,2011-09-05 12:06:00,0.0
16821,United Kingdom,2010-11-23 10:04:00,2010-11-23 10:04:00,0.0
16822,United Kingdom,2010-01-22 14:22:00,2010-01-22 14:22:00,0.0
16823,United Kingdom,2009-12-02 09:57:00,2011-04-26 15:00:00,510.0
16824,United Kingdom,2010-11-11 12:21:00,2011-11-24 12:38:00,378.0
16825,United Kingdom,2010-06-23 13:14:00,2011-11-01 11:51:00,495.0
16826,United Kingdom,2011-10-19 14:05:00,2011-10-19 14:05:00,0.0
16827,United Kingdom,2010-04-29 19:07:00,2010-11-11 14:04:00,195.0
16828,United Kingdom,2011-08-19 13:24:00,2011-09-07 15:10:00,19.0
16829,United Kingdom,2010-11-16 18:11:00,2011-07-06 10:48:00,231.0
16830,United Kingdom,2009-12-13 12:11:00,2011-11-01 11:35:00,687.0
16831,United Kingdom,2010-05-24 09:08:00,2010-05-24 09:08:00,0.0
16832,United Kingdom,2010-09-07 12:35:00,2011-06-08 15:36:00,274.0
16833,United Kingdom,2010-03-26 15:31:00,2011-12-08 14:39:00,621.0
16834,United Kingdom,2010-02-03 14:24:00,2011-04-26 09:37:00,446.0
16835,United Kingdom,2010-05-19 08:41:00,2011-08-03 13:50:00,441.0
16836,United Kingdom,2010-05-14 12:52:00,2011-10-31 10:05:00,534.0
16837,United Kingdom,2011-04-08 08:48:00,2011-11-08 14:27:00,214.0
16838,United Kingdom,2010-02-14 15:27:00,2011-05-26 13:13:00,465.0
16839,United Kingdom,2010-02-11 15:02:00,2011-12-01 09:03:00,657.0
16840,United Kingdom,2010-02-03 12:42:00,2010-04-15 15:48:00,71.0
16841,United Kingdom,2010-01-12 11:32:00,2011-11-03 11:51:00,660.0
16842,United Kingdom,2011-02-10 14:51:00,2011-08-31 10:42:00,201.0
16843,United Kingdom,2009-12-10 11:40:00,2011-10-28 09:06:00,686.0
16844,United Kingdom,2010-05-06 09:16:00,2010-05-26 10:29:00,20.0
16845,United Kingdom,2010-03-31 13:09:00,2010-03-31 13:09:00,0.0
16846,United Kingdom,2010-03-10 12:03:00,2011-10-20 13:55:00,589.0
16847,United Kingdom,2010-03-31 13:32:00,2011-10-27 13:29:00,574.0
16848,United Kingdom,2010-10-03 11:01:00,2011-10-18 08:42:00,379.0
16849,United Kingdom,2011-06-06 09:16:00,2011-06-06 09:16:00,0.0
16850,United Kingdom,2011-01-10 11:09:00,2011-01-10 11:09:00,0.0
16851,United Kingdom,2011-10-19 09:48:00,2011-12-05 13:32:00,47.0
16852,United Kingdom,2011-06-16 15:49:00,2011-11-29 13:22:00,165.0
16853,United Kingdom,,,
16854,United Kingdom,2010-03-09 14:32:00,2010-10-18 16:31:00,223.0
16855,United Kingdom,2011-10-27 16:31:00,2011-11-16 12:03:00,19.0
16856,United Kingdom,2010-09-23 13:11:00,2011-11-25 08:59:00,427.0
16857,United Kingdom,2010-09-23 10:49:00,2010-09-23 10:49:00,0.0
16858,United Kingdom,2009-12-15 11:09:00,2010-12-06 09:52:00,355.0
16859,United Kingdom,2010-03-04 12:37:00,2011-07-18 12:19:00,500.0
16860,United Kingdom,2010-02-15 13:46:00,2010-09-13 10:05:00,209.0
16861,United Kingdom,2010-07-19 11:44:00,2011-10-11 09:05:00,448.0
16862,United Kingdom,2010-01-07 12:57:00,2010-06-10 13:05:00,154.0
16863,United Kingdom,2010-10-26 10:03:00,2011-11-08 15:26:00,378.0
16864,United Kingdom,2010-04-20 11:56:00,2010-10-01 16:16:00,164.0
16865,United Kingdom,2010-11-03 11:34:00,2010-11-03 11:34:00,0.0
16866,United Kingdom,2011-07-01 12:34:00,2011-07-22 10:06:00,20.0
16867,United Kingdom,2010-01-19 09:11:00,2010-01-19 09:11:00,0.0
16868,United Kingdom,2010-04-25 11:31:00,2010-11-10 13:17:00,199.0
16869,United Kingdom,2011-06-17 13:01:00,2011-11-17 12:02:00,152.0
16870,United Kingdom,2010-08-27 13:53:00,2010-08-27 13:53:00,0.0
16871,United Kingdom,2011-03-14 10:31:00,2011-11-17 19:27:00,248.0
16872,United Kingdom,2010-09-02 17:36:00,2011-09-23 16:05:00,385.0
16873,United Kingdom,2010-02-09 14:17:00,2011-12-05 12:05:00,663.0
16874,United Kingdom,2010-11-25 13:08:00,2010-11-25 13:08:00,0.0
16875,United Kingdom,2010-01-05 09:16:00,2011-10-03 13:39:00,636.0
16876,United Kingdom,2010-11-01 11:59:00,2010-11-01 11:59:00,0.0
16877,United Kingdom,2011-05-15 16:13:00,2011-11-27 13:47:00,195.0
16878,United Kingdom,2011-09-16 17:39:00,2011-09-16 17:39:00,0.0
16879,United Kingdom,,,
16880,United Kingdom,2010-08-03 13:54:00,2011-11-09 11:33:00,462.0
16881,United Kingdom,2011-10-04 10:33:00,2011-10-04 10:33:00,0.0
16882,United Kingdom,2011-01-26 17:43:00,2011-10-04 10:42:00,250.0
16883,United Kingdom,2009-12-04 12:07:00,2011-06-05 12:51:00,548.0
16884,United Kingdom,2010-05-18 12:00:00,2011-11-02 11:52:00,532.0
16885,United Kingdom,2010-11-19 12:51:00,2011-11-24 13:40:00,370.0
16886,United Kingdom,2010-09-09 15:08:00,2010-09-09 15:08:00,0.0
16887,United Kingdom,2009-12-01 13:41:00,2011-11-04 14:07:00,703.0
16888,United Kingdom,2010-01-07 13:07:00,2010-11-04 12:39:00,300.0
16889,United Kingdom,2010-05-23 10:46:00,2011-05-29 11:05:00,371.0
16890,United Kingdom,2010-05-06 16:27:00,2010-08-20 11:23:00,105.0
16891,United Kingdom,2009-12-04 12:37:00,2011-12-08 11:15:00,733.0
16892,United Kingdom,2009-12-08 14:20:00,2011-12-08 13:18:00,729.0
16893,United Kingdom,2010-11-28 15:14:00,2010-12-08 12:06:00,9.0
16894,United Kingdom,2010-06-22 14:21:00,2010-07-25 15:43:00,33.0
16895,United Kingdom,2010-02-12 11:07:00,2011-10-06 12:15:00,601.0
16896,United Kingdom,2010-06-02 15:40:00,2010-06-02 15:40:00,0.0
16897,United Kingdom,2011-01-30 11:52:00,2011-02-13 15:02:00,14.0
16898,United Kingdom,2010-05-12 12:18:00,2011-11-13 15:44:00,550.0
16899,United Kingdom,2010-11-07 15:00:00,2011-12-02 12:03:00,389.0
16900,United Kingdom,2011-10-07 13:17:00,2011-11-23 10:32:00,46.0
16901,United Kingdom,2009-12-10 16:30:00,2009-12-10 16:30:00,0.0
16902,United Kingdom,2011-08-15 14:17:00,2011-08-15 14:17:00,0.0
16903,United Kingdom,2010-10-20 14:42:00,2011-11-10 15:32:00,386.0
16904,United Kingdom,2010-10-24 16:03:00,2011-12-05 13:10:00,406.0
16905,United Kingdom,2009-12-10 20:04:00,2011-12-04 14:01:00,723.0
16906,United Kingdom,2010-05-13 13:23:00,2011-09-19 11:49:00,493.0
16907,United Kingdom,2010-07-01 17:30:00,2011-11-10 18:04:00,497.0
16908,United Kingdom,2009-12-17 13:35:00,2009-12-17 13:35:00,0.0
16909,United Kingdom,2011-09-28 16:45:00,2011-09-28 16:45:00,0.0
16910,United Kingdom,2011-09-09 14:14:00,2011-12-05 12:51:00,86.0
16911,United Kingdom,2010-02-16 16:12:00,2010-03-14 12:18:00,25.0
16912,United Kingdom,2009-12-09 12:32:00,2011-11-11 12:18:00,701.0
16913,United Kingdom,2010-02-26 12:06:00,2011-02-22 12:56:00,361.0
16914,United Kingdom,2011-11-03 15:27:00,2011-11-03 15:27:00,0.0
16915,United Kingdom,2010-05-19 13:32:00,2011-11-30 16:39:00,560.0
16916,United Kingdom,2010-10-20 12:56:00,2011-11-16 12:08:00,391.0
16917,United Kingdom,2010-03-17 15:24:00,2011-03-08 11:55:00,355.0
16918,United Kingdom,2009-12-03 12:27:00,2011-10-21 12:50:00,687.0
16919,United Kingdom,2010-08-19 15:28:00,2011-07-06 13:35:00,320.0
16920,United Kingdom,2010-10-24 14:07:00,2010-10-24 14:07:00,0.0
16921,United Kingdom,2010-04-18 15:34:00,2011-10-09 16:22:00,539.0
16922,United Kingdom,2010-05-16 11:24:00,2010-05-16 11:24:00,0.0
16923,United Kingdom,2010-01-31 11:14:00,2011-11-27 13:00:00,665.0
16924,United Kingdom,2011-09-16 12:54:00,2011-11-18 12:53:00,62.0
16925,United Kingdom,2010-06-17 15:03:00,2010-06-17 15:03:00,0.0
16926,United Kingdom,2010-07-01 12:57:00,2010-12-03 13:42:00,155.0
16927,United Kingdom,2010-12-13 11:57:00,2011-08-16 11:10:00,245.0
16928,United Kingdom,2010-02-03 12:30:00,2011-09-20 15:10:00,594.0
16929,United Kingdom,2011-07-07 12:39:00,2011-12-06 08:37:00,151.0
16930,United Kingdom,2011-10-02 14:25:00,2011-11-13 16:13:00,42.0
16931,United Kingdom,2010-11-07 13:24:00,2011-12-04 13:15:00,391.0
16932,United Kingdom,2010-05-17 14:15:00,2011-10-17 14:12:00,517.0
16933,United Kingdom,2009-12-09 15:03:00,2011-12-08 12:54:00,728.0
16934,United Kingdom,2010-03-28 12:43:00,2011-10-16 12:40:00,566.0
16935,United Kingdom,2010-10-14 13:09:00,2010-11-23 09:16:00,39.0
16936,United Kingdom,2010-11-19 11:54:00,2011-11-14 11:04:00,359.0
16937,United Kingdom,2010-07-28 17:56:00,2010-07-28 17:56:00,0.0
16938,United Kingdom,2010-02-17 14:47:00,2011-12-01 10:20:00,651.0
16939,United Kingdom,2010-02-28 13:33:00,2010-08-08 12:24:00,160.0
16940,United Kingdom,2009-12-08 13:08:00,2011-10-18 13:15:00,679.0
16941,United Kingdom,2010-04-07 11:13:00,2010-04-07 11:13:00,0.0
16942,United Kingdom,2011-04-26 11:59:00,2011-11-27 12:40:00,215.0
16943,United Kingdom,2010-03-25 13:34:00,2011-05-12 11:57:00,412.0
16944,United Kingdom,2010-04-09 11:03:00,2010-04-09 11:03:00,0.0
16945,United Kingdom,2009-12-09 11:33:00,2011-11-18 11:39:00,709.0
16946,United Kingdom,2010-03-02 10:49:00,2010-11-21 14:06:00,264.0
16947,United Kingdom,2010-03-03 10:54:00,2011-04-18 09:38:00,410.0
16948,United Kingdom,2010-02-21 13:48:00,2011-07-24 12:46:00,517.0
16949,United Kingdom,2011-01-27 12:11:00,2011-12-06 11:07:00,312.0
16950,United Kingdom,2010-01-24 11:26:00,2011-10-14 09:06:00,627.0
16951,United Kingdom,2011-02-08 14:58:00,2011-07-28 12:05:00,169.0
16952,United Kingdom,2009-12-11 13:52:00,2011-08-22 13:03:00,618.0
16953,United Kingdom,2011-11-09 15:54:00,2011-11-09 15:54:00,0.0
16954,United Kingdom,2010-01-18 14:49:00,2011-12-09 09:46:00,689.0
16955,United Kingdom,2010-01-31 11:38:00,2011-06-08 10:36:00,492.0
16956,United Kingdom,2011-11-22 08:56:00,2011-11-22 08:56:00,0.0
16957,United Kingdom,2011-03-03 09:25:00,2011-04-14 13:56:00,42.0
16958,United Kingdom,2010-09-30 14:25:00,2010-09-30 14:25:00,0.0
16959,United Kingdom,2011-09-13 15:03:00,2011-09-13 15:03:00,0.0
16960,United Kingdom,2010-03-02 13:36:00,2011-11-01 11:35:00,608.0
16961,United Kingdom,2010-06-25 14:36:00,2011-08-15 13:46:00,415.0
16962,United Kingdom,2010-10-26 11:36:00,2010-10-26 11:36:00,0.0
16963,United Kingdom,2011-06-05 13:48:00,2011-06-05 13:48:00,0.0
16964,United Kingdom,2009-12-06 12:51:00,2009-12-06 12:53:00,0.0
16965,United Kingdom,2011-04-27 12:08:00,2011-04-27 12:08:00,0.0
16966,United Kingdom,2011-04-13 14:17:00,2011-12-01 13:40:00,231.0
16967,United Kingdom,2011-06-03 14:24:00,2011-06-03 14:24:00,0.0
16968,United Kingdom,2011-08-24 10:51:00,2011-12-05 15:02:00,103.0
16969,United Kingdom,2011-06-01 12:10:00,2011-10-31 13:12:00,152.0
16970,United Kingdom,2010-03-23 13:50:00,2010-03-23 13:50:00,0.0
16971,United Kingdom,2011-11-01 15:06:00,2011-11-01 15:06:00,0.0
16972,United Kingdom,2010-09-09 11:20:00,2010-11-22 10:59:00,73.0
16973,United Kingdom,2010-11-18 13:56:00,2010-11-18 13:56:00,0.0
16974,United Kingdom,2010-05-24 10:43:00,2010-07-05 10:18:00,41.0
16975,United Kingdom,2010-07-22 11:38:00,2010-10-12 17:53:00,82.0
16976,United Kingdom,2011-03-17 16:33:00,2011-03-17 16:33:00,0.0
16977,United Kingdom,2010-03-18 11:06:00,2010-11-09 13:17:00,236.0
16978,United Kingdom,2010-02-11 16:27:00,2011-09-23 12:50:00,588.0
16979,United Kingdom,2010-09-15 14:30:00,2011-12-06 12:21:00,446.0
16980,United Kingdom,2010-10-07 14:05:00,2011-03-29 16:36:00,173.0
16981,United Kingdom,,,
16982,United Kingdom,2011-10-10 12:28:00,2011-10-10 12:28:00,0.0
16983,United Kingdom,2010-09-19 12:38:00,2011-11-27 12:10:00,433.0
16984,United Kingdom,2010-03-07 15:34:00,2011-09-12 13:43:00,553.0
16985,United Kingdom,2009-12-10 13:34:00,2011-11-22 13:33:00,711.0
16986,United Kingdom,2010-02-04 14:46:00,2011-11-10 11:55:00,643.0
16987,United Kingdom,2009-12-02 14:34:00,2011-12-06 17:26:00,734.0
16988,United Kingdom,2010-11-25 09:22:00,2011-12-04 16:02:00,374.0
16989,United Kingdom,2011-07-12 09:11:00,2011-12-02 16:39:00,143.0
16990,United Kingdom,2010-10-13 11:42:00,2011-05-05 08:30:00,203.0
16991,United Kingdom,2010-10-14 14:08:00,2010-10-14 14:08:00,0.0
16992,United Kingdom,2010-02-11 12:36:00,2011-11-29 11:50:00,655.0
16993,United Kingdom,2010-05-12 13:55:00,2010-09-02 12:16:00,112.0
16994,United Kingdom,,,
16995,United Kingdom,,,
16996,United Kingdom,2010-10-18 12:24:00,2011-11-09 16:43:00,387.0
16997,United Kingdom,2011-01-18 11:51:00,2011-02-24 17:28:00,37.0
16998,United Kingdom,2010-09-21 14:39:00,2011-07-13 09:44:00,294.0
16999,United Kingdom,2011-09-26 15:43:00,2011-11-16 13:53:00,50.0
17000,United Kingdom,2010-10-27 14:16:00,2010-11-08 13:35:00,11.0
17001,United Kingdom,2010-03-25 12:41:00,2011-12-09 09:38:00,623.0
17002,United Kingdom,2010-03-08 15:46:00,2011-09-15 12:40:00,555.0
17003,United Kingdom,2010-05-10 11:20:00,2010-11-02 13:15:00,176.0
17004,United Kingdom,2010-10-11 15:43:00,2011-10-24 14:25:00,377.0
17005,United Kingdom,2010-04-30 10:55:00,2010-08-26 10:57:00,118.0
17006,United Kingdom,2010-03-05 13:33:00,2011-12-05 12:09:00,639.0
17007,United Kingdom,2010-09-28 13:51:00,2011-10-20 10:47:00,386.0
17008,United Kingdom,2010-10-06 15:19:00,2010-10-06 15:19:00,0.0
17009,United Kingdom,2010-06-06 16:01:00,2010-06-06 16:01:00,0.0
17010,United Kingdom,2011-11-21 14:49:00,2011-11-21 14:49:00,0.0
17011,United Kingdom,2010-02-26 09:47:00,2011-11-09 13:30:00,621.0
17012,United Kingdom,2009-12-14 17:34:00,2009-12-14 17:34:00,0.0
17013,United Kingdom,,,
17014,United Kingdom,2011-10-04 11:36:00,2011-12-01 14:09:00,58.0
17015,United Kingdom,2011-06-07 13:19:00,2011-11-11 10:45:00,156.0
17016,United Kingdom,2010-05-12 12:32:00,2010-05-12 12:32:00,0.0
17017,United Kingdom,2009-12-03 13:22:00,2011-12-07 09:32:00,733.0
17018,United Kingdom,2009-12-05 10:27:00,2011-10-30 11:42:00,694.0
17019,United Kingdom,2009-12-02 11:52:00,2011-11-28 13:06:00,726.0
17020,United Kingdom,2010-03-03 12:27:00,2010-06-15 13:06:00,104.0
17021,United Kingdom,2010-04-29 20:05:00,2010-09-23 20:01:00,146.0
17022,United Kingdom,2010-10-03 10:27:00,2011-11-08 17:09:00,401.0
17023,United Kingdom,2010-01-11 15:09:00,2010-10-18 15:37:00,280.0
17024,United Kingdom,2011-07-05 09:31:00,2011-10-25 13:47:00,112.0
17025,United Kingdom,2010-03-08 13:37:00,2011-10-10 09:06:00,580.0
17026,United Kingdom,2010-10-18 15:22:00,2011-06-07 14:28:00,231.0
17027,United Kingdom,2009-12-10 12:10:00,2011-09-22 12:24:00,651.0
17028,United Kingdom,2009-12-18 14:28:00,2010-05-07 15:33:00,140.0
17029,United Kingdom,2010-02-14 10:19:00,2011-08-21 11:06:00,553.0
17030,United Kingdom,2011-10-07 08:49:00,2011-10-07 08:49:00,0.0
17031,United Kingdom,2010-05-07 14:52:00,2011-11-28 10:23:00,569.0
17032,United Kingdom,2009-12-10 15:36:00,2010-06-10 12:16:00,181.0
17033,United Kingdom,2010-11-07 12:55:00,2011-09-14 14:34:00,311.0
17034,United Kingdom,2010-07-14 12:55:00,2011-11-23 15:14:00,497.0
17035,United Kingdom,2009-12-03 10:37:00,2011-04-08 11:23:00,491.0
17036,United Kingdom,2010-11-21 14:26:00,2010-11-21 14:26:00,0.0
17037,United Kingdom,2011-09-13 12:49:00,2011-09-13 12:49:00,0.0
17038,United Kingdom,2010-10-20 16:04:00,2011-11-09 13:50:00,384.0
17039,United Kingdom,2010-04-14 12:56:00,2010-04-14 12:56:00,0.0
17040,United Kingdom,2010-06-07 15:08:00,2011-07-25 10:19:00,412.0
17041,United Kingdom,2010-04-18 14:25:00,2011-11-13 11:21:00,573.0
17042,United Kingdom,2011-04-06 14:53:00,2011-12-07 12:26:00,244.0
17043,United Kingdom,2009-12-09 15:20:00,2011-11-07 15:33:00,698.0
17044,United Kingdom,2009-12-07 12:25:00,2011-11-14 14:28:00,707.0
17045,United Kingdom,2010-10-06 14:52:00,2011-08-18 17:09:00,316.0
17046,United Kingdom,2010-03-29 13:46:00,2011-07-05 14:24:00,463.0
17047,United Kingdom,2009-12-08 08:48:00,2011-09-15 13:27:00,646.0
17048,United Kingdom,2010-01-18 13:55:00,2011-08-14 11:49:00,572.0
17049,United Kingdom,2010-03-04 10:23:00,2011-12-07 10:48:00,643.0
17050,United Kingdom,2010-01-26 14:54:00,2011-09-04 13:48:00,585.0
17051,United Kingdom,2010-03-21 14:55:00,2011-05-29 14:13:00,433.0
17052,United Kingdom,2011-11-11 14:50:00,2011-11-11 14:50:00,0.0
17053,United Kingdom,2011-08-01 10:23:00,2011-08-01 10:23:00,0.0
17054,United Kingdom,2011-04-08 13:14:00,2011-11-11 12:56:00,216.0
17055,United Kingdom,2010-09-20 12:21:00,2010-09-20 12:21:00,0.0
17056,United Kingdom,2009-12-01 12:55:00,2009-12-01 12:55:00,0.0
17057,United Kingdom,2010-04-22 19:21:00,2010-04-22 19:21:00,0.0
17058,United Kingdom,2011-04-14 09:18:00,2011-09-19 10:13:00,158.0
17059,United Kingdom,2010-01-26 14:43:00,2011-11-10 12:27:00,652.0
17060,United Kingdom,2011-03-18 13:27:00,2011-03-18 13:27:00,0.0
17061,United Kingdom,2011-04-21 13:29:00,2011-09-27 11:24:00,158.0
17062,United Kingdom,2010-09-26 11:57:00,2011-01-30 11:01:00,125.0
17063,United Kingdom,2009-12-01 12:36:00,2011-11-18 16:19:00,717.0
17064,United Kingdom,2011-01-16 16:10:00,2011-10-12 10:18:00,268.0
17065,United Kingdom,2010-03-12 11:40:00,2010-03-12 11:41:00,0.0
17066,United Kingdom,2009-12-13 13:24:00,2009-12-13 13:24:00,0.0
17067,United Kingdom,2009-12-08 12:03:00,2009-12-15 08:39:00,6.0
17068,United Kingdom,2010-03-28 14:26:00,2011-11-27 13:14:00,608.0
17069,United Kingdom,2009-12-03 12:27:00,2011-11-11 17:13:00,708.0
17070,United Kingdom,2010-10-25 15:57:00,2011-08-17 17:01:00,296.0
17071,United Kingdom,2010-01-24 13:05:00,2011-11-11 16:31:00,656.0
17072,United Kingdom,2010-03-24 16:33:00,2010-03-24 16:33:00,0.0
17073,United Kingdom,2011-08-22 14:37:00,2011-11-22 11:47:00,91.0
17074,United Kingdom,2010-05-26 12:04:00,2010-05-26 12:04:00,0.0
17075,United Kingdom,2009-12-14 11:24:00,2011-11-22 11:58:00,708.0
17076,United Kingdom,2009-12-04 12:12:00,2011-11-03 17:53:00,699.0
17077,United Kingdom,2010-05-10 16:36:00,2010-05-10 16:36:00,0.0
17078,United Kingdom,2011-11-03 18:49:00,2011-11-03 19:17:00,0.0
17079,United Kingdom,2011-09-22 15:34:00,2011-09-22 15:34:00,0.0
17080,United Kingdom,2010-07-01 16:03:00,2011-11-17 12:59:00,503.0
17081,United Kingdom,2010-02-22 13:19:00,2011-11-14 12:56:00,629.0
17082,United Kingdom,2009-12-15 11:25:00,2011-11-06 15:17:00,691.0
17083,United Kingdom,2010-02-09 11:46:00,2011-08-22 15:43:00,559.0
17084,United Kingdom,2010-11-08 14:20:00,2011-11-04 14:54:00,361.0
17085,United Kingdom,2009-12-06 12:16:00,2011-08-08 14:15:00,610.0
17086,United Kingdom,2011-10-07 11:22:00,2011-12-02 13:54:00,56.0
17087,United Kingdom,2009-12-02 10:41:00,2009-12-02 10:41:00,0.0
17088,United Kingdom,2011-03-31 09:48:00,2011-11-11 14:23:00,225.0
17089,United Kingdom,2010-11-18 15:33:00,2010-11-18 15:33:00,0.0
17090,United Kingdom,2010-07-19 16:02:00,2011-12-05 13:44:00,503.0
17091,United Kingdom,2009-12-16 15:45:00,2011-12-07 10:43:00,720.0
17092,United Kingdom,2010-02-02 16:42:00,2011-10-20 19:51:00,625.0
17093,United Kingdom,2010-04-26 10:22:00,2010-04-26 10:22:00,0.0
17094,United Kingdom,2010-10-12 10:48:00,2011-01-21 13:09:00,101.0
17095,United Kingdom,2009-12-15 12:32:00,2011-11-17 12:21:00,701.0
17096,United Kingdom,2010-06-02 14:48:00,2011-11-24 15:01:00,540.0
17097,Spain,2010-10-05 14:09:00,2011-12-07 17:05:00,428.0
17098,United Kingdom,2010-06-17 10:30:00,2010-11-23 12:13:00,159.0
17099,United Kingdom,2010-06-24 16:25:00,2010-06-24 16:25:00,0.0
17100,United Kingdom,2011-11-21 16:36:00,2011-11-21 16:36:00,0.0
17101,United Kingdom,2010-06-07 15:12:00,2011-11-29 13:57:00,539.0
17102,United Kingdom,2011-03-23 10:08:00,2011-03-23 10:08:00,0.0
17103,United Kingdom,2009-12-17 14:08:00,2009-12-17 14:08:00,0.0
17104,United Kingdom,2010-10-12 12:21:00,2010-10-12 12:21:00,0.0
17105,United Kingdom,2011-02-06 14:46:00,2011-07-03 15:53:00,147.0
17106,United Kingdom,2010-11-15 14:11:00,2010-11-15 14:11:00,0.0
17107,United Kingdom,2010-01-31 15:47:00,2011-11-06 14:14:00,643.0
17108,United Kingdom,2010-02-14 12:22:00,2010-02-14 12:22:00,0.0
17109,United Kingdom,2010-07-30 12:42:00,2011-11-10 16:59:00,468.0
17110,United Kingdom,2010-04-08 13:32:00,2011-06-27 12:58:00,444.0
17111,United Kingdom,2010-10-10 15:21:00,2011-10-23 15:59:00,378.0
17112,United Kingdom,2010-07-25 11:14:00,2010-07-25 11:14:00,0.0
17113,United Kingdom,2010-01-11 10:14:00,2010-05-14 13:59:00,123.0
17114,United Kingdom,2011-01-09 11:39:00,2011-12-04 12:17:00,329.0
17115,United Kingdom,2009-12-05 12:13:00,2011-12-01 14:30:00,726.0
17116,United Kingdom,2010-03-01 16:29:00,2010-03-01 16:29:00,0.0
17117,United Kingdom,2011-02-24 13:54:00,2011-02-24 13:54:00,0.0
17118,United Kingdom,2011-01-26 12:19:00,2011-01-26 12:19:00,0.0
17119,United Kingdom,2011-10-11 11:03:00,2011-12-06 14:40:00,56.0
17120,United Kingdom,2011-04-20 15:21:00,2011-04-20 15:21:00,0.0
17121,United Kingdom,2010-11-02 11:47:00,2010-11-02 11:47:00,0.0
17122,United Kingdom,2010-07-28 09:34:00,2011-08-12 14:33:00,380.0
17123,United Kingdom,2010-05-16 11:52:00,2011-07-01 10:47:00,410.0
17124,United Kingdom,2011-06-07 14:02:00,2011-06-07 14:02:00,0.0
17125,United Kingdom,2011-10-20 14:41:00,2011-10-20 14:41:00,0.0
17126,United Kingdom,2010-08-31 13:41:00,2011-07-10 13:52:00,313.0
17127,United Kingdom,2009-12-04 15:18:00,2010-10-07 09:54:00,306.0
17128,United Kingdom,2011-01-09 12:02:00,2011-01-09 12:02:00,0.0
17129,United Kingdom,2010-07-07 13:46:00,2010-07-07 13:46:00,0.0
17130,United Kingdom,,,
17131,United Kingdom,2011-09-25 12:42:00,2011-12-04 12:52:00,70.0
17132,United Kingdom,2010-08-08 13:49:00,2010-09-13 16:31:00,36.0
17133,United Kingdom,2010-03-21 12:31:00,2011-11-24 12:27:00,612.0
17134,United Kingdom,2010-09-23 18:32:00,2011-08-25 09:53:00,335.0
17135,United Kingdom,2010-05-09 16:03:00,2011-11-23 16:48:00,563.0
17136,United Kingdom,2010-02-15 13:13:00,2010-02-15 13:13:00,0.0
17137,United Kingdom,2010-01-31 12:27:00,2010-10-19 14:51:00,261.0
17138,United Kingdom,2010-02-04 14:19:00,2011-03-09 11:54:00,397.0
17139,United Kingdom,2010-01-11 11:31:00,2011-11-24 10:12:00,681.0
17140,United Kingdom,2011-04-06 13:33:00,2011-04-06 13:33:00,0.0
17141,United Kingdom,2010-01-24 14:19:00,2010-10-17 14:54:00,266.0
17142,United Kingdom,2010-01-24 15:23:00,2011-04-14 18:22:00,445.0
17143,United Kingdom,2010-07-12 13:26:00,2010-10-18 15:27:00,98.0
17144,United Kingdom,2011-09-16 12:50:00,2011-12-08 17:57:00,83.0
17145,United Kingdom,2010-02-19 12:07:00,2010-07-15 09:02:00,145.0
17146,United Kingdom,2010-02-02 09:39:00,2011-08-26 12:44:00,570.0
17147,United Kingdom,2010-01-11 09:38:00,2011-11-17 12:32:00,675.0
17148,United Kingdom,2011-10-19 09:59:00,2011-10-19 09:59:00,0.0
17149,United Kingdom,2010-09-14 14:56:00,2010-09-14 14:56:00,0.0
17150,United Kingdom,2009-12-06 10:51:00,2010-11-28 11:27:00,357.0
17151,United Kingdom,2009-12-04 14:56:00,2009-12-04 14:56:00,0.0
17152,United Kingdom,2010-10-10 12:40:00,2011-05-29 12:19:00,230.0
17153,United Kingdom,2011-11-15 13:42:00,2011-11-15 13:42:00,0.0
17154,United Kingdom,2011-09-25 13:42:00,2011-09-25 13:42:00,0.0
17155,United Kingdom,2009-12-03 11:34:00,2011-11-22 12:38:00,719.0
17156,United Kingdom,2010-08-05 11:30:00,2010-08-05 11:30:00,0.0
17157,United Kingdom,2009-12-04 13:00:00,2011-12-02 09:10:00,727.0
17158,United Kingdom,2010-03-07 15:50:00,2011-11-07 15:15:00,609.0
17159,United Kingdom,2010-03-04 14:53:00,2011-11-18 10:52:00,623.0
17160,United Kingdom,2009-12-04 10:57:00,2011-11-08 14:05:00,704.0
17161,United Kingdom,2010-09-21 16:44:00,2010-09-21 16:44:00,0.0
17162,United Kingdom,2011-02-07 12:27:00,2011-11-11 11:34:00,276.0
17163,United Kingdom,2010-02-02 10:39:00,2011-11-18 08:57:00,653.0
17164,United Kingdom,2011-03-11 14:26:00,2011-11-07 09:14:00,240.0
17165,United Kingdom,2009-12-11 09:18:00,2011-02-28 16:39:00,444.0
17166,United Kingdom,2011-05-20 08:18:00,2011-11-01 09:46:00,165.0
17167,United Kingdom,2010-09-20 14:02:00,2010-11-25 10:05:00,65.0
17168,United Kingdom,2010-07-29 12:33:00,2010-07-29 12:33:00,0.0
17169,United Kingdom,2010-05-10 13:00:00,2011-10-13 10:25:00,520.0
17170,United Kingdom,2010-11-15 16:23:00,2010-11-30 15:55:00,14.0
17171,United Kingdom,2010-02-16 12:02:00,2011-02-23 16:37:00,372.0
17172,United Kingdom,2009-12-13 11:46:00,2011-09-22 09:36:00,647.0
17173,United Kingdom,2011-07-31 15:26:00,2011-12-04 14:40:00,125.0
17174,United Kingdom,2011-05-06 11:47:00,2011-05-06 11:47:00,0.0
17175,United Kingdom,2011-02-16 14:56:00,2011-10-26 15:31:00,252.0
17176,United Kingdom,2010-01-31 15:49:00,2011-05-22 12:41:00,475.0
17177,United Kingdom,2010-07-22 14:53:00,2010-07-22 14:53:00,0.0
17178,United Kingdom,2009-12-08 16:20:00,2009-12-08 16:20:00,0.0
17179,United Kingdom,2010-05-26 11:22:00,2011-06-14 16:48:00,384.0
17180,United Kingdom,2010-01-21 17:43:00,2011-10-14 15:46:00,630.0
17181,United Kingdom,2010-04-23 11:21:00,2011-10-13 14:48:00,538.0
17182,United Kingdom,2009-12-21 15:22:00,2010-10-13 10:09:00,295.0
17183,United Kingdom,2011-08-26 15:25:00,2011-12-02 10:07:00,97.0
17184,United Kingdom,2009-12-09 14:17:00,2010-05-19 14:24:00,161.0
17185,United Kingdom,2010-04-20 13:49:00,2010-04-27 12:15:00,6.0
17186,United Kingdom,2011-10-10 12:52:00,2011-10-24 10:20:00,13.0
17187,United Kingdom,2010-07-01 14:38:00,2011-04-27 12:39:00,299.0
17188,United Kingdom,2009-12-08 19:16:00,2011-11-28 13:53:00,719.0
17189,United Kingdom,2009-12-02 11:45:00,2011-08-25 19:39:00,631.0
17190,United Kingdom,2010-03-05 13:21:00,2011-10-12 11:33:00,585.0
17191,United Kingdom,2009-12-01 16:34:00,2011-11-11 16:58:00,710.0
17192,United Kingdom,2010-06-21 16:07:00,2010-06-21 16:07:00,0.0
17193,United Kingdom,2009-12-02 10:02:00,2011-11-04 12:47:00,702.0
17194,United Kingdom,2010-06-27 13:16:00,2011-03-11 12:05:00,256.0
17195,United Kingdom,2010-02-22 13:05:00,2010-02-22 13:05:00,0.0
17196,United Kingdom,2010-10-08 11:31:00,2010-10-08 11:31:00,0.0
17197,United Kingdom,2011-11-10 10:32:00,2011-11-10 10:32:00,0.0
17198,United Kingdom,2010-12-03 14:54:00,2011-11-16 10:39:00,347.0
17199,United Kingdom,2010-05-06 13:53:00,2010-05-06 13:53:00,0.0
17200,United Kingdom,2010-02-25 13:23:00,2010-11-17 13:04:00,264.0
17201,United Kingdom,2010-02-10 12:26:00,2011-10-17 11:55:00,613.0
17202,United Kingdom,2010-10-15 11:25:00,2010-10-15 11:25:00,0.0
17203,United Kingdom,2010-11-16 12:52:00,2011-11-04 12:27:00,352.0
17204,United Kingdom,2010-06-10 11:37:00,2011-06-17 14:46:00,372.0
17205,United Kingdom,2010-05-24 15:36:00,2011-10-17 12:46:00,510.0
17206,United Kingdom,2011-10-17 13:25:00,2011-10-17 13:25:00,0.0
17207,United Kingdom,2010-02-25 19:08:00,2010-02-25 19:08:00,0.0
17208,United Kingdom,2010-11-09 12:50:00,2010-11-09 12:50:00,0.0
17209,United Kingdom,2009-12-03 11:10:00,2010-02-28 16:01:00,87.0
17210,United Kingdom,2010-11-12 12:15:00,2010-11-12 12:15:00,0.0
17211,United Kingdom,2009-12-13 13:17:00,2011-11-13 12:03:00,699.0
17212,United Kingdom,2010-08-10 09:22:00,2011-03-31 19:42:00,233.0
17213,United Kingdom,2009-12-15 10:28:00,2011-10-30 14:53:00,684.0
17214,United Kingdom,2010-12-15 15:14:00,2011-10-10 13:17:00,298.0
17215,United Kingdom,2010-09-01 13:39:00,2010-09-01 13:39:00,0.0
17216,United Kingdom,2010-06-03 13:03:00,2010-06-03 13:03:00,0.0
17217,United Kingdom,2010-03-30 13:35:00,2011-04-19 17:19:00,385.0
17218,United Kingdom,2010-01-25 16:12:00,2011-12-05 13:52:00,678.0
17219,United Kingdom,2010-10-19 11:29:00,2011-11-08 11:25:00,384.0
17220,United Kingdom,2010-01-20 11:57:00,2011-11-15 13:47:00,664.0
17221,United Kingdom,2010-04-11 15:34:00,2011-12-02 13:35:00,599.0
17222,United Kingdom,2010-01-10 15:24:00,2011-10-05 13:58:00,632.0
17223,United Kingdom,2010-11-29 17:19:00,2011-02-02 15:57:00,64.0
17224,United Kingdom,2010-07-26 13:30:00,2010-07-26 13:30:00,0.0
17225,United Kingdom,2010-05-07 11:38:00,2010-05-07 11:38:00,0.0
17226,United Kingdom,2010-02-12 14:31:00,2011-02-04 11:52:00,356.0
17227,United Kingdom,2010-01-15 15:05:00,2011-11-21 10:51:00,674.0
17228,United Kingdom,2010-03-12 11:54:00,2011-11-24 10:24:00,621.0
17229,United Kingdom,2011-07-20 12:38:00,2011-09-04 13:56:00,46.0
17230,United Kingdom,2009-12-08 13:41:00,2011-03-20 16:12:00,467.0
17231,United Kingdom,2009-12-07 16:38:00,2011-11-27 15:18:00,719.0
17232,United Kingdom,2011-11-25 12:24:00,2011-12-07 12:21:00,11.0
17233,United Kingdom,2009-12-15 12:03:00,2011-11-04 14:06:00,689.0
17234,United Kingdom,2011-06-10 11:20:00,2011-06-10 11:20:00,0.0
17235,United Kingdom,2010-06-04 17:01:00,2011-11-14 15:51:00,527.0
17236,United Kingdom,2010-03-07 13:00:00,2011-11-27 12:00:00,629.0
17237,United Kingdom,2010-11-23 11:45:00,2011-11-28 15:02:00,370.0
17238,United Kingdom,2009-12-01 10:59:00,2011-12-07 11:35:00,736.0
17239,United Kingdom,2010-07-01 10:53:00,2011-01-31 09:41:00,213.0
17240,United Kingdom,2010-04-22 15:44:00,2010-04-22 15:44:00,0.0
17241,United Kingdom,2010-02-15 14:47:00,2010-11-19 13:01:00,276.0
17242,United Kingdom,2010-01-24 10:27:00,2011-08-23 14:55:00,576.0
17243,United Kingdom,2009-12-01 15:36:00,2011-12-08 13:26:00,736.0
17244,United Kingdom,2009-12-06 11:27:00,2011-10-17 15:19:00,680.0
17245,United Kingdom,2010-01-19 15:39:00,2011-05-19 10:43:00,484.0
17246,United Kingdom,2009-12-01 17:45:00,2010-06-11 12:36:00,191.0
17247,United Kingdom,2011-11-24 15:21:00,2011-11-24 15:21:00,0.0
17248,United Kingdom,2010-08-15 11:55:00,2011-08-11 13:34:00,361.0
17249,United Kingdom,2010-10-07 11:33:00,2010-10-07 11:33:00,0.0
17250,United Kingdom,2011-03-23 16:45:00,2011-12-06 12:15:00,257.0
17251,United Kingdom,2009-12-15 10:36:00,2010-12-12 11:06:00,362.0
17252,United Kingdom,2011-06-06 16:41:00,2011-08-15 09:45:00,69.0
17253,United Kingdom,2011-11-21 12:59:00,2011-11-21 12:59:00,0.0
17254,United Kingdom,2010-11-03 14:00:00,2011-12-05 12:46:00,396.0
17255,United Kingdom,2010-09-19 15:53:00,2011-10-30 12:18:00,405.0
17256,United Kingdom,2010-04-18 13:40:00,2011-08-24 13:30:00,492.0
17257,United Kingdom,2010-09-29 12:49:00,2010-09-29 12:51:00,0.0
17258,United Kingdom,2010-02-12 15:51:00,2010-11-08 12:37:00,268.0
17259,United Kingdom,2010-02-22 13:38:00,2011-07-14 15:01:00,507.0
17260,United Kingdom,2010-10-24 13:21:00,2010-10-24 13:21:00,0.0
17261,United Kingdom,2010-07-18 11:49:00,2010-07-18 11:49:00,0.0
17262,United Kingdom,2009-12-15 11:26:00,2011-10-18 12:56:00,672.0
17263,United Kingdom,2011-05-15 14:32:00,2011-05-15 14:32:00,0.0
17264,United Kingdom,2010-10-11 12:52:00,2010-10-11 12:52:00,0.0
17265,United Kingdom,2011-06-12 12:00:00,2011-07-24 10:49:00,41.0
17266,United Kingdom,2010-03-09 10:42:00,2011-12-07 14:12:00,638.0
17267,United Kingdom,2011-08-04 17:19:00,2011-08-04 17:22:00,0.0
17268,United Kingdom,2009-12-08 11:46:00,2011-08-24 10:06:00,623.0
17269,United Kingdom,2010-11-19 11:12:00,2010-11-19 11:12:00,0.0
17270,United Kingdom,2009-12-07 17:18:00,2010-08-27 14:09:00,262.0
17271,United Kingdom,2009-12-03 13:49:00,2009-12-03 13:49:00,0.0
17272,United Kingdom,2011-03-22 12:05:00,2011-10-28 16:37:00,220.0
17273,United Kingdom,2010-10-11 15:57:00,2010-10-11 15:57:00,0.0
17274,United Kingdom,2010-11-09 12:06:00,2011-11-04 13:16:00,360.0
17275,United Kingdom,2010-11-21 13:26:00,2010-11-21 13:26:00,0.0
17276,United Kingdom,2010-11-02 16:20:00,2010-11-02 16:20:00,0.0
17277,United Kingdom,2011-01-21 12:37:00,2011-04-26 12:47:00,95.0
17278,United Kingdom,2010-05-23 13:49:00,2011-04-12 13:10:00,323.0
17279,United Kingdom,2011-10-13 11:58:00,2011-10-13 11:58:00,0.0
17280,United Kingdom,2010-09-27 16:46:00,2010-09-27 16:46:00,0.0
17281,United Kingdom,2010-02-04 13:00:00,2010-11-30 18:05:00,299.0
17282,United Kingdom,2010-06-09 12:07:00,2011-08-01 14:29:00,418.0
17283,United Kingdom,2010-11-26 11:53:00,2010-11-26 11:53:00,0.0
17284,United Kingdom,2010-09-20 16:18:00,2011-10-10 14:38:00,384.0
17285,United Kingdom,2010-02-14 14:10:00,2010-03-21 13:38:00,34.0
17286,United Kingdom,2010-11-04 13:43:00,2011-11-18 12:47:00,378.0
17287,United Kingdom,2009-12-03 12:45:00,2011-11-13 13:27:00,710.0
17288,United Kingdom,2010-11-10 14:44:00,2011-11-30 16:09:00,385.0
17289,United Kingdom,2010-03-08 12:52:00,2011-11-08 12:01:00,609.0
17290,United Kingdom,2009-12-13 13:28:00,2011-12-06 12:38:00,722.0
17291,United Kingdom,2011-02-04 13:04:00,2011-02-04 13:04:00,0.0
17292,United Kingdom,2010-05-09 14:52:00,2010-08-24 17:14:00,107.0
17293,United Kingdom,2009-12-03 15:09:00,2011-12-01 14:37:00,727.0
17294,United Kingdom,2010-02-08 14:21:00,2010-02-08 16:12:00,0.0
17295,United Kingdom,2011-10-06 12:22:00,2011-11-11 10:49:00,35.0
17296,United Kingdom,2009-12-09 14:01:00,2009-12-09 14:01:00,0.0
17297,United Kingdom,2011-11-22 14:43:00,2011-11-22 14:43:00,0.0
17298,United Kingdom,2010-03-08 08:56:00,2011-08-30 16:43:00,540.0
17299,United Kingdom,2010-08-15 16:00:00,2011-11-28 12:01:00,469.0
17300,United Kingdom,2010-08-15 11:02:00,2010-11-14 10:56:00,90.0
17301,United Kingdom,2010-03-25 13:16:00,2011-11-18 13:43:00,603.0
17302,United Kingdom,2011-02-07 10:14:00,2011-11-25 09:36:00,290.0
17303,United Kingdom,2010-12-13 13:32:00,2010-12-13 13:32:00,0.0
17304,United Kingdom,2010-06-23 16:23:00,2010-06-23 16:23:00,0.0
17305,United Kingdom,2010-03-01 12:47:00,2010-03-01 12:47:00,0.0
17306,United Kingdom,2010-11-01 11:38:00,2011-11-29 12:14:00,393.0
17307,United Kingdom,2010-01-19 16:38:00,2010-11-09 13:40:00,293.0
17308,United Kingdom,2010-09-13 09:35:00,2010-11-11 13:19:00,59.0
17309,United Kingdom,2010-02-04 15:49:00,2011-09-05 15:20:00,577.0
17310,United Kingdom,2010-06-23 11:38:00,2010-11-17 16:00:00,147.0
17311,United Kingdom,2010-02-03 12:38:00,2011-09-22 14:11:00,596.0
17312,United Kingdom,2011-07-03 13:12:00,2011-07-24 11:52:00,20.0
17313,United Kingdom,2011-11-08 15:45:00,2011-11-08 15:45:00,0.0
17314,United Kingdom,2009-12-03 11:25:00,2011-11-15 09:41:00,711.0
17315,United Kingdom,2010-09-27 12:45:00,2011-12-08 12:15:00,436.0
17316,United Kingdom,2010-10-15 14:35:00,2010-10-15 14:35:00,0.0
17317,United Kingdom,2011-09-11 12:45:00,2011-10-24 17:19:00,43.0
17318,United Kingdom,2009-12-14 13:11:00,2009-12-14 13:11:00,0.0
17319,United Kingdom,2010-02-08 15:47:00,2010-02-08 15:47:00,0.0
17320,United Kingdom,2010-01-21 16:29:00,2011-08-31 13:31:00,586.0
17321,United Kingdom,2010-05-11 12:10:00,2011-12-01 13:41:00,569.0
17322,United Kingdom,2009-12-03 11:46:00,2010-11-28 14:41:00,360.0
17323,United Kingdom,2010-01-10 11:58:00,2011-11-24 17:29:00,683.0
17324,United Kingdom,2009-12-18 15:29:00,2011-11-22 10:34:00,703.0
17325,United Kingdom,2010-03-08 11:31:00,2011-03-04 13:09:00,361.0
17326,United Kingdom,2010-06-28 14:05:00,2010-10-27 15:38:00,121.0
17327,United Kingdom,2010-05-26 11:20:00,2010-10-26 09:54:00,152.0
17328,United Kingdom,2010-02-04 17:11:00,2010-02-04 17:11:00,0.0
17329,United Kingdom,2009-12-03 16:09:00,2011-11-25 14:24:00,721.0
17330,United Kingdom,2010-03-02 09:20:00,2011-11-17 08:56:00,624.0
17331,United Kingdom,2011-08-08 11:55:00,2011-08-08 11:55:00,0.0
17332,United Kingdom,2010-02-21 14:41:00,2010-06-29 16:10:00,128.0
17333,United Kingdom,2011-09-15 10:11:00,2011-09-15 10:11:00,0.0
17334,United Kingdom,2010-10-29 12:16:00,2011-02-10 14:59:00,104.0
17335,United Kingdom,2010-01-24 11:15:00,2010-11-21 10:17:00,300.0
17336,United Kingdom,2010-08-24 15:37:00,2010-08-24 15:37:00,0.0
17337,United Kingdom,2011-02-02 17:06:00,2011-07-11 14:55:00,158.0
17338,United Kingdom,2010-03-10 16:09:00,2011-11-22 14:23:00,621.0
17339,United Kingdom,2010-07-18 13:08:00,2011-09-06 13:29:00,415.0
17340,United Kingdom,2010-02-14 14:54:00,2011-11-10 10:45:00,633.0
17341,United Kingdom,2010-06-17 18:17:00,2011-07-06 12:33:00,383.0
17342,United Kingdom,2010-02-08 09:16:00,2010-11-25 11:07:00,290.0
17343,United Kingdom,2009-12-03 18:30:00,2010-12-19 15:07:00,380.0
17344,United Kingdom,2009-12-11 12:31:00,2011-10-24 12:56:00,682.0
17345,United Kingdom,2009-12-01 16:17:00,2011-11-24 15:02:00,722.0
17346,United Kingdom,2010-04-18 12:18:00,2011-12-06 12:18:00,597.0
17347,United Kingdom,2011-09-14 13:12:00,2011-09-14 13:12:00,0.0
17348,United Kingdom,2010-03-10 12:13:00,2011-11-25 11:25:00,624.0
17349,United Kingdom,2010-03-18 14:26:00,2011-06-13 14:29:00,452.0
17350,United Kingdom,2010-02-01 15:38:00,2011-12-01 15:47:00,668.0
17351,United Kingdom,2009-12-10 18:43:00,2011-11-03 18:45:00,693.0
17352,United Kingdom,2010-01-12 16:13:00,2010-01-12 16:13:00,0.0
17353,United Kingdom,2010-03-25 12:52:00,2011-08-02 17:19:00,495.0
17354,United Kingdom,2010-10-07 13:22:00,2011-10-20 10:34:00,377.0
17355,United Kingdom,2010-11-18 13:18:00,2010-11-18 13:18:00,0.0
17356,United Kingdom,2010-01-20 12:14:00,2011-02-01 11:07:00,376.0
17357,United Kingdom,2011-11-15 16:29:00,2011-11-15 16:30:00,0.0
17358,United Kingdom,2010-02-24 16:42:00,2011-02-09 16:57:00,350.0
17359,United Kingdom,2010-03-01 14:48:00,2011-11-28 14:37:00,636.0
17360,United Kingdom,2010-10-01 12:07:00,2011-11-22 13:11:00,417.0
17361,United Kingdom,2010-02-01 14:30:00,2011-10-21 15:43:00,627.0
17362,United Kingdom,2010-01-06 10:53:00,2011-04-14 14:43:00,463.0
17363,United Kingdom,2010-11-02 17:25:00,2010-11-09 17:11:00,6.0
17364,United Kingdom,2009-12-07 15:28:00,2011-12-09 09:00:00,731.0
17365,United Kingdom,2010-02-01 11:56:00,2011-11-27 12:13:00,664.0
17366,United Kingdom,2010-09-09 19:46:00,2010-10-03 16:04:00,23.0
17367,United Kingdom,2011-04-15 14:21:00,2011-04-15 14:21:00,0.0
17368,United Kingdom,2009-12-15 17:45:00,2011-11-16 15:26:00,700.0
17369,United Kingdom,2010-09-10 09:49:00,2010-09-10 09:49:00,0.0
17370,United Kingdom,2011-06-23 11:50:00,2011-09-28 10:14:00,96.0
17371,United Kingdom,2009-12-08 12:25:00,2011-11-22 13:30:00,714.0
17372,United Kingdom,2009-12-03 18:41:00,2011-10-30 11:37:00,695.0
17373,United Kingdom,2010-02-28 14:17:00,2011-10-30 15:28:00,609.0
17374,United Kingdom,2010-11-09 17:14:00,2011-05-05 09:05:00,176.0
17375,United Kingdom,2010-10-04 09:14:00,2011-05-24 15:45:00,232.0
17376,United Kingdom,2010-07-05 11:11:00,2011-09-30 12:36:00,452.0
17377,United Kingdom,2009-12-02 12:39:00,2011-11-16 11:17:00,713.0
17378,United Kingdom,2010-11-30 18:46:00,2010-11-30 18:46:00,0.0
17379,United Kingdom,2011-11-28 13:56:00,2011-11-28 13:56:00,0.0
17380,United Kingdom,2010-06-23 11:24:00,2010-10-01 16:42:00,100.0
17381,United Kingdom,2010-06-09 12:55:00,2011-12-01 11:59:00,539.0
17382,United Kingdom,2010-05-19 11:33:00,2011-10-05 13:05:00,504.0
17383,United Kingdom,2010-09-12 14:54:00,2011-12-05 17:36:00,449.0
17384,United Kingdom,2010-08-29 16:01:00,2011-11-20 15:48:00,447.0
17385,United Kingdom,2011-11-25 11:02:00,2011-11-25 11:02:00,0.0
17386,United Kingdom,2010-11-19 13:40:00,2011-12-02 11:28:00,377.0
17387,United Kingdom,2011-11-06 11:25:00,2011-11-20 11:00:00,13.0
17388,United Kingdom,2009-12-10 11:45:00,2011-09-23 10:31:00,651.0
17389,United Kingdom,2009-12-04 12:06:00,2011-12-09 09:38:00,734.0
17390,United Kingdom,2010-10-15 11:29:00,2010-10-15 11:29:00,0.0
17391,United Kingdom,2011-06-28 12:21:00,2011-06-29 09:58:00,0.0
17392,United Kingdom,2010-09-15 16:17:00,2011-02-06 12:48:00,143.0
17393,United Kingdom,2010-08-08 15:53:00,2010-10-25 11:10:00,77.0
17394,United Kingdom,2011-05-04 13:22:00,2011-05-04 13:22:00,0.0
17395,United Kingdom,2010-07-19 15:34:00,2010-07-19 15:34:00,0.0
17396,United Kingdom,2010-09-24 13:04:00,2011-10-31 14:12:00,402.0
17397,United Kingdom,2010-10-19 13:20:00,2011-11-17 14:08:00,394.0
17398,United Kingdom,2011-03-29 13:04:00,2011-08-17 09:48:00,140.0
17399,United Kingdom,,,
17400,United Kingdom,2009-12-17 15:41:00,2011-08-05 15:38:00,595.0
17401,United Kingdom,2010-06-16 16:54:00,2010-06-16 16:54:00,0.0
17402,United Kingdom,2009-12-16 17:40:00,2011-12-05 10:15:00,718.0
17403,United Kingdom,2010-09-15 12:29:00,2011-11-03 15:18:00,414.0
17404,Sweden,2010-01-07 11:31:00,2011-12-05 16:26:00,697.0
17405,United Kingdom,2011-07-12 14:17:00,2011-12-08 17:12:00,149.0
17406,United Kingdom,2009-12-06 13:45:00,2011-01-10 15:07:00,400.0
17407,United Kingdom,2010-10-24 11:57:00,2010-10-24 11:57:00,0.0
17408,United Kingdom,2010-07-13 14:02:00,2011-06-29 12:53:00,350.0
17409,United Kingdom,2009-12-11 12:17:00,2011-06-08 10:36:00,543.0
17410,United Kingdom,2011-05-08 15:21:00,2011-11-23 15:46:00,199.0
17411,United Kingdom,2009-12-03 12:02:00,2011-11-27 14:25:00,724.0
17412,United Kingdom,2009-12-02 13:51:00,2011-12-07 11:36:00,734.0
17413,United Kingdom,2010-05-19 11:11:00,2010-10-31 12:33:00,165.0
17414,United Kingdom,2009-12-03 16:49:00,2011-10-27 12:13:00,692.0
17415,United Kingdom,2011-09-21 12:50:00,2011-09-21 12:50:00,0.0
17416,United Kingdom,2009-12-14 16:29:00,2011-11-10 12:47:00,695.0
17417,United Kingdom,2010-06-09 10:00:00,2010-06-09 10:00:00,0.0
17418,United Kingdom,2010-11-17 13:42:00,2011-10-28 13:00:00,344.0
17419,United Kingdom,2010-01-25 13:19:00,2011-11-28 13:47:00,672.0
17420,United Kingdom,2010-11-03 13:09:00,2011-10-20 14:52:00,351.0
17421,United Kingdom,2009-12-04 15:43:00,2010-11-18 16:57:00,349.0
17422,United Kingdom,2010-06-23 10:19:00,2011-11-23 13:27:00,518.0
17423,United Kingdom,2010-11-11 12:26:00,2011-10-24 13:36:00,347.0
17424,United Kingdom,,,
17425,United Kingdom,2011-10-10 11:37:00,2011-11-20 15:30:00,41.0
17426,United Kingdom,2010-02-17 13:39:00,2011-12-01 18:07:00,652.0
17427,United Kingdom,2011-09-29 11:29:00,2011-09-29 11:29:00,0.0
17428,United Kingdom,2009-12-01 17:28:00,2011-12-09 09:45:00,737.0
17429,United Kingdom,2010-10-06 12:30:00,2011-08-03 13:22:00,301.0
17430,United Kingdom,2010-08-17 11:52:00,2011-11-07 09:24:00,446.0
17431,United Kingdom,2011-01-30 14:36:00,2011-01-30 14:36:00,0.0
17432,United Kingdom,2009-12-03 19:13:00,2011-11-21 17:33:00,717.0
17433,United Kingdom,2010-11-19 13:37:00,2011-09-12 14:24:00,297.0
17434,United Kingdom,2011-09-15 13:54:00,2011-12-07 13:16:00,82.0
17435,United Kingdom,2010-10-24 13:55:00,2010-10-24 13:55:00,0.0
17436,United Kingdom,2009-12-07 12:31:00,2011-12-08 12:30:00,730.0
17437,United Kingdom,2010-06-28 11:11:00,2010-06-28 11:11:00,0.0
17438,United Kingdom,2010-03-08 16:53:00,2011-03-31 10:26:00,387.0
17439,United Kingdom,2010-02-22 12:48:00,2010-02-22 12:48:00,0.0
17440,United Kingdom,2010-06-08 14:40:00,2011-07-06 11:54:00,392.0
17441,United Kingdom,2009-12-07 13:32:00,2009-12-07 13:32:00,0.0
17442,United Kingdom,2010-02-15 15:54:00,2011-11-03 09:17:00,625.0
17443,Canada,2011-05-04 10:47:00,2011-05-04 10:47:00,0.0
17444,Canada,2011-06-20 09:04:00,2011-07-15 12:05:00,25.0
17445,United Kingdom,,,
17446,United Kingdom,2011-02-02 14:40:00,2011-06-16 10:42:00,133.0
17447,United Kingdom,2011-09-29 10:10:00,2011-10-30 14:18:00,31.0
17448,United Kingdom,2010-03-04 17:29:00,2010-07-30 14:07:00,147.0
17449,United Kingdom,2009-12-09 14:16:00,2011-12-07 16:56:00,728.0
17450,United Kingdom,2010-09-27 16:59:00,2011-12-01 13:29:00,429.0
17451,United Kingdom,2011-08-26 11:54:00,2011-12-08 15:02:00,104.0
17452,United Kingdom,,,
17453,United Kingdom,2011-10-06 17:02:00,2011-11-22 09:42:00,46.0
17454,United Kingdom,2010-01-15 15:40:00,2011-05-31 13:58:00,500.0
17455,United Kingdom,2011-05-20 12:31:00,2011-05-20 12:31:00,0.0
17456,United Kingdom,2010-09-09 15:28:00,2010-12-09 15:23:00,90.0
17457,United Kingdom,2009-12-07 14:52:00,2011-08-05 12:48:00,605.0
17458,United Kingdom,2010-11-23 11:43:00,2011-11-24 13:01:00,366.0
17459,United Kingdom,2011-10-10 17:00:00,2011-10-27 13:25:00,16.0
17460,United Kingdom,2010-01-22 13:25:00,2011-09-06 15:04:00,592.0
17461,United Kingdom,2011-11-10 12:01:00,2011-11-17 10:21:00,6.0
17462,United Kingdom,2011-02-28 17:01:00,2011-10-10 13:56:00,223.0
17463,United Kingdom,2010-04-29 17:57:00,2011-11-23 13:40:00,572.0
17464,United Kingdom,2010-03-30 13:15:00,2011-07-04 13:19:00,461.0
17465,United Kingdom,2009-12-03 13:25:00,2010-10-10 11:56:00,310.0
17466,United Kingdom,2011-09-22 09:16:00,2011-11-29 13:15:00,68.0
17467,United Kingdom,2010-11-09 12:58:00,2010-11-09 12:58:00,0.0
17468,United Kingdom,2010-11-29 17:25:00,2011-11-29 15:33:00,364.0
17469,United Kingdom,2009-12-16 15:06:00,2011-11-23 13:15:00,706.0
17470,United Kingdom,2010-07-19 16:16:00,2011-10-26 12:42:00,463.0
17471,United Kingdom,2010-08-22 11:53:00,2010-08-22 11:53:00,0.0
17472,United Kingdom,2010-03-21 13:27:00,2011-06-01 14:57:00,437.0
17473,United Kingdom,2010-09-09 19:03:00,2010-10-27 11:45:00,47.0
17474,United Kingdom,2010-04-19 10:43:00,2010-04-19 10:43:00,0.0
17475,United Kingdom,2011-09-21 14:55:00,2011-09-21 14:55:00,0.0
17476,United Kingdom,2009-12-02 12:09:00,2010-11-09 10:21:00,341.0
17477,United Kingdom,2010-03-02 11:53:00,2010-04-06 10:06:00,34.0
17478,United Kingdom,2010-03-16 14:19:00,2010-10-27 15:01:00,225.0
17479,United Kingdom,2010-03-17 09:26:00,2010-03-17 09:26:00,0.0
17480,United Kingdom,2010-09-21 12:31:00,2011-09-23 11:39:00,366.0
17481,United Kingdom,2011-09-07 09:57:00,2011-12-06 12:28:00,90.0
17482,United Kingdom,2010-05-10 14:10:00,2010-08-09 15:33:00,91.0
17483,United Kingdom,2010-10-21 12:43:00,2011-10-05 13:10:00,349.0
17484,United Kingdom,2010-03-25 16:17:00,2010-05-12 15:41:00,47.0
17485,United Kingdom,,,
17486,United Kingdom,2011-03-23 14:00:00,2011-03-23 14:00:00,0.0
17487,United Kingdom,2009-12-11 15:06:00,2009-12-11 15:06:00,0.0
17488,United Kingdom,2010-03-08 14:07:00,2010-03-08 14:07:00,0.0
17489,United Kingdom,2011-05-11 11:34:00,2011-10-12 08:56:00,153.0
17490,United Kingdom,2010-05-19 12:40:00,2011-12-09 09:08:00,568.0
17491,United Kingdom,2010-04-28 11:57:00,2011-12-08 16:18:00,589.0
17492,United Kingdom,2010-07-09 13:27:00,2011-04-05 15:21:00,270.0
17493,United Kingdom,2010-11-19 16:57:00,2010-11-19 16:57:00,0.0
17494,United Kingdom,2010-07-26 10:06:00,2010-07-26 10:06:00,0.0
17495,United Kingdom,2010-11-14 11:50:00,2011-12-02 12:08:00,383.0
17496,United Kingdom,2010-01-14 13:36:00,2010-12-16 08:39:00,335.0
17497,United Kingdom,2010-04-08 08:01:00,2010-11-14 14:17:00,220.0
17498,United Kingdom,2011-09-25 12:25:00,2011-09-25 12:25:00,0.0
17499,United Kingdom,2010-05-27 09:59:00,2011-02-23 09:14:00,271.0
17500,United Kingdom,2011-11-10 09:08:00,2011-11-22 14:25:00,12.0
17501,United Kingdom,2011-05-03 09:46:00,2011-05-03 09:47:00,0.0
17502,United Kingdom,2011-11-10 16:39:00,2011-11-30 13:13:00,19.0
17503,United Kingdom,2011-11-01 11:12:00,2011-12-07 09:18:00,35.0
17504,United Kingdom,2010-02-08 09:22:00,2011-05-17 12:59:00,463.0
17505,United Kingdom,2010-04-13 16:33:00,2011-07-01 12:50:00,443.0
17506,United Kingdom,2011-09-25 11:39:00,2011-09-25 11:39:00,0.0
17507,United Kingdom,2011-02-03 18:08:00,2011-03-23 11:48:00,47.0
17508,Greece,2009-12-07 11:46:00,2011-03-04 08:10:00,451.0
17509,United Kingdom,2011-10-07 13:14:00,2011-10-13 10:26:00,5.0
17510,United Kingdom,2010-10-15 10:20:00,2011-11-15 10:00:00,395.0
17511,United Kingdom,2009-12-02 10:52:00,2011-12-07 10:12:00,734.0
17512,United Kingdom,2009-12-10 19:35:00,2011-11-11 12:11:00,700.0
17513,United Kingdom,2010-08-17 15:08:00,2011-09-28 16:42:00,407.0
17514,United Kingdom,2010-02-08 14:00:00,2011-08-03 15:45:00,541.0
17515,United Kingdom,2010-06-07 13:29:00,2011-11-08 14:04:00,519.0
17516,United Kingdom,2010-11-26 12:50:00,2011-11-24 16:51:00,363.0
17517,United Kingdom,2011-02-04 11:48:00,2011-02-04 11:48:00,0.0
17518,United Kingdom,2010-03-28 13:31:00,2010-10-10 12:40:00,195.0
17519,United Kingdom,2009-12-01 09:57:00,2011-11-22 16:43:00,721.0
17520,United Kingdom,2011-10-17 12:04:00,2011-10-17 12:04:00,0.0
17521,United Kingdom,2010-10-01 11:49:00,2011-11-10 11:22:00,404.0
17522,United Kingdom,2011-05-05 16:31:00,2011-12-08 12:31:00,216.0
17523,United Kingdom,2011-11-20 13:40:00,2011-11-28 13:20:00,7.0
17524,United Kingdom,2010-09-27 16:20:00,2010-12-13 14:32:00,76.0
17525,United Kingdom,2010-10-07 09:12:00,2010-12-15 12:05:00,69.0
17526,United Kingdom,2009-12-17 16:18:00,2011-12-05 11:05:00,717.0
17527,United Kingdom,2011-05-05 13:43:00,2011-10-17 12:32:00,164.0
17528,United Kingdom,2011-09-29 13:04:00,2011-12-08 13:27:00,70.0
17529,United Kingdom,2010-01-11 12:29:00,2010-04-08 17:51:00,87.0
17530,United Kingdom,2009-12-06 16:17:00,2011-12-08 18:42:00,732.0
17531,United Kingdom,2010-03-31 12:57:00,2011-06-02 19:17:00,428.0
17532,United Kingdom,2010-11-19 08:13:00,2010-11-19 08:13:00,0.0
17533,United Kingdom,2010-10-01 09:14:00,2010-10-01 09:14:00,0.0
17534,United Kingdom,2010-02-25 16:55:00,2011-10-17 12:47:00,598.0
17535,United Kingdom,2011-03-04 15:20:00,2011-03-04 15:20:00,0.0
17536,United Kingdom,2010-01-26 12:00:00,2011-06-15 13:23:00,505.0
17537,United Kingdom,2011-02-09 13:37:00,2011-11-10 10:56:00,273.0
17538,United Kingdom,2011-11-14 12:12:00,2011-11-14 12:12:00,0.0
17539,United Kingdom,2009-12-13 12:36:00,2010-04-01 12:07:00,108.0
17540,United Kingdom,2010-04-19 09:47:00,2011-11-15 11:56:00,575.0
17541,United Kingdom,2010-07-18 11:36:00,2010-07-18 11:36:00,0.0
17542,United Kingdom,2010-03-08 12:08:00,2011-03-15 11:45:00,371.0
17543,United Kingdom,2010-06-08 12:41:00,2010-06-08 12:41:00,0.0
17544,United Kingdom,2010-11-14 14:47:00,2010-11-14 15:08:00,0.0
17545,United Kingdom,2010-05-11 10:04:00,2011-10-27 14:04:00,534.0
17546,United Kingdom,,,
17547,United Kingdom,2010-02-12 14:34:00,2010-11-29 09:41:00,289.0
17548,United Kingdom,2010-11-08 16:19:00,2011-04-20 12:01:00,162.0
17549,United Kingdom,2011-10-19 10:05:00,2011-11-16 09:59:00,27.0
17550,United Kingdom,2010-02-07 15:07:00,2011-05-26 14:09:00,472.0
17551,United Kingdom,2010-12-15 14:12:00,2010-12-15 14:12:00,0.0
17552,United Kingdom,2010-03-22 09:19:00,2011-10-10 17:00:00,567.0
17553,United Kingdom,2010-04-08 09:44:00,2011-08-02 10:00:00,481.0
17554,United Kingdom,2011-07-14 20:01:00,2011-12-08 14:15:00,146.0
17555,United Kingdom,2010-05-02 16:02:00,2011-11-20 12:22:00,566.0
17556,United Kingdom,2010-11-25 17:00:00,2011-05-18 10:48:00,173.0
17557,United Kingdom,2009-12-07 10:15:00,2011-11-25 12:57:00,718.0
17558,United Kingdom,2010-11-11 14:36:00,2010-11-11 14:36:00,0.0
17559,United Kingdom,2010-07-15 12:02:00,2010-07-15 12:02:00,0.0
17560,United Kingdom,2010-02-17 12:11:00,2011-09-06 09:18:00,565.0
17561,United Kingdom,2009-12-06 13:29:00,2011-11-20 12:53:00,713.0
17562,United Kingdom,2011-06-19 13:06:00,2011-11-25 14:21:00,159.0
17563,United Kingdom,2010-04-07 10:02:00,2010-05-10 14:54:00,33.0
17564,United Kingdom,2011-09-20 14:00:00,2011-11-15 13:27:00,55.0
17565,United Kingdom,2010-05-02 11:54:00,2010-05-02 11:54:00,0.0
17566,United Kingdom,2011-11-14 13:42:00,2011-12-01 19:54:00,17.0
17567,United Kingdom,2010-09-24 10:48:00,2011-12-02 15:48:00,434.0
17568,United Kingdom,2010-03-16 16:45:00,2010-03-16 16:45:00,0.0
17569,United Kingdom,2011-01-11 14:15:00,2011-01-11 14:15:00,0.0
17570,United Kingdom,2010-11-23 11:56:00,2010-11-23 11:56:00,0.0
17571,United Kingdom,2010-06-15 12:50:00,2011-10-20 15:57:00,492.0
17572,United Kingdom,2009-12-15 10:00:00,2011-09-29 17:53:00,653.0
17573,United Kingdom,2011-09-07 10:36:00,2011-11-10 13:01:00,64.0
17574,United Kingdom,2011-04-11 09:47:00,2011-04-11 09:47:00,0.0
17575,United Kingdom,2010-02-10 13:48:00,2010-02-10 13:48:00,0.0
17576,United Kingdom,2009-12-03 16:54:00,2011-12-01 17:56:00,728.0
17577,United Kingdom,2010-02-09 10:10:00,2010-03-04 13:01:00,23.0
17578,United Kingdom,2010-06-28 11:55:00,2011-05-05 18:38:00,311.0
17579,United Kingdom,2010-05-10 14:28:00,2011-12-05 12:28:00,573.0
17580,United Kingdom,2010-10-13 14:28:00,2011-04-01 12:41:00,169.0
17581,United Kingdom,2009-12-03 12:34:00,2011-12-09 12:21:00,735.0
17582,United Kingdom,2010-03-26 12:23:00,2011-04-17 13:18:00,387.0
17583,United Kingdom,2010-05-28 14:24:00,2010-05-28 14:24:00,0.0
17584,United Kingdom,2010-01-25 08:17:00,2011-12-02 17:12:00,676.0
17585,United Kingdom,2010-08-18 16:39:00,2011-08-22 13:30:00,368.0
17586,United Kingdom,2010-03-30 13:12:00,2010-03-30 13:12:00,0.0
17587,United Kingdom,2010-03-21 14:16:00,2010-03-21 14:16:00,0.0
17588,United Kingdom,2010-03-12 12:34:00,2011-08-31 13:37:00,537.0
17589,United Kingdom,2010-03-07 13:48:00,2011-10-10 16:58:00,582.0
17590,United Kingdom,2011-10-30 14:05:00,2011-12-07 12:55:00,37.0
17591,United Kingdom,2010-01-17 16:09:00,2011-09-27 13:42:00,617.0
17592,United Kingdom,2009-12-01 10:49:00,2009-12-01 10:49:00,0.0
17593,United Kingdom,2009-12-04 14:35:00,2011-12-06 10:30:00,731.0
17594,United Kingdom,2010-04-14 08:53:00,2011-09-15 16:34:00,519.0
17595,United Kingdom,2011-11-02 16:19:00,2011-11-27 16:08:00,24.0
17596,United Kingdom,2009-12-15 13:21:00,2011-11-16 14:11:00,701.0
17597,United Kingdom,2010-05-05 15:33:00,2011-05-10 11:54:00,369.0
17598,United Kingdom,2010-11-23 17:43:00,2010-11-23 17:43:00,0.0
17599,United Kingdom,2010-08-19 12:50:00,2010-08-19 12:50:00,0.0
17600,United Kingdom,2011-11-22 09:43:00,2011-11-22 09:43:00,0.0
17601,United Kingdom,2010-11-24 14:29:00,2011-04-14 18:02:00,141.0
17602,United Kingdom,2010-03-30 17:25:00,2011-12-07 13:53:00,616.0
17603,United Kingdom,2009-12-10 09:44:00,2011-09-22 14:18:00,651.0
17604,United Kingdom,2010-01-27 12:19:00,2011-05-06 13:43:00,464.0
17605,United Kingdom,2010-04-28 14:45:00,2010-04-28 14:45:00,0.0
17606,United Kingdom,2009-12-02 13:32:00,2009-12-02 13:32:00,0.0
17607,United Kingdom,2010-11-28 13:11:00,2010-11-28 13:11:00,0.0
17608,United Kingdom,2010-04-11 13:37:00,2011-11-06 13:06:00,573.0
17609,United Kingdom,2010-04-09 16:54:00,2011-10-30 12:28:00,568.0
17610,United Kingdom,2009-12-06 16:07:00,2010-06-17 16:34:00,193.0
17611,United Kingdom,2009-12-01 13:29:00,2011-12-02 13:29:00,731.0
17612,United Kingdom,2009-12-17 11:59:00,2011-10-17 14:59:00,669.0
17613,United Kingdom,2011-02-07 11:20:00,2011-11-17 10:51:00,282.0
17614,United Kingdom,2011-10-13 16:01:00,2011-10-13 16:01:00,0.0
17615,United Kingdom,2010-08-11 12:54:00,2011-08-01 14:06:00,355.0
17616,United Kingdom,2010-09-14 10:43:00,2011-06-19 10:11:00,277.0
17617,United Kingdom,2010-05-30 12:48:00,2010-05-30 12:48:00,0.0
17618,United Kingdom,2010-01-24 11:03:00,2011-12-04 11:50:00,679.0
17619,United Kingdom,2011-01-31 14:18:00,2011-01-31 14:18:00,0.0
17620,United Kingdom,2011-10-11 12:08:00,2011-10-11 12:08:00,0.0
17621,United Kingdom,2010-10-04 09:37:00,2011-11-18 17:11:00,410.0
17622,United Kingdom,2010-04-20 13:38:00,2010-04-21 12:36:00,0.0
17623,United Kingdom,2009-12-14 14:36:00,2011-11-07 11:32:00,692.0
17624,United Kingdom,2009-12-20 12:35:00,2011-11-25 10:52:00,704.0
17625,United Kingdom,2009-12-15 11:49:00,2011-11-21 13:36:00,706.0
17626,United Kingdom,2010-04-16 12:15:00,2010-04-16 12:15:00,0.0
17627,United Kingdom,2010-08-18 11:27:00,2010-08-18 11:27:00,0.0
17628,United Kingdom,2011-09-19 15:21:00,2011-09-19 15:21:00,0.0
17629,United Kingdom,2010-10-14 13:35:00,2011-12-04 10:56:00,415.0
17630,United Kingdom,2011-04-21 14:03:00,2011-06-23 11:58:00,62.0
17631,United Kingdom,2009-12-09 14:15:00,2011-12-08 09:47:00,728.0
17632,United Kingdom,,,
17633,United Kingdom,2010-11-15 14:55:00,2011-11-08 13:25:00,357.0
17634,United Kingdom,2011-01-06 12:45:00,2011-11-03 13:09:00,301.0
17635,United Kingdom,2010-04-28 10:51:00,2010-10-11 15:12:00,166.0
17636,United Kingdom,2011-11-20 14:40:00,2011-11-20 14:40:00,0.0
17637,United Kingdom,2011-08-16 13:25:00,2011-11-08 12:51:00,83.0
17638,United Kingdom,2009-12-18 09:58:00,2010-03-02 14:32:00,74.0
17639,United Kingdom,2010-08-13 11:59:00,2011-03-08 15:22:00,207.0
17640,United Kingdom,2010-03-23 09:15:00,2011-09-14 09:13:00,539.0
17641,United Kingdom,,,
17642,United Kingdom,2009-12-05 16:01:00,2011-08-12 09:11:00,614.0
17643,United Kingdom,2010-07-22 13:07:00,2010-12-01 14:38:00,132.0
17644,United Kingdom,2010-02-16 08:44:00,2011-12-08 13:43:00,660.0
17645,United Kingdom,,,
17646,United Kingdom,2009-12-16 09:37:00,2011-05-04 13:17:00,504.0
17647,United Kingdom,2010-02-08 14:39:00,2011-10-05 15:38:00,604.0
17648,United Kingdom,2010-11-19 16:41:00,2011-10-10 09:41:00,324.0
17649,United Kingdom,2010-08-24 13:01:00,2011-07-24 15:53:00,334.0
17650,United Kingdom,2011-11-18 14:52:00,2011-11-18 14:52:00,0.0
17651,United Kingdom,2010-07-01 12:17:00,2011-11-28 10:29:00,514.0
17652,United Kingdom,2011-03-03 14:05:00,2011-11-14 12:55:00,255.0
17653,United Kingdom,2011-08-11 15:24:00,2011-11-03 12:46:00,83.0
17654,United Kingdom,2011-03-07 13:17:00,2011-03-07 13:17:00,0.0
17655,United Kingdom,2010-10-19 10:20:00,2011-11-29 11:34:00,406.0
17656,United Kingdom,2011-08-03 10:45:00,2011-09-27 13:04:00,55.0
17657,United Kingdom,2010-10-05 14:52:00,2010-10-05 14:52:00,0.0
17658,United Kingdom,2011-05-12 15:23:00,2011-11-14 12:07:00,185.0
17659,United Kingdom,2010-11-18 14:20:00,2011-11-22 13:29:00,368.0
17660,United Kingdom,2009-12-02 16:02:00,2011-07-21 13:37:00,595.0
17661,United Kingdom,,,
17662,United Kingdom,2009-12-17 09:54:00,2010-02-16 09:38:00,60.0
17663,United Kingdom,2010-03-04 11:42:00,2011-11-14 08:56:00,619.0
17664,United Kingdom,2010-03-29 17:17:00,2011-11-21 11:29:00,601.0
17665,United Kingdom,2010-08-03 13:12:00,2010-08-03 13:12:00,0.0
17666,United Kingdom,2010-06-30 12:03:00,2011-12-06 09:06:00,523.0
17667,United Kingdom,2010-02-23 09:57:00,2011-10-04 14:32:00,588.0
17668,United Kingdom,2011-11-01 14:45:00,2011-12-08 13:25:00,36.0
17669,United Kingdom,2010-04-01 18:48:00,2011-10-28 08:53:00,574.0
17670,United Kingdom,2011-04-26 09:12:00,2011-04-26 09:12:00,0.0
17671,United Kingdom,2010-11-29 11:53:00,2011-11-24 12:21:00,360.0
17672,United Kingdom,2010-01-26 17:20:00,2011-10-20 14:18:00,631.0
17673,United Kingdom,2010-03-19 14:02:00,2011-12-08 12:50:00,628.0
17674,United Kingdom,2010-12-06 10:20:00,2011-09-26 13:35:00,294.0
17675,United Kingdom,2009-12-10 16:10:00,2011-12-08 18:03:00,728.0
17676,United Kingdom,2010-03-30 10:49:00,2011-12-05 15:16:00,615.0
17677,United Kingdom,2009-12-16 11:23:00,2011-12-08 09:56:00,721.0
17678,United Kingdom,2010-04-15 13:54:00,2011-03-21 11:52:00,339.0
17679,United Kingdom,2009-12-03 17:32:00,2011-10-18 07:43:00,683.0
17680,United Kingdom,2010-07-16 16:07:00,2011-11-16 12:42:00,487.0
17681,United Kingdom,2010-01-15 11:53:00,2010-04-21 17:22:00,96.0
17682,United Kingdom,2010-03-08 09:49:00,2011-11-29 15:59:00,631.0
17683,United Kingdom,2010-06-03 17:15:00,2010-11-19 10:11:00,168.0
17684,United Kingdom,2011-10-27 11:10:00,2011-10-27 11:10:00,0.0
17685,United Kingdom,2010-02-11 13:44:00,2011-11-23 11:36:00,649.0
17686,United Kingdom,2010-06-24 09:49:00,2011-12-02 15:39:00,526.0
17687,United Kingdom,2010-10-15 12:30:00,2010-10-15 12:30:00,0.0
17688,United Kingdom,2010-11-11 10:41:00,2010-11-11 10:41:00,0.0
17689,United Kingdom,2010-08-22 13:54:00,2010-11-16 13:22:00,85.0
17690,United Kingdom,2010-02-03 14:26:00,2011-11-09 15:17:00,644.0
17691,United Kingdom,2010-06-11 11:50:00,2010-12-16 17:20:00,188.0
17692,United Kingdom,2010-06-17 11:14:00,2011-08-04 14:01:00,413.0
17693,United Kingdom,2011-07-25 15:48:00,2011-07-25 15:48:00,0.0
17694,United Kingdom,2010-05-26 08:27:00,2011-07-21 12:00:00,421.0
17695,United Kingdom,2010-01-28 09:27:00,2011-07-31 10:40:00,549.0
17696,United Kingdom,2009-12-10 17:09:00,2011-11-01 13:43:00,690.0
17697,United Kingdom,2011-04-17 15:40:00,2011-04-17 15:40:00,0.0
17698,United Kingdom,2011-03-24 11:34:00,2011-03-24 11:34:00,0.0
17699,United Kingdom,2010-05-27 11:53:00,2010-08-20 09:39:00,84.0
17700,United Kingdom,2009-12-01 11:37:00,2011-11-23 11:51:00,722.0
17701,United Kingdom,2011-04-01 12:25:00,2011-04-01 12:25:00,0.0
17702,United Kingdom,2010-11-04 12:09:00,2011-11-09 16:03:00,370.0
17703,United Kingdom,2010-10-17 16:16:00,2011-11-04 15:51:00,382.0
17704,United Kingdom,2011-04-14 09:28:00,2011-06-24 09:40:00,71.0
17705,United Kingdom,2010-05-12 09:47:00,2011-12-06 13:45:00,573.0
17706,United Kingdom,2010-01-19 12:13:00,2011-12-05 13:34:00,685.0
17707,United Kingdom,2009-12-07 12:19:00,2011-06-07 15:03:00,547.0
17708,United Kingdom,2010-10-12 12:13:00,2011-06-05 10:12:00,235.0
17709,United Kingdom,2010-04-15 14:48:00,2011-06-23 11:55:00,433.0
17710,United Kingdom,2010-10-12 07:49:00,2010-10-12 07:49:00,0.0
17711,United Kingdom,2011-02-23 11:32:00,2011-11-29 11:40:00,279.0
17712,United Kingdom,2011-10-26 12:28:00,2011-10-26 12:28:00,0.0
17713,United Kingdom,2010-06-09 09:33:00,2010-11-22 16:50:00,166.0
17714,United Kingdom,2010-07-14 10:41:00,2011-01-23 10:32:00,192.0
17715,United Kingdom,2010-04-26 12:17:00,2011-05-23 12:32:00,392.0
17716,United Kingdom,2009-12-02 17:18:00,2011-11-17 12:00:00,714.0
17717,United Kingdom,2010-10-14 12:54:00,2010-10-14 12:54:00,0.0
17718,United Kingdom,2010-03-05 08:01:00,2011-04-21 13:39:00,412.0
17719,United Kingdom,2011-03-29 11:29:00,2011-11-02 10:36:00,217.0
17720,United Kingdom,2010-05-10 09:58:00,2011-11-13 15:04:00,552.0
17721,United Kingdom,2010-02-18 15:18:00,2010-02-18 15:18:00,0.0
17722,United Kingdom,2010-11-29 09:44:00,2011-09-04 15:22:00,279.0
17723,United Kingdom,2010-11-29 10:35:00,2011-08-04 18:37:00,248.0
17724,United Kingdom,2011-07-24 13:26:00,2011-09-29 15:26:00,67.0
17725,United Kingdom,2011-03-17 19:47:00,2011-11-23 16:34:00,250.0
17726,United Kingdom,2010-01-26 14:58:00,2010-11-09 13:37:00,286.0
17727,United Kingdom,2011-11-24 17:06:00,2011-11-24 17:06:00,0.0
17728,United Kingdom,2010-09-12 14:58:00,2011-12-06 08:52:00,449.0
17729,United Kingdom,2010-04-22 15:03:00,2010-04-22 15:03:00,0.0
17730,United Kingdom,2010-04-29 11:48:00,2011-12-06 15:43:00,586.0
17731,United Kingdom,2010-02-09 12:37:00,2011-09-21 15:02:00,589.0
17732,United Kingdom,2010-08-09 08:41:00,2010-12-02 09:29:00,115.0
17733,United Kingdom,2011-03-23 09:54:00,2011-11-01 08:16:00,222.0
17734,United Kingdom,2010-03-07 13:55:00,2011-10-17 12:33:00,588.0
17735,United Kingdom,2010-07-30 13:25:00,2011-12-07 16:47:00,495.0
17736,United Kingdom,2011-08-18 14:33:00,2011-11-30 15:36:00,104.0
17737,United Kingdom,2011-10-12 14:42:00,2011-11-30 15:16:00,49.0
17738,United Kingdom,2010-03-19 10:07:00,2011-11-20 15:05:00,611.0
17739,United Kingdom,2009-12-07 10:48:00,2011-11-28 09:12:00,720.0
17740,United Kingdom,2010-01-11 13:11:00,2010-11-15 16:33:00,308.0
17741,United Kingdom,2010-05-28 12:11:00,2010-10-29 11:59:00,153.0
17742,United Kingdom,2009-12-01 13:16:00,2011-08-18 15:28:00,625.0
17743,United Kingdom,2010-09-17 14:54:00,2010-09-17 14:54:00,0.0
17744,United Kingdom,2010-11-24 09:34:00,2011-12-06 12:11:00,377.0
17745,United Kingdom,2010-06-02 09:03:00,2010-08-19 12:30:00,78.0
17746,United Kingdom,2010-04-08 12:54:00,2011-04-13 14:31:00,370.0
17747,United Kingdom,2011-08-19 08:13:00,2011-08-19 08:13:00,0.0
17748,United Kingdom,2010-06-30 13:49:00,2010-06-30 13:49:00,0.0
17749,United Kingdom,2010-06-11 14:56:00,2011-06-14 15:45:00,368.0
17750,United Kingdom,2011-06-28 15:44:00,2011-12-04 14:09:00,158.0
17751,United Kingdom,2010-10-14 13:57:00,2010-10-14 13:57:00,0.0
17752,United Kingdom,2010-12-15 16:19:00,2010-12-15 16:19:00,0.0
17753,United Kingdom,2010-01-06 14:20:00,2010-09-01 15:49:00,238.0
17754,United Kingdom,2009-12-11 15:52:00,2011-12-09 11:20:00,727.0
17755,United Kingdom,,,
17756,United Kingdom,2010-11-10 12:54:00,2010-11-29 12:20:00,18.0
17757,United Kingdom,2010-01-13 15:56:00,2011-12-08 15:31:00,693.0
17758,United Kingdom,2010-05-20 13:18:00,2011-11-20 14:45:00,549.0
17759,United Kingdom,2010-05-05 11:40:00,2011-11-22 16:02:00,566.0
17760,United Kingdom,2010-02-28 12:15:00,2011-11-18 10:56:00,627.0
17761,United Kingdom,2011-11-07 10:23:00,2011-11-07 10:23:00,0.0
17762,United Kingdom,2010-09-09 17:40:00,2010-09-09 17:40:00,0.0
17763,United Kingdom,2010-02-18 14:32:00,2011-03-21 14:25:00,395.0
17764,United Kingdom,2009-12-03 14:28:00,2011-10-20 11:03:00,685.0
17765,United Kingdom,2010-09-17 12:45:00,2011-07-04 12:41:00,289.0
17766,United Kingdom,2010-11-23 14:17:00,2010-11-23 14:29:00,0.0
17767,United Kingdom,2010-10-25 16:22:00,2011-11-24 14:42:00,394.0
17768,United Kingdom,2009-12-02 12:26:00,2011-12-01 13:22:00,729.0
17769,United Kingdom,2010-01-19 11:33:00,2011-11-27 11:18:00,676.0
17770,United Kingdom,2011-03-02 13:35:00,2011-05-25 12:34:00,83.0
17771,United Kingdom,2010-04-29 13:21:00,2011-10-14 11:43:00,532.0
17772,United Kingdom,2010-11-12 11:31:00,2011-11-29 11:05:00,381.0
17773,United Kingdom,2010-01-18 14:32:00,2010-07-13 14:07:00,175.0
17774,United Kingdom,2010-02-08 16:06:00,2011-09-04 12:49:00,572.0
17775,United Kingdom,2011-03-30 10:50:00,2011-03-30 10:50:00,0.0
17776,United Kingdom,2009-12-16 14:59:00,2010-11-18 12:14:00,336.0
17777,United Kingdom,2011-08-31 14:35:00,2011-11-15 12:02:00,75.0
17778,United Kingdom,2010-02-16 12:44:00,2010-02-16 12:44:00,0.0
17779,United Kingdom,2011-07-19 12:19:00,2011-11-18 14:15:00,122.0
17780,United Kingdom,2010-01-24 11:21:00,2010-02-10 13:43:00,17.0
17781,United Kingdom,2011-03-31 19:54:00,2011-07-03 16:00:00,93.0
17782,United Kingdom,2010-11-22 10:03:00,2010-11-22 11:15:00,0.0
17783,United Kingdom,2010-07-15 12:50:00,2011-09-28 16:07:00,440.0
17784,United Kingdom,2010-06-07 16:08:00,2010-06-07 16:08:00,0.0
17785,United Kingdom,2010-05-23 13:01:00,2011-10-17 13:43:00,512.0
17786,United Kingdom,2011-01-26 14:35:00,2011-09-15 12:51:00,231.0
17787,United Kingdom,2010-12-03 13:43:00,2011-07-10 11:24:00,218.0
17788,United Kingdom,2011-08-02 10:38:00,2011-09-27 10:09:00,55.0
17789,United Kingdom,2010-02-16 13:16:00,2011-03-03 13:14:00,379.0
17790,United Kingdom,2010-06-13 13:30:00,2011-11-13 11:30:00,517.0
17791,United Kingdom,2011-11-10 12:09:00,2011-11-10 12:09:00,0.0
17792,United Kingdom,2010-08-18 13:08:00,2010-08-29 14:30:00,11.0
17793,United Kingdom,2011-11-14 14:24:00,2011-11-14 14:24:00,0.0
17794,United Kingdom,2010-01-20 12:17:00,2010-01-22 10:18:00,1.0
17795,United Kingdom,2011-03-20 12:02:00,2011-06-13 12:36:00,85.0
17796,United Kingdom,2010-10-14 13:37:00,2011-10-30 15:38:00,381.0
17797,United Kingdom,2009-12-15 14:30:00,2011-11-17 13:21:00,701.0
17798,United Kingdom,2010-05-07 11:42:00,2010-05-07 11:42:00,0.0
17799,United Kingdom,2009-12-13 16:03:00,2011-11-17 15:16:00,703.0
17800,United Kingdom,2011-01-09 13:50:00,2011-11-02 12:57:00,296.0
17801,United Kingdom,2010-01-17 11:31:00,2010-09-14 14:32:00,240.0
17802,United Kingdom,2009-12-13 13:39:00,2011-09-18 14:56:00,644.0
17803,United Kingdom,2010-11-12 13:53:00,2010-11-12 13:53:00,0.0
17804,United Kingdom,2009-12-01 12:22:00,2010-11-28 14:01:00,362.0
17805,United Kingdom,2010-04-08 14:36:00,2011-09-27 11:49:00,536.0
17806,United Kingdom,2011-11-28 14:12:00,2011-11-28 14:12:00,0.0
17807,United Kingdom,2010-01-04 14:00:00,2010-11-09 16:21:00,309.0
17808,United Kingdom,2010-05-07 16:26:00,2010-06-09 10:44:00,32.0
17809,United Kingdom,2009-12-02 14:52:00,2011-11-23 12:59:00,720.0
17810,United Kingdom,2010-01-25 10:26:00,2010-02-09 10:47:00,15.0
17811,United Kingdom,2010-09-20 11:24:00,2011-12-05 13:46:00,441.0
17812,United Kingdom,2010-06-27 13:34:00,2011-11-27 11:47:00,517.0
17813,United Kingdom,2011-09-29 15:57:00,2011-11-25 16:13:00,57.0
17814,United Kingdom,2010-10-13 14:03:00,2010-11-29 14:21:00,47.0
17815,United Kingdom,2010-11-11 14:39:00,2010-11-11 14:39:00,0.0
17816,United Kingdom,2009-12-15 15:27:00,2011-11-03 11:34:00,687.0
17817,United Kingdom,2010-10-13 15:07:00,2011-12-05 14:39:00,417.0
17818,United Kingdom,2009-12-02 11:34:00,2009-12-02 11:34:00,0.0
17819,United Kingdom,2009-12-13 15:24:00,2011-09-29 10:52:00,654.0
17820,United Kingdom,2010-11-30 17:43:00,2010-11-30 17:43:00,0.0
17821,United Kingdom,2010-10-29 13:20:00,2010-10-29 13:20:00,0.0
17822,United Kingdom,2010-05-28 12:15:00,2010-10-15 13:47:00,140.0
17823,United Kingdom,2010-10-14 16:14:00,2010-10-14 16:24:00,0.0
17824,United Kingdom,2011-10-19 14:14:00,2011-10-19 14:14:00,0.0
17825,United Kingdom,2009-12-14 12:09:00,2010-04-20 12:01:00,126.0
17826,United Kingdom,2010-11-30 13:23:00,2010-11-30 13:23:00,0.0
17827,United Kingdom,2010-03-28 12:20:00,2011-12-04 15:00:00,616.0
17828,Malta,2011-06-08 08:31:00,2011-11-17 08:41:00,162.0
17829,United Arab Emirates,2010-02-22 15:39:00,2011-02-14 12:46:00,356.0
17830,United Kingdom,2011-02-24 10:15:00,2011-12-08 12:28:00,287.0
17831,United Kingdom,2011-11-06 15:09:00,2011-11-06 15:09:00,0.0
17832,United Kingdom,2011-10-21 11:43:00,2011-10-21 11:43:00,0.0
17833,United Kingdom,2009-12-16 13:40:00,2009-12-16 13:40:00,0.0
17834,United Kingdom,2010-09-20 15:32:00,2010-10-21 12:09:00,30.0
17835,United Kingdom,2011-11-16 16:30:00,2011-12-07 11:48:00,20.0
17836,United Kingdom,2011-10-23 16:13:00,2011-10-23 16:13:00,0.0
17837,United Kingdom,2011-06-29 16:44:00,2011-10-28 16:13:00,120.0
17838,United Kingdom,2010-03-19 09:53:00,2011-11-13 11:20:00,604.0
17839,United Kingdom,2011-10-28 17:27:00,2011-10-28 17:27:00,0.0
17840,United Kingdom,2010-09-22 12:24:00,2010-09-22 12:24:00,0.0
17841,United Kingdom,2009-12-02 15:41:00,2011-12-08 12:07:00,735.0
17842,United Kingdom,2010-04-16 14:23:00,2010-04-16 14:23:00,0.0
17843,United Kingdom,2010-10-24 10:56:00,2011-02-09 15:33:00,108.0
17844,Canada,2011-08-25 11:27:00,2011-08-25 11:27:00,0.0
17845,United Kingdom,2010-05-12 13:04:00,2010-06-02 15:20:00,21.0
17846,United Kingdom,2011-09-15 15:20:00,2011-09-15 15:20:00,0.0
17847,United Kingdom,2010-03-04 12:57:00,2010-07-12 10:00:00,129.0
17848,United Kingdom,2009-12-06 13:19:00,2011-09-19 16:49:00,652.0
17849,United Kingdom,2010-03-14 15:17:00,2011-05-05 13:46:00,416.0
17850,United Kingdom,2009-12-05 12:28:00,2010-12-02 15:27:00,362.0
17851,United Kingdom,2009-12-03 17:46:00,2010-10-13 15:13:00,313.0
17852,United Kingdom,2009-12-08 12:51:00,2011-11-28 12:36:00,719.0
17853,United Kingdom,2009-12-03 15:09:00,2010-10-28 15:29:00,329.0
17854,United Kingdom,2009-12-08 11:13:00,2011-06-07 16:21:00,546.0
17855,United Kingdom,2010-12-02 09:44:00,2010-12-02 09:44:00,0.0
17856,United Kingdom,2011-03-03 11:40:00,2011-12-08 09:40:00,279.0
17857,United Kingdom,2010-03-08 12:09:00,2011-12-05 13:13:00,637.0
17858,United Kingdom,2009-12-06 15:41:00,2011-12-04 11:56:00,727.0
17859,United Kingdom,2011-02-08 10:32:00,2011-02-08 10:32:00,0.0
17860,United Kingdom,2009-12-11 16:48:00,2010-12-06 12:41:00,359.0
17861,United Kingdom,2009-12-10 11:27:00,2011-12-06 16:21:00,726.0
17862,United Kingdom,2010-05-25 17:22:00,2011-01-20 12:23:00,239.0
17863,United Kingdom,2010-02-25 12:01:00,2011-10-11 13:45:00,593.0
17864,United Kingdom,2010-10-08 11:49:00,2011-11-27 11:15:00,414.0
17865,United Kingdom,2009-12-01 10:49:00,2011-11-09 12:08:00,708.0
17866,United Kingdom,2009-12-14 16:01:00,2011-07-20 11:07:00,582.0
17867,United Kingdom,2009-12-02 13:39:00,2011-11-09 14:15:00,707.0
17868,United Kingdom,2010-11-18 18:55:00,2010-11-18 18:55:00,0.0
17869,United Kingdom,2010-06-10 13:47:00,2011-08-24 16:16:00,440.0
17870,United Kingdom,2010-11-23 11:39:00,2011-12-07 15:07:00,379.0
17871,United Kingdom,2010-01-15 14:48:00,2011-05-19 11:32:00,488.0
17872,United Kingdom,2010-11-23 12:02:00,2010-11-23 12:02:00,0.0
17873,United Kingdom,2009-12-16 15:11:00,2011-09-20 16:41:00,643.0
17874,United Kingdom,2011-03-29 11:25:00,2011-06-07 12:54:00,70.0
17875,United Kingdom,2010-01-20 15:30:00,2010-01-20 15:30:00,0.0
17876,United Kingdom,2010-02-02 13:00:00,2010-11-05 10:52:00,275.0
17877,United Kingdom,2011-06-22 13:00:00,2011-06-22 13:00:00,0.0
17878,United Kingdom,2010-11-09 13:50:00,2011-10-27 11:24:00,351.0
17879,United Kingdom,2011-06-19 12:36:00,2011-06-19 12:36:00,0.0
17880,United Kingdom,2009-12-09 16:13:00,2010-12-10 10:21:00,365.0
17881,United Kingdom,2011-02-08 17:16:00,2011-02-08 17:16:00,0.0
17882,United Kingdom,2010-11-25 14:35:00,2010-11-25 14:40:00,0.0
17883,United Kingdom,2010-02-25 20:07:00,2011-12-06 17:49:00,648.0
17884,United Kingdom,2009-12-04 16:23:00,2011-12-06 11:33:00,731.0
17885,United Kingdom,2011-11-27 14:40:00,2011-11-27 14:40:00,0.0
17886,United Kingdom,2010-04-29 11:10:00,2011-11-08 10:09:00,557.0
17887,United Kingdom,2011-08-02 17:29:00,2011-08-02 17:29:00,0.0
17888,United Kingdom,2009-12-21 16:34:00,2011-11-18 13:45:00,696.0
17889,United Kingdom,2010-03-31 10:54:00,2011-05-11 16:26:00,406.0
17890,United Kingdom,2010-12-13 15:12:00,2011-01-21 11:19:00,38.0
17891,United Kingdom,2011-06-30 20:08:00,2011-06-30 20:08:00,0.0
17892,United Kingdom,2011-07-07 12:56:00,2011-10-14 16:49:00,99.0
17893,United Kingdom,2011-04-28 13:50:00,2011-04-28 13:50:00,0.0
17894,United Kingdom,2010-08-27 14:13:00,2011-09-29 09:23:00,397.0
17895,United Kingdom,2011-10-26 17:00:00,2011-10-26 17:00:00,0.0
17896,United Kingdom,2011-11-16 13:59:00,2011-11-16 13:59:00,0.0
17897,United Kingdom,2010-05-12 16:03:00,2011-06-20 11:23:00,403.0
17898,United Kingdom,2010-05-21 17:22:00,2011-09-15 14:56:00,481.0
17899,United Kingdom,2011-07-03 14:58:00,2011-07-03 14:58:00,0.0
17900,United Kingdom,2011-06-02 14:28:00,2011-06-02 14:38:00,0.0
17901,United Kingdom,2010-07-06 10:54:00,2011-11-10 17:29:00,492.0
17902,United Kingdom,2010-06-11 12:25:00,2010-06-11 12:25:00,0.0
17903,United Kingdom,2010-11-10 15:39:00,2010-11-10 15:39:00,0.0
17904,United Kingdom,2011-11-18 12:57:00,2011-11-18 12:57:00,0.0
17905,United Kingdom,2010-01-28 17:54:00,2011-09-29 17:33:00,608.0
17906,United Kingdom,2011-04-06 17:25:00,2011-04-06 17:25:00,0.0
17907,United Kingdom,2010-03-09 12:33:00,2010-03-09 12:33:00,0.0
17908,United Kingdom,2009-12-14 12:24:00,2010-12-01 11:45:00,351.0
17909,United Kingdom,2009-12-02 13:10:00,2009-12-02 13:10:00,0.0
17910,United Kingdom,2009-12-13 16:04:00,2009-12-13 16:04:00,0.0
17911,United Kingdom,2011-11-30 14:52:00,2011-11-30 14:52:00,0.0
17912,United Kingdom,2010-11-29 13:53:00,2011-02-02 14:25:00,65.0
17913,United Kingdom,2009-12-03 13:02:00,2011-10-12 10:45:00,677.0
17914,United Kingdom,2011-12-06 11:58:00,2011-12-06 11:58:00,0.0
17915,United Kingdom,2010-06-06 13:22:00,2010-06-06 13:22:00,0.0
17916,United Kingdom,2009-12-06 14:10:00,2010-03-21 12:26:00,104.0
17917,United Kingdom,2010-12-12 12:08:00,2011-10-25 13:20:00,317.0
17918,United Kingdom,2010-07-22 14:20:00,2010-07-27 11:51:00,4.0
17919,United Kingdom,2010-09-27 10:40:00,2011-09-12 13:41:00,350.0
17920,United Kingdom,2009-12-06 10:37:00,2011-12-05 14:29:00,729.0
17921,United Kingdom,2010-07-15 20:05:00,2011-10-06 18:56:00,447.0
17922,United Kingdom,2010-06-14 16:32:00,2010-06-14 16:32:00,0.0
17923,United Kingdom,2010-06-13 13:58:00,2011-03-02 15:15:00,262.0
17924,United Kingdom,2010-10-21 12:17:00,2011-11-28 09:11:00,402.0
17925,United Kingdom,2010-12-02 10:10:00,2010-12-02 10:10:00,0.0
17926,United Kingdom,2010-05-09 14:07:00,2011-07-29 14:39:00,446.0
17927,United Kingdom,2009-12-18 11:03:00,2009-12-18 11:03:00,0.0
17928,United Kingdom,2010-05-17 15:30:00,2011-10-25 13:52:00,525.0
17929,United Kingdom,2009-12-09 11:40:00,2011-11-28 16:01:00,719.0
17930,United Kingdom,2010-03-04 10:41:00,2011-11-04 10:23:00,609.0
17931,United Kingdom,2010-02-16 15:47:00,2011-07-28 18:33:00,527.0
17932,United Kingdom,2011-05-12 13:58:00,2011-11-10 19:49:00,182.0
17933,United Kingdom,2010-03-17 15:11:00,2010-03-17 15:11:00,0.0
17934,United Kingdom,2010-10-29 12:23:00,2011-10-19 11:16:00,354.0
17935,United Kingdom,2009-12-04 14:33:00,2011-07-24 13:18:00,596.0
17936,United Kingdom,2011-12-04 13:32:00,2011-12-04 13:32:00,0.0
17937,United Kingdom,2010-12-12 14:43:00,2011-12-01 11:45:00,353.0
17938,United Kingdom,2010-10-15 14:27:00,2010-10-15 14:27:00,0.0
17939,United Kingdom,2011-07-03 12:27:00,2011-07-03 12:27:00,0.0
17940,United Kingdom,2009-12-03 12:31:00,2011-10-21 13:27:00,687.0
17941,United Kingdom,2010-01-06 15:37:00,2011-08-01 08:30:00,571.0
17942,United Kingdom,2011-12-02 10:45:00,2011-12-02 10:45:00,0.0
17943,United Kingdom,,,
17944,United Kingdom,2010-10-12 16:25:00,2010-10-12 16:25:00,0.0
17945,United Kingdom,2010-01-12 11:33:00,2010-01-12 11:40:00,0.0
17946,United Kingdom,2011-03-25 14:34:00,2011-04-20 17:00:00,26.0
17947,United Kingdom,2011-11-02 13:05:00,2011-11-02 13:05:00,0.0
17948,United Kingdom,2011-07-15 12:58:00,2011-07-15 12:58:00,0.0
17949,United Kingdom,2009-12-02 11:07:00,2011-12-08 18:46:00,736.0
17950,United Kingdom,2010-01-04 17:39:00,2011-09-28 15:18:00,631.0
17951,United Kingdom,2010-10-31 15:15:00,2011-10-31 12:30:00,364.0
17952,United Kingdom,2010-06-16 11:54:00,2010-11-26 13:54:00,163.0
17953,United Kingdom,2010-06-17 15:08:00,2010-06-17 15:08:00,0.0
17954,United Kingdom,2009-12-09 13:22:00,2011-12-04 14:15:00,725.0
17955,United Kingdom,2010-02-12 16:27:00,2011-05-25 12:00:00,466.0
17956,United Kingdom,2011-04-04 13:47:00,2011-04-04 13:47:00,0.0
17957,United Kingdom,2011-10-04 14:58:00,2011-10-04 14:58:00,0.0
17958,United Kingdom,2009-12-11 15:37:00,2011-08-15 12:19:00,611.0
17959,United Kingdom,2010-04-26 14:12:00,2010-04-26 14:12:00,0.0
17960,United Kingdom,2010-03-08 12:22:00,2011-06-21 14:15:00,470.0
17961,United Kingdom,2009-12-01 14:48:00,2011-11-18 16:55:00,717.0
17962,United Kingdom,2010-01-13 15:24:00,2011-07-20 14:16:00,552.0
17963,United Kingdom,2010-01-19 17:25:00,2010-08-25 15:58:00,217.0
17964,United Kingdom,2010-12-02 13:32:00,2011-11-08 10:44:00,340.0
17965,United Kingdom,2009-12-14 13:19:00,2011-11-02 09:31:00,687.0
17966,United Kingdom,2010-01-18 13:24:00,2011-11-02 10:26:00,652.0
17967,United Kingdom,2010-10-19 13:19:00,2010-12-03 11:19:00,44.0
17968,United Kingdom,2010-07-15 15:01:00,2010-12-01 12:23:00,138.0
17969,United Kingdom,2009-12-06 13:53:00,2011-06-26 13:00:00,566.0
17970,United Kingdom,2011-05-12 20:03:00,2011-05-12 20:03:00,0.0
17971,United Kingdom,2010-06-09 14:04:00,2010-06-09 14:04:00,0.0
17972,United Kingdom,2011-04-12 12:16:00,2011-04-12 12:16:00,0.0
17973,United Kingdom,2011-10-19 10:34:00,2011-10-19 10:34:00,0.0
17974,United Kingdom,2010-10-28 20:03:00,2011-11-15 11:37:00,382.0
17975,United Kingdom,2010-08-06 11:24:00,2011-11-24 13:27:00,475.0
17976,United Kingdom,2010-12-02 13:49:00,2010-12-02 13:49:00,0.0
17977,United Kingdom,2010-11-04 14:26:00,2011-11-10 13:28:00,370.0
17978,United Kingdom,2009-12-08 13:27:00,2010-12-09 14:05:00,366.0
17979,United Kingdom,2011-03-25 11:34:00,2011-11-04 12:05:00,224.0
17980,United Kingdom,2010-11-11 14:42:00,2011-06-27 12:01:00,227.0
17981,United Kingdom,2010-10-25 10:40:00,2010-10-25 10:40:00,0.0
17982,United Kingdom,2010-01-28 09:38:00,2010-01-28 09:38:00,0.0
17983,United Kingdom,2010-11-09 13:23:00,2010-11-09 13:23:00,0.0
17984,United Kingdom,2009-12-01 11:51:00,2011-07-17 15:59:00,593.0
17985,United Kingdom,2011-11-17 14:24:00,2011-11-17 14:24:00,0.0
17986,United Kingdom,2011-10-14 14:22:00,2011-10-14 14:22:00,0.0
17987,United Kingdom,2010-06-07 11:23:00,2011-06-07 14:22:00,365.0
17988,United Kingdom,2009-12-07 13:35:00,2011-11-28 11:00:00,720.0
17989,United Kingdom,2010-11-25 13:49:00,2010-11-25 13:49:00,0.0
17990,United Kingdom,2009-12-07 15:19:00,2011-04-17 11:44:00,495.0
17991,United Kingdom,2010-04-27 12:46:00,2011-04-28 15:58:00,366.0
17992,United Kingdom,2010-11-15 13:04:00,2010-11-15 13:04:00,0.0
17993,United Kingdom,2010-04-01 14:23:00,2010-04-01 14:23:00,0.0
17994,United Kingdom,2010-03-29 10:37:00,2011-08-10 11:41:00,499.0
17995,United Kingdom,2010-11-17 17:01:00,2011-03-03 12:30:00,105.0
17996,United Kingdom,2010-06-11 11:48:00,2010-11-25 11:00:00,166.0
17997,United Kingdom,2011-06-28 17:28:00,2011-09-26 16:13:00,89.0
17998,United Kingdom,2009-12-01 13:07:00,2010-11-24 15:31:00,358.0
17999,United Kingdom,2010-11-26 13:16:00,2011-11-02 15:56:00,341.0
18000,United Kingdom,2010-05-24 17:34:00,2010-05-24 17:34:00,0.0
18001,United Kingdom,2009-12-02 15:38:00,2011-11-27 16:02:00,725.0
18002,United Kingdom,2009-12-08 11:07:00,2010-11-29 10:57:00,355.0
18003,United Kingdom,2010-11-28 15:09:00,2010-11-28 15:09:00,0.0
18004,United Kingdom,2010-12-12 13:47:00,2010-12-12 13:47:00,0.0
18005,United Kingdom,2011-10-23 14:40:00,2011-12-06 11:51:00,43.0
18006,United Kingdom,2009-12-17 12:27:00,2011-11-16 16:52:00,699.0
18007,United Kingdom,2010-11-12 11:08:00,2010-11-12 11:08:00,0.0
18008,United Kingdom,2010-01-06 12:35:00,2011-09-30 15:17:00,632.0
18009,United Kingdom,2010-02-25 11:49:00,2011-04-18 13:36:00,417.0
18010,United Kingdom,2011-03-28 12:27:00,2011-03-28 12:27:00,0.0
18011,United Kingdom,2010-05-21 13:28:00,2010-12-01 17:35:00,194.0
18012,United Kingdom,2009-12-16 13:16:00,2009-12-16 13:16:00,0.0
18013,United Kingdom,2011-07-07 14:08:00,2011-07-07 14:11:00,0.0
18014,United Kingdom,2011-11-11 15:28:00,2011-11-11 15:28:00,0.0
18015,United Kingdom,2011-12-05 14:49:00,2011-12-05 14:49:00,0.0
18016,United Kingdom,2010-01-27 16:00:00,2011-11-07 13:25:00,648.0
18017,United Kingdom,2010-10-04 15:11:00,2011-09-19 16:15:00,350.0
18018,United Kingdom,2010-10-15 11:05:00,2011-08-23 17:37:00,312.0
18019,United Kingdom,2011-10-19 12:10:00,2011-10-19 12:10:00,0.0
18020,United Kingdom,2010-06-14 12:31:00,2010-06-14 12:31:00,0.0
18021,United Kingdom,2010-07-15 18:47:00,2010-07-18 10:52:00,2.0
18022,United Kingdom,2010-06-11 13:59:00,2011-11-04 12:45:00,510.0
18023,United Kingdom,,,
18024,United Kingdom,2011-07-10 12:28:00,2011-07-10 12:40:00,0.0
18025,United Kingdom,2010-03-30 17:33:00,2010-11-25 12:37:00,239.0
18026,United Kingdom,2010-07-22 16:21:00,2010-07-27 10:37:00,4.0
18027,United Kingdom,2011-09-02 10:38:00,2011-09-02 10:38:00,0.0
18028,United Kingdom,2010-05-05 13:28:00,2010-05-05 13:28:00,0.0
18029,United Kingdom,2010-03-07 15:30:00,2010-03-07 15:30:00,0.0
18030,United Kingdom,2011-10-28 13:55:00,2011-12-05 16:37:00,38.0
18031,United Kingdom,2010-11-26 11:00:00,2010-11-26 11:00:00,0.0
18032,United Kingdom,2011-01-09 15:32:00,2011-01-09 15:32:00,0.0
18033,United Kingdom,2011-10-05 17:28:00,2011-10-05 17:28:00,0.0
18034,United Kingdom,2010-11-29 12:36:00,2011-11-18 12:22:00,353.0
18035,United Kingdom,2010-11-19 13:42:00,2011-11-04 12:39:00,349.0
18036,United Kingdom,2009-12-18 12:04:00,2011-11-07 14:40:00,689.0
18037,United Kingdom,2009-12-01 13:48:00,2011-07-08 13:39:00,583.0
18038,United Kingdom,2010-06-01 15:59:00,2010-06-01 15:59:00,0.0
18039,United Kingdom,2010-03-09 11:19:00,2010-11-30 13:07:00,266.0
18040,United Kingdom,2011-04-08 08:27:00,2011-11-20 14:20:00,226.0
18041,United Kingdom,2010-01-14 10:04:00,2011-11-28 11:39:00,683.0
18042,United Kingdom,2010-06-16 10:53:00,2011-10-17 11:49:00,488.0
18043,United Kingdom,2010-12-08 12:35:00,2011-11-15 12:48:00,342.0
18044,United Kingdom,2010-05-28 15:31:00,2011-12-05 14:26:00,555.0
18045,United Kingdom,2011-10-25 13:07:00,2011-10-25 13:07:00,0.0
18046,United Kingdom,2010-02-28 11:36:00,2010-02-28 11:36:00,0.0
18047,United Kingdom,2010-11-23 12:57:00,2010-11-23 13:11:00,0.0
18048,United Kingdom,2010-08-03 13:03:00,2011-05-20 14:58:00,290.0
18049,United Kingdom,2010-04-28 13:24:00,2010-09-28 14:26:00,153.0
18050,United Kingdom,2010-11-11 15:51:00,2010-12-15 14:25:00,33.0
18051,United Kingdom,2009-12-09 12:17:00,2010-03-15 13:58:00,96.0
18052,United Kingdom,2010-05-24 11:11:00,2010-05-24 11:11:00,0.0
18053,United Kingdom,2010-06-30 12:36:00,2011-09-30 09:05:00,456.0
18054,United Kingdom,2010-11-12 08:18:00,2010-11-12 08:18:00,0.0
18055,United Kingdom,2010-10-22 13:27:00,2011-12-02 14:25:00,406.0
18056,United Kingdom,2010-03-31 12:29:00,2011-02-24 14:27:00,330.0
18057,United Kingdom,2010-01-18 12:42:00,2010-11-11 16:55:00,297.0
18058,United Kingdom,2010-02-10 09:38:00,2011-11-30 08:38:00,657.0
18059,United Kingdom,2011-10-03 09:30:00,2011-11-16 16:49:00,44.0
18060,United Kingdom,2010-05-24 08:34:00,2010-10-27 16:41:00,156.0
18061,United Kingdom,2009-12-04 11:36:00,2011-11-18 11:20:00,713.0
18062,United Kingdom,2010-04-21 08:55:00,2011-06-19 14:47:00,424.0
18063,United Kingdom,2010-03-16 13:05:00,2010-11-14 10:46:00,242.0
18064,United Kingdom,2010-02-01 15:01:00,2011-07-29 16:39:00,543.0
18065,United Kingdom,2009-12-09 16:00:00,2011-12-04 10:30:00,724.0
18066,United Kingdom,2010-10-20 11:42:00,2011-09-25 15:30:00,340.0
18067,United Kingdom,2011-10-30 15:58:00,2011-10-30 15:58:00,0.0
18068,United Kingdom,2011-02-23 14:50:00,2011-02-23 14:50:00,0.0
18069,United Kingdom,2010-02-28 16:14:00,2011-11-13 16:03:00,622.0
18070,United Kingdom,2010-02-08 13:28:00,2010-02-08 13:28:00,0.0
18071,United Kingdom,2009-12-05 10:31:00,2011-03-27 11:59:00,477.0
18072,United Kingdom,2011-06-07 10:44:00,2011-06-07 10:44:00,0.0
18073,United Kingdom,2011-05-26 19:38:00,2011-08-17 14:02:00,82.0
18074,United Kingdom,2010-07-22 10:31:00,2010-12-01 09:53:00,131.0
18075,United Kingdom,2010-07-29 11:47:00,2011-11-16 15:21:00,475.0
18076,United Kingdom,2010-11-24 14:02:00,2010-11-24 14:02:00,0.0
18077,United Kingdom,2009-12-07 11:40:00,2011-12-01 13:32:00,724.0
18078,United Kingdom,2010-03-21 15:50:00,2011-05-06 14:32:00,410.0
18079,United Kingdom,2010-08-05 12:19:00,2011-10-25 15:27:00,446.0
18080,United Kingdom,2011-04-11 10:10:00,2011-11-21 08:02:00,223.0
18081,United Kingdom,2011-07-29 11:56:00,2011-11-03 16:30:00,97.0
18082,United Kingdom,2011-11-14 12:45:00,2011-11-14 12:45:00,0.0
18083,United Kingdom,2010-11-07 11:44:00,2010-11-07 11:44:00,0.0
18084,United Kingdom,2010-11-16 08:09:00,2011-11-23 13:57:00,372.0
18085,United Kingdom,2010-03-21 11:57:00,2011-01-13 15:17:00,298.0
18086,United Kingdom,2011-03-10 13:34:00,2011-03-10 13:34:00,0.0
18087,United Kingdom,2009-12-01 09:43:00,2011-09-02 15:12:00,640.0
18088,United Kingdom,2011-10-09 13:41:00,2011-10-09 13:41:00,0.0
18089,United Kingdom,2010-09-19 11:57:00,2010-09-19 11:57:00,0.0
18090,United Kingdom,2010-10-14 12:32:00,2010-10-14 12:32:00,0.0
18091,United Kingdom,2010-04-25 13:18:00,2010-04-25 13:18:00,0.0
18092,United Kingdom,2009-12-04 12:37:00,2011-12-07 13:14:00,733.0
18093,United Kingdom,2010-03-31 10:27:00,2011-09-07 15:43:00,525.0
18094,United Kingdom,2010-01-07 11:16:00,2011-09-19 09:28:00,619.0
18095,United Kingdom,2010-04-19 14:09:00,2011-01-31 12:50:00,286.0
18096,United Kingdom,2010-07-14 14:30:00,2011-11-28 12:44:00,501.0
18097,United Kingdom,2009-12-17 11:06:00,2011-12-02 11:16:00,715.0
18098,United Kingdom,2010-11-08 16:31:00,2010-11-08 16:31:00,0.0
18099,United Kingdom,2011-08-04 15:52:00,2011-08-04 15:52:00,0.0
18100,United Kingdom,2010-06-07 14:19:00,2010-06-07 14:19:00,0.0
18101,United Kingdom,2010-02-03 13:52:00,2011-11-28 13:37:00,662.0
18102,United Kingdom,2009-12-01 09:24:00,2011-12-09 11:50:00,738.0
18103,United Kingdom,2010-06-08 13:36:00,2010-06-08 13:36:00,0.0
18104,United Kingdom,2011-11-02 14:07:00,2011-11-02 14:07:00,0.0
18105,United Kingdom,2011-11-02 12:04:00,2011-11-02 12:04:00,0.0
18106,United Kingdom,2010-01-15 11:36:00,2011-01-14 12:23:00,364.0
18107,United Kingdom,2010-09-23 13:03:00,2010-09-23 13:03:00,0.0
18108,United Kingdom,2009-12-02 12:47:00,2011-03-30 13:56:00,483.0
18109,United Kingdom,2010-07-01 12:13:00,2011-12-08 11:36:00,524.0
18110,United Kingdom,2010-10-24 14:21:00,2011-11-20 12:34:00,391.0
18111,United Kingdom,2010-04-29 12:58:00,2010-04-29 12:58:00,0.0
18112,United Kingdom,2010-06-06 12:40:00,2011-11-27 14:43:00,539.0
18113,United Kingdom,2010-12-06 12:31:00,2010-12-06 12:31:00,0.0
18114,United Kingdom,2011-02-22 13:20:00,2011-02-22 13:20:00,0.0
18115,United Kingdom,2010-01-11 11:57:00,2010-01-11 11:57:00,0.0
18116,United Kingdom,2010-10-24 15:29:00,2011-10-03 11:00:00,343.0
18117,United Kingdom,2011-11-14 12:47:00,2011-11-14 12:47:00,0.0
18118,United Kingdom,2010-11-23 13:36:00,2011-11-29 11:32:00,370.0
18119,United Kingdom,2010-12-07 11:59:00,2010-12-07 11:59:00,0.0
18120,United Kingdom,2011-05-09 13:45:00,2011-05-09 13:45:00,0.0
18121,United Kingdom,2011-07-08 12:14:00,2011-07-13 12:53:00,5.0
18122,United Kingdom,2011-07-12 11:37:00,2011-12-01 13:08:00,142.0
18123,United Kingdom,2010-07-14 12:47:00,2011-11-15 14:23:00,489.0
18124,United Kingdom,2010-08-24 17:21:00,2010-08-24 17:21:00,0.0
18125,United Kingdom,2011-01-27 15:02:00,2011-11-10 12:29:00,286.0
18126,United Kingdom,2011-10-10 12:19:00,2011-10-10 12:19:00,0.0
18127,United Kingdom,2010-11-01 13:56:00,2011-11-20 14:05:00,384.0
18128,United Kingdom,2010-06-20 13:19:00,2010-06-20 13:19:00,0.0
18129,United Kingdom,2011-04-10 14:16:00,2011-04-10 14:16:00,0.0
18130,United Kingdom,2011-10-13 15:58:00,2011-11-24 14:40:00,41.0
18131,United Kingdom,2010-03-18 08:48:00,2010-03-18 08:48:00,0.0
18132,United Kingdom,2010-07-23 16:54:00,2010-07-23 16:54:00,0.0
18133,United Kingdom,2011-05-11 14:14:00,2011-05-11 14:14:00,0.0
18134,United Kingdom,2010-01-14 11:59:00,2010-04-20 14:02:00,96.0
18135,United Kingdom,2010-03-15 13:55:00,2011-11-10 19:32:00,605.0
18136,United Kingdom,2010-09-14 15:50:00,2011-10-07 15:40:00,387.0
18137,United Kingdom,2010-06-06 13:45:00,2010-06-06 14:18:00,0.0
18138,United Kingdom,2011-02-17 14:51:00,2011-02-17 14:51:00,0.0
18139,United Kingdom,2011-11-21 14:06:00,2011-11-22 10:44:00,0.0
18140,West Indies,2010-08-23 11:58:00,2010-08-23 11:58:00,0.0
18141,United Kingdom,2010-04-29 15:32:00,2010-11-03 11:44:00,187.0
18142,United Kingdom,2011-05-08 12:31:00,2011-07-05 13:19:00,58.0
18143,United Kingdom,2011-07-21 10:44:00,2011-08-15 12:07:00,25.0
18144,United Kingdom,2009-12-16 15:57:00,2011-12-02 12:46:00,715.0
18145,United Kingdom,2009-12-08 12:30:00,2011-11-27 11:22:00,718.0
18146,United Kingdom,2011-05-03 16:35:00,2011-07-22 12:08:00,79.0
18147,United Kingdom,2011-08-23 12:22:00,2011-10-25 11:46:00,62.0
18148,United Kingdom,2010-03-03 11:40:00,2010-03-03 11:40:00,0.0
18149,United Kingdom,2010-03-14 12:41:00,2011-10-20 12:04:00,584.0
18150,United Kingdom,2011-05-22 10:47:00,2011-11-07 16:49:00,169.0
18151,United Kingdom,2010-03-04 10:47:00,2011-07-28 11:35:00,511.0
18152,United Kingdom,2010-03-03 15:26:00,2010-03-03 15:26:00,0.0
18153,United Kingdom,2010-02-18 15:50:00,2010-02-18 15:50:00,0.0
18154,United Kingdom,2010-08-06 09:18:00,2011-12-06 16:41:00,487.0
18155,United Kingdom,2011-02-21 10:36:00,2011-09-25 13:32:00,216.0
18156,United Kingdom,2010-12-05 12:29:00,2011-11-27 12:24:00,356.0
18157,United Kingdom,2010-05-17 14:09:00,2010-05-17 14:09:00,0.0
18158,United Kingdom,2011-09-12 09:03:00,2011-11-30 16:19:00,79.0
18159,United Kingdom,2011-02-11 14:26:00,2011-02-11 14:26:00,0.0
18160,United Kingdom,2010-11-18 16:33:00,2011-10-13 15:50:00,328.0
18161,United Kingdom,2010-11-25 15:55:00,2011-11-24 16:40:00,364.0
18162,United Kingdom,2009-12-07 13:24:00,2009-12-07 13:24:00,0.0
18163,United Kingdom,2010-05-04 14:51:00,2010-05-04 14:51:00,0.0
18164,United Kingdom,2011-11-02 12:56:00,2011-11-02 12:56:00,0.0
18165,United Kingdom,2011-06-15 13:23:00,2011-06-15 13:23:00,0.0
18166,United Kingdom,2010-03-26 12:26:00,2010-03-26 12:26:00,0.0
18167,United Kingdom,2011-08-26 11:40:00,2011-11-16 15:56:00,82.0
18168,United Kingdom,2009-12-03 17:29:00,2011-06-16 19:21:00,560.0
18169,United Kingdom,2011-10-10 12:18:00,2011-10-10 12:18:00,0.0
18170,United Kingdom,2010-01-08 14:10:00,2011-11-06 14:35:00,667.0
18171,United Kingdom,2010-01-05 10:46:00,2011-10-12 09:13:00,644.0
18172,United Kingdom,2009-12-11 09:58:00,2011-11-25 11:12:00,714.0
18173,United Kingdom,2010-04-06 10:43:00,2011-09-14 11:26:00,526.0
18174,United Kingdom,2010-04-15 12:17:00,2011-12-02 16:56:00,596.0
18175,United Kingdom,2010-02-02 10:25:00,2010-02-02 10:25:00,0.0
18176,United Kingdom,2010-12-16 15:45:00,2010-12-16 15:45:00,0.0
18177,United Kingdom,2009-12-15 18:57:00,2011-11-08 14:44:00,692.0
18178,United Kingdom,2010-02-18 14:25:00,2011-08-03 09:30:00,530.0
18179,United Kingdom,2010-02-14 15:51:00,2011-11-30 16:23:00,654.0
18180,United Kingdom,2011-07-20 08:59:00,2011-12-05 08:39:00,137.0
18181,United Kingdom,2009-12-04 15:30:00,2011-11-15 15:08:00,710.0
18182,United Kingdom,2010-09-02 14:25:00,2010-09-02 14:25:00,0.0
18183,United Kingdom,2011-03-10 10:08:00,2011-04-26 15:26:00,47.0
18184,United Kingdom,2011-11-24 15:28:00,2011-11-24 15:28:00,0.0
18185,United Kingdom,2011-04-04 13:42:00,2011-04-04 13:42:00,0.0
18186,United Kingdom,2009-12-17 10:22:00,2009-12-17 10:22:00,0.0
18187,United Kingdom,2010-03-18 09:49:00,2010-03-18 09:49:00,0.0
18188,United Kingdom,2010-03-26 11:37:00,2011-11-24 16:46:00,608.0
18189,United Kingdom,2010-03-24 09:57:00,2011-09-23 12:40:00,548.0
18190,United Kingdom,2009-12-22 12:05:00,2011-05-31 14:48:00,525.0
18191,United Kingdom,2010-08-19 17:42:00,2011-03-23 12:08:00,215.0
18192,United Kingdom,2011-09-29 09:53:00,2011-09-29 09:53:00,0.0
18193,United Kingdom,2010-09-23 13:33:00,2011-06-27 13:58:00,277.0
18194,United Kingdom,2010-01-28 15:30:00,2011-09-18 13:29:00,597.0
18195,United Kingdom,2010-11-17 15:03:00,2010-11-17 15:03:00,0.0
18196,United Kingdom,2010-03-17 14:55:00,2011-09-05 16:22:00,537.0
18197,United Kingdom,2010-05-13 10:46:00,2010-05-13 10:46:00,0.0
18198,United Kingdom,2011-01-07 13:39:00,2011-12-05 14:49:00,332.0
18199,United Kingdom,2010-01-25 11:32:00,2010-01-25 11:32:00,0.0
18200,United Kingdom,2011-08-25 18:45:00,2011-08-25 18:45:00,0.0
18201,United Kingdom,2009-12-17 08:55:00,2009-12-17 08:55:00,0.0
18202,United Kingdom,2011-02-01 13:36:00,2011-05-24 12:12:00,111.0
18203,United Kingdom,2009-12-08 13:19:00,2011-07-05 13:07:00,573.0
18204,United Kingdom,2011-05-31 15:26:00,2011-09-29 16:44:00,121.0
18205,United Kingdom,2011-09-26 12:02:00,2011-11-03 13:22:00,38.0
18206,United Kingdom,2010-06-04 13:47:00,2010-06-04 13:47:00,0.0
18207,United Kingdom,2010-07-28 14:26:00,2010-07-28 14:26:00,0.0
18208,United Kingdom,2010-05-23 11:54:00,2010-05-23 11:54:00,0.0
18209,United Kingdom,2011-11-11 12:07:00,2011-11-11 12:07:00,0.0
18210,United Kingdom,2010-11-22 09:39:00,2011-12-08 11:02:00,381.0
18211,United Kingdom,2011-03-06 12:09:00,2011-11-14 08:10:00,252.0
18212,United Kingdom,2010-01-31 14:42:00,2011-01-17 16:14:00,351.0
18213,United Kingdom,2011-04-17 10:21:00,2011-04-17 10:21:00,0.0
18214,United Kingdom,2010-06-03 19:47:00,2010-06-27 11:21:00,23.0
18215,United Kingdom,2010-03-26 13:03:00,2011-09-11 16:05:00,534.0
18216,United Kingdom,2011-11-08 16:55:00,2011-11-08 16:55:00,0.0
18217,United Kingdom,2010-07-01 15:39:00,2011-11-10 13:18:00,496.0
18218,United Kingdom,2010-02-17 15:11:00,2011-05-12 12:53:00,448.0
18219,United Kingdom,2009-12-07 13:17:00,2011-12-07 11:43:00,729.0
18220,United Kingdom,2009-12-15 11:42:00,2011-04-27 09:03:00,497.0
18221,United Kingdom,2010-11-14 15:46:00,2011-11-17 14:40:00,367.0
18222,United Kingdom,2011-09-08 10:45:00,2011-09-08 10:45:00,0.0
18223,United Kingdom,2009-12-04 12:20:00,2011-12-05 09:11:00,730.0
18224,United Kingdom,2011-03-21 10:30:00,2011-03-21 10:30:00,0.0
18225,United Kingdom,2009-12-04 16:52:00,2011-12-06 13:27:00,731.0
18226,United Kingdom,2010-03-05 10:05:00,2011-10-26 13:36:00,600.0
18227,United Kingdom,2010-08-12 16:45:00,2011-05-06 12:23:00,266.0
18228,United Kingdom,2011-09-21 10:48:00,2011-10-14 09:21:00,22.0
18229,United Kingdom,2009-12-03 14:42:00,2011-11-28 09:48:00,724.0
18230,United Kingdom,2010-07-02 10:01:00,2011-11-30 13:22:00,516.0
18231,United Kingdom,2010-01-10 12:13:00,2011-05-31 14:18:00,506.0
18232,United Kingdom,2011-05-26 16:30:00,2011-09-19 11:49:00,115.0
18233,United Kingdom,2011-01-18 08:44:00,2011-01-18 08:44:00,0.0
18234,United Kingdom,2010-06-06 11:22:00,2010-06-06 11:22:00,0.0
18235,United Kingdom,2011-05-06 13:35:00,2011-09-29 08:27:00,145.0
18236,United Kingdom,2010-04-15 13:39:00,2011-11-10 08:06:00,573.0
18237,United Kingdom,2011-07-28 13:05:00,2011-12-07 12:49:00,131.0
18238,United Kingdom,2010-07-12 12:51:00,2010-07-12 12:51:00,0.0
18239,United Kingdom,2010-10-13 10:11:00,2011-05-05 12:38:00,204.0
18240,United Kingdom,2011-10-24 13:06:00,2011-10-24 13:06:00,0.0
18241,United Kingdom,2010-04-01 11:55:00,2011-11-30 12:10:00,608.0
18242,United Kingdom,2010-01-11 08:49:00,2011-09-28 13:43:00,625.0
18243,United Kingdom,2010-10-21 14:29:00,2010-10-21 14:29:00,0.0
18244,United Kingdom,2010-07-25 10:30:00,2010-10-05 11:15:00,72.0
18245,United Kingdom,2010-03-08 15:26:00,2011-12-02 14:48:00,633.0
18246,United Kingdom,2010-04-09 10:19:00,2011-11-16 11:49:00,586.0
18247,United Kingdom,2010-03-18 15:52:00,2010-10-21 09:49:00,216.0
18248,United Kingdom,2011-06-06 13:18:00,2011-08-09 10:19:00,63.0
18249,United Kingdom,2011-11-22 15:07:00,2011-11-22 15:07:00,0.0
18250,United Kingdom,2011-02-02 13:16:00,2011-02-02 13:16:00,0.0
18251,United Kingdom,2009-12-22 12:01:00,2011-09-13 15:03:00,630.0
18252,United Kingdom,2009-12-18 16:13:00,2011-10-20 12:43:00,670.0
18253,United Kingdom,2010-03-07 12:38:00,2010-03-07 12:38:00,0.0
18254,United Kingdom,2010-05-07 14:37:00,2010-05-07 14:37:00,0.0
18255,United Kingdom,2010-09-09 16:31:00,2011-09-11 13:16:00,366.0
18256,United Kingdom,2010-11-17 08:53:00,2010-11-17 08:53:00,0.0
18257,United Kingdom,2010-02-18 16:20:00,2011-10-31 14:48:00,619.0
18258,United Kingdom,2010-05-16 11:35:00,2010-09-01 14:20:00,108.0
18259,United Kingdom,2009-12-08 08:38:00,2011-11-15 12:34:00,707.0
18260,United Kingdom,2009-12-15 13:50:00,2011-06-20 12:37:00,551.0
18261,United Kingdom,2011-09-05 09:34:00,2011-10-27 15:36:00,52.0
18262,United Kingdom,2010-04-16 09:05:00,2011-07-22 16:04:00,462.0
18263,United Kingdom,2011-04-01 11:48:00,2011-11-14 09:00:00,226.0
18264,United Kingdom,2010-07-29 10:02:00,2010-07-29 10:02:00,0.0
18265,United Kingdom,2011-07-04 15:26:00,2011-09-28 14:10:00,85.0
18266,United Kingdom,2010-10-01 15:33:00,2010-10-01 15:33:00,0.0
18267,United Kingdom,2010-02-05 08:43:00,2010-02-05 08:43:00,0.0
18268,United Kingdom,2009-12-11 10:27:00,2011-07-28 19:13:00,594.0
18269,United Kingdom,2010-12-08 13:53:00,2010-12-08 13:53:00,0.0
18270,United Kingdom,2010-10-03 10:49:00,2011-11-01 13:57:00,394.0
18271,United Kingdom,2009-12-08 11:27:00,2010-04-09 09:26:00,121.0
18272,United Kingdom,2010-03-04 12:53:00,2011-12-07 12:43:00,642.0
18273,United Kingdom,2010-04-28 12:24:00,2011-12-07 13:16:00,588.0
18274,United Kingdom,2011-11-09 17:03:00,2011-11-09 17:03:00,0.0
18275,United Kingdom,2009-12-08 16:23:00,2010-05-10 15:46:00,152.0
18276,United Kingdom,2009-12-10 17:14:00,2011-10-27 10:54:00,685.0
18277,United Kingdom,2010-08-02 10:26:00,2011-10-12 15:22:00,436.0
18278,United Kingdom,2010-10-31 12:13:00,2011-09-27 11:58:00,330.0
18279,United Kingdom,2010-07-08 14:48:00,2010-07-08 14:48:00,0.0
18280,United Kingdom,2010-11-10 15:51:00,2011-03-07 09:52:00,116.0
18281,United Kingdom,2010-05-11 10:49:00,2011-06-12 10:53:00,397.0
18282,United Kingdom,2011-08-05 13:35:00,2011-12-02 11:43:00,118.0
18283,United Kingdom,2010-02-19 17:16:00,2011-12-06 12:02:00,654.0
18284,United Kingdom,2010-10-04 11:33:00,2010-10-04 11:33:00,0.0
18285,United Kingdom,2010-02-17 10:24:00,2010-02-17 10:24:00,0.0
18286,United Kingdom,2009-12-16 10:45:00,2010-08-20 11:57:00,247.0
18287,United Kingdom,2010-05-17 11:55:00,2011-10-28 09:29:00,528.0
