stock_code,description,quantity_sold,quantity_returned,gross_revenue,returned_revenue,net_revenue,return_rate_revenue,num_orders,num_distinct_customers,revenue_rank,cumulative_revenue_pct,abc_class
22423,REGENCY CAKESTAND 3 TIER,26519,1801,331084.27,16570.8,314513.47,0.0501,3918,1314,1,0.0166,A
85123A,WHITE HANGING HEART T-LIGHT HOLDER,94839,4085,261509.93,9387.1,252122.83,0.0359,5464,1490,2,0.0299,A
85099B,JUMBO BAG RED RETROSPOT,97350,2613,182999.67,2168.82,180830.85,0.0119,4013,978,3,0.0394,A
47566,PARTY BUNTING,28216,1135,148395.98,1238.55,147157.43,0.0083,2674,894,4,0.0471,A
84879,ASSORTED COLOUR BIRD ORNAMENT,80293,1112,129681.08,774.07,128907.01,0.006,2807,1010,5,0.0539,A
22086,PAPER CHAIN KIT 50'S CHRISTMAS,35126,679,117884.19,1461.7,116422.49,0.0124,2018,896,6,0.0601,A
79321,CHILLI LIGHTS,15918,336,80873.23,635.75,80237.48,0.0079,1135,304,7,0.0643,A
22197,SMALL POPCORN HOLDER,88537,11024,79552.5,616.58,78935.92,0.0078,2322,601,8,0.0684,A
22386,JUMBO BAG PINK POLKADOT,39467,482,76385.2,866.98,75518.22,0.0114,2245,601,9,0.0724,A
84347,ROTATING SILVER ANGELS T-LIGHT HLDR,31433,10121,71361.6,330.45,71031.15,0.0046,756,300,10,0.0762,A
20725,LUNCH BAG RED RETROSPOT,40506,931,71396.14,1383.75,70012.39,0.0194,3056,845,11,0.0798,A
85099F,JUMBO BAG STRAWBERRY,37113,1375,69108.21,512.24,68595.97,0.0074,1855,549,12,0.0835,A
48138,DOORMAT UNION FLAG,10095,51,67138.19,359.41,66778.78,0.0054,1664,678,13,0.087,A
23084,RABBIT NIGHT LIGHT,30788,1076,66964.99,208.4,66756.59,0.0031,994,450,14,0.0905,A
20685,DOORMAT RED RETROSPOT,9789,91,66464.71,632.53,65832.18,0.0095,1725,626,15,0.094,A
21137,BLACK RECORD COVER FRAME,18748,48,65223.04,82.29,65140.75,0.0013,634,198,16,0.0974,A
21931,JUMBO STORAGE BAG SUKI,29196,390,61565.11,710.63,60854.48,0.0115,2329,546,17,0.1006,A
22502,PICNIC BASKET WICKER SMALL,3774,187,60924.5,436.42,60488.08,0.0072,924,335,18,0.1038,A
21843,RED RETROSPOT CAKE STAND,6155,696,65189.95,5270.25,59919.7,0.0808,1527,599,19,0.1069,A
21621,VINTAGE UNION JACK BUNTING,6914,594,60405.04,544.0,59861.04,0.009,1292,583,20,0.1101,A
15056N,EDWARDIAN PARASOL NATURAL,11463,855,60169.65,840.55,59329.1,0.014,1149,347,21,0.1132,A
85099C,JUMBO  BAG BAROQUE BLACK WHITE,30743,313,59312.04,570.88,58741.16,0.0096,1878,506,22,0.1163,A
22114,HOT WATER BOTTLE TEA AND SYMPATHY,11717,439,59336.64,795.2,58541.44,0.0134,1583,626,23,0.1194,A
22910,PAPER CHAIN KIT VINTAGE CHRISTMAS,18650,1448,58699.9,1185.6,57514.3,0.0202,1427,701,24,0.1224,A
22112,CHOCOLATE HOT WATER BOTTLE,11088,156,58095.79,687.48,57408.31,0.0118,1721,631,25,0.1255,A
22411,JUMBO SHOPPER VINTAGE RED PAISLEY,27343,441,57442.86,791.52,56651.34,0.0138,2192,658,26,0.1284,A
82484,WOOD BLACK BOARD ANT WHITE FINISH,9839,55,56809.03,325.0,56484.03,0.0057,1176,451,27,0.1314,A
22470,HEART OF WICKER LARGE,17816,532,53632.98,1028.7,52604.28,0.0192,1952,827,28,0.1342,A
20914,SET/5 RED RETROSPOT LID GLASS BOWLS,18697,440,52588.21,1068.8,51519.41,0.0203,2030,647,29,0.1369,A
22178,VICTORIAN GLASS HANGING T-LIGHT,40257,1008,52607.72,1262.94,51344.78,0.024,1816,593,30,0.1396,A
21212,PACK OF 72 RETROSPOT CAKE CASES,94972,1110,51873.55,549.66,51323.89,0.0106,3118,1115,31,0.1423,A
22139,RETROSPOT TEA SET CERAMIC 11 PC,10635,523,52971.71,2014.5,50957.21,0.038,2093,941,32,0.145,A
21181,PLEASE ONE PERSON METAL SIGN,24820,399,50301.94,225.9,50076.04,0.0045,1810,598,33,0.1476,A
21733,RED HANGING HEART T-LIGHT HOLDER,17614,520,50461.54,1105.2,49356.34,0.0219,1760,744,34,0.1502,A
21929,JUMBO BAG PINK VINTAGE PAISLEY,25625,744,49685.27,483.97,49201.3,0.0097,1619,504,35,0.1528,A
22189,CREAM HEART CARD HOLDER,16198,201,49348.34,168.73,49179.61,0.0034,1299,536,36,0.1554,A
22090,PAPER BUNTING RETROSPOT,16708,497,50461.4,1290.15,49171.25,0.0256,1703,631,37,0.158,A
22111,SCOTTIE DOG HOT WATER BOTTLE,9829,217,50017.49,936.65,49080.84,0.0187,1689,717,38,0.1606,A
84946,ANTIQUE SILVER TEA GLASS ETCHED,36841,450,49391.65,503.03,48888.62,0.0102,1769,641,39,0.1632,A
48194,DOORMAT HEARTS,7738,25,48817.38,172.17,48645.21,0.0035,1349,516,40,0.1657,A
22469,HEART OF WICKER SMALL,27932,532,48974.71,424.65,48550.06,0.0087,2151,886,41,0.1683,A
21232,STRAWBERRY CERAMIC TRINKET BOX,38077,806,49400.57,952.59,48447.98,0.0193,2435,689,42,0.1708,A
15056BL,EDWARDIAN PARASOL BLACK,9666,213,48997.47,1071.35,47926.12,0.0219,944,321,43,0.1734,A
22457,NATURAL SLATE HEART CHALKBOARD,15457,122,47536.03,315.95,47220.08,0.0066,2046,874,44,0.1759,A
21731,RED TOADSTOOL LED NIGHT LIGHT,28929,990,48347.19,1457.9,46889.29,0.0302,1537,415,45,0.1783,A
21754,HOME BUILDING BLOCK WORD,7646,39,46821.94,231.65,46590.29,0.0049,2066,682,46,0.1808,A
48187,DOORMAT NEW ENGLAND,7344,30,46643.66,76.46,46567.2,0.0016,1282,525,47,0.1832,A
21523,DOORMAT FANCY FONT HOME SWEET HOME,6920,6,46114.59,47.54,46067.05,0.001,1122,357,48,0.1857,A
82494L,WOODEN FRAME ANTIQUE WHITE,15717,1123,47079.19,1325.85,45753.34,0.0282,2059,631,49,0.1881,A
21928,JUMBO BAG SCANDINAVIAN PAISLEY,24305,295,46275.06,536.58,45738.48,0.0116,1542,450,50,0.1905,A
22355,CHARLOTTE BAG SUKI DESIGN,32013,185,45426.01,142.69,45283.32,0.0031,1742,393,51,0.1929,A
21623,VINTAGE UNION JACK MEMOBOARD,6169,56,45441.98,499.2,44942.78,0.011,530,311,52,0.1952,A
22326,ROUND SNACK BOXES SET OF4 WOODLAND,15481,73,44360.99,171.1,44189.89,0.0039,1391,439,53,0.1976,A
20727,LUNCH BAG  BLACK SKULL.,26761,1211,45792.22,1778.95,44013.27,0.0388,2351,705,54,0.1999,A
22383,LUNCH BAG SUKI  DESIGN,25115,188,43348.4,285.8,43062.6,0.0066,2398,664,55,0.2022,A
84029E,RED WOOLLY HOTTIE WHITE HEART.,10701,137,43251.79,327.7,42924.09,0.0076,1145,500,56,0.2044,A
84997D,PINK 3 PIECE MINI DOTS CUTLERY SET,11039,531,43029.57,206.25,42823.32,0.0048,1167,431,57,0.2067,A
23298,SPOTTY BUNTING,8473,110,43182.83,482.81,42700.02,0.0112,1146,573,58,0.2089,A
22138,BAKING SET 9 PIECE RETROSPOT,9383,2994,45966.16,4052.95,41913.21,0.0882,1914,1137,59,0.2111,A
21915,RED  HARMONICA IN BOX,36387,1274,42787.04,991.0,41796.04,0.0232,1025,467,60,0.2133,A
48185,DOORMAT FAIRY CAKE,6829,749,45777.19,4678.68,41098.51,0.1022,983,317,61,0.2155,A
23203,JUMBO BAG VINTAGE DOILY,20503,590,42067.78,1076.4,40991.38,0.0256,1231,505,62,0.2177,A
82482,WOODEN PICTURE FRAME WHITE FINISH,16965,513,41972.85,1068.15,40904.7,0.0254,2006,601,63,0.2198,A
20728,LUNCH BAG CARS BLUE,24647,1288,42354.45,1678.0,40676.45,0.0396,2067,702,64,0.2219,A
20713,JUMBO BAG OWLS,20843,4344,40724.25,448.98,40275.27,0.011,1314,371,65,0.2241,A
21175,GIN + TONIC DIET METAL SIGN,20723,2753,43956.48,3785.58,40170.9,0.0861,1659,553,66,0.2262,A
22083,PAPER CHAIN KIT RETROSPOT,13763,528,40535.47,1397.6,39137.87,0.0345,1401,589,67,0.2282,A
84078A,SET/4 WHITE RETRO STORAGE CUBES,1128,169,43844.96,5187.65,38657.31,0.1183,328,151,68,0.2303,A
84997B,RED 3 PIECE MINI DOTS CUTLERY SET,9781,109,38848.14,382.83,38465.31,0.0099,1104,433,69,0.2323,A
22629,SPACEBOY LUNCH BOX,20837,71,38014.0,125.85,37888.15,0.0033,1368,456,70,0.2343,A
85066,CREAM SWEETHEART MINI CHEST,3111,110,38854.98,1248.15,37606.83,0.0321,929,471,71,0.2363,A
82486,WOOD S/3 CABINET ANT WHITE FINISH,4774,105,38430.03,855.15,37574.88,0.0223,1274,365,72,0.2383,A
71477,COLOUR GLASS. STAR T-LIGHT HOLDER,15097,3240,44708.15,7164.12,37544.03,0.1602,809,302,73,0.2402,A
22960,JAM MAKING SET WITH JARS,9031,347,38431.11,1012.79,37418.32,0.0264,1159,583,74,0.2422,A
22720,SET OF 3 CAKE TINS PANTRY DESIGN,7493,221,38158.39,744.95,37413.44,0.0195,1385,640,75,0.2442,A
21166,COOK WITH WINE METAL SIGN,19997,682,38270.81,967.23,37303.58,0.0253,1425,475,76,0.2462,A
21485,RETROSPOT HEART HOT WATER BOTTLE,7648,36,37334.12,178.2,37155.92,0.0048,1385,657,77,0.2481,A
20712,JUMBO BAG WOODLAND ANIMALS,17731,490,37540.32,447.61,37092.71,0.0119,1415,387,78,0.2501,A
20726,LUNCH BAG WOODLAND,22158,1015,38572.74,1497.95,37074.79,0.0388,1926,585,79,0.252,A
22699,ROSES REGENCY TEACUP AND SAUCER,13095,491,38323.25,1295.25,37028.0,0.0338,1424,524,80,0.254,A
23284,DOORMAT KEEP CALM AND COME IN,5491,240,38166.64,1601.25,36565.39,0.042,728,378,81,0.2559,A
22727,ALARM CLOCK BAKELIKE RED,9259,87,36637.52,326.25,36311.27,0.0089,1363,473,82,0.2578,A
21524,DOORMAT SPOTTY HOME SWEET HOME,5268,7,36057.55,56.39,36001.16,0.0016,1150,474,83,0.2597,A
84997C,BLUE 3 PIECE MINI DOTS CUTLERY SET,9164,833,35748.38,319.48,35428.9,0.0089,1026,426,84,0.2616,A
20724,RED RETROSPOT CHARLOTTE BAG,32241,321,35227.61,252.83,34974.78,0.0072,2035,524,85,0.2634,A
21755,LOVE BUILDING BLOCK WORD,5691,48,35121.62,285.6,34836.02,0.0081,1696,661,86,0.2653,A
22379,RECYCLING BAG RETROSPOT,15786,67,34684.94,128.95,34555.99,0.0037,1570,423,87,0.2671,A
22328,ROUND SNACK BOXES SET OF 4 FRUITS,12993,742,36270.61,1812.45,34458.16,0.05,1159,401,88,0.2689,A
22382,LUNCH BAG SPACEBOY DESIGN,20319,253,34189.12,387.25,33801.87,0.0113,2153,790,89,0.2707,A
22384,LUNCH BAG PINK POLKADOT,20831,285,34167.99,434.85,33733.14,0.0127,2106,681,90,0.2724,A
22666,RECIPE BOX PANTRY YELLOW DESIGN,10728,237,33747.52,655.55,33091.97,0.0194,1657,701,91,0.2742,A
22630,DOLLY GIRL LUNCH BOX,18087,302,33437.38,531.0,32906.38,0.0159,1333,423,92,0.2759,A
22726,ALARM CLOCK BAKELIKE GREEN,7690,71,32680.57,247.5,32433.07,0.0076,1273,404,93,0.2776,A
15036,ASSORTED COLOURS SILK FAN,44272,1929,32967.03,644.03,32323.0,0.0195,991,303,94,0.2793,A
22385,JUMBO BAG SPACEBOY DESIGN,17064,426,32447.67,725.44,31722.23,0.0224,1248,412,95,0.281,A
22077,6 RIBBONS RUSTIC CHARM,17281,244,31584.66,194.7,31389.96,0.0062,1751,685,96,0.2827,A
85152,HAND OVER THE CHOCOLATE   SIGN,16415,422,31571.9,191.51,31380.39,0.0061,1460,486,97,0.2843,A
22865,HAND WARMER OWL DESIGN,14622,186,31594.54,264.35,31330.19,0.0084,1212,566,98,0.286,A
85014B,RED RETROSPOT UMBRELLA,6200,18,31303.7,105.1,31198.6,0.0034,935,437,99,0.2876,A
48184,DOORMAT ENGLISH ROSE,4722,11,31194.96,86.07,31108.89,0.0028,851,374,100,0.2892,A
23245,SET OF 3 REGENCY CAKE TINS,6357,90,31177.95,421.5,30756.45,0.0135,873,472,101,0.2909,A
21479,WHITE SKULL HOT WATER BOTTLE,6234,288,31137.05,677.18,30459.87,0.0217,930,410,102,0.2925,A
22697,GREEN REGENCY TEACUP AND SAUCER,9830,184,30528.3,506.8,30021.5,0.0166,1353,480,103,0.294,A
20679,EDWARDIAN PARASOL RED,6152,468,30038.82,107.1,29931.72,0.0036,715,271,104,0.2956,A
84029G,KNITTED UNION FLAG HOT WATER BOTTLE,6866,90,29661.23,219.7,29441.53,0.0074,1009,386,105,0.2972,A
21217,RED RETROSPOT ROUND CAKE TINS,2913,95,29858.79,484.5,29374.29,0.0162,928,423,106,0.2987,A
47590B,PINK HAPPY BIRTHDAY BUNTING,5761,156,29558.86,293.05,29265.81,0.0099,882,428,107,0.3003,A
22501,PICNIC BASKET WICKER LARGE,2618,349,30399.06,1158.45,29240.61,0.0381,762,346,108,0.3018,A
22158,3 HEARTS HANGING DECORATION RUSTIC,9079,248,29475.58,287.1,29188.48,0.0097,718,374,109,0.3033,A
23199,JUMBO BAG APPLES,14920,723,30475.65,1309.25,29166.4,0.043,978,344,110,0.3049,A
22659,LUNCH BOX I LOVE LONDON,15966,337,29610.61,574.95,29035.66,0.0194,1075,294,111,0.3064,A
22622,BOX OF VINTAGE ALPHABET BLOCKS,2947,61,29470.01,559.35,28910.66,0.019,571,346,112,0.3079,A
48188,DOORMAT WELCOME PUPPIES,4875,11,28662.03,85.35,28576.68,0.003,698,309,113,0.3094,A
23355,HOT WATER BOTTLE KEEP CALM,5841,96,28842.55,417.6,28424.95,0.0145,782,474,114,0.3109,A
84978,HANGING HEART JAR T-LIGHT HOLDER,21773,761,28580.96,417.72,28163.24,0.0146,1425,525,115,0.3124,A
22866,HAND WARMER SCOTTY DOG DESIGN,12821,199,28357.17,259.5,28097.67,0.0092,1083,530,116,0.3139,A
22188,BLACK HEART CARD HOLDER,10354,5,28115.98,19.75,28096.23,0.0007,566,292,117,0.3154,A
21977,PACK OF 60 PINK PAISLEY CAKE CASES,56230,219,28159.08,117.3,28041.78,0.0042,1993,767,118,0.3169,A
82583,HOT BATHS METAL SIGN,12947,983,28128.99,204.09,27924.9,0.0073,1176,323,119,0.3183,A
22492,MINI PAINT SET VINTAGE,43618,281,27864.39,182.65,27681.74,0.0066,732,363,120,0.3198,A
22467,GUMBALL COAT RACK,11954,2202,28278.78,665.55,27613.23,0.0235,1095,398,121,0.3212,A
20719,WOODLAND CHARLOTTE BAG,24522,135,27634.97,106.82,27528.15,0.0039,1573,365,122,0.3227,A
82483,WOOD 2 DRAWER CABINET WHITE FINISH,4909,311,29202.82,1698.7,27504.12,0.0582,1123,361,123,0.3241,A
21930,JUMBO STORAGE BAG SKULLS,13407,6,27402.79,11.49,27391.3,0.0004,1321,386,124,0.3256,A
22624,IVORY KITCHEN SCALES,3178,30,27500.33,244.8,27255.53,0.0089,1219,579,125,0.327,A
72741,GRAND CHOCOLATECANDLE,19777,461,27333.71,89.3,27244.41,0.0033,920,510,126,0.3285,A
84991,60 TEATIME FAIRY CAKE CASES,54206,350,27123.51,187.95,26935.56,0.0069,2127,822,127,0.3299,A
23201,JUMBO BAG ALPHABET,13379,594,27890.17,1076.02,26814.15,0.0386,906,396,128,0.3313,A
20750,RED RETROSPOT MINI CASES,3693,20,26906.38,144.6,26761.78,0.0054,909,471,129,0.3327,A
22734,SET OF 6 RIBBONS VINTAGE CHRISTMAS,9780,934,26785.51,86.7,26698.81,0.0032,756,444,130,0.3341,A
71459,HANGING JAM JAR T-LIGHT HOLDER,33109,612,26840.79,257.28,26583.51,0.0096,1017,445,131,0.3355,A
22961,JAM MAKING SET PRINTED,17268,444,26911.63,444.6,26467.03,0.0165,1200,558,132,0.3369,A
22752,SET 7 BABUSHKA NESTING BOXES,3467,6224,28207.45,1761.2,26446.25,0.0624,692,323,133,0.3383,A
22867,HAND WARMER BIRD DESIGN,11896,181,26168.03,172.2,25995.83,0.0066,1054,521,134,0.3397,A
48111,DOORMAT 3 SMILEY CATS,4256,16,26030.42,102.4,25928.02,0.0039,720,244,135,0.341,A
82600,NO SINGING METAL SIGN,12696,501,25780.29,83.8,25696.49,0.0033,1201,385,136,0.3424,A
20711,JUMBO BAG TOYS,12645,356,25723.03,70.31,25652.72,0.0027,1052,326,137,0.3437,A
22551,PLASTERS IN TIN SPACEBOY,15478,287,25973.92,435.15,25538.77,0.0168,1299,616,138,0.3451,A
22835,HOT WATER BOTTLE I AM SO POORLY,5343,408,27282.19,1744.8,25537.39,0.064,1011,451,139,0.3464,A
22507,MEMO BOARD RETROSPOT  DESIGN,5455,24,25603.46,118.1,25485.36,0.0046,900,445,140,0.3478,A
22149,FELTCRAFT 6 FLOWER FRIENDS,12706,750,26286.17,1244.4,25041.77,0.0473,1382,684,141,0.3491,A
21080,SET/20 RED RETROSPOT PAPER NAPKINS,31098,653,25435.63,433.67,25001.96,0.017,2123,798,142,0.3504,A
22087,PAPER BUNTING WHITE LACE,8494,275,25445.15,465.4,24979.75,0.0183,847,314,143,0.3517,A
37503,TEA TIME CAKE STAND IN GIFT BOX,2469,176,25471.33,515.45,24955.88,0.0202,522,256,144,0.353,A
22084,PAPER CHAIN KIT EMPIRE,8812,317,25190.11,299.45,24890.66,0.0119,811,464,145,0.3543,A
84755,COLOUR GLASS T-LIGHT HOLDER HANGING,40575,729,25293.53,415.35,24878.18,0.0164,1259,524,146,0.3557,A
20971,PINK BLUE FELT CRAFT TRINKET BOX,22309,3867,28642.22,4113.08,24529.14,0.1436,1148,490,147,0.3569,A
23173,REGENCY TEAPOT ROSES,2770,52,24918.93,436.4,24482.53,0.0175,416,248,148,0.3582,A
84836,ZINC METAL HEART DECORATION,20041,102,24531.83,127.5,24404.33,0.0052,1408,662,149,0.3595,A
22722,SET OF 6 SPICE TINS PANTRY DESIGN,5984,57,24507.36,141.7,24365.66,0.0058,835,394,150,0.3608,A
48173C,DOORMAT BLACK FLOCK,4152,70,24295.9,55.93,24239.97,0.0023,537,224,151,0.3621,A
84077,WORLD WAR 2 GLIDERS ASSTD DESIGNS,106379,1704,24507.53,361.68,24145.85,0.0148,1019,482,152,0.3634,A
22728,ALARM CLOCK BAKELIKE PINK,6228,65,24306.06,243.75,24062.31,0.01,969,357,153,0.3646,A
22698,PINK REGENCY TEACUP AND SAUCER,8231,332,24486.72,607.95,23878.77,0.0248,1033,402,154,0.3659,A
21231,SWEETHEART CERAMIC TRINKET BOX,19523,414,24247.61,388.93,23858.68,0.016,1482,500,155,0.3671,A
21527,RED RETROSPOT TRADITIONAL TEAPOT,3360,364,25087.72,1333.48,23754.24,0.0532,831,352,156,0.3684,A
21955,DOORMAT UNION JACK GUNS AND ROSES,3921,72,23809.22,183.28,23625.94,0.0077,729,279,157,0.3696,A
21481,FAWN BLUE HOT WATER BOTTLE,8194,802,25677.25,2065.9,23611.35,0.0805,1050,439,158,0.3709,A
21790,VINTAGE SNAP CARDS,27282,203,23538.47,162.67,23375.8,0.0069,1888,793,159,0.3721,A
23344,JUMBO BAG 50'S CHRISTMAS,10306,262,23815.75,486.96,23328.79,0.0204,716,391,160,0.3733,A
47590A,BLUE HAPPY BIRTHDAY BUNTING,4756,188,24201.38,887.8,23313.58,0.0367,690,355,161,0.3746,A
20972,PINK CREAM FELT CRAFT TRINKET BOX,20553,1497,24856.56,1553.39,23303.17,0.0625,1397,568,162,0.3758,A
22605,WOODEN CROQUET GARDEN SET,1828,14,23439.57,170.3,23269.27,0.0073,642,377,163,0.377,A
47566B,TEA TIME PARTY BUNTING,6020,5003,27598.2,4490.5,23107.7,0.1627,874,350,164,0.3782,A
23243,SET OF TEA COFFEE SUGAR TINS PANTRY,4805,117,23514.17,545.55,22968.62,0.0232,470,275,165,0.3794,A
22607,WOODEN ROUNDERS GARDEN SET,2545,87,23015.79,133.55,22882.24,0.0058,744,419,166,0.3807,A
22625,RED KITCHEN SCALES,2651,46,23105.35,299.2,22806.15,0.0129,950,440,167,0.3819,A
22554,PLASTERS IN TIN WOODLAND ANIMALS,13618,225,22903.22,243.15,22660.07,0.0106,1275,587,168,0.383,A
22171,3 HOOK PHOTO SHELF ANTIQUE WHITE,3162,157,23877.76,1229.1,22648.66,0.0515,661,269,169,0.3842,A
84970S,HANGING HEART ZINC T-LIGHT HOLDER,26905,125,22653.1,105.2,22547.9,0.0046,1523,616,170,0.3854,A
84406B,CREAM CUPID HEARTS COAT HANGER,7134,781,23098.1,663.1,22435.0,0.0287,843,318,171,0.3866,A
21936,RED RETROSPOT PICNIC BAG,7815,143,22770.81,391.75,22379.06,0.0172,1046,396,172,0.3878,A
21314,SMALL GLASS HEART TRINKET POT,11437,1228,24664.49,2296.8,22367.69,0.0931,1066,369,173,0.389,A
22556,PLASTERS IN TIN CIRCUS PARADE,13611,107,22376.98,176.55,22200.43,0.0079,1196,591,174,0.3901,A
85014A,BLACK/BLUE POLKADOT UMBRELLA,4661,8,22243.45,47.6,22195.85,0.0021,712,361,175,0.3913,A
20749,ASSORTED COLOUR MINI CASES,3075,13,22200.96,101.75,22099.21,0.0046,766,426,176,0.3925,A
22113,GREY HEART HOT WATER BOTTLE,5797,132,22163.73,121.8,22041.93,0.0055,996,488,177,0.3936,A
22499,WOODEN UNION JACK BUNTING,3586,113,21838.42,41.65,21796.77,0.0019,774,452,178,0.3948,A
21791,VINTAGE HEADS AND TAILS CARD GAME,17657,1077,22924.85,1156.25,21768.6,0.0504,1313,641,179,0.3959,A
22585,PACK OF 6 BIRDY GIFT TAGS,17593,394,22022.3,442.91,21579.39,0.0201,1084,612,180,0.3971,A
21210,SET OF 72 RETROSPOT PAPER  DOILIES,15124,328,21735.89,197.55,21538.34,0.0091,1161,508,181,0.3982,A
21213,PACK OF 72 SKULL CAKE CASES,40433,89,21463.86,48.95,21414.91,0.0023,1481,528,182,0.3993,A
23202,JUMBO BAG VINTAGE LEAF,10962,242,21852.81,442.46,21410.35,0.0202,879,377,183,0.4005,A
23209,LUNCH BAG VINTAGE DOILY,13189,40,21450.17,65.8,21384.37,0.0031,1098,469,184,0.4016,A
22969,HOMEMADE JAM SCENTED CANDLES,14473,140,21519.39,185.8,21333.59,0.0086,709,472,185,0.4027,A
22941,CHRISTMAS LIGHTS 10 REINDEER,2618,74,21753.08,610.3,21142.78,0.0281,483,315,186,0.4038,A
22456,NATURAL SLATE CHALKBOARD LARGE,4421,129,21607.95,501.5,21106.45,0.0232,835,385,187,0.4049,A
23206,LUNCH BAG APPLE DESIGN,12183,59,20911.98,97.15,20814.83,0.0046,1036,401,188,0.406,A
84997A,GREEN 3 PIECE MINI DOTS CUTLERY SET,5366,316,20893.73,98.7,20795.03,0.0047,670,278,189,0.4071,A
22294,HEART FILIGREE DOVE  SMALL,16874,107,20883.13,133.75,20749.38,0.0064,861,414,190,0.4082,A
48116,DOORMAT MULTICOLOUR STRIPE,3454,54,20728.07,24.15,20703.92,0.0012,496,186,191,0.4093,A
85048,15CM CHRISTMAS GLASS BALL 20 LIGHTS,2691,93,21248.83,695.35,20553.48,0.0327,517,309,192,0.4104,A
21218,RED SPOTTY BISCUIT TIN,5262,79,20822.81,277.25,20545.56,0.0133,897,313,193,0.4115,A
22632,HAND WARMER RED RETROSPOT,10312,119,20586.53,71.5,20515.03,0.0035,779,438,194,0.4126,A
22356,CHARLOTTE BAG PINK POLKADOT,20026,582,20881.25,430.74,20450.51,0.0206,1584,423,195,0.4136,A
22693,GROW A FLYTRAP OR SUNFLOWER IN TIN,17875,72,20469.08,90.0,20379.08,0.0044,350,197,196,0.4147,A
22424,ENAMEL BREAD BIN CREAM,1532,47,20925.14,570.45,20354.69,0.0273,739,310,197,0.4158,A
21559,STRAWBERRY LUNCH BOX WITH CUTLERY,8255,34,20416.93,86.25,20330.68,0.0042,1221,396,198,0.4168,A
20723,STRAWBERRY CHARLOTTE BAG,18340,187,20438.45,157.78,20280.67,0.0077,1379,356,199,0.4179,A
85150,LADIES & GENTLEMEN METAL SIGN,8368,417,20255.57,64.95,20190.62,0.0032,1110,369,200,0.419,A
37449,CERAMIC CAKE STAND + HANGING CAKES,2385,283,22363.15,2234.15,20129.0,0.0999,477,205,201,0.42,A
21216,"SET 3 RETROSPOT TEA,COFFEE,SUGAR",3893,37,20213.55,111.75,20101.8,0.0055,802,269,202,0.4211,A
21258,VICTORIAN SEWING BOX LARGE,1510,150,21450.31,1360.15,20090.16,0.0634,526,186,203,0.4222,A
21622,VINTAGE UNION JACK CUSHION COVER,3716,838,20021.09,212.85,19808.24,0.0106,626,329,204,0.4232,A
21174,POTTERING IN THE SHED METAL SIGN,9709,142,19619.42,7.8,19611.62,0.0004,1135,402,205,0.4242,A
22381,TOY TIDY PINK POLKADOT,9272,30,19634.24,62.75,19571.49,0.0032,1100,349,206,0.4253,A
48129,DOORMAT TOPIARY,3132,23,19646.08,159.15,19486.93,0.0081,543,251,207,0.4263,A
22570,FELTCRAFT CUSHION RABBIT,5640,537,20934.85,1464.33,19470.52,0.0699,807,351,208,0.4273,A
22617,BAKING SET SPACEBOY DESIGN,4256,2843,20571.74,1147.55,19424.19,0.0558,942,600,209,0.4283,A
22413,METAL SIGN TAKE IT OR LEAVE IT,6986,169,19757.74,340.55,19417.19,0.0172,881,446,210,0.4294,A
22558,CLOTHES PEGS RETROSPOT PACK 24,13827,4963,19539.59,130.71,19408.88,0.0067,1202,541,211,0.4304,A
22900,SET 2 TEA TOWELS I LOVE LONDON,6180,316,19906.94,552.6,19354.34,0.0278,723,252,212,0.4314,A
21908,CHOCOLATE THIS WAY METAL SIGN,9704,32,19180.58,67.2,19113.38,0.0035,974,382,213,0.4324,A
22568,FELTCRAFT CUSHION OWL,5487,526,20274.97,1213.32,19061.65,0.0598,875,389,214,0.4334,A
22427,ENAMEL FLOWER JUG CREAM,3219,91,19326.83,291.5,19035.33,0.0151,798,460,215,0.4344,A
22952,60 CAKE CASES VINTAGE CHRISTMAS,33053,1552,19275.8,241.2,19034.6,0.0125,1144,570,216,0.4354,A
22569,FELTCRAFT CUSHION BUTTERFLY,5532,429,20145.68,1170.63,18975.05,0.0581,784,360,217,0.4364,A
22561,WOODEN SCHOOL COLOURING SET,11648,422,19534.17,631.5,18902.67,0.0323,904,556,218,0.4374,A
84947,ANTIQUE SILVER TEA GLASS ENGRAVED,15944,37,18911.67,44.54,18867.13,0.0024,680,312,219,0.4384,A
21108,FAIRY CAKE FLANNEL ASSORTED COLOUR,12980,3159,25435.57,6614.37,18821.2,0.26,613,325,220,0.4394,A
22169,FAMILY ALBUM WHITE PICTURE FRAME,2278,109,19533.1,741.2,18791.9,0.0379,701,276,221,0.4404,A
71053,WHITE METAL LANTERN,4786,68,18970.52,248.52,18722.0,0.0131,727,293,222,0.4414,A
47591D,PINK FAIRY CAKE CHILDRENS APRON,9650,213,18730.32,23.4,18706.92,0.0012,1212,526,223,0.4424,A
21340,CLASSIC METAL BIRDCAGE PLANT HOLDER,1771,89,19337.48,670.1,18667.38,0.0347,419,249,224,0.4434,A
22555,PLASTERS IN TIN STRONGMAN,11572,40,18718.27,66.0,18652.27,0.0035,967,521,225,0.4443,A
22041,"RECORD FRAME 7"" SINGLE SIZE",7540,42,18650.87,103.95,18546.92,0.0056,555,101,226,0.4453,A
84949,SILVER HANGING T-LIGHT HOLDER,11999,512,19104.9,793.8,18311.1,0.0415,693,330,227,0.4463,A
21121,SET/10 RED POLKADOT PARTY CANDLES,15253,194,18490.2,242.5,18247.7,0.0131,873,466,228,0.4472,A
21484,CHICK GREY HOT WATER BOTTLE,4633,51,18327.79,157.95,18169.84,0.0086,864,367,229,0.4482,A
21035,SET/2 RED RETROSPOT TEA TOWELS,6006,207,18681.38,570.65,18110.73,0.0305,929,327,230,0.4491,A
22061,LARGE CAKE STAND  HANGING STRAWBERY,2175,114,19161.17,1060.35,18100.82,0.0553,520,219,231,0.4501,A
22505,MEMO BOARD COTTAGE DESIGN,3781,19,18074.23,94.05,17980.18,0.0052,744,397,232,0.451,A
21430,SET/3 RED GINGHAM ROSE STORAGE BOX,4631,152,18082.47,222.78,17859.69,0.0123,814,323,233,0.452,A
22352,LUNCH BOX WITH CUTLERY RETROSPOT,7109,65,17879.16,165.3,17713.86,0.0092,1117,366,234,0.4529,A
22560,TRADITIONAL MODELLING CLAY,14870,175,17904.21,191.2,17713.01,0.0107,742,420,235,0.4539,A
84970L,SINGLE HEART ZINC T-LIGHT HOLDER,17709,68,17736.68,34.2,17702.48,0.0019,1145,463,236,0.4548,A
84945,MULTI COLOUR SILVER T-LIGHT HOLDER,21630,204,17767.96,141.73,17626.23,0.008,653,344,237,0.4557,A
22633,HAND WARMER UNION JACK,8583,92,17664.87,81.9,17582.97,0.0046,858,473,238,0.4566,A
21914,BLUE HARMONICA IN BOX,12960,203,17729.11,150.0,17579.11,0.0085,963,446,239,0.4576,A
22847,BREAD BIN DINER STYLE IVORY,1157,59,18352.74,794.55,17558.19,0.0433,482,264,240,0.4585,A
22297,HEART IVORY TRELLIS SMALL,13825,275,17840.12,343.75,17496.37,0.0193,969,391,241,0.4594,A
84467,ENGLISH ROSE DESIGN QUILTED THROW,816,72,17477.66,79.9,17397.76,0.0046,83,40,242,0.4603,A
20718,RED RETROSPOT SHOPPER BAG,13361,58,17467.35,71.74,17395.61,0.0041,1213,428,243,0.4612,A
22557,PLASTERS IN TIN VINTAGE PAISLEY,10391,68,17437.6,112.2,17325.4,0.0064,1126,580,244,0.4622,A
84992,72 SWEETHEART FAIRY CAKE CASES,35126,410,17404.8,175.33,17229.47,0.0101,1460,614,245,0.4631,A
21136,PAINTED METAL PEARS ASSORTED,10534,497,17515.67,329.37,17186.3,0.0188,739,449,246,0.464,A
22366,DOORMAT AIRMAIL,2543,29,17264.77,209.97,17054.8,0.0122,568,252,247,0.4649,A
21889,WOODEN BOX OF DOMINOES,12824,155,17119.41,193.75,16925.66,0.0113,1123,595,248,0.4658,A
21156,RETROSPOT CHILDRENS APRON,9145,73,17017.88,142.35,16875.53,0.0084,930,472,249,0.4667,A
23240,SET OF 4 KNICK KNACK TINS DOILY,4186,50,17037.52,206.7,16830.82,0.0121,536,323,250,0.4675,A
22147,FELTCRAFT BUTTERFLY HEARTS,12871,984,17955.93,1142.8,16813.13,0.0636,1132,582,251,0.4684,A
22652,TRAVEL SEWING KIT,9927,167,16822.1,92.4,16729.7,0.0055,830,440,252,0.4693,A
22654,DELUXE SEWING KIT,2540,52,17006.97,306.4,16700.57,0.018,597,300,253,0.4702,A
21535,RED RETROSPOT SMALL MILK JUG,6809,270,16921.15,223.05,16698.1,0.0132,1111,461,254,0.4711,A
22273,FELTCRAFT DOLL MOLLY,7369,1500,20192.29,3562.8,16629.49,0.1764,810,423,255,0.4719,A
21164,HOME SWEET HOME METAL SIGN,5999,22,16679.51,64.9,16614.61,0.0039,721,356,256,0.4728,A
72760B,VINTAGE CREAM 3 BASKET CAKE STAND,1724,76,16634.41,170.34,16464.07,0.0102,494,301,257,0.4737,A
22993,SET OF 4 PANTRY JELLY MOULDS,12672,68,16507.23,85.0,16422.23,0.0051,1073,431,258,0.4746,A
21533,RETRO SPOT LARGE MILK JUG,3379,80,16793.07,375.0,16418.07,0.0223,954,425,259,0.4754,A
22837,HOT WATER BOTTLE BABUSHKA,3541,187,16487.73,157.65,16330.08,0.0096,450,221,260,0.4763,A
22776,SWEETHEART CAKESTAND 3 TIER,1709,134,17540.41,1230.35,16310.06,0.0701,691,420,261,0.4771,A
22296,HEART IVORY TRELLIS LARGE,9837,28,16222.26,13.2,16209.06,0.0008,833,428,262,0.478,A
23301,GARDENERS KNEELING PAD KEEP CALM,8825,114,16357.05,168.9,16188.15,0.0103,913,405,263,0.4788,A
22662,LUNCH BAG DOLLY GIRL DESIGN,9983,68,16266.41,112.2,16154.21,0.0069,994,426,264,0.4797,A
22193,RED DINER WALL CLOCK,1917,44,16177.48,319.6,15857.88,0.0198,617,265,265,0.4805,A
22759,SET OF 3 NOTEBOOKS IN PARCEL,9397,9953,15894.61,42.9,15851.71,0.0027,795,472,266,0.4814,A
35004C,SET OF 3 COLOURED  FLYING DUCKS,3066,298,16239.9,426.8,15813.1,0.0263,380,112,267,0.4822,A
22690,DOORMAT HOME SWEET HOME BLUE,2533,6,15859.74,48.3,15811.44,0.003,437,278,268,0.483,A
21155,RED RETROSPOT PEG BAG,6673,344,16360.79,562.69,15798.1,0.0344,969,364,269,0.4839,A
23313,VINTAGE CHRISTMAS BUNTING,2997,13,15833.31,64.35,15768.96,0.0041,401,254,270,0.4847,A
22487,WHITE WOOD GARDEN PLANT LADDER,1634,87,16393.6,645.55,15748.05,0.0394,898,611,271,0.4855,A
22367,CHILDRENS APRON SPACEBOY DESIGN,8076,52,15811.82,101.4,15710.42,0.0064,1156,593,272,0.4863,A
84375,SET OF 20 KIDS COOKIE CUTTERS,7595,142,15794.28,120.9,15673.38,0.0077,796,389,273,0.4872,A
22619,SET OF 6 SOLDIER SKITTLES,4021,10,15668.84,37.5,15631.34,0.0024,708,421,274,0.488,A
21891,TRADITIONAL WOODEN SKIPPING ROPE,12173,222,15588.9,118.07,15470.83,0.0076,835,483,275,0.4888,A
22749,FELTCRAFT PRINCESS CHARLOTTE DOLL,3779,1,15429.35,3.75,15425.6,0.0002,685,383,276,0.4896,A
22692,DOORMAT WELCOME TO OUR HOME,2137,143,15982.45,665.05,15317.4,0.0416,606,293,277,0.4904,A
84378,SET OF 3 HEART COOKIE CUTTERS,11660,93,15417.19,116.06,15301.13,0.0075,1248,601,278,0.4912,A
22365,DOORMAT RESPECTABLE HOUSE,2331,3,15304.79,22.65,15282.14,0.0015,443,193,279,0.492,A
22940,FELTCRAFT CHRISTMAS FAIRY,3510,39,15363.56,120.75,15242.81,0.0079,586,392,280,0.4928,A
21975,PACK OF 60 DINOSAUR CAKE CASES,31426,95,15288.32,49.26,15239.06,0.0032,1303,543,281,0.4937,A
21844,RED RETROSPOT MUG,5387,48,15367.79,141.2,15226.59,0.0092,494,252,282,0.4945,A
22170,PICTURE FRAME WOOD TRIPLE PORTRAIT,2401,126,15753.27,581.9,15171.37,0.0369,575,279,283,0.4953,A
22634,CHILDS BREAKFAST SET SPACEBOY,1697,94,16036.1,906.3,15129.8,0.0565,499,322,284,0.496,A
21165,BEWARE OF THE CAT METAL SIGN,9365,280,15175.83,82.59,15093.24,0.0054,966,321,285,0.4968,A
35970,ZINC FOLKART SLEIGH BELLS,8422,297,15152.01,122.86,15029.15,0.0081,692,415,286,0.4976,A
22173,METAL 4 HOOK HANGER FRENCH CHATEAU,5031,219,15426.65,399.72,15026.93,0.0259,997,383,287,0.4984,A
22909,SET OF 20 VINTAGE CHRISTMAS NAPKINS,17166,1470,15294.52,334.22,14960.3,0.0219,1086,578,288,0.4992,A
21122,SET/10 PINK POLKADOT PARTY CANDLES,12348,73,15018.53,91.25,14927.28,0.0061,807,441,289,0.5,A
82582,AREA PATROLLED METAL SIGN,7496,1526,15146.68,241.38,14905.3,0.0159,796,258,290,0.5008,A
21094,SET/6 RED SPOTTY PAPER PLATES,19634,762,15334.88,495.24,14839.64,0.0323,984,328,291,0.5016,A
21877,HOME SWEET HOME MUG,14087,1276,15996.8,1176.82,14819.98,0.0736,755,323,292,0.5024,A
22635,CHILDS BREAKFAST SET DOLLY GIRL,1664,124,15834.81,1113.45,14721.36,0.0703,485,325,293,0.5031,A
22946,WOODEN ADVENT CALENDAR CREAM,978,47,15094.47,390.3,14704.17,0.0259,275,152,294,0.5039,A
22730,ALARM CLOCK BAKELIKE IVORY,3709,60,14893.52,225.0,14668.52,0.0151,746,289,295,0.5047,A
21770,OPEN CLOSED METAL SIGN,2996,155,14832.05,212.4,14619.65,0.0143,651,423,296,0.5054,A
17003,BROCADE RING PURSE,70405,740,14776.86,215.78,14561.08,0.0146,456,215,297,0.5062,A
22606,WOODEN SKITTLES GARDEN SET,1075,83,14977.64,430.7,14546.94,0.0288,374,269,298,0.507,A
22485,SET OF 2 WOODEN MARKET CRATES,1101,13,14677.84,165.75,14512.09,0.0113,419,280,299,0.5077,A
84050,PINK HEART SHAPE EGG FRYING PAN,9868,376,14549.75,107.3,14442.45,0.0074,715,308,300,0.5085,A
21912,VINTAGE SNAKES & LADDERS,3743,76,14685.08,285.0,14400.08,0.0194,828,447,301,0.5093,A
21672,WHITE SPOT RED CERAMIC DRAWER KNOB,11158,142,14461.03,81.3,14379.73,0.0056,815,278,302,0.51,A
20748,KENSINGTON COFFEE SET,1600,120,14266.98,0.0,14266.98,0.0,183,86,303,0.5108,A
21169,YOU'RE CONFUSING ME METAL SIGN,8873,202,14291.34,54.57,14236.77,0.0038,772,278,304,0.5115,A
22179,SET 10 LIGHTS NIGHT OWL,2024,36,14425.36,224.6,14200.76,0.0156,566,201,305,0.5123,A
22295,HEART FILIGREE DOVE LARGE,8603,62,14190.34,79.2,14111.14,0.0056,706,381,306,0.513,A
85232B,SET/3 RUSSIAN DOLL STACKING TINS,3091,564,15611.75,1502.75,14109.0,0.0963,561,208,307,0.5138,A
23200,JUMBO BAG PEARS,7071,134,14197.28,243.63,13953.65,0.0172,595,262,308,0.5145,A
22627,MINT KITCHEN SCALES,1607,27,14076.3,125.71,13950.59,0.0089,653,322,309,0.5152,A
21668,RED STRIPE CERAMIC DRAWER KNOB,10428,135,14004.92,106.42,13898.5,0.0076,825,255,310,0.516,A
21257,VICTORIAN SEWING BOX MEDIUM,1558,121,14040.03,205.3,13834.73,0.0146,532,206,311,0.5167,A
84380,SET OF 3 BUTTERFLY COOKIE CUTTERS,10412,219,14085.49,251.39,13834.1,0.0178,1114,490,312,0.5174,A
21669,BLUE STRIPE CERAMIC DRAWER KNOB,10672,137,13960.28,147.32,13812.96,0.0106,805,262,313,0.5181,A
21259,VICTORIAN SEWING BOX SMALL,2311,78,13951.02,155.65,13795.37,0.0112,655,300,314,0.5189,A
22444,GROW YOUR OWN PLANT IN A CAN,10135,124,13860.35,142.5,13717.85,0.0103,453,249,315,0.5196,A
22333,RETROSPOT PARTY BAG + STICKER SET,10037,1326,15651.2,1947.9,13703.3,0.1245,697,333,316,0.5203,A
22621,TRADITIONAL KNITTING NANCY,8737,275,13800.67,114.05,13686.62,0.0083,875,507,317,0.521,A
23077,DOUGHNUT LIP GLOSS,10415,60,13720.77,75.0,13645.77,0.0055,344,217,318,0.5218,A
22191,IVORY DINER WALL CLOCK,1975,362,16284.05,2703.85,13580.2,0.166,620,335,319,0.5225,A
21390,FILIGRIS HEART WITH BUTTERFLY,10995,75,13625.47,93.75,13531.72,0.0069,588,280,320,0.5232,A
21888,BINGO SET,3525,154,13880.92,363.75,13517.17,0.0262,825,444,321,0.5239,A
22109,FULL ENGLISH BREAKFAST PLATE,3343,78,13768.86,271.26,13497.6,0.0197,642,205,322,0.5246,A
23343,JUMBO BAG VINTAGE CHRISTMAS,6081,1871,13978.95,505.68,13473.27,0.0362,476,286,323,0.5253,A
23356,LOVE HOT WATER BOTTLE,2386,9,13494.97,53.55,13441.42,0.004,476,316,324,0.526,A
47556B,TEA TIME TEA TOWELS,5206,237,13717.61,402.6,13315.01,0.0293,453,209,325,0.5267,A
21539,RED RETROSPOT BUTTER DISH,2740,181,13635.79,334.31,13301.48,0.0245,709,290,326,0.5274,A
35400,WOODEN BOX ADVENT CALENDAR,1443,280,14070.7,779.45,13291.25,0.0554,419,241,327,0.5281,A
22150,3 STRIPEY MICE FELTCRAFT,7836,764,14527.5,1264.8,13262.7,0.0871,938,505,328,0.5288,A
23328,SET 6 SCHOOL MILK BOTTLES IN CRATE,2845,8,13284.49,29.64,13254.85,0.0022,405,195,329,0.5295,A
22667,RECIPE BOX RETROSPOT,4868,180,13654.2,428.9,13225.3,0.0314,848,406,330,0.5302,A
15044A,PINK PAPER PARASOL,4970,3,13228.55,8.05,13220.5,0.0006,250,116,331,0.5309,A
21673,WHITE SPOT BLUE CERAMIC DRAWER KNOB,10097,143,13332.94,143.95,13188.99,0.0108,763,263,332,0.5316,A
22271,FELTCRAFT DOLL ROSIE,4887,379,13983.68,839.2,13144.48,0.06,787,400,333,0.5323,A
22636,CHILDS BREAKFAST SET CIRCUS PARADE,1625,45,13496.53,375.7,13120.83,0.0278,489,312,334,0.533,A
21098,CHRISTMAS TOILET ROLL,8565,779,13298.93,246.39,13052.54,0.0185,596,269,335,0.5337,A
21380,WOODEN HAPPY BIRTHDAY GARLAND,5041,582,14622.82,1601.7,13021.12,0.1095,651,325,336,0.5344,A
20676,RED RETROSPOT BOWL,10529,137,13173.2,156.81,13016.39,0.0119,966,372,337,0.5351,A
23108,SET OF 10 LED DOLLY LIGHTS,2221,64,13303.02,317.6,12985.42,0.0239,372,271,338,0.5357,A
22207,FRYING PAN UNION FLAG,3105,85,13307.07,324.75,12982.32,0.0244,480,189,339,0.5364,A
22553,PLASTERS IN TIN SKULLS,7866,96,13131.95,158.4,12973.55,0.0121,1090,507,340,0.5371,A
22580,ADVENT CALENDAR GINGHAM SACK,2346,64,13283.88,331.8,12952.08,0.025,495,275,341,0.5378,A
21935,SUKI  SHOULDER BAG,7127,131,13103.21,196.15,12907.06,0.015,921,234,342,0.5385,A
22584,PACK OF 6 PANNETONE GIFT BOXES,5239,197,13331.13,425.85,12905.28,0.0319,589,417,343,0.5391,A
22088,PAPER BUNTING COLOURED LACE,4401,114,13082.78,198.05,12884.73,0.0151,619,266,344,0.5398,A
22236,CAKE STAND 3 TIER MAGIC GARDEN,1128,1022,13978.27,1121.25,12857.02,0.0802,421,251,345,0.5405,A
84988,SET OF 72 PINK HEART PAPER DOILIES,8316,64,12929.19,91.27,12837.92,0.0071,1019,379,346,0.5412,A
22846,BREAD BIN DINER STYLE RED,826,28,13281.77,450.6,12831.17,0.0339,346,189,347,0.5419,A
22804,CANDLEHOLDER PINK HANGING HEART,5277,760,14123.0,1294.8,12828.2,0.0917,670,351,348,0.5425,A
21871,SAVE THE PLANET MUG,11536,881,13710.29,892.19,12818.1,0.0651,779,299,349,0.5432,A
22766,PHOTO FRAME CORNICE,4406,63,12979.3,185.85,12793.45,0.0143,640,343,350,0.5439,A
22464,HANGING METAL HEART LANTERN,7937,250,13132.95,378.9,12754.05,0.0289,784,397,351,0.5446,A
21704,BAG 250g SWIRLY MARBLES,17180,702,13239.41,512.07,12727.34,0.0387,568,287,352,0.5452,A
23207,LUNCH BAG ALPHABET DESIGN,7851,448,13360.2,659.6,12700.6,0.0494,740,377,353,0.5459,A
21906,PHARMACIE FIRST AID TIN,1792,39,12919.96,263.25,12656.71,0.0204,424,214,354,0.5466,A
22646,CERAMIC STRAWBERRY CAKE MONEY BANK,8969,109,12735.91,155.0,12580.91,0.0122,880,404,355,0.5472,A
22947,WOODEN ADVENT CALENDAR RED,1011,15,12704.15,221.27,12482.88,0.0174,209,124,356,0.5479,A
22616,PACK OF 12 LONDON TISSUES,39204,72,12476.99,22.08,12454.91,0.0018,825,319,357,0.5485,A
62018,SOMBRERO,9567,0,12450.85,0.0,12450.85,0.0,127,70,358,0.5492,A
22198,LARGE POPCORN HOLDER,7345,323,12782.71,347.3,12435.41,0.0272,646,240,359,0.5498,A
22303,COFFEE MUG APPLES DESIGN,5452,366,12734.78,336.45,12398.33,0.0264,540,266,360,0.5505,A
75049L,LARGE CIRCULAR MIRROR MOBILE,13992,909,13183.8,808.75,12375.05,0.0613,344,106,361,0.5512,A
22144,CHRISTMAS CRAFT LITTLE FRIENDS,5148,47,12411.87,98.7,12313.17,0.008,704,392,362,0.5518,A
22082,RIBBON REEL STRIPES DESIGN,7365,58,12353.75,51.15,12302.6,0.0041,957,512,363,0.5524,A
22631,CIRCUS PARADE LUNCH BOX,6279,36,12255.5,70.2,12185.3,0.0057,663,271,364,0.5531,A
21671,RED SPOT CERAMIC DRAWER KNOB,9526,314,12386.82,237.31,12149.51,0.0192,727,265,365,0.5537,A
21124,SET/10 BLUE SPOTTY PARTY CANDLES,10038,49,12184.04,61.25,12122.79,0.005,629,406,366,0.5544,A
22623,BOX OF VINTAGE JIGSAW BLOCKS,2316,79,12454.08,355.05,12099.03,0.0285,541,334,367,0.555,A
21670,BLUE SPOT CERAMIC DRAWER KNOB,8918,241,12170.45,100.0,12070.45,0.0082,767,260,368,0.5556,A
22301,COFFEE MUG CAT + BIRD DESIGN,5051,276,12231.88,192.0,12039.88,0.0157,643,273,369,0.5563,A
23174,REGENCY SUGAR BOWL GREEN,3057,88,12350.73,345.2,12005.53,0.0279,322,190,370,0.5569,A
84212,"ASSORTED FLOWER COLOUR ""LEIS""",24800,72,11965.39,46.8,11918.59,0.0039,277,140,371,0.5575,A
21937,STRAWBERRY   PICNIC BAG,4109,219,12065.37,169.1,11896.27,0.014,657,286,372,0.5582,A
22192,BLUE DINER WALL CLOCK,1428,45,12121.8,252.45,11869.35,0.0208,543,260,373,0.5588,A
21242,RED RETROSPOT PLATE,7088,42,11922.8,70.98,11851.82,0.006,657,289,374,0.5594,A
84987,SET OF 36 TEATIME PAPER DOILIES,8141,70,11868.5,97.7,11770.8,0.0082,812,406,375,0.56,A
22729,ALARM CLOCK BAKELIKE ORANGE,3004,35,11882.75,130.89,11751.86,0.011,612,236,376,0.5607,A
22750,FELTCRAFT PRINCESS LOLA DOLL,3147,10,11780.1,37.5,11742.6,0.0032,647,362,377,0.5613,A
15056P,EDWARDIAN PARASOL PINK,2522,313,12824.61,1091.05,11733.56,0.0851,382,186,378,0.5619,A
22243,5 HOOK HANGER RED MAGIC TOADSTOOL,7685,101,11871.8,141.9,11729.9,0.012,388,181,379,0.5625,A
22488,NATURAL SLATE RECTANGLE CHALKBOARD,6908,49,11793.01,80.85,11712.16,0.0069,808,426,380,0.5631,A
47567B,TEA TIME KITCHEN APRON,2180,211,11787.44,76.05,11711.39,0.0065,351,179,381,0.5637,A
22791,T-LIGHT GLASS FLUTED ANTIQUE,9546,260,11838.69,209.0,11629.69,0.0177,434,226,382,0.5644,A
79323W,WHITE CHERRY LIGHTS,3004,6054,18048.72,6421.1,11627.62,0.3558,349,174,383,0.565,A
21428,SET3 BOOK BOX GREEN GINGHAM FLOWER,2887,94,11779.93,166.0,11613.93,0.0141,465,228,384,0.5656,A
21326,AGED GLASS SILVER T-LIGHT HOLDER,17902,102,11679.66,66.3,11613.36,0.0057,643,307,385,0.5662,A
23300,GARDENERS KNEELING PAD CUP OF TEA,6827,152,11815.69,231.6,11584.09,0.0196,758,351,386,0.5668,A
22943,CHRISTMAS LIGHTS 10 VINTAGE BAUBLES,2387,72,11726.34,190.25,11536.09,0.0162,356,215,387,0.5674,A
21787,RAIN PONCHO RETROSPOT,15143,528,11932.88,420.0,11512.88,0.0352,469,221,388,0.568,A
22508,DOORSTOP RETROSPOT HEART,2890,26,11599.45,97.5,11501.95,0.0084,697,400,389,0.5686,A
85042,ANTIQUE LILY FAIRY LIGHTS,2686,334,12239.51,757.4,11482.11,0.0619,292,142,390,0.5692,A
22838,3 TIER CAKE TIN RED AND CREAM,926,148,13280.66,1816.7,11463.96,0.1368,271,184,391,0.5698,A
21154,RED RETROSPOT OVEN GLOVE,8100,443,11701.2,240.75,11460.45,0.0206,903,327,392,0.5704,A
22740,POLKADOT PEN,13393,1096,11436.11,0.0,11436.11,0.0,300,163,393,0.571,A
82001S,VINYL RECORD FRAME SILVER,3051,11,11464.38,40.53,11423.85,0.0035,259,86,394,0.5716,A
21260,FIRST AID TIN,3526,61,11609.93,197.25,11412.68,0.017,534,303,395,0.5722,A
22663,JUMBO BAG DOLLY GIRL DESIGN,5766,34,11469.32,66.3,11403.02,0.0058,688,268,396,0.5728,A
22844,VINTAGE CREAM DOG FOOD CONTAINER,1231,29,11627.28,236.3,11390.98,0.0203,498,229,397,0.5734,A
23581,JUMBO BAG PAISLEY PARK,5035,122,11613.03,224.76,11388.27,0.0194,338,230,398,0.574,A
22637,PIGGY BANK RETROSPOT,4490,134,11523.42,171.9,11351.52,0.0149,598,329,399,0.5746,A
22151,PLACE SETTING WHITE HEART,27710,915,11671.35,332.46,11338.89,0.0285,716,361,400,0.5752,A
21172,PARTY METAL SIGN,7705,167,11411.16,110.85,11300.31,0.0097,971,420,401,0.5758,A
21429,RED GINGHAM ROSE JEWELLERY BOX,6384,155,11384.7,120.3,11264.4,0.0106,997,418,402,0.5764,A
22649,STRAWBERRY FAIRY CAKE TEAPOT,2317,72,11616.03,352.9,11263.13,0.0304,486,200,403,0.577,A
22468,BABUSHKA LIGHTS STRING OF 10,1737,58,11549.35,352.3,11197.05,0.0305,413,196,404,0.5776,A
22988,SOLDIERS EGG CUP,9427,273,11318.45,132.78,11185.67,0.0117,446,207,405,0.5782,A
22417,PACK OF 60 SPACEBOY CAKE CASES,21467,114,11168.7,62.7,11106.0,0.0056,1103,521,406,0.5788,A
20969,RED FLORAL FELTCRAFT SHOULDER BAG,3241,289,12081.52,980.07,11101.45,0.0811,613,285,407,0.5794,A
22795,SWEETHEART RECIPE BOOK STAND,1602,26,11209.56,118.95,11090.61,0.0106,498,227,408,0.58,A
22620,4 TRADITIONAL SPINNING TOPS,8195,16,11091.95,20.4,11071.55,0.0018,841,449,409,0.5805,A
21922,UNION STRIPE WITH FRINGE  HAMMOCK,1446,27,11223.03,190.65,11032.38,0.017,388,204,410,0.5811,A
20975,12 PENCILS SMALL TUBE RED RETROSPOT,18116,1692,11859.76,858.35,11001.41,0.0724,902,460,411,0.5817,A
22834,HAND WARMER BABUSHKA DESIGN,6934,215,11329.03,331.25,10997.78,0.0292,597,300,412,0.5823,A
22968,ROSE COTTAGE KEEPSAKE BOX,1132,76,11234.57,248.55,10986.02,0.0221,306,182,413,0.5829,A
72351B,SET/6 PINK  BUTTERFLY T-LIGHTS,5790,127,11195.39,221.6,10973.79,0.0198,499,208,414,0.5834,A
47599A,PINK PARTY BAGS,5970,265,11186.87,247.36,10939.51,0.0221,369,202,415,0.584,A
21868,POTTING SHED TEA MUG,9095,343,11188.64,250.39,10938.25,0.0224,881,377,416,0.5846,A
22130,PARTY CONE CHRISTMAS DECORATION,9791,1373,11037.11,136.7,10900.41,0.0124,424,298,417,0.5852,A
20828,GLITTER BUTTERFLY CLIPS,4436,30,10973.63,76.5,10897.13,0.007,607,261,418,0.5857,A
21907,I'M ON HOLIDAY METAL SIGN,5184,98,10910.32,44.1,10866.22,0.004,771,381,419,0.5863,A
21498,RED RETROSPOT WRAP,26776,459,10872.92,42.0,10830.92,0.0039,802,454,420,0.5869,A
37370,RETRO COFFEE MUGS ASSORTED,7171,1423,10854.59,57.42,10797.17,0.0053,492,184,421,0.5874,A
22668,PINK BABY BUNTING,3598,67,10930.5,177.65,10752.85,0.0163,579,296,422,0.588,A
22768,FAMILY PHOTO FRAME CORNICE,1160,38,11084.62,375.2,10709.42,0.0338,354,243,423,0.5886,A
22950,36 DOILIES VINTAGE CHRISTMAS,8334,1709,11454.09,773.65,10680.44,0.0675,352,256,424,0.5891,A
22812,PACK 3 BOXES CHRISTMAS PANNETONE,4887,317,10750.03,91.65,10658.38,0.0085,462,270,425,0.5897,A
22694,WICKER STAR,4913,180,11000.6,348.0,10652.6,0.0316,858,484,426,0.5903,A
21558,SKULL LUNCH BOX WITH CUTLERY,4224,278,10854.01,232.95,10621.06,0.0215,768,267,427,0.5908,A
22274,FELTCRAFT DOLL EMILY,3788,74,10814.32,199.1,10615.22,0.0184,656,344,428,0.5914,A
21624,VINTAGE UNION JACK DOORSTOP,1775,25,10664.95,128.75,10536.2,0.0121,403,281,429,0.5919,A
22655,VINTAGE RED KITCHEN CABINET,76,42,12845.0,2320.5,10524.5,0.1807,53,45,430,0.5925,A
22348,TEA BAG PLATE RED RETROSPOT,12461,197,10589.92,85.0,10504.92,0.008,961,344,431,0.593,A
21982,PACK OF 12 SUKI TISSUES,32541,1099,10489.05,10.83,10478.22,0.001,718,335,432,0.5936,A
21890,S/6 WOODEN SKITTLES IN COTTON BAG,3500,150,10484.65,30.2,10454.45,0.0029,547,335,433,0.5941,A
22595,GINGHAM HEART DECORATION,12551,224,10557.92,103.68,10454.24,0.0098,796,481,434,0.5947,A
22349,DOG BOWL CHASING BALL DESIGN,2574,36,10562.92,132.12,10430.8,0.0125,366,226,435,0.5952,A
22064,PINK DOUGHNUT TRINKET POT,6639,138,10647.11,222.7,10424.41,0.0209,693,213,436,0.5958,A
21974,SET OF 36 PAISLEY FLOWER DOILIES,7046,185,10622.15,201.45,10420.7,0.019,808,355,437,0.5963,A
22302,COFFEE MUG PEARS  DESIGN,4933,354,10510.3,94.35,10415.95,0.009,396,212,438,0.5969,A
21833,CAMOUFLAGE LED TORCH,6245,300,10691.81,297.5,10394.31,0.0278,444,210,439,0.5974,A
23208,LUNCH BAG VINTAGE LEAF DESIGN,6342,73,10498.01,109.85,10388.16,0.0105,668,305,440,0.598,A
20754,RETROSPOT RED WASHING UP GLOVES,5096,33,10449.02,66.3,10382.72,0.0063,852,363,441,0.5985,A
21086,SET/6 RED SPOTTY PAPER CUPS,16674,1029,10792.21,422.64,10369.57,0.0392,843,311,442,0.5991,A
22174,PHOTO CUBE,5144,106,10410.63,79.2,10331.43,0.0076,557,178,443,0.5996,A
22418,10 COLOUR SPACEBOY PEN,12316,208,10419.43,176.8,10242.63,0.017,586,332,444,0.6002,A
22771,CLEAR DRAWER KNOB ACRYLIC EDWARDIAN,7585,30,10267.08,37.5,10229.58,0.0037,512,201,445,0.6007,A
22970,LONDON BUS COFFEE MUG,4367,16,10224.75,33.6,10191.15,0.0033,317,180,446,0.6012,A
22120,WELCOME  WOODEN BLOCK LETTERS,1022,19,10353.99,187.6,10166.39,0.0181,367,196,447,0.6018,A
22748,POPPY'S PLAYHOUSE KITCHEN,4159,17,10197.1,35.7,10161.4,0.0035,742,410,448,0.6023,A
22966,GINGERBREAD MAN COOKIE CUTTER,8239,69,10156.26,6.25,10150.01,0.0006,732,422,449,0.6028,A
22380,TOY TIDY SPACEBOY,4976,45,10242.86,94.5,10148.36,0.0092,688,300,450,0.6034,A
22725,ALARM CLOCK BAKELIKE CHOCOLATE,2529,59,10366.17,221.25,10144.92,0.0213,549,217,451,0.6039,A
22089,PAPER BUNTING VINTAGE PAISLEY,3508,61,10309.25,173.9,10135.35,0.0169,552,290,452,0.6044,A
21033,JUMBO BAG CHARLIE AND LOLA TOYS,4599,527,10157.79,31.29,10126.5,0.0031,573,163,453,0.605,A
21531,RED RETROSPOT SUGAR JAM BOWL,4085,37,10204.72,92.55,10112.17,0.0091,776,324,454,0.6055,A
21892,TRADITIONAL WOODEN CATCH CUP GAME,7844,134,10173.78,67.5,10106.28,0.0066,818,447,455,0.606,A
23170,REGENCY TEA PLATE ROSES,6869,718,11117.05,1046.3,10070.75,0.0941,445,224,456,0.6066,A
84030E,ENGLISH ROSE HOT WATER BOTTLE,2256,15,10081.05,55.25,10025.8,0.0055,531,254,457,0.6071,A
20682,RED RETROSPOT CHILDRENS UMBRELLA,3076,57,10197.31,178.75,10018.56,0.0175,589,296,458,0.6076,A
23582,VINTAGE DOILY JUMBO BAG RED,4815,121,10233.45,222.68,10010.77,0.0218,259,186,459,0.6082,A
21756,BATH BUILDING BLOCK WORD,1628,8,10039.85,35.7,10004.15,0.0036,581,327,460,0.6087,A
23076,ICE CREAM SUNDAE LIP GLOSS,8100,28,9965.76,35.0,9930.76,0.0035,277,202,461,0.6092,A
22327,ROUND SNACK BOXES SET OF 4 SKULLS,3078,22,9981.9,64.5,9917.4,0.0065,646,256,462,0.6097,A
22904,CALENDAR PAPER CUT DESIGN,3483,322,10802.25,885.9,9916.35,0.082,463,269,463,0.6103,A
22131,FOOD CONTAINER SET 3 LOVE HEART,5256,16,9940.24,29.1,9911.14,0.0029,692,276,464,0.6108,A
23171,REGENCY TEA PLATE GREEN,6247,97,10051.99,146.25,9905.74,0.0145,381,195,465,0.6113,A
22645,CERAMIC HEART FAIRY CAKE MONEY BANK,5617,87,10006.72,125.95,9880.77,0.0126,741,341,466,0.6118,A
84792,ENCHANTED BIRD COATHANGER 5 HOOK,2299,69,10128.81,270.45,9858.36,0.0267,519,248,467,0.6123,A
84880,WHITE WIRE EGG HOLDER,1734,18,9927.84,78.9,9848.94,0.0079,375,185,468,0.6129,A
22840,ROUND CAKE TIN VINTAGE RED,1329,29,10071.35,229.55,9841.8,0.0228,402,281,469,0.6134,A
22300,COFFEE MUG DOG + BALL DESIGN,4154,263,9988.3,160.65,9827.65,0.0161,526,254,470,0.6139,A
20979,36 PENCILS TUBE RED RETROSPOT,8162,390,10279.31,463.18,9816.13,0.0451,709,310,471,0.6144,A
20677,PINK POLKADOT BOWL,7793,14,9821.81,17.31,9804.5,0.0018,760,268,472,0.6149,A
21488,RED WHITE SCARF  HOT WATER BOTTLE,2389,50,9804.33,0.0,9804.33,0.0,359,216,473,0.6154,A
22466,FAIRY TALE COTTAGE NIGHTLIGHT,5315,39,9863.03,70.95,9792.08,0.0072,394,199,474,0.616,A
47570B,TEA TIME TABLE CLOTH,983,72,9812.97,21.3,9791.67,0.0022,232,129,475,0.6165,A
22745,POPPY'S PLAYHOUSE BEDROOM,3995,13,9804.54,27.3,9777.24,0.0028,703,377,476,0.617,A
79323P,PINK CHERRY LIGHTS,2281,2914,13787.93,4021.35,9766.58,0.2917,265,132,477,0.6175,A
22429,ENAMEL MEASURING JUG CREAM,2296,51,9912.04,178.5,9733.54,0.018,625,364,478,0.618,A
22549,PICTURE DOMINOES,6528,1,9728.56,1.45,9727.11,0.0001,711,403,479,0.6185,A
21781,MA CAMPAGNE CUTLERY BOX,665,85,10275.22,600.6,9674.62,0.0585,363,150,480,0.619,A
22180,RETROSPOT LAMP,979,92,10143.18,483.2,9659.98,0.0476,410,226,481,0.6196,A
79000,MOROCCAN TEA GLASS,12057,3235,9831.31,171.9,9659.41,0.0175,436,195,482,0.6201,A
21749,LARGE RED RETROSPOT WINDMILL,5657,979,10980.98,1381.9,9599.08,0.1258,286,153,483,0.6206,A
35961,FOLKART ZINC HEART CHRISTMAS DEC,11472,1,9550.48,0.85,9549.63,0.0001,637,262,484,0.6211,A
82552,WASHROOM METAL SIGN,6965,373,9541.06,8.75,9532.31,0.0009,794,346,485,0.6216,A
16014,SMALL CHINESE STYLE SCISSOR,29355,0,9513.1,0.0,9513.1,0.0,93,46,486,0.6221,A
85049A,TRADITIONAL CHRISTMAS RIBBONS,6592,51,9574.77,63.75,9511.02,0.0067,718,387,487,0.6226,A
22665,RECIPE BOX BLUE SKETCHBOOK DESIGN,2958,69,9598.69,129.95,9468.74,0.0135,703,326,488,0.6231,A
21385,IVORY HANGING DECORATION  HEART,10912,106,9426.94,5.1,9421.84,0.0005,690,320,489,0.6236,A
21716,BOYS VINTAGE TIN SEASIDE BUCKET,3725,10,9437.87,25.5,9412.37,0.0027,496,241,490,0.6241,A
20970,PINK FLORAL FELTCRAFT SHOULDER BAG,2494,3,9402.29,11.25,9391.04,0.0012,574,278,491,0.6246,A
23175,REGENCY MILK JUG PINK,3164,124,9600.15,225.5,9374.65,0.0235,329,206,492,0.6251,A
85049E,SCANDINAVIAN REDS RIBBONS,6597,28,9362.97,35.0,9327.97,0.0037,891,434,493,0.6255,A
22978,PANTRY ROLLING PIN,2465,75,9568.73,272.61,9296.12,0.0285,238,153,494,0.626,A
21243,PINK  SPOTTY PLATE,5639,16,9292.77,27.04,9265.73,0.0029,503,210,495,0.6265,A
84692,BOX OF 24 COCKTAIL PARASOLS,19122,207,9352.22,86.94,9265.28,0.0093,1122,348,496,0.627,A
22219,LOVEBIRD HANGING DECORATION WHITE,9799,673,9294.28,93.89,9200.39,0.0101,1149,384,497,0.6275,A
22992,REVOLVER WOODEN RULER,5236,716,10379.84,1193.4,9186.44,0.115,348,217,498,0.628,A
20747,PICCADILLY TEA SET,684,4,9239.87,55.4,9184.47,0.006,108,48,499,0.6285,A
22121,NOEL WOODEN BLOCK LETTERS,1490,108,9221.16,47.6,9173.56,0.0052,438,303,500,0.6289,A
22357,KINGS CHOICE BISCUIT TIN,2075,48,9360.91,198.0,9162.91,0.0212,462,259,501,0.6294,A
21745,GAOLERS KEYS DECORATIVE GARDEN,2704,19,9220.24,71.25,9148.99,0.0077,486,236,502,0.6299,A
22195,LARGE HEART MEASURING SPOONS,5137,19,9160.74,28.35,9132.39,0.0031,811,325,503,0.6304,A
22741,FUNKY DIVA PEN,10652,51,9173.03,43.35,9129.68,0.0047,292,132,504,0.6309,A
22072,RED RETROSPOT TEA CUP AND SAUCER,2420,49,9284.76,183.75,9101.01,0.0198,511,200,505,0.6314,A
22767,TRIPLE PHOTO FRAME CORNICE,1004,40,9478.23,398.0,9080.23,0.042,295,197,506,0.6318,A
23080,RED METAL BOX TOP SECRET,1079,11,9158.87,90.75,9068.12,0.0099,257,148,507,0.6323,A
21933,PINK VINTAGE PAISLEY PICNIC BAG,4128,21,9117.83,58.05,9059.78,0.0064,625,294,508,0.6328,A
21041,RED RETROSPOT OVEN GLOVE DOUBLE,2674,194,9072.89,38.35,9034.54,0.0042,525,191,509,0.6333,A
21777,RECIPE BOX WITH METAL HEART,1135,56,9147.06,119.25,9027.81,0.013,367,169,510,0.6337,A
23319,BOX OF 6 MINI 50'S CRACKERS,3739,116,9266.84,244.97,9021.87,0.0264,403,300,511,0.6342,A
22244,3 HOOK HANGER MAGIC GARDEN,4776,106,9133.16,117.0,9016.16,0.0128,431,169,512,0.6347,A
21985,PACK OF 12 HEARTS DESIGN TISSUES,25583,108,8989.51,31.32,8958.19,0.0035,919,493,513,0.6352,A
21658,GLASS  BEURRE DISH,2231,109,9295.59,351.44,8944.15,0.0378,519,166,514,0.6356,A
23439,HAND WARMER RED LOVE HEART,4027,0,8941.61,0.0,8941.61,0.0,397,268,515,0.6361,A
22989,SET 2 PANTRY DESIGN TEA TOWELS,2815,24,9012.27,78.0,8934.27,0.0087,372,241,516,0.6366,A
21715,GIRLS VINTAGE TIN SEASIDE BUCKET,3553,33,8987.24,69.75,8917.49,0.0078,487,255,517,0.637,A
22371,AIRLINE BAG VINTAGE TOKYO 78,1836,18,8970.8,76.88,8893.92,0.0086,684,285,518,0.6375,A
22141,CHRISTMAS CRAFT TREE TOP ANGEL,3670,16,8909.91,33.6,8876.31,0.0038,572,313,519,0.638,A
22942,CHRISTMAS LIGHTS 10 SANTAS,1223,77,9483.41,612.85,8870.56,0.0646,246,176,520,0.6384,A
23318,BOX OF 6 MINI VINTAGE CRACKERS,3811,168,9167.39,368.71,8798.68,0.0402,376,270,521,0.6389,A
22839,3 TIER CAKE TIN GREEN AND CREAM,581,15,9001.07,222.05,8779.02,0.0247,260,142,522,0.6394,A
84839,SWEETHEART KEY CABINET,1538,53,8848.3,78.6,8769.7,0.0089,393,219,523,0.6398,A
23322,LARGE WHITE HEART OF WICKER,3085,103,8925.41,169.85,8755.56,0.019,562,350,524,0.6403,A
22895,SET OF 2 TEA TOWELS APPLE AND PEARS,2858,1106,8681.84,17.7,8664.14,0.002,411,232,525,0.6408,A
21042,RED SPOTTY APRON,1477,18,8741.11,105.8,8635.31,0.0121,399,200,526,0.6412,A
22110,BIRD HOUSE HOT WATER BOTTLE,2631,4,8620.76,10.2,8610.56,0.0012,512,217,527,0.6417,A
21980,PACK OF 12 RED RETROSPOT TISSUES,31342,192,8651.59,55.68,8595.91,0.0064,676,406,528,0.6421,A
22212,FOUR HOOK  WHITE LOVEBIRDS,4038,40,8671.7,84.0,8587.7,0.0097,828,323,529,0.6426,A
21735,TWO DOOR CURIO CABINET,853,479,11112.85,2535.6,8577.25,0.2282,262,139,530,0.643,A
23534,WALL ART STOP FOR TEA,1388,7,8614.85,41.65,8573.2,0.0048,260,159,531,0.6435,A
84032A,CHARLIE+LOLA PINK HOT WATER BOTTLE,3241,38,8644.75,112.1,8532.65,0.013,662,227,532,0.6439,A
21186,WHITE DOVE HONEYCOMB PAPER GARLAND,5277,10,8540.42,14.5,8525.92,0.0017,369,187,533,0.6444,A
23493,VINTAGE DOILY TRAVEL SEWING KIT,3970,6,8509.68,11.4,8498.28,0.0013,415,282,534,0.6448,A
23078,ICE CREAM PEN LIP GLOSS,6831,48,8553.34,60.0,8493.34,0.007,257,159,535,0.6453,A
23082,SET 6 PAPER TABLE LANTERN HEARTS,2333,28,8577.51,103.16,8474.35,0.012,297,205,536,0.6457,A
23535,WALL ART BICYCLE SAFETY,1329,1,8469.99,5.95,8464.04,0.0007,215,135,537,0.6462,A
21135,VICTORIAN  METAL POSTCARD SPRING,6027,1784,8638.22,182.8,8455.42,0.0212,405,251,538,0.6466,A
22283,6 EGG HOUSE PAINTED WOOD,1040,18,8596.69,143.1,8453.59,0.0166,382,196,539,0.647,A
21932,SCANDINAVIAN PAISLEY PICNIC BAG,3876,34,8508.16,58.3,8449.86,0.0069,649,315,540,0.6475,A
22751,FELTCRAFT PRINCESS OLIVIA DOLL,2271,6,8472.22,22.5,8449.72,0.0027,466,269,541,0.6479,A
72807C,SET/3 VANILLA SCENTED CANDLE IN BOX,2044,1131,9005.4,566.38,8439.02,0.0629,389,164,542,0.6484,A
22078,RIBBON REEL LACE DESIGN,4013,239,8510.84,79.8,8431.04,0.0094,480,246,543,0.6488,A
48189,DOOR MAT FRIENDSHIP,1322,28,8477.03,67.5,8409.53,0.008,274,152,544,0.6493,A
23321,SMALL WHITE HEART OF WICKER,4737,39,8473.27,64.35,8408.92,0.0076,629,378,545,0.6497,A
22079,RIBBON REEL HEARTS DESIGN,5054,61,8500.74,100.65,8400.09,0.0118,684,397,546,0.6502,A
22329,ROUND CONTAINER SET OF 5 RETROSPOT,5168,29,8445.3,47.85,8397.45,0.0057,610,261,547,0.6506,A
22354,RETROSPOT PADDED SEAT CUSHION,2229,19,8458.31,70.89,8387.42,0.0084,280,157,548,0.651,A
21411,GINGHAM HEART  DOORSTOP RED,2103,8,8394.39,34.0,8360.39,0.0041,624,358,549,0.6515,A
22073,RED RETROSPOT STORAGE JAR,2140,100,8517.89,164.28,8353.61,0.0193,474,227,550,0.6519,A
22215,CAKE STAND WHITE TWO TIER LACE,1091,62,8860.93,510.0,8350.93,0.0576,359,245,551,0.6524,A
23256,CHILDRENS CUTLERY SPACEBOY,2115,88,8675.37,338.0,8337.37,0.039,368,232,552,0.6528,A
20974,12 PENCILS SMALL TUBE SKULL,13236,612,8697.59,397.8,8299.79,0.0457,822,370,553,0.6532,A
22628,PICNIC BOXES SET OF 3 RETROSPOT,1748,27,8387.6,133.65,8253.95,0.0159,350,172,554,0.6537,A
22358,KINGS CHOICE TEA CADDY,2658,61,8414.26,170.35,8243.91,0.0202,605,295,555,0.6541,A
21244,BLUE POLKADOT PLATE,5047,98,8282.45,38.87,8243.58,0.0047,445,207,556,0.6545,A
21874,GIN AND TONIC MUG,6348,29,8229.17,36.46,8192.71,0.0044,617,211,557,0.655,A
21934,SKULL SHOULDER BAG,4602,61,8283.47,100.65,8182.82,0.0122,725,164,558,0.6554,A
22055,MINI CAKE STAND  HANGING STRAWBERY,4945,51,8212.19,82.95,8129.24,0.0101,724,252,559,0.6558,A
82551,LAUNDRY 15C METAL SIGN,5642,346,8082.59,7.7,8074.89,0.001,751,306,560,0.6563,A
84508A,CAMOUFLAGE DESIGN TEDDY,3809,97,8091.48,21.9,8069.58,0.0027,108,51,561,0.6567,A
21238,RED RETROSPOT CUP,9498,149,8181.85,126.39,8055.46,0.0154,903,324,562,0.6571,A
20829,GLITTER HANGING BUTTERFLY STRING,4828,1094,9841.82,1801.96,8039.86,0.1831,481,207,563,0.6575,A
85067,CREAM SWEETHEART WALL CABINET,498,20,8239.89,202.45,8037.44,0.0246,175,110,564,0.6579,A
20675,BLUE POLKADOT BOWL,6474,40,8079.08,49.81,8029.27,0.0062,693,281,565,0.6584,A
22689,DOORMAT MERRY CHRISTMAS RED,1092,88,8366.72,354.0,8012.72,0.0423,264,182,566,0.6588,A
21115,ROSE CARAVAN DOORSTOP,1252,1,7975.19,6.75,7968.44,0.0008,431,266,567,0.6592,A
22592,CARDHOLDER HOLLY WREATH METAL,1982,2,7964.34,7.5,7956.84,0.0009,304,207,568,0.6596,A
21116,OWL DOORSTOP,1356,34,7904.96,4.95,7900.01,0.0006,534,164,569,0.6601,A
22353,LUNCH BOX WITH CUTLERY FAIRY CAKES,3045,48,7933.19,51.0,7882.19,0.0064,493,200,570,0.6605,A
22350,ILLUSTRATED CAT BOWL,2841,2,7885.99,5.1,7880.89,0.0006,331,169,571,0.6609,A
22275,WEEKEND BAG VINTAGE ROSE PAISLEY,950,39,7909.33,42.5,7866.83,0.0054,313,168,572,0.6613,A
84568,GIRLS ALPHABET IRON ON PATCHES,38506,865,8033.47,181.65,7851.82,0.0226,310,49,573,0.6617,A
22738,RIBBON REEL SNOWY VILLAGE,4468,140,8047.22,207.0,7840.22,0.0257,498,274,574,0.6621,A
21875,KINGS CHOICE MUG,6824,71,7889.58,81.53,7808.05,0.0103,414,218,575,0.6625,A
21976,PACK OF 60 MUSHROOM CAKE CASES,14643,55,7832.52,30.25,7802.27,0.0039,950,404,576,0.6629,A
23238,SET OF 4 KNICK KNACK TINS LONDON,1862,16,7825.56,65.6,7759.96,0.0084,274,150,577,0.6634,A
21588,RETROSPOT GIANT TUBE MATCHES,3358,25,7766.4,63.75,7702.65,0.0082,284,191,578,0.6638,A
21110,LARGE CAKE TOWEL PINK SPOTS,1641,157,7736.12,38.9,7697.22,0.005,329,173,579,0.6642,A
22813,PACK 3 BOXES BIRD PANNETONE,3953,1,7679.43,1.95,7677.48,0.0003,373,222,580,0.6646,A
22504,CABIN BAG VINTAGE RETROSPOT,366,12,7985.03,322.25,7662.78,0.0404,115,55,581,0.665,A
23007,SPACEBOY BABY GIFT SET,499,6,7758.7,101.7,7657.0,0.0131,184,110,582,0.6654,A
20717,STRAWBERRY SHOPPER BAG,6301,125,7773.73,137.25,7636.48,0.0177,757,283,583,0.6658,A
21769,VINTAGE POST OFFICE CABINET,123,9,7954.87,319.8,7635.07,0.0402,48,42,584,0.6662,A
21381,MINI WOODEN HAPPY BIRTHDAY GARLAND,5113,603,8583.21,949.71,7633.5,0.1106,532,234,585,0.6666,A
22809,SET OF 6 T-LIGHTS SANTA,2598,48,7753.22,132.0,7621.22,0.017,379,259,586,0.667,A
23204,CHARLOTTE BAG APPLES DESIGN,7976,186,7741.94,138.34,7603.6,0.0179,583,199,587,0.6674,A
22165,"DIAMANTE HEART SHAPED WALL MIRROR,",976,20,7673.73,89.25,7584.48,0.0116,272,82,588,0.6678,A
84968C,SET OF 16 VINTAGE PISTACHIO CUTLERY,637,4,7629.25,51.0,7578.25,0.0067,191,64,589,0.6682,A
22528,GARDENERS KNEELING PAD,5830,4846,7630.91,56.25,7574.66,0.0074,554,284,590,0.6686,A
84032B,CHARLIE + LOLA RED HOT WATER BOTTLE,3291,78,7716.95,168.9,7548.05,0.0219,601,288,591,0.669,A
21870,I CAN ONLY PLEASE ONE PERSON MUG,6102,123,7651.24,121.25,7529.99,0.0158,630,243,592,0.6694,A
22784,LANTERN CREAM GAZEBO,1561,811,7776.64,249.0,7527.64,0.032,369,234,593,0.6698,A
22242,"HOOK, 5 HANGER , MAGIC TOADSTOOL",4779,110,7595.46,94.05,7501.41,0.0124,368,186,594,0.6702,A
22796,PHOTO FRAME 3 CLASSIC HANGING,810,419,8060.25,563.85,7496.4,0.07,316,201,595,0.6706,A
85064,CREAM SWEETHEART LETTER RACK,1599,106,7514.86,20.2,7494.66,0.0027,279,172,596,0.671,A
72351A,SET/6 TURQUOISE BUTTERFLY T-LIGHTS,3781,34,7557.17,67.03,7490.14,0.0089,427,174,597,0.6714,A
22669,RED BABY BUNTING,2391,55,7628.69,142.25,7486.44,0.0186,438,263,598,0.6717,A
22224,WHITE LOVEBIRD LANTERN,2374,22,7530.89,64.9,7465.99,0.0086,401,234,599,0.6721,A
22489,PACK OF 12 TRADITIONAL CRAYONS,17942,348,7559.59,128.88,7430.71,0.017,785,417,600,0.6725,A
21737,SET 3 WICKER LOG BASKETS,400,3,7402.56,0.0,7402.56,0.0,164,118,601,0.6729,A
22890,NOVELTY BISCUITS CAKE STAND 3 TIER,806,51,7881.66,481.35,7400.31,0.0611,260,148,602,0.6733,A
21746,SMALL RED RETROSPOT WINDMILL,5966,58,7469.59,72.5,7397.09,0.0097,488,234,603,0.6737,A
22588,CARD HOLDER GINGHAM HEART,2860,236,7805.23,411.87,7393.36,0.0528,483,320,604,0.6741,A
22550,HOLIDAY FUN LUDO,2064,88,7692.14,330.0,7362.14,0.0429,425,275,605,0.6745,A
82580,BATHROOM METAL SIGN,13273,295,7471.72,129.49,7342.23,0.0173,1336,443,606,0.6749,A
51008,AFGHAN SLIPPER SOCK PAIR,2604,925,8378.8,1054.05,7324.75,0.1258,80,44,607,0.6753,A
21561,DINOSAUR LUNCH BOX WITH CUTLERY,2980,3,7331.96,7.65,7324.31,0.001,522,260,608,0.6756,A
22029,SPACEBOY BIRTHDAY CARD,17698,60,7321.08,25.2,7295.88,0.0034,1101,429,609,0.676,A
21114,LAVENDER SCENTED FABRIC HEART,5716,60,7368.64,75.0,7293.64,0.0102,494,359,610,0.6764,A
23382,BOX OF 6 CHRISTMAS CAKE DECORATIONS,1875,17,7356.18,63.75,7292.43,0.0087,220,136,611,0.6768,A
22282,12 EGG HOUSE PAINTED WOOD,561,2,7304.69,25.5,7279.19,0.0035,216,92,612,0.6772,A
21876,POTTERING MUG,5673,85,7364.15,112.4,7251.75,0.0153,623,239,613,0.6776,A
21361,LOVE LARGE WOOD LETTERS,563,33,7450.99,202.2,7248.79,0.0271,286,181,614,0.6779,A
22493,PAINT YOUR OWN CANVAS SET,4750,274,7627.92,398.1,7229.82,0.0522,418,244,615,0.6783,A
22739,RIBBON REEL CHRISTMAS SOCK BAUBLE,4056,130,7415.19,190.5,7224.69,0.0257,601,329,616,0.6787,A
85065,CREAM SWEETHEART TRAYS,624,67,7575.44,377.8,7197.64,0.0499,256,162,617,0.6791,A
22798,ANTIQUE GLASS DRESSING TABLE POT,2372,52,7350.84,153.4,7197.44,0.0209,356,173,618,0.6795,A
22414,DOORMAT NEIGHBOURHOOD WITCH,1188,2,7211.06,16.2,7194.86,0.0022,220,92,619,0.6798,A
22945,CHRISTMAS METAL TAGS ASSORTED,7665,888,7386.1,210.78,7175.32,0.0285,338,244,620,0.6802,A
22465,HANGING METAL STAR LANTERN,4567,145,7366.74,217.65,7149.09,0.0295,461,270,621,0.6806,A
21981,PACK OF 12 WOODLAND TISSUES,26250,251,7142.8,9.69,7133.11,0.0014,553,282,622,0.681,A
22907,PACK OF 20 NAPKINS PANTRY DESIGN,8704,244,7294.33,167.08,7127.25,0.0229,829,445,623,0.6813,A
21463,MIRRORED DISCO BALL,1355,144,7520.51,397.35,7123.16,0.0528,302,169,624,0.6817,A
22626,BLACK KITCHEN SCALES,842,13,7209.98,110.5,7099.48,0.0153,339,200,625,0.6821,A
21625,VINTAGE UNION JACK APRON,991,191,7086.27,0.0,7086.27,0.0,334,186,626,0.6825,A
22577,WOODEN HEART CHRISTMAS SCANDINAVIAN,14028,401,7157.66,83.05,7074.61,0.0116,832,517,627,0.6828,A
22360,GLASS JAR ENGLISH CONFECTIONERY,2514,188,7567.95,527.4,7040.55,0.0697,425,209,628,0.6832,A
23083,SET 6 PAPER TABLE LANTERN STARS,1933,63,7254.65,214.17,7040.48,0.0295,246,161,629,0.6836,A
23320,GIANT 50'S CHRISTMAS CRACKER,2668,13,7072.16,37.57,7034.59,0.0053,333,260,630,0.6839,A
23543,WALL ART KEEP CALM,1237,0,7019.01,0.0,7019.01,0.0,103,81,631,0.6843,A
23236,STORAGE TIN VINTAGE DOILY,2509,33,7106.21,95.37,7010.84,0.0134,327,203,632,0.6847,A
21497,FANCY FONTS BIRTHDAY WRAP,17550,0,6999.0,0.0,6999.0,0.0,485,330,633,0.6851,A
21984,PACK OF 12 PINK PAISLEY TISSUES,25373,144,7030.33,41.28,6989.05,0.0059,432,256,634,0.6854,A
23293,SET OF 12 FAIRY CAKE BAKING CASES,8486,32,7001.99,26.56,6975.43,0.0038,552,323,635,0.6858,A
21700,BIG DOUGHNUT FRIDGE MAGNETS,6384,1437,7070.16,102.85,6967.31,0.0145,525,186,636,0.6862,A
22498,WOODEN REGATTA BUNTING,1140,0,6963.49,0.0,6963.49,0.0,381,211,637,0.6865,A
22563,HAPPY STENCIL CRAFT,5968,3,6956.35,3.75,6952.6,0.0005,533,293,638,0.6869,A
23283,DOORMAT VINTAGE LEAF,994,7,7003.38,57.45,6945.93,0.0082,233,146,639,0.6873,A
22567,20 DOLLY PEGS RETROSPOT,5587,63,6991.53,61.45,6930.08,0.0088,506,287,640,0.6876,A
22656,VINTAGE BLUE KITCHEN CABINET,45,39,9290.0,2368.5,6921.5,0.255,37,30,641,0.688,A
21768,WALL MOUNTED VINTAGE ORGANISER,510,408,6924.04,27.7,6896.34,0.004,163,95,642,0.6884,A
21903,MAN FLU METAL SIGN,3443,16,6923.57,33.1,6890.47,0.0048,407,230,643,0.6887,A
22644,CERAMIC CHERRY CAKE MONEY BANK,4892,107,7120.63,254.45,6866.18,0.0357,610,304,644,0.6891,A
37450,CERAMIC CAKE BOWL + HANGING CAKES,2452,288,7046.74,193.2,6853.54,0.0274,391,138,645,0.6894,A
23254,CHILDRENS CUTLERY DOLLY GIRL,1710,20,6932.16,83.0,6849.16,0.012,299,204,646,0.6898,A
23215,JINGLE BELL HEART ANTIQUE SILVER,3567,120,7044.64,214.8,6829.84,0.0305,210,162,647,0.6902,A
21563,RED HEART SHAPE LOVE BUCKET,2788,19,6881.61,52.05,6829.56,0.0076,362,180,648,0.6905,A
23103,JINGLE BELL HEART DECORATION,4080,28,6859.36,46.2,6813.16,0.0067,365,231,649,0.6909,A
22378,WALL TIDY RETROSPOT,3756,15,6841.21,31.5,6809.71,0.0046,546,167,650,0.6912,A
22377,BOTTLE BAG RETROSPOT,3620,60,6924.31,116.8,6807.51,0.0169,435,200,651,0.6916,A
23541,WALL ART CLASSIC PUDDINGS,872,2,6823.91,16.5,6807.41,0.0024,152,97,652,0.692,A
20973,12 PENCIL SMALL TUBE WOODLAND,9882,52,6786.3,4.55,6781.75,0.0007,658,309,653,0.6923,A
22938,CUPCAKE LACE PAPER SET 6,3687,60,6891.25,117.0,6774.25,0.017,273,237,654,0.6927,A
47559B,TEA TIME OVEN GLOVE,5281,138,6836.9,67.5,6769.4,0.0099,745,303,655,0.693,A
37448,CERAMIC CAKE DESIGN SPOTTED MUG,4570,146,6858.5,97.86,6760.64,0.0143,528,198,656,0.6934,A
23297,SET 40 HEART SHAPE PETIT FOUR CASES,4303,26,6792.23,42.9,6749.33,0.0063,161,123,657,0.6937,A
22311,OFFICE MUG WARMER BLACK+SILVER,2125,10,6782.11,33.5,6748.61,0.0049,300,120,658,0.6941,A
21992,VINTAGE PAISLEY STATIONERY SET,3333,6,6766.15,17.7,6748.45,0.0026,656,242,659,0.6944,A
22431,WATERING CAN BLUE ELEPHANT,3368,18,6777.37,35.1,6742.27,0.0052,620,269,660,0.6948,A
22432,WATERING CAN PINK BUNNY,3536,18,6738.22,35.1,6703.12,0.0052,517,266,661,0.6952,A
22781,GUMBALL MAGAZINE RACK,868,51,7068.23,366.75,6701.48,0.0519,307,160,662,0.6955,A
23229,VINTAGE DONKEY TAIL GAME,1869,11,6739.71,40.89,6698.82,0.0061,256,186,663,0.6959,A
84509A,SET OF 4 ENGLISH ROSE PLACEMATS,1637,13,6746.28,48.75,6697.53,0.0072,479,180,664,0.6962,A
22746,POPPY'S PLAYHOUSE LIVINGROOM,2921,12,6722.35,25.2,6697.15,0.0037,564,319,665,0.6966,A
22845,VINTAGE CREAM CAT FOOD CONTAINER,1001,14,6777.3,88.1,6689.2,0.013,394,192,666,0.6969,A
85014D,PINK/BROWN DOTS RUFFLED UMBRELLA,1919,29,6670.4,0.0,6670.4,0.0,90,73,667,0.6973,A
37500,TEA TIME TEAPOT IN GIFT BOX,881,13,6787.46,119.97,6667.49,0.0177,263,147,668,0.6976,A
23480,MINI LIGHTS WOODLAND MUSHROOMS,1800,20,6726.64,68.1,6658.54,0.0101,215,143,669,0.698,A
84884A,ANT WHITE WIRE HEART SPIRAL,1757,1,6659.17,3.95,6655.22,0.0006,347,195,670,0.6983,A
21107,CREAM SLICE FLANNEL PINK SPOT,2312,0,6654.27,0.0,6654.27,0.0,313,167,671,0.6987,A
85174,S/4 CACTI CANDLES,1471,141,7252.86,607.65,6645.21,0.0838,357,126,672,0.699,A
23109,PACK OF SIX LED TEA LIGHTS,2401,96,6878.37,239.04,6639.33,0.0348,268,178,673,0.6994,A
23008,DOLLY GIRL BABY GIFT SET,435,7,6753.51,118.65,6634.86,0.0176,133,99,674,0.6997,A
22661,CHARLOTTE BAG DOLLY GIRL DESIGN,8231,16,6647.65,13.34,6634.31,0.002,631,246,675,0.7001,A
22187,GREEN CHRISTMAS TREE CARD HOLDER,2105,145,6824.95,191.45,6633.5,0.0281,364,230,676,0.7004,A
22898,CHILDRENS APRON APPLES DESIGN,3180,151,6627.56,1.65,6625.91,0.0002,471,261,677,0.7008,A
85068,CREAM SWEETHEART SHELF + HOOKS,961,8,6655.19,29.8,6625.39,0.0045,197,130,678,0.7011,A
22430,ENAMEL WATERING CAN CREAM,1402,37,6786.13,171.95,6614.18,0.0253,356,230,679,0.7015,A
22575,METAL MERRY CHRISTMAS WREATH,3144,224,6760.16,160.5,6599.66,0.0237,330,207,680,0.7018,A
23247,BISCUIT TIN 50'S CHRISTMAS,2206,46,6715.93,118.54,6597.39,0.0177,309,231,681,0.7022,A
22221,CAKE STAND LOVEBIRD 2 TIER PINK,906,12,6712.28,119.4,6592.88,0.0178,156,108,682,0.7025,A
22810,SET OF 6 T-LIGHTS SNOWMEN,2210,89,6761.58,169.6,6591.98,0.0251,328,213,683,0.7029,A
22059,CERAMIC STRAWBERRY DESIGN MUG,4974,65,6687.49,96.85,6590.64,0.0145,458,183,684,0.7032,A
84520B,PACK 20 ENGLISH ROSE PAPER NAPKINS,7513,73,6590.07,10.2,6579.87,0.0015,732,327,685,0.7036,A
22827,RUSTIC  SEVENTEEN DRAWER SIDEBOARD,46,12,7150.0,580.0,6570.0,0.0811,35,29,686,0.7039,A
22526,WHEELBARROW FOR CHILDREN,545,12,6702.42,153.0,6549.42,0.0228,207,153,687,0.7042,A
21592,RETROSPOT CIGAR BOX MATCHES,5896,24,6576.6,30.0,6546.6,0.0046,476,312,688,0.7046,A
22779,WOODEN OWLS LIGHT GARLAND,1739,26,6648.35,110.5,6537.85,0.0166,193,112,689,0.7049,A
21240,BLUE POLKADOT CUP,7590,45,6543.39,37.99,6505.4,0.0058,769,287,690,0.7053,A
22080,RIBBON REEL SPOTS DESIGN,3922,602,6570.19,67.65,6502.54,0.0103,519,336,691,0.7056,A
16156S,WRAP PINK FAIRY CAKES,16661,256,6558.62,61.32,6497.3,0.0093,419,271,692,0.706,A
21201,TROPICAL  HONEYCOMB PAPER GARLAND,2743,403,6522.26,33.15,6489.11,0.0051,235,109,693,0.7063,A
22596,CHRISTMAS STAR WISH LIST CHALKBOARD,6371,88,6515.6,34.12,6481.48,0.0052,438,309,694,0.7066,A
85062,PEARL CRYSTAL PUMPKIN T-LIGHT HLDR,3964,9,6491.98,14.27,6477.71,0.0022,342,172,695,0.707,A
47502,POLKADOT CUTLERY 24 PCS IN TRAY,640,87,6855.75,387.95,6467.8,0.0566,79,40,696,0.7073,A
23553,LANDMARK FRAME CAMDEN TOWN,569,0,6457.15,0.0,6457.15,0.0,68,50,697,0.7077,A
21500,PINK POLKADOT WRAP,15975,0,6453.5,0.0,6453.5,0.0,492,301,698,0.708,A
21494,ROTATING LEAVES T-LIGHT HOLDER,3839,4,6456.5,5.0,6451.5,0.0008,501,147,699,0.7083,A
23311,VINTAGE CHRISTMAS STOCKING,2390,15,6488.2,38.25,6449.95,0.0059,344,246,700,0.7087,A
15060B,FAIRY CAKE DESIGN UMBRELLA,1420,62,6490.54,42.22,6448.32,0.0065,454,174,701,0.709,A
35004B,SET OF 3 BLACK FLYING DUCKS,1474,323,6809.65,364.65,6445.0,0.0535,275,64,702,0.7094,A
22142,CHRISTMAS CRAFT WHITE FAIRY,4313,108,6464.24,26.1,6438.14,0.004,503,336,703,0.7097,A
23571,TRADITIONAL NAUGHTS & CROSSES,2859,0,6436.61,0.0,6436.61,0.0,257,195,704,0.71,A
23134,LARGE ZINC HEART WALL ORGANISER,1065,0,6431.11,0.0,6431.11,0.0,38,29,705,0.7104,A
23188,VINTAGE  2 METER FOLDING RULER,3473,14,6451.07,23.1,6427.97,0.0036,333,207,706,0.7107,A
22991,GIRAFFE WOODEN RULER,3889,714,7608.79,1185.9,6422.89,0.1559,274,185,707,0.7111,A
22199,FRYING PAN RED RETROSPOT,1829,283,7485.85,1066.75,6419.1,0.1425,405,158,708,0.7114,A
22220,CAKE STAND LOVEBIRD 2 TIER WHITE,746,51,6895.39,485.7,6409.69,0.0704,270,190,709,0.7117,A
21239,PINK  POLKADOT CUP,7382,52,6449.44,44.07,6405.37,0.0068,751,266,710,0.7121,A
22148,EASTER CRAFT 4 CHICKS,3247,90,6499.79,101.4,6398.39,0.0156,299,209,711,0.7124,A
21989,PACK OF 20 SKULL PAPER NAPKINS,8565,624,6801.75,409.44,6392.31,0.0602,654,264,712,0.7127,A
85175,CACTI T-LIGHT CANDLES,15614,3401,6626.42,248.82,6377.6,0.0375,442,199,713,0.7131,A
22063,CERAMIC BOWL WITH STRAWBERRY DESIGN,2315,16,6391.46,46.8,6344.66,0.0073,356,142,714,0.7134,A
23307,SET OF 60 PANTRY DESIGN CAKE CASES,12063,88,6379.59,48.4,6331.19,0.0076,629,366,715,0.7138,A
22578,WOODEN STAR CHRISTMAS SCANDINAVIAN,13320,1183,6433.98,112.49,6321.49,0.0175,768,484,716,0.7141,A
79067,CORONA MEXICAN TRAY,1616,168,6383.95,62.7,6321.25,0.0098,396,160,717,0.7144,A
47599B,BLUE PARTY BAGS,3493,206,6664.64,343.96,6320.68,0.0516,286,170,718,0.7147,A
11001,ASSTD DESIGN RACING CAR PEN,4832,811,7413.72,1093.39,6320.33,0.1475,251,118,719,0.7151,A
22783,SET 3 WICKER OVAL BASKETS W LIDS,482,0,6316.3,0.0,6316.3,0.0,45,38,720,0.7154,A
84968A,SET OF 16 VINTAGE ROSE CUTLERY,535,34,6688.9,390.3,6298.6,0.0584,208,66,721,0.7157,A
23169,CLASSIC GLASS COOKIE JAR,1558,328,6671.14,379.15,6291.99,0.0568,314,203,722,0.7161,A
22185,SLATE TILE NATURAL HANGING,3942,4,6293.42,6.6,6286.82,0.001,462,298,723,0.7164,A
22979,PANTRY WASHING UP BRUSH,4097,91,6401.97,117.55,6284.42,0.0184,381,225,724,0.7167,A
22460,EMBOSSED GLASS TEALIGHT HOLDER,4784,26,6300.12,32.12,6268.0,0.0051,376,206,725,0.7171,A
22065,CHRISTMAS PUDDING TRINKET POT,8688,45,6320.12,54.77,6265.35,0.0087,456,249,726,0.7174,A
85047,WHITE BEADED GARLAND STRING 20LIGHT,1054,202,6683.38,450.7,6232.68,0.0674,236,137,727,0.7177,A
23172,REGENCY TEA PLATE PINK,3871,102,6360.91,154.3,6206.61,0.0243,305,160,728,0.7181,A
22364,GLASS JAR DIGESTIVE BISCUITS,2060,111,6516.31,309.85,6206.46,0.0475,340,164,729,0.7184,A
21078,SET/20 STRAWBERRY PAPER NAPKINS,7226,302,6194.0,1.7,6192.3,0.0003,741,342,730,0.7187,A
22906,12 MESSAGE CARDS WITH ENVELOPES,3395,61,6256.08,88.65,6167.43,0.0142,445,274,731,0.719,A
21714,CITRONELLA CANDLE GARDEN POT,4321,70,6229.89,70.1,6159.79,0.0113,522,230,732,0.7194,A
22582,PACK OF 6 SWEETIE GIFT BOXES,2526,78,6334.97,183.6,6151.37,0.029,295,225,733,0.7197,A
20751,FUNKY WASHING UP GLOVES ASSORTED,2903,38,6157.66,6.3,6151.36,0.001,471,264,734,0.72,A
22222,CAKE PLATE LOVEBIRD WHITE,1490,5,6165.79,24.75,6141.04,0.004,403,203,735,0.7203,A
23192,BUNDLE OF 3 ALPHABET EXERCISE BOOKS,3533,3,6142.29,4.95,6137.34,0.0008,345,224,736,0.7207,A
84832,ZINC WILLIE WINKIE  CANDLE STICK,6799,12,6138.95,10.2,6128.75,0.0017,630,281,737,0.721,A
22196,SMALL HEART MEASURING SPOONS,6607,45,6159.04,36.04,6123.0,0.0059,981,304,738,0.7213,A
21584,RETROSPOT SMALL TUBE MATCHES,3805,27,6129.45,44.55,6084.9,0.0073,352,253,739,0.7216,A
22849,BREAD BIN DINER STYLE MINT,405,16,6321.63,251.2,6070.43,0.0397,162,101,740,0.7219,A
22780,LIGHT GARLAND BUTTERFILES PINK,1625,25,6176.09,106.25,6069.84,0.0172,179,110,741,0.7223,A
22435,SET OF 9 HEART SHAPED BALLOONS,4942,573,6218.97,154.75,6064.22,0.0249,537,303,742,0.7226,A
10002,INFLATABLE POLITICAL GLOBE,8676,1226,6946.51,883.55,6062.96,0.1272,362,164,743,0.7229,A
21918,SET 12 KIDS COLOUR  CHALK STICKS,14615,386,6020.28,18.06,6002.22,0.003,788,369,744,0.7232,A
22772,PINK DRAWER KNOB ACRYLIC EDWARDIAN,4453,15,6009.92,18.75,5991.17,0.0031,314,105,745,0.7235,A
21499,BLUE POLKADOT WRAP,15077,484,6070.34,82.5,5987.84,0.0136,460,302,746,0.7238,A
21591,COSY HOUR CIGAR BOX MATCHES,4018,321,6053.08,67.5,5985.58,0.0112,365,264,747,0.7242,A
22855,FINE WICKER HEART,4808,16,5995.49,15.0,5980.49,0.0025,427,271,748,0.7245,A
22331,WOODLAND PARTY BAG + STICKER SET,3660,28,6011.57,46.2,5965.37,0.0077,437,225,749,0.7248,A
23312,VINTAGE CHRISTMAS GIFT SACK,1424,1,5968.3,4.15,5964.15,0.0007,214,168,750,0.7251,A
23296,SET OF 6 TEA TIME BAKING CASES,4981,27,5988.05,33.75,5954.3,0.0056,378,243,751,0.7254,A
22045,SPACEBOY GIFT WRAP,14567,105,5992.14,44.1,5948.04,0.0074,473,290,752,0.7257,A
21586,KINGS CHOICE GIANT TUBE MATCHES,2590,184,6036.6,94.35,5942.25,0.0156,238,172,753,0.726,A
23052,RECYCLED ACAPULCO MAT TURQUOISE,654,1,5949.34,8.25,5941.09,0.0014,278,147,754,0.7264,A
22848,BREAD BIN DINER STYLE PINK,382,29,6145.55,208.35,5937.2,0.0339,151,75,755,0.7267,A
23526,WALL ART DOG LICENCE,1012,16,6021.4,95.2,5926.2,0.0158,143,79,756,0.727,A
23118,PARISIENNE JEWELLERY DRAWER,813,60,6102.18,180.0,5922.18,0.0295,258,154,757,0.7273,A
48197,DOOR MAT BIRD ON THE WIRE,898,7,5905.64,0.0,5905.64,0.0,225,81,758,0.7276,A
21407,BROWN CHECK CAT DOORSTOP,1297,21,5896.08,8.5,5887.58,0.0014,453,231,759,0.7279,A
22241,GARLAND WOODEN HAPPY EASTER,4377,18,5897.42,22.31,5875.11,0.0038,474,242,760,0.7282,A
22841,ROUND CAKE TIN VINTAGE GREEN,773,19,6010.47,151.05,5859.42,0.0251,306,219,761,0.7285,A
22332,SKULLS PARTY BAG + STICKER SET,4159,458,6522.2,669.3,5852.9,0.1026,381,233,762,0.7288,A
22278,OVERNIGHT BAG VINTAGE ROSE PAISLEY,1018,21,5969.43,117.32,5852.11,0.0197,383,164,763,0.7292,A
22737,RIBBON REEL CHRISTMAS PRESENT,3299,40,5894.88,66.0,5828.88,0.0112,493,300,764,0.7295,A
22491,PACK OF 12 COLOURED PENCILS,7436,180,5961.05,134.28,5826.77,0.0225,390,264,765,0.7298,A
85038,6 CHOCOLATE LOVE HEART T-LIGHTS,2786,0,5820.38,0.0,5820.38,0.0,382,191,766,0.7301,A
22361,GLASS JAR DAISY FRESH COTTON WOOL,1850,81,6051.01,232.85,5818.16,0.0385,496,189,767,0.7304,A
22167,OVAL WALL MIRROR DIAMANTE,691,38,6066.28,248.75,5817.53,0.041,303,92,768,0.7307,A
22660,DOORMAT I LOVE LONDON,884,6,5862.8,47.7,5815.1,0.0081,194,96,769,0.731,A
22971,QUEENS GUARD COFFEE MUG,2431,16,5849.29,37.65,5811.64,0.0064,272,164,770,0.7313,A
85132C,CHARLIE AND LOLA FIGURES TINS,2066,121,5865.04,79.4,5785.64,0.0135,306,144,771,0.7316,A
22687,DOORMAT CHRISTMAS VILLAGE,895,41,5784.67,0.0,5784.67,0.0,149,97,772,0.7319,A
21832,CHOCOLATE CALCULATOR,3346,42,5849.96,69.3,5780.66,0.0118,459,204,773,0.7322,A
23154,SET OF 4 JAM JAR MAGNETS,2732,61,5907.36,126.88,5780.48,0.0215,235,141,774,0.7325,A
79323LP,LIGHT PINK CHERRY LIGHTS,1433,3084,8481.19,2702.8,5778.39,0.3187,170,107,775,0.7328,A
22618,COOKING SET RETROSPOT,720,1812,7004.25,1226.07,5778.18,0.175,242,180,776,0.7331,A
84968B,S/16 VINTAGE IVORY CUTLERY,434,278,5783.39,12.75,5770.64,0.0022,137,51,777,0.7334,A
22899,CHILDREN'S APRON DOLLY GIRL,2774,7,5771.86,14.45,5757.41,0.0025,421,249,778,0.7337,A
22964,3 PIECE SPACEBOY COOKIE CUTTER SET,2765,14,5777.23,29.4,5747.83,0.0051,408,228,779,0.734,A
22200,FRYING PAN PINK POLKADOT,1296,11,5784.92,44.25,5740.67,0.0076,357,120,780,0.7343,A
21667,GLASS CAKE COVER AND PLATE,354,62,6126.25,393.75,5732.5,0.0643,163,119,781,0.7346,A
22441,GROW YOUR OWN BASIL IN ENAMEL MUG,2651,10,5744.27,21.0,5723.27,0.0037,472,295,782,0.7349,A
22115,METAL SIGN EMPIRE TEA,2892,1,5703.95,2.95,5701.0,0.0005,500,244,783,0.7352,A
85178,VICTORIAN SEWING KIT,5483,301,6030.77,337.85,5692.92,0.056,313,177,784,0.7355,A
22826,LOVE SEAT ANTIQUE WHITE METAL,58,4,6210.0,517.5,5692.5,0.0833,41,33,785,0.7358,A
22951,60 CAKE CASES DOLLY GIRL DESIGN,11032,240,5807.42,116.4,5691.02,0.02,634,345,786,0.7361,A
21313,GLASS HEART T-LIGHT HOLDER,6738,158,5794.06,110.15,5683.91,0.019,415,173,787,0.7364,A
21577,SAVE THE PLANET COTTON TOTE BAG,2557,16,5718.77,36.0,5682.77,0.0063,464,241,788,0.7367,A
21452,TOADSTOOL MONEY BOX,1883,44,5754.93,127.0,5627.93,0.0221,408,228,789,0.737,A
22854,CREAM SWEETHEART EGG HOLDER,1160,46,5624.5,29.7,5594.8,0.0053,244,169,790,0.7373,A
23205,CHARLOTTE BAG VINTAGE ALPHABET,5859,191,5728.08,140.25,5587.83,0.0245,467,201,791,0.7376,A
22119,PEACE WOODEN BLOCK LETTERS,910,7,5631.17,48.65,5582.52,0.0086,340,244,792,0.7379,A
21703,BAG 125g SWIRLY MARBLES,14579,171,5647.31,71.82,5575.49,0.0127,561,293,793,0.7382,A
23531,WALL ART BIG LOVE,979,0,5559.11,0.0,5559.11,0.0,112,77,794,0.7385,A
84971S,SMALL HEART FLOWERS HOOK,6544,506,5544.92,1.7,5543.22,0.0003,462,180,795,0.7388,A
22653,BUTTON BOX,3033,44,5622.11,85.8,5536.31,0.0153,381,156,796,0.7391,A
21900,"KEY FOB , SHED",8337,3045,5538.24,3.25,5534.99,0.0006,835,361,797,0.7394,A
23133,LARGE IVORY HEART WALL ORGANISER,782,1,5525.4,8.25,5517.15,0.0015,155,94,798,0.7397,A
22060,LARGE CAKE STAND HANGING HEARTS,735,43,5699.31,186.7,5512.61,0.0328,158,112,799,0.74,A
21528,DAIRY MAID TRADITIONAL TEAPOT,905,32,5721.85,213.4,5508.45,0.0373,257,145,800,0.7403,A
82599,FANNY'S REST STOPMETAL SIGN,2519,305,5508.84,6.76,5502.08,0.0012,506,185,801,0.7405,A
23583,LUNCH BAG PAISLEY PARK,3395,10,5513.83,16.5,5497.33,0.003,325,233,802,0.7408,A
40016,CHINESE DRAGON PAPER LANTERNS,15447,1960,5492.35,0.0,5492.35,0.0,244,133,803,0.7411,A
23177,TREASURE ISLAND BOOK BOX,2535,20,5528.04,45.0,5483.04,0.0081,267,174,804,0.7414,A
84968D,SET OF 16 VINTAGE RED CUTLERY,476,267,5494.08,12.75,5481.33,0.0023,110,45,805,0.7417,A
85061W,WHITE JEWELLED HEART DECORATION,6366,416,5502.49,21.25,5481.24,0.0039,469,201,806,0.742,A
22602,CHRISTMAS RETROSPOT HEART WOOD,6530,52,5521.82,44.2,5477.62,0.008,535,305,807,0.7423,A
23126,FELTCRAFT GIRL AMELIE KIT,1114,16,5556.79,79.2,5477.59,0.0143,291,198,808,0.7426,A
72802C,VANILLA SCENT CANDLE JEWELLED BOX,2186,635,6060.1,584.06,5476.04,0.0964,270,143,809,0.7429,A
22534,MAGIC DRAWING SLATE SPACEBOY,12894,329,5516.05,58.38,5457.67,0.0106,583,353,810,0.7431,A
16161P,WRAP ENGLISH ROSE,13273,275,5466.9,10.5,5456.4,0.0019,440,289,811,0.7434,A
20983,12 PENCILS TALL TUBE RED RETROSPOT,6295,31,5481.83,26.35,5455.48,0.0048,641,359,812,0.7437,A
21988,PACK OF 6 SKULL PAPER PLATES,7830,576,5820.95,368.64,5452.31,0.0633,416,209,813,0.744,A
79029,GLASS HONEYPOT WASP CATCHER,2958,233,5501.12,49.35,5451.77,0.009,343,201,814,0.7443,A
22437,SET OF 9 BLACK SKULL BALLOONS,6518,16,5461.37,13.6,5447.77,0.0025,443,258,815,0.7446,A
23485,BOTANICAL GARDENS WALL CLOCK,262,18,5843.92,407.4,5436.52,0.0697,83,70,816,0.7449,A
72756,FAIRY CAKE CANDLES,4021,421,5472.89,37.25,5435.64,0.0068,129,114,817,0.7451,A
20978,36 PENCILS TUBE SKULLS,4129,18,5453.57,22.5,5431.07,0.0041,557,253,818,0.7454,A
22156,HEART DECORATION WITH PEARLS,6245,217,5613.22,183.41,5429.81,0.0327,581,259,819,0.7457,A
22203,MILK PAN RED RETROSPOT,1403,15,5473.26,56.25,5417.01,0.0103,392,166,820,0.746,A
23135,SMALL ZINC HEART WALL ORGANISER,1541,27,5416.18,0.0,5416.18,0.0,45,31,821,0.7463,A
22443,GROW YOUR OWN HERBS SET OF 3,690,12,5449.08,39.75,5409.33,0.0073,264,193,822,0.7466,A
22483,RED GINGHAM TEDDY BEAR,1883,17,5458.21,50.15,5408.06,0.0092,349,223,823,0.7469,A
21730,GLASS STAR FROSTED T-LIGHT HOLDER,1124,46,5578.72,172.55,5406.17,0.0309,293,155,824,0.7471,A
22763,KEY CABINET MA CAMPAGNE,666,7,5470.39,69.65,5400.74,0.0127,135,95,825,0.7474,A
23158,SET OF 5 LUCKY CAT MAGNETS,2635,60,5517.99,124.8,5393.19,0.0226,255,96,826,0.7477,A
22085,PAPER CHAIN KIT SKULLS,2539,585,6886.82,1501.75,5385.07,0.2181,230,141,827,0.748,A
22335,HEART DECORATION PAINTED ZINC,8682,495,5655.17,292.95,5362.22,0.0518,510,242,828,0.7483,A
84937,KASHMIR FOLKART TUMBLERS,2543,765,5396.64,37.8,5358.84,0.007,124,50,829,0.7486,A
35832,WOOLLY HAT SOCK GLOVE ADVENT STRING,1739,208,5347.75,13.55,5334.2,0.0025,188,132,830,0.7488,A
21432,SET OF 3 CASES WOODLAND DESIGN,943,94,5441.86,129.35,5312.51,0.0238,237,152,831,0.7491,A
21491,SET OF THREE VINTAGE GIFT WRAPS,2897,66,5404.06,99.45,5304.61,0.0184,248,184,832,0.7494,A
85132A,CHARLIE + LOLA BISCUITS TINS,1364,102,5330.9,33.75,5297.15,0.0063,260,98,833,0.7497,A
22775,PURPLE DRAWERKNOB ACRYLIC EDWARDIAN,3779,110,5372.53,87.5,5285.03,0.0163,284,98,834,0.75,A
22175,PINK OWL SOFT TOY,1829,8,5293.06,23.6,5269.46,0.0045,363,161,835,0.7502,A
21363,HOME SMALL WOOD LETTERS,994,38,5345.98,92.65,5253.33,0.0173,401,224,836,0.7505,A
22186,RED STAR CARD HOLDER,2005,70,5434.35,182.3,5252.05,0.0335,345,234,837,0.7508,A
22070,SMALL RED RETROSPOT MUG IN BOX,1840,339,5720.24,474.79,5245.45,0.083,320,217,838,0.7511,A
37495,FAIRY CAKE BIRTHDAY CANDLE SET,1561,142,5736.35,493.2,5243.15,0.086,330,206,839,0.7513,A
22998,TRAVEL CARD WALLET KEEP CALM,12490,177,5314.9,74.34,5240.56,0.014,534,217,840,0.7516,A
37446,MINI CAKE STAND WITH HANGING CAKES,3704,839,5351.1,121.7,5229.4,0.0227,410,168,841,0.7519,A
22030,SWALLOWS GREETING CARD,12927,755,5278.48,50.4,5228.08,0.0095,685,353,842,0.7522,A
21993,FLORAL FOLK STATIONERY SET,2858,12,5233.23,15.0,5218.23,0.0029,577,208,843,0.7524,A
22896,PEG BAG APPLES DESIGN,2085,218,5253.5,45.9,5207.6,0.0087,367,187,844,0.7527,A
22117,METAL SIGN HER DINNER IS SERVED,1765,1,5207.73,2.95,5204.78,0.0006,230,142,845,0.753,A
23132,SMALL IVORY HEART WALL ORGANISER,1034,4,5219.1,23.0,5196.1,0.0044,152,115,846,0.7533,A
21718,RED METAL BEACH SPADE,4033,52,5254.05,65.0,5189.05,0.0124,467,223,847,0.7535,A
22433,WATERING CAN GREEN DINOSAUR,2793,4215,5215.53,29.25,5186.28,0.0056,422,211,848,0.7538,A
21587,COSY HOUR GIANT TUBE MATCHES,2081,59,5198.55,15.3,5183.25,0.0029,260,207,849,0.7541,A
22842,BISCUIT TIN VINTAGE RED,819,20,5315.33,134.2,5181.13,0.0252,237,183,850,0.7544,A
22476,EMPIRE UNION JACK TV DINNER TRAY,1334,10,5228.51,49.5,5179.01,0.0095,269,145,851,0.7546,A
22801,ANTIQUE GLASS PEDESTAL BOWL,1305,37,5296.7,138.39,5158.31,0.0261,299,173,852,0.7549,A
22412,METAL SIGN NEIGHBOURHOOD WITCH,2410,39,5159.72,4.2,5155.52,0.0008,402,166,853,0.7552,A
22894,TABLECLOTH RED APPLES DESIGN,562,52,5169.28,17.0,5152.28,0.0033,192,125,854,0.7555,A
22472,TV DINNER TRAY DOLLY GIRL,1102,5,5175.17,24.75,5150.42,0.0048,250,131,855,0.7557,A
23162,REGENCY TEA STRAINER,1412,0,5143.69,0.0,5143.69,0.0,176,96,856,0.756,A
21872,GLAMOROUS  MUG,5099,35,5172.55,41.47,5131.08,0.008,330,169,857,0.7563,A
22218,CAKE STAND LACE WHITE,1235,67,5378.41,250.75,5127.66,0.0466,264,143,858,0.7565,A
23263,SET OF 3 WOODEN HEART DECORATIONS,3893,47,5184.69,58.75,5125.94,0.0113,445,269,859,0.7568,A
22168,ORGANISER WOOD ANTIQUE WHITE,662,308,5501.43,381.65,5119.78,0.0694,312,250,860,0.7571,A
21495,SKULLS AND CROSSBONES WRAP,12465,25,5119.3,10.5,5108.8,0.0021,376,201,861,0.7573,A
21471,STRAWBERRY RAFFIA FOOD COVER,1411,4,5114.38,15.0,5099.38,0.0029,319,165,862,0.7576,A
22374,AIRLINE BAG VINTAGE JET SET RED,1027,5,5116.84,23.35,5093.49,0.0046,430,226,863,0.7579,A
22610,PENS ASSORTED FUNNY FACE,12716,36,5114.38,30.6,5083.78,0.006,287,157,864,0.7581,A
23295,SET OF 12 MINI LOAF BAKING CASES,6140,13,5078.43,10.79,5067.64,0.0021,444,250,865,0.7584,A
22571,ROCKING HORSE RED CHRISTMAS,5791,109,5144.59,80.17,5064.42,0.0156,511,294,866,0.7587,A
21578,WOODLAND DESIGN  COTTON TOTE BAG,2213,292,5080.86,22.5,5058.36,0.0044,380,184,867,0.7589,A
23234,BISCUIT TIN VINTAGE CHRISTMAS,1725,16,5088.45,46.24,5042.21,0.0091,277,201,868,0.7592,A
23397,FOOT STOOL HOME SWEET HOME,489,15,5097.65,59.7,5037.95,0.0117,217,139,869,0.7595,A
21544,SKULLS  WATER TRANSFER TATTOOS,6067,24,5054.76,20.4,5034.36,0.004,503,229,870,0.7597,A
84796B,BLUE SAVANNAH PICNIC HAMPER FOR 2,602,42,5016.91,0.0,5016.91,0.0,182,28,871,0.76,A
21071,VINTAGE BILLBOARD DRINK ME MUG,4294,94,5029.57,13.67,5015.9,0.0027,472,163,872,0.7603,A
22426,ENAMEL WASH BOWL CREAM,1334,53,5137.05,129.7,5007.35,0.0252,372,182,873,0.7605,A
22732,3D VINTAGE CHRISTMAS STICKERS,3775,0,5004.34,0.0,5004.34,0.0,337,195,874,0.7608,A
23310,BUBBLEGUM RING ASSORTED,12050,0,4997.28,0.0,4997.28,0.0,245,146,875,0.7611,A
23165,LARGE CERAMIC TOP STORAGE JAR,3118,102,5147.66,154.5,4993.16,0.03,280,167,876,0.7613,A
23494,VINTAGE DOILY DELUXE SEWING KIT,813,65,5377.81,386.75,4991.06,0.0719,205,145,877,0.7616,A
21713,CITRONELLA CANDLE FLOWERPOT,2769,128,5221.04,233.0,4988.04,0.0446,391,232,878,0.7619,A
20977,36 PENCILS TUBE WOODLAND,3801,280,5081.24,95.0,4986.24,0.0187,485,242,879,0.7621,A
21112,"SWISS ROLL TOWEL, PINK  SPOTS",2222,198,5484.26,507.3,4976.96,0.0925,189,104,880,0.7624,A
23198,PANTRY MAGNETIC  SHOPPING LIST,3346,64,5068.4,92.8,4975.6,0.0183,475,259,881,0.7626,A
23314,VINTAGE CHRISTMAS TABLECLOTH,409,5,5037.96,62.5,4975.46,0.0124,117,87,882,0.7629,A
23556,LANDMARK FRAME COVENT GARDEN,439,1,4974.51,12.5,4962.01,0.0025,53,46,883,0.7632,A
85049G,CHOCOLATE BOX RIBBONS,3956,305,5015.06,56.25,4958.81,0.0112,562,288,884,0.7634,A
22957,SET 3 PAPER VINTAGE CHICK PAPER EGG,1778,26,5023.5,71.9,4951.6,0.0143,214,179,885,0.7637,A
21896,POTTING SHED TWINE,2404,52,4979.74,28.65,4951.09,0.0058,290,187,886,0.7639,A
47568,ENGLISH ROSE DESIGN PEG BAG,2389,324,4993.52,44.97,4948.55,0.009,410,179,887,0.7642,A
85184C,S/4 VALENTINE DECOUPAGE HEART BOX,2288,0,4947.71,0.0,4947.71,0.0,351,186,888,0.7645,A
23570,TRADITIONAL PICK UP STICKS GAME,2782,0,4944.37,0.0,4944.37,0.0,276,203,889,0.7647,A
22318,FIVE HEART HANGING DECORATION,1589,20,5001.68,59.0,4942.68,0.0118,389,204,890,0.765,A
46000S,POLYESTER FILLER PAD 40x40cm,3471,580,5032.95,101.5,4931.45,0.0202,380,240,891,0.7652,A
22604,SET OF 4 NAPKIN CHARMS CUTLERY,2027,2584,4983.12,61.2,4921.92,0.0123,247,162,892,0.7655,A
21706,FOLDING UMBRELLA RED/WHITE POLKADOT,1352,30,5046.01,148.5,4897.51,0.0294,254,134,893,0.7658,A
21207,SKULL AND CROSSBONES  GARLAND,3602,489,5599.07,709.25,4889.82,0.1267,282,167,894,0.766,A
72349B,SET/6 PURPLE BUTTERFLY T-LIGHTS,2198,12,4906.8,25.2,4881.6,0.0051,399,123,895,0.7663,A
23503,PLAYING CARDS KEEP CALM & CARRY ON,3646,2,4864.3,2.5,4861.8,0.0005,335,284,896,0.7665,A
22276,WASH BAG VINTAGE ROSE PAISLEY,1895,76,4900.16,42.9,4857.26,0.0088,373,213,897,0.7668,A
22509,SEWING BOX RETROSPOT DESIGN,389,19,5138.26,288.05,4850.21,0.0561,187,142,898,0.767,A
23010,CIRCUS PARADE BABY GIFT SET,316,3,4896.55,50.85,4845.7,0.0104,111,73,899,0.7673,A
84968E,SET OF 16 VINTAGE BLACK CUTLERY,403,39,4894.61,51.0,4843.61,0.0104,111,41,900,0.7676,A
23554,LANDMARK FRAME OXFORD STREET,424,0,4830.53,0.0,4830.53,0.0,57,49,901,0.7678,A
23555,LANDMARK FRAME NOTTING HILL,424,0,4818.07,0.0,4818.07,0.0,50,45,902,0.7681,A
21986,PACK OF 12 PINK POLKADOT TISSUES,13484,24,4788.45,6.96,4781.49,0.0015,469,275,903,0.7683,A
23351,ROLL WRAP 50'S CHRISTMAS,3539,96,4880.65,104.88,4775.77,0.0215,354,242,904,0.7686,A
23389,SPACEBOY MINI BACKPACK,1122,2,4780.54,8.3,4772.24,0.0017,237,159,905,0.7688,A
22593,CHRISTMAS GINGHAM STAR,5475,144,4870.65,103.68,4766.97,0.0213,415,247,906,0.7691,A
72807B,SET/3 OCEAN SCENT CANDLE JEWEL BOX,1088,949,4879.56,119.0,4760.56,0.0244,244,112,907,0.7693,A
22688,DOORMAT PEACE ON EARTH BLUE,865,42,4756.7,0.0,4756.7,0.0,93,77,908,0.7696,A
22027,TEA PARTY BIRTHDAY CARD,11369,228,4836.73,87.12,4749.61,0.018,845,335,909,0.7698,A
21249,WOODLAND  HEIGHT CHART STICKERS,1668,16,4791.18,46.4,4744.78,0.0097,259,156,910,0.7701,A
23569,TRADTIONAL ALPHABET STAMP SET,961,2,4752.31,9.9,4742.41,0.0021,192,152,911,0.7703,A
23558,LANDMARK FRAME LONDON BRIDGE,418,0,4741.37,0.0,4741.37,0.0,52,43,912,0.7706,A
23157,SET OF 6 NATIVITY MAGNETS,2570,240,5170.1,444.0,4726.1,0.0859,163,111,913,0.7708,A
22583,PACK OF 6 HANDBAG GIFT BOXES,1889,111,4996.55,272.85,4723.7,0.0546,349,250,914,0.7711,A
23159,SET OF 5 PANCAKE DAY MAGNETS,2321,124,4771.76,52.0,4719.76,0.0109,223,121,915,0.7713,A
22434,BALLOON PUMP WITH 10 BALLOONS,2555,18,4749.09,35.1,4713.99,0.0074,281,203,916,0.7716,A
22672,FRENCH BATHROOM SIGN BLUE METAL,2851,17,4737.76,28.05,4709.71,0.0059,370,227,917,0.7718,A
22399,MAGNETS PACK OF 4 CHILDHOOD MEMORY,4044,24,4739.6,30.0,4709.6,0.0063,277,180,918,0.7721,A
21534,DAIRY MAID LARGE MILK JUG,955,29,4852.79,143.55,4709.24,0.0296,342,199,919,0.7723,A
23286,BLUE VINTAGE SPOT BEAKER,5048,49,4747.62,41.65,4705.97,0.0088,222,125,920,0.7726,A
23184,BULL DOG BOTTLE OPENER,874,13,4764.5,64.35,4700.15,0.0135,264,129,921,0.7728,A
22128,PARTY CONES CANDY ASSORTED,3929,80,4767.09,70.0,4697.09,0.0147,195,143,922,0.7731,A
23241,TREASURE TIN GYMKHANA DESIGN,2184,7,4709.07,14.56,4694.51,0.0031,363,183,923,0.7733,A
22562,MONSTERS STENCIL CRAFT,3987,0,4693.55,0.0,4693.55,0.0,393,251,924,0.7735,A
22305,COFFEE MUG PINK PAISLEY DESIGN,2269,211,4716.63,28.05,4688.58,0.0059,144,87,925,0.7738,A
20681,PINK SPOTTY CHILDS UMBRELLA,1412,186,4779.9,99.75,4680.15,0.0209,341,184,926,0.774,A
22721,SET OF 3 CAKE TINS SKETCHBOOK,1022,0,4678.71,0.0,4678.71,0.0,297,183,927,0.7743,A
18098C,PORCELAIN BUTTERFLY OIL BURNER,1527,164,4746.14,70.8,4675.34,0.0149,371,104,928,0.7745,A
21916,SET 12 RETRO WHITE CHALK STICKS,11040,225,4763.24,94.5,4668.74,0.0198,713,304,929,0.7748,A
20963,APPLE BATH SPONGE,3463,10,4681.15,12.5,4668.65,0.0027,509,168,930,0.775,A
22304,COFFEE MUG BLUE PAISLEY DESIGN,2386,218,4704.86,44.55,4660.31,0.0095,167,98,931,0.7753,A
22075,6 RIBBONS ELEGANT CHRISTMAS,3107,12,4676.65,19.8,4656.85,0.0042,358,201,932,0.7755,A
21069,VINTAGE BILLBOARD TEA MUG,5108,726,5415.61,770.89,4644.72,0.1423,279,110,933,0.7758,A
15044B,BLUE PAPER PARASOL,1670,28,4644.13,2.95,4641.18,0.0006,189,97,934,0.776,A
22442,GROW YOUR OWN FLOWERS SET OF 3,868,18,4781.22,141.9,4639.32,0.0297,172,140,935,0.7763,A
82581,TOILET METAL SIGN,8443,571,4673.2,38.66,4634.54,0.0083,913,371,936,0.7765,A
21328,BALLOONS  WRITING SET,2451,0,4629.13,0.0,4629.13,0.0,643,257,937,0.7767,A
22474,SPACEBOY TV DINNER TRAY,975,32,4761.38,136.0,4625.38,0.0286,254,144,938,0.777,A
20961,STRAWBERRY BATH SPONGE,3542,71,4702.65,88.75,4613.9,0.0189,514,177,939,0.7772,A
22956,36 FOIL HEART CAKE CASES,2503,152,4896.49,283.2,4613.29,0.0578,256,189,940,0.7775,A
23176,ABC TREASURE BOOK BOX,2167,45,4697.58,101.25,4596.33,0.0216,226,159,941,0.7777,A
21811,HANGING HEART WITH BELL,6352,288,4592.18,18.72,4573.46,0.0041,382,199,942,0.778,A
23285,PINK VINTAGE SPOT BEAKER,4807,2,4572.41,1.7,4570.71,0.0004,191,108,943,0.7782,A
10135,COLOURING PENCILS BROWN TUBE,4228,11,4568.71,13.75,4554.96,0.003,324,178,944,0.7784,A
21506,"FANCY FONT BIRTHDAY CARD,",10974,60,4574.81,25.2,4549.61,0.0055,665,310,945,0.7787,A
22691,DOORMAT WELCOME SUNRISE,760,143,5214.04,665.35,4548.69,0.1276,218,124,946,0.7789,A
22601,CHRISTMAS RETROSPOT ANGEL WOOD,5253,24,4549.74,3.4,4546.34,0.0007,417,257,947,0.7792,A
22743,MAKE YOUR OWN FLOWERPOWER CARD KIT,1509,6,4563.15,17.7,4545.45,0.0039,351,199,948,0.7794,A
22800,ANTIQUE TALL SWIRLGLASS TRINKET POT,1132,16,4605.15,60.0,4545.15,0.013,268,149,949,0.7796,A
84270,ASSTD DESIGN BUBBLE GUM RING,22996,5151,4836.9,293.4,4543.5,0.0607,476,249,950,0.7799,A
15044D,RED PAPER PARASOL,1597,9,4562.6,26.15,4536.45,0.0057,227,105,951,0.7801,A
21990,MODERN FLORAL STATIONERY SET,2460,12,4540.99,15.0,4525.99,0.0033,497,170,952,0.7803,A
22736,RIBBON REEL MAKING SNOWMEN,2542,23,4563.03,37.95,4525.08,0.0083,408,232,953,0.7806,A
22908,PACK OF 20 NAPKINS RED APPLES,5617,103,4529.95,5.95,4524.0,0.0013,485,266,954,0.7808,A
22107,PIZZA PLATE IN BOX,1243,95,4849.34,330.71,4518.63,0.0682,369,118,955,0.7811,A
22564,ALPHABET STENCIL CRAFT,4576,679,5228.9,721.07,4507.83,0.1379,343,208,956,0.7813,A
21564,PINK  HEART SHAPE LOVE BUCKET,1952,11,4527.45,31.65,4495.8,0.007,294,134,957,0.7815,A
23168,CLASSIC CAFE SUGAR DISPENSER,3292,54,4559.92,65.61,4494.31,0.0144,337,140,958,0.7818,A
22747,POPPY'S PLAYHOUSE BATHROOM,2041,6,4499.8,12.6,4487.2,0.0028,402,241,959,0.782,A
21109,"LARGE CAKE TOWEL, CHOCOLATE SPOTS",1177,50,4498.69,13.5,4485.19,0.003,223,131,960,0.7822,A
22451,SILK PURSE BABUSHKA RED,1342,131,4507.04,26.8,4480.24,0.0059,238,134,961,0.7825,A
23309,SET OF 60 I LOVE LONDON CAKE CASES,8332,88,4527.2,48.4,4478.8,0.0107,407,178,962,0.7827,A
23530,WALL ART ONLY ONE PERSON,1062,0,4465.97,0.0,4465.97,0.0,87,60,963,0.783,A
23275,SET OF 3 HANGING OWLS OLLIE BEAK,3749,77,4557.97,95.41,4462.56,0.0209,325,171,964,0.7832,A
37447,CERAMIC CAKE DESIGN SPOTTED PLATE,2895,76,4546.81,109.16,4437.65,0.024,364,141,965,0.7834,A
23288,GREEN VINTAGE SPOT BEAKER,4625,81,4444.23,15.17,4429.06,0.0034,185,107,966,0.7837,A
23404,HOME SWEET HOME BLACKBOARD,1011,29,4561.76,143.55,4418.21,0.0315,169,104,967,0.7839,A
22574,HEART WOODEN CHRISTMAS DECORATION,5078,288,4632.57,219.84,4412.73,0.0475,415,253,968,0.7841,A
22548,HEADS AND TAILS SPORTING FUN,3532,70,4411.81,0.0,4411.81,0.0,428,293,969,0.7844,A
51014A,"FEATHER PEN,HOT PINK",6719,195,4575.22,165.75,4409.47,0.0362,376,161,970,0.7846,A
22573,STAR WOODEN CHRISTMAS DECORATION,4912,0,4408.08,0.0,4408.08,0.0,405,235,971,0.7848,A
21967,PACK OF 12 SKULL TISSUES,15669,512,4406.47,0.0,4406.47,0.0,479,250,972,0.7851,A
22733,3D TRADITIONAL CHRISTMAS STICKERS,3444,20,4429.24,25.0,4404.24,0.0056,338,216,973,0.7853,A
23163,REGENCY SUGAR TONGS,1832,55,4515.22,114.4,4400.82,0.0253,209,95,974,0.7855,A
21864,UNION JACK FLAG PASSPORT COVER,1858,20,4442.04,42.0,4400.04,0.0095,411,166,975,0.7857,A
85063,CREAM SWEETHEART MAGAZINE RACK,310,82,5460.64,1060.7,4399.94,0.1942,180,104,976,0.786,A
21064,BOOM BOX SPEAKER BOYS,889,9,4453.27,53.55,4399.72,0.012,171,75,977,0.7862,A
22760,"TRAY, BREAKFAST IN BED",357,10,4519.64,125.7,4393.94,0.0278,120,82,978,0.7864,A
22291,"SPRING DEC , HANGING CHICK CREAM",3223,48,4456.43,69.6,4386.83,0.0156,264,141,979,0.7867,A
22594,CHRISTMAS GINGHAM TREE,4794,1,4379.88,0.85,4379.03,0.0002,412,232,980,0.7869,A
20674,GREEN POLKADOT BOWL,3437,15,4379.77,18.56,4361.21,0.0042,463,196,981,0.7871,A
22299,PIG KEYRING WITH LIGHT & SOUND,3913,57,4432.07,71.25,4360.82,0.0161,202,103,982,0.7874,A
84031A,CHARLIE+LOLA RED HOT WATER BOTTLE,1101,27,4426.55,71.55,4355.0,0.0162,314,95,983,0.7876,A
22449,SILK PURSE BABUSHKA PINK,1326,137,4384.5,40.2,4344.3,0.0092,308,155,984,0.7878,A
21810,CHRISTMAS HANGING STAR WITH BELL,7064,194,4415.36,73.75,4341.61,0.0167,344,171,985,0.788,A
22227,HANGING HEART MIRROR DECORATION,6036,33,4353.92,21.45,4332.47,0.0049,643,195,986,0.7883,A
84279P,CHERRY BLOSSOM  DECORATIVE FLASK,1149,148,4491.67,163.56,4328.11,0.0364,299,169,987,0.7885,A
23349,ROLL WRAP VINTAGE CHRISTMAS,3231,24,4355.1,30.0,4325.1,0.0069,337,214,988,0.7887,A
15039,SANDALWOOD FAN,5103,27,4347.32,22.95,4324.37,0.0053,306,127,989,0.789,A
22611,VINTAGE UNION JACK SHOPPING BAG,908,4,4343.58,19.8,4323.78,0.0046,195,135,990,0.7892,A
85053,FRENCH ENAMEL CANDLEHOLDER,2041,91,4382.18,84.46,4297.72,0.0193,378,185,991,0.7894,A
21913,VINTAGE SEASIDE JIGSAW PUZZLES,1131,4,4309.98,15.0,4294.98,0.0035,298,170,992,0.7896,A
21899,"KEY FOB , GARAGE DESIGN",6697,67,4336.12,43.55,4292.57,0.01,622,313,993,0.7899,A
21012,ANTIQUE ALL GLASS CANDLESTICK,2300,5,4300.0,10.5,4289.5,0.0024,299,112,994,0.7901,A
21878,PACK OF 6 SANDCASTLE FLAGS ASSORTED,5591,421,4590.73,304.81,4285.92,0.0664,403,225,995,0.7903,A
21245,GREEN POLKADOT PLATE,2579,4,4288.64,6.76,4281.88,0.0016,304,146,996,0.7905,A
20966,SANDWICH BATH SPONGE,3021,195,4282.74,1.25,4281.49,0.0003,420,137,997,0.7908,A
79320,FLAMINGO LIGHTS,904,18,4357.38,77.1,4280.28,0.0177,150,67,998,0.791,A
23050,RECYCLED ACAPULCO MAT GREEN,497,1,4286.55,8.25,4278.3,0.0019,205,116,999,0.7912,A
21056,DOCTOR'S BAG SOFT TOY,546,82,4970.28,693.9,4276.38,0.1396,195,119,1000,0.7914,A
23112,PARISIENNE CURIO CABINET,547,33,4514.58,239.85,4274.73,0.0531,241,134,1001,0.7917,A
22723,SET OF 6 HERB TINS SKETCHBOOK,1169,2,4282.57,7.9,4274.67,0.0018,295,170,1002,0.7919,A
21153,RED SPOTTY TABLECLOTH,393,78,4294.69,21.3,4273.39,0.005,139,91,1003,0.7921,A
84969,BOX OF 6 ASSORTED COLOUR TEASPOONS,971,55,4288.43,21.25,4267.18,0.005,341,100,1004,0.7923,A
22285,"DECORATION HEN ON NEST, HANGING",2725,179,4281.01,19.8,4261.21,0.0046,261,165,1005,0.7926,A
47580,TEA TIME DES TEA COSY,1666,21,4308.8,53.55,4255.25,0.0124,344,158,1006,0.7928,A
21556,CERAMIC STRAWBERRY MONEY BOX,1609,31,4249.51,10.2,4239.31,0.0024,293,132,1007,0.793,A
22530,MAGIC DRAWING SLATE DOLLY GIRL,10069,48,4258.77,20.16,4238.61,0.0047,468,285,1008,0.7932,A
22202,MILK PAN PINK RETROSPOT,1078,146,4351.25,116.25,4235.0,0.0267,264,91,1009,0.7935,A
84950,ASSORTED COLOUR T-LIGHT HOLDER,6149,106,4279.07,44.5,4234.57,0.0104,274,156,1010,0.7937,A
20982,12 PENCILS TALL TUBE SKULLS,4863,29,4254.0,24.65,4229.35,0.0058,576,316,1011,0.7939,A
84598,BOYS ALPHABET IRON ON PATCHES,20775,3576,4350.14,120.96,4229.18,0.0278,217,30,1012,0.7941,A
22497,SET OF 2 TINS VINTAGE BATHROOM,930,22,4243.32,21.25,4222.07,0.005,279,160,1013,0.7944,A
23166,MEDIUM CERAMIC TOP STORAGE JAR,78033,74494,81700.92,77479.64,4221.28,0.9483,247,138,1014,0.7946,A
72807A,SET/3 ROSE CANDLE IN JEWELLED BOX,934,801,4292.58,72.25,4220.33,0.0168,222,95,1015,0.7948,A
22425,ENAMEL COLANDER CREAM,855,25,4326.47,112.55,4213.92,0.026,301,195,1016,0.795,A
21707,FOLDING UMBRELLA BLACKBLUE POLKADOT,1010,0,4209.7,0.0,4209.7,0.0,172,107,1017,0.7952,A
23237,SET OF 4 KNICK KNACK TINS LEAF,1054,17,4278.54,69.35,4209.19,0.0162,177,131,1018,0.7955,A
21614,SET OF 12 ROSE BOTANICAL T-LIGHTS,1628,211,4541.12,336.05,4205.07,0.074,194,123,1019,0.7957,A
22312,OFFICE MUG WARMER POLKADOT,1241,27,4277.65,81.65,4196.0,0.0191,269,104,1020,0.7959,A
21609,SET 12 LAVENDER  BOTANICAL T-LIGHTS,1502,46,4195.14,0.0,4195.14,0.0,218,142,1021,0.7961,A
23089,GLASS BON BON JAR,2355,15,4217.73,25.65,4192.08,0.0061,225,101,1022,0.7964,A
22892,SET OF SALT AND PEPPER TOADSTOOLS,3526,178,4329.56,139.94,4189.62,0.0323,295,162,1023,0.7966,A
22600,CHRISTMAS RETROSPOT STAR WOOD,4863,28,4212.45,23.8,4188.65,0.0056,429,278,1024,0.7968,A
23012,GLASS APOTHECARY BOTTLE PERFUME,1074,8,4208.96,31.6,4177.36,0.0075,246,151,1025,0.797,A
22670,FRENCH WC SIGN BLUE METAL,4434,1160,5513.07,1340.56,4172.51,0.2432,425,218,1026,0.7972,A
21470,FLOWER VINE RAFFIA FOOD COVER,1105,9,4202.18,33.75,4168.43,0.008,319,160,1027,0.7975,A
20665,RED RETROSPOT PURSE,1337,96,4262.24,94.4,4167.84,0.0221,348,167,1028,0.7977,A
21355,TOAST ITS - I LOVE YOU,3458,265,4225.55,60.0,4165.55,0.0142,341,213,1029,0.7979,A
22833,HALL CABINET WITH 3 DRAWERS,120,1,4163.54,0.0,4163.54,0.0,13,9,1030,0.7981,A
23144,ZINC T-LIGHT HOLDER STARS SMALL,5089,44,4197.83,36.52,4161.31,0.0087,274,180,1031,0.7983,A
21143,ANTIQUE GLASS HEART DECORATION,2109,60,4190.1,37.05,4153.05,0.0088,182,128,1032,0.7985,A
22851,SET 20 NAPKINS FAIRY CAKES DESIGN,5192,78,4214.93,66.3,4148.63,0.0157,523,306,1033,0.7988,A
70006,LOVE HEART POCKET WARMER,4443,2,4147.81,2.44,4145.37,0.0006,290,141,1034,0.799,A
22071,SMALL WHITE RETROSPOT MUG IN BOX,1536,309,4378.38,248.75,4129.63,0.0568,256,200,1035,0.7992,A
21068,VINTAGE BILLBOARD LOVE/HATE MUG,4068,89,4227.13,98.33,4128.8,0.0233,373,149,1036,0.7994,A
21590,KINGS CHOICE CIGAR BOX MATCHES,3456,26,4151.28,32.5,4118.78,0.0078,286,203,1037,0.7996,A
23306,SET OF 36 DOILIES PANTRY DESIGN,2808,793,4123.38,10.15,4113.23,0.0025,277,182,1038,0.7999,A
21537,RED RETROSPOT PUDDING BOWL,1010,144,4359.96,247.0,4112.96,0.0567,256,174,1039,0.8001,B
23167,SMALL CERAMIC TOP STORAGE JAR,5847,525,4476.01,365.19,4110.82,0.0816,231,129,1040,0.8003,B
22744,MAKE YOUR OWN MONSOON CARD KIT,1521,62,4260.71,163.7,4097.01,0.0384,300,196,1041,0.8005,B
22926,IVORY GIANT GARDEN THERMOMETER,684,63,4174.11,89.25,4084.86,0.0214,216,152,1042,0.8007,B
23009,I LOVE LONDON BABY GIFT SET,263,0,4082.52,0.0,4082.52,0.0,103,48,1043,0.8009,B
21472,LADYBIRD + BEE RAFFIA FOOD COVER,1057,141,4081.57,0.0,4081.57,0.0,285,161,1044,0.8011,B
84596B,SMALL DOLLY MIX DESIGN ORANGE BOWL,6288,48,4125.37,46.72,4078.65,0.0113,733,256,1045,0.8014,B
21911,GARDEN METAL SIGN,2549,39,4085.8,19.8,4066.0,0.0048,344,200,1046,0.8016,B
23255,CHILDRENS CUTLERY CIRCUS PARADE,1015,9,4101.37,37.35,4064.02,0.0091,158,116,1047,0.8018,B
23340,VINTAGE CHRISTMAS CAKE FRILL,2512,0,4053.88,0.0,4053.88,0.0,151,112,1048,0.802,B
16161U,WRAP SUKI AND FRIENDS,10026,75,4084.92,31.5,4053.42,0.0077,318,203,1049,0.8022,B
23193,BUFFALO BILL TREASURE BOOK BOX,1930,20,4097.28,45.0,4052.28,0.011,175,109,1050,0.8024,B
84580,MOUSE TOY WITH PINK T-SHIRT,1061,4,4066.94,15.0,4051.94,0.0037,442,197,1051,0.8026,B
22807,SET OF 6 T-LIGHTS TOADSTOOLS,1384,19,4102.91,51.25,4051.66,0.0125,294,125,1052,0.8029,B
21474,SWEETHEART CREAM STEEL FOLDIN BENCH,210,15,4189.5,139.65,4049.85,0.0333,94,69,1053,0.8031,B
22127,PARTY CONES CARNIVAL ASSORTED,3474,848,4160.61,122.31,4038.3,0.0294,155,128,1054,0.8033,B
21717,EASTER TIN BUCKET,1561,51,4057.48,22.95,4034.53,0.0057,176,122,1055,0.8035,B
22284,HEN HOUSE DECORATION,2495,26,4067.24,42.9,4024.34,0.0105,300,157,1056,0.8037,B
22639,SET OF 4 NAPKIN CHARMS HEARTS,1657,2566,4036.42,15.3,4021.12,0.0038,275,192,1057,0.8039,B
22053,EMPIRE DESIGN ROSETTE,4553,2,4023.39,2.5,4020.89,0.0006,87,61,1058,0.8041,B
20981,12 PENCILS TALL TUBE WOODLAND,4727,79,4076.81,67.15,4009.66,0.0165,513,290,1059,0.8043,B
23194,GYMKHANA TREASURE BOOK BOX,1839,37,4086.37,83.25,4003.12,0.0204,214,142,1060,0.8046,B
23081,GREEN METAL BOX ARMY SUPPLIES,484,6,4046.5,49.5,3997.0,0.0122,139,80,1061,0.8048,B
23129,HEART SHAPED HOLLY WREATH,950,1,3999.5,4.15,3995.35,0.001,172,138,1062,0.805,B
22245,"HOOK, 1 HANGER ,MAGIC GARDEN",4653,178,4005.85,26.35,3979.5,0.0066,413,166,1063,0.8052,B
21901,"KEY FOB , BACK DOOR",6183,153,4077.76,99.45,3978.31,0.0244,688,315,1064,0.8054,B
85206A,CREAM FELT EASTER EGG BASKET,2334,87,3994.46,16.5,3977.96,0.0041,318,234,1065,0.8056,B
22445,PENCIL CASE LIFE IS BEAUTIFUL,1296,62,3975.41,0.0,3975.41,0.0,275,147,1066,0.8058,B
21349,IVY HEART WREATH,555,52,4024.23,54.0,3970.23,0.0134,171,113,1067,0.806,B
22612,TEA COSY VINTAGE UNION JACK,1001,7,3984.99,15.0,3969.99,0.0038,109,83,1068,0.8062,B
22454,MEASURING TAPE BABUSHKA RED,1430,34,4007.38,41.3,3966.08,0.0103,179,115,1069,0.8064,B
22359,GLASS JAR KINGS CHOICE,1285,39,4072.83,115.05,3957.78,0.0282,202,117,1070,0.8067,B
23130,MISTLETOE HEART WREATH GREEN,962,9,3988.98,37.35,3951.63,0.0094,184,139,1071,0.8069,B
23486,ANTIQUE HEART SHELF UNIT,275,13,4145.47,199.65,3945.82,0.0482,74,64,1072,0.8071,B
20967,GREY FLORAL FELTCRAFT SHOULDER BAG,1059,97,4012.34,75.0,3937.34,0.0187,296,187,1073,0.8073,B
22731,3D CHRISTMAS STAMPS STICKERS,2965,34,3974.37,42.5,3931.87,0.0107,266,165,1074,0.8075,B
23557,LANDMARK FRAME BAKER STREET,350,0,3930.27,0.0,3930.27,0.0,32,25,1075,0.8077,B
21034,REX CASH+CARRY JUMBO SHOPPER,4159,28,3951.05,26.6,3924.45,0.0067,1902,800,1076,0.8079,B
22057,CERAMIC PLATE STRAWBERRY DESIGN,3065,105,4019.18,122.18,3897.0,0.0304,260,113,1077,0.8081,B
22790,"MIRROR, ARCHED GEORGIAN",200,0,3884.0,0.0,3884.0,0.0,1,1,1078,0.8083,B
23552,BICYCLE PUNCTURE REPAIR KIT,1864,0,3883.99,0.0,3883.99,0.0,116,93,1079,0.8085,B
22788,BROCANTE COAT RACK,476,7,3942.62,66.75,3875.87,0.0169,84,51,1080,0.8087,B
22314,OFFICE MUG WARMER CHOC+BLUE,1111,4,3891.43,15.8,3875.63,0.0041,249,101,1081,0.8089,B
23049,RECYCLED ACAPULCO MAT RED,456,3,3896.84,24.75,3872.09,0.0064,186,103,1082,0.8091,B
46000M,POLYESTER FILLER PAD 45x45cm,2517,390,3901.35,32.55,3868.8,0.0083,353,205,1083,0.8093,B
23110,PARISIENNE KEY CABINET,702,51,4158.68,293.25,3865.43,0.0705,255,157,1084,0.8095,B
22118,JOY WOODEN BLOCK LETTERS,806,2,3873.02,9.9,3863.12,0.0026,271,195,1085,0.8097,B
22959,WRAP CHRISTMAS VILLAGE,9788,588,4002.96,147.0,3855.96,0.0367,284,251,1086,0.8099,B
22478,BIRDHOUSE GARDEN MARKER,2778,2,3855.91,2.5,3853.41,0.0006,317,176,1087,0.8101,B
21987,PACK OF 6 SKULL PAPER CUPS,6421,301,3990.66,138.05,3852.61,0.0346,385,209,1088,0.8103,B
22272,FELTCRAFT DOLL MARIA,1372,156,3851.29,2.95,3848.34,0.0008,300,207,1089,0.8105,B
21447,12 IVORY ROSE PEG PLACE SETTINGS,2779,119,3846.38,1.25,3845.13,0.0003,336,149,1090,0.8107,B
22341,LOVE GARLAND PAINTED ZINC,3469,1196,5702.19,1858.2,3843.99,0.3259,240,128,1091,0.811,B
22475,SKULL DESIGN TV DINNER TRAY,772,6,3871.65,29.7,3841.95,0.0077,256,115,1092,0.8112,B
21812,GARLAND WITH HEARTS AND BELLS,813,26,3957.09,128.7,3828.39,0.0325,205,103,1093,0.8114,B
21192,WHITE BELL HONEYCOMB PAPER,2169,212,3888.94,69.6,3819.34,0.0179,216,96,1094,0.8116,B
23253,16 PIECE CUTLERY SET PANTRY DESIGN,258,2,3848.86,31.9,3816.96,0.0083,70,44,1095,0.8118,B
85114B,IVORY ENCHANTED FOREST PLACEMAT,2082,2,3819.66,3.3,3816.36,0.0009,242,99,1096,0.812,B
23131,MISTLETOE HEART WREATH CREAM,943,67,3840.13,24.9,3815.23,0.0065,115,91,1097,0.8122,B
22777,GLASS CLOCHE LARGE,457,45,3855.82,50.15,3805.67,0.013,100,67,1098,0.8124,B
22125,UNION JACK HOT WATER BOTTLE,658,63,4118.84,314.85,3803.99,0.0764,183,117,1099,0.8126,B
21055,TOOL BOX SOFT TOY,389,7,3865.94,62.65,3803.29,0.0162,222,122,1100,0.8128,B
21067,VINTAGE RED TEATIME MUG,4771,102,3840.67,39.76,3800.91,0.0104,266,130,1101,0.813,B
23032,DRAWER KNOB CRACKLE GLAZE IVORY,2342,106,3876.78,75.9,3800.88,0.0196,199,117,1102,0.8132,B
21100,CHARLIE AND LOLA CHARLOTTE BAG,2547,246,3806.55,6.6,3799.95,0.0017,269,119,1103,0.8134,B
22458,CAST IRON HOOK GARDEN FORK,1525,65,3795.57,0.0,3795.57,0.0,173,121,1104,0.8136,B
22797,CHEST OF DRAWERS GINGHAM HEART,242,52,4205.56,411.75,3793.81,0.0979,140,98,1105,0.8138,B
22980,PANTRY SCRUBBING BRUSH,2366,81,3914.96,124.05,3790.91,0.0317,291,198,1106,0.814,B
85040A,S/4 PINK FLOWER CANDLES IN BOWL,2139,44,3847.59,72.6,3774.99,0.0189,434,193,1107,0.8142,B
22843,BISCUIT TIN VINTAGE GREEN,597,16,3872.01,107.2,3764.81,0.0277,177,135,1108,0.8144,B
85040B,SET/4 BLUE FLOWER CANDLES IN BOWL,2473,66,3862.05,97.65,3764.4,0.0253,255,132,1109,0.8146,B
22830,UTILTY CABINET WITH HOOKS,181,1,3760.71,0.0,3760.71,0.0,18,14,1110,0.8148,B
22965,3 TRADITIONAl BISCUIT CUTTERS  SET,1844,38,3838.24,79.8,3758.44,0.0208,260,187,1111,0.815,B
23299,FOOD COVER WITH BEADS SET 2,1015,8,3784.13,30.0,3754.13,0.0079,146,110,1112,0.8151,B
22292,HANGING CHICK  YELLOW DECORATION,2788,24,3786.79,34.8,3751.99,0.0092,222,145,1113,0.8153,B
21846,PINK DIAMANTE PEN IN GIFT BOX,1625,27,3833.4,81.85,3751.55,0.0214,264,51,1114,0.8155,B
23542,WALL ART 70'S ALPHABET,506,6,3800.16,48.7,3751.46,0.0128,89,55,1115,0.8157,B
71038,WHITE HANGING BEADS CANDLE HOLDER,723,29,3821.95,70.85,3751.1,0.0185,144,85,1116,0.8159,B
84016,FLAG OF ST GEORGE CAR FLAG,1004,20959,3791.67,50.3,3741.37,0.0133,62,43,1117,0.8161,B
85049C,ROMANTIC PINKS RIBBONS,3001,166,3772.5,31.25,3741.25,0.0083,501,303,1118,0.8163,B
21329,DINOSAURS  WRITING SET,2088,20,3770.56,33.0,3737.56,0.0088,555,253,1119,0.8165,B
84356,POMPOM CURTAIN,750,20,3771.04,41.7,3729.34,0.0111,133,58,1120,0.8167,B
21795,SET OF 3 BLUE STRIPE BASKET,441,1,3734.94,12.75,3722.19,0.0034,80,64,1121,0.8169,B
22544,MINI JIGSAW SPACEBOY,9386,91,3758.2,38.22,3719.98,0.0102,341,196,1122,0.8171,B
22579,WOODEN TREE CHRISTMAS SCANDINAVIAN,7157,154,3799.85,81.6,3718.25,0.0215,553,347,1123,0.8173,B
84558A,3D DOG PICTURE PLAYING CARDS,1293,25,3791.63,73.75,3717.88,0.0195,218,116,1124,0.8175,B
22782,SET 3 WICKER STORAGE BASKETS,254,0,3712.3,0.0,3712.3,0.0,84,75,1125,0.8177,B
22162,HEART GARLAND RUSTIC PADDED,1221,116,3746.75,35.4,3711.35,0.0094,260,92,1126,0.8179,B
35924,HANGING FAIRY CAKE DECORATION,2167,205,4055.7,347.68,3708.02,0.0857,188,65,1127,0.8181,B
23182,TOILET SIGN OCCUPIED OR VACANT,3777,14,3718.09,11.62,3706.47,0.0031,433,140,1128,0.8183,B
21627,ELEPHANT CARNIVAL POUFFE,196,38,3781.3,78.7,3702.6,0.0208,115,31,1129,0.8185,B
23127,FELTCRAFT GIRL NICOLE KIT,737,13,3763.95,64.35,3699.6,0.0171,194,146,1130,0.8187,B
72802A,ROSE SCENT CANDLE IN JEWELLED BOX,927,401,3881.87,185.09,3696.78,0.0477,186,112,1131,0.8189,B
23092,LARGE ANTIQUE WHITE PHOTO FRAME,525,10,3773.58,77.75,3695.83,0.0206,135,96,1132,0.8191,B
21648,ASSORTED TUTTI FRUTTI SMALL PURSE,2950,386,3968.98,274.4,3694.58,0.0691,231,96,1133,0.8193,B
20692,FLORAL ELEPHANT SOFT TOY,912,66,3699.76,8.5,3691.26,0.0023,139,75,1134,0.8195,B
21813,GARLAND WITH STARS AND BELLS,821,21,3791.11,103.95,3687.16,0.0274,184,76,1135,0.8197,B
23091,ZINC HERB GARDEN CONTAINER,591,22,3725.07,43.75,3681.32,0.0117,209,160,1136,0.8198,B
22494,EMERGENCY FIRST AID TIN,2766,51,3732.17,63.75,3668.42,0.0171,468,200,1137,0.82,B
22591,CARDHOLDER GINGHAM CHRISTMAS TREE,1355,102,3874.55,214.7,3659.85,0.0554,208,148,1138,0.8202,B
22823,CHEST NATURAL WOOD 20 DRAWERS,32,22,3655.0,0.0,3655.0,0.0,18,17,1139,0.8204,B
23013,GLASS APOTHECARY BOTTLE TONIC,925,6,3678.11,23.7,3654.41,0.0064,223,135,1140,0.8206,B
23191,BUNDLE OF 3 RETRO NOTE BOOKS,2218,3,3656.94,4.95,3651.99,0.0014,281,182,1141,0.8208,B
85232D,SET/3 DECOUPAGE STACKING TINS,716,131,3716.13,64.35,3651.78,0.0173,224,120,1142,0.821,B
21845,DAIRY MAID STRIPE MUG,2522,64,3759.2,111.04,3648.16,0.0295,158,104,1143,0.8212,B
21246,RED RETROSPOT BIG BOWL,749,102,3685.63,39.6,3646.03,0.0107,209,99,1144,0.8214,B
23497,CLASSIC CHROME BICYCLE BELL,2561,12,3660.37,17.4,3642.97,0.0048,195,150,1145,0.8216,B
21486,PINK HEART DOTS HOT WATER BOTTLE,1118,78,3646.17,3.75,3642.42,0.001,294,127,1146,0.8218,B
20785,FUSCHIA RETRO BAR STOOL,102,3,3672.35,39.95,3632.4,0.0109,36,14,1147,0.822,B
84968F,SET OF 16 VINTAGE SKY BLUE CUTLERY,300,20,3622.75,0.0,3622.75,0.0,133,52,1148,0.8222,B
23294,SET OF 6 SNACK LOAF BAKING CASES,4420,13,3631.05,10.79,3620.26,0.003,354,214,1149,0.8223,B
21351,CINAMMON & ORANGE WREATH,1099,245,3702.75,91.95,3610.8,0.0248,177,113,1150,0.8225,B
21743,STAR PORTABLE TABLE LIGHT,1292,139,3778.88,174.05,3604.83,0.0461,182,117,1151,0.8227,B
22774,RED DRAWER KNOB ACRYLIC EDWARDIAN,2827,28,3636.06,34.81,3601.25,0.0096,184,75,1152,0.8229,B
22778,GLASS CLOCHE SMALL,972,81,3844.46,250.77,3593.69,0.0652,194,107,1153,0.8231,B
22589,CARDHOLDER GINGHAM STAR,1321,18,3636.98,45.9,3591.08,0.0126,238,170,1154,0.8233,B
22398,MAGNETS PACK OF 4 SWALLOWS,4254,96,3705.37,120.0,3585.37,0.0324,430,273,1155,0.8235,B
72802B,OCEAN SCENT CANDLE IN JEWELLED BOX,1560,748,4263.22,679.24,3583.98,0.1593,212,119,1156,0.8237,B
21509,COWBOYS AND INDIANS BIRTHDAY CARD,8708,24,3592.26,10.08,3582.18,0.0028,628,264,1157,0.8239,B
21866,UNION JACK FLAG LUGGAGE TAG,2185,25,3612.75,31.25,3581.5,0.0086,453,190,1158,0.8241,B
22962,JAM JAR WITH PINK LID,4374,186,3647.73,72.97,3574.76,0.02,354,183,1159,0.8242,B
23332,IVORY WICKER HEART LARGE,2076,2,3570.76,3.3,3567.46,0.0009,287,207,1160,0.8244,B
22704,WRAP RED APPLES,8728,50,3585.76,21.0,3564.76,0.0059,295,207,1161,0.8246,B
84797A,PINK HAWAIIAN PICNIC HAMPER FOR 4,499,15,3560.09,0.0,3560.09,0.0,61,21,1162,0.8248,B
23111,PARISIENNE SEWING BOX,312,24,3839.24,283.2,3556.04,0.0738,138,80,1163,0.825,B
21054,NURSE'S BAG SOFT TOY,386,32,3573.8,17.9,3555.9,0.005,182,119,1164,0.8252,B
22603,CHRISTMAS RETROSPOT TREE WOOD,4145,13,3553.79,11.05,3542.74,0.0031,388,236,1165,0.8254,B
22536,MAGIC DRAWING SLATE PURDEY,9098,131,3589.18,47.82,3541.36,0.0133,365,243,1166,0.8255,B
20886,BOX OF 9 PEBBLE CANDLES,1783,71,3551.92,11.7,3540.22,0.0033,308,163,1167,0.8257,B
20784,RED RETRO BAR STOOL,101,18,3570.87,39.95,3530.92,0.0112,37,6,1168,0.8259,B
21179,NO JUNK MAIL METAL SIGN,4294,86,3529.54,4.68,3524.86,0.0013,505,231,1169,0.8261,B
22334,DINOSAUR PARTY BAG + STICKER SET,2232,19,3555.66,31.35,3524.31,0.0088,264,180,1170,0.8263,B
22176,BLUE OWL SOFT TOY,1186,37,3548.63,26.55,3522.08,0.0075,258,125,1171,0.8265,B
22531,MAGIC DRAWING SLATE CIRCUS PARADE,8148,0,3512.8,0.0,3512.8,0.0,406,251,1172,0.8267,B
21784,SHOE SHINE BOX,294,24,3578.08,69.65,3508.43,0.0195,178,78,1173,0.8268,B
23085,ANTIQUE SILVER BAUBLE LAMP,381,13,3635.23,128.75,3506.48,0.0354,78,64,1174,0.827,B
23189,SET OF 12 FORK CANDLES,1249,1,3507.51,2.89,3504.62,0.0008,141,89,1175,0.8272,B
23353,6 GIFT TAGS VINTAGE CHRISTMAS,4016,24,3517.52,19.92,3497.6,0.0057,327,227,1176,0.8274,B
22076,6 RIBBONS EMPIRE,2357,0,3496.79,0.0,3496.79,0.0,375,197,1177,0.8276,B
22765,NEWSPAPER STAND,311,2,3508.3,14.95,3493.35,0.0043,53,36,1178,0.8278,B
21466,RED FLOWER CROCHET FOOD COVER,927,0,3479.79,0.0,3479.79,0.0,275,147,1179,0.828,B
22902,TOTE BAG I LOVE LONDON,1726,224,3527.56,50.4,3477.16,0.0143,199,102,1180,0.8281,B
22166,WALL MIRROR RECTANGLE DIAMANTE PINK,441,8,3536.7,63.6,3473.1,0.018,159,31,1181,0.8283,B
21794,CLASSIC FRENCH STYLE BASKET NATURAL,713,13,3552.09,79.35,3472.74,0.0223,178,123,1182,0.8285,B
23232,WRAP VINTAGE LEAF DESIGN,8626,51,3478.92,21.42,3457.5,0.0062,238,188,1183,0.8287,B
20786,BLACK RETRO BAR STOOL,99,22,3533.9,79.9,3454.0,0.0226,31,9,1184,0.8289,B
21507,"ELEPHANT, BIRTHDAY CARD,",8235,24,3460.45,10.08,3450.37,0.0029,584,267,1185,0.829,B
23388,WOODLAND MINI BACKPACK,825,0,3448.69,0.0,3448.69,0.0,154,115,1186,0.8292,B
22939,APRON APPLE DELIGHT,703,64,3517.39,69.3,3448.09,0.0197,181,109,1187,0.8294,B
47505,MINATURE COLOURED GARDENING SET,738,461,3532.37,87.05,3445.32,0.0246,178,129,1188,0.8296,B
23426,METAL SIGN DROP YOUR PANTS,1277,6,3450.21,17.34,3432.87,0.005,206,126,1189,0.8298,B
23065,LARGE DECO JEWELLERY STAND,274,14,3439.94,12.5,3427.44,0.0036,99,81,1190,0.83,B
23350,ROLL WRAP VINTAGE SPOT,2721,24,3456.33,30.0,3426.33,0.0087,305,205,1191,0.8301,B
84510A,SET OF 4 ENGLISH ROSE COASTERS,2485,21,3449.84,26.25,3423.59,0.0076,532,200,1192,0.8303,B
23536,WALL ART VILLAGE SHOW,626,4,3442.13,23.8,3418.33,0.0069,85,68,1193,0.8305,B
22172,METAL SHELF WITH RAIL,378,9,3451.82,34.0,3417.82,0.0098,185,124,1194,0.8307,B
22440,BALLOON WATER BOMB PACK OF 35,8613,54,3437.21,22.68,3414.53,0.0066,292,187,1195,0.8309,B
21469,POLKA DOT RAFFIA FOOD COVER,1165,50,3482.01,67.5,3414.51,0.0194,210,130,1196,0.831,B
21364,PEACE SMALL WOOD LETTERS,471,41,3427.97,13.5,3414.47,0.0039,167,118,1197,0.8312,B
22320,BIRDS MOBILE VINTAGE DESIGN,599,23,3550.97,136.85,3414.12,0.0385,180,130,1198,0.8314,B
22459,CAST IRON HOOK GARDEN TROWEL,1386,268,3410.14,0.0,3410.14,0.0,172,124,1199,0.8316,B
21191,LARGE WHITE HONEYCOMB PAPER BELL,1479,0,3408.61,0.0,3408.61,0.0,201,96,1200,0.8318,B
21679,SKULLS  STICKERS,4895,900,4054.91,652.68,3402.23,0.161,370,181,1201,0.8319,B
22309,TEA COSY RED  STRIPE,1334,26,3466.73,66.3,3400.43,0.0191,266,117,1202,0.8321,B
23210,WHITE ROCKING HORSE HAND PAINTED,2902,200,3617.78,219.76,3398.02,0.0607,192,115,1203,0.8323,B
23014,GLASS APOTHECARY BOTTLE ELIXIR,858,9,3427.48,35.55,3391.93,0.0104,209,122,1204,0.8325,B
22452,MEASURING TAPE BABUSHKA PINK,1295,76,3428.9,38.35,3390.55,0.0112,255,112,1205,0.8326,B
23156,SET OF 5 MINI GROCERY MAGNETS,1672,24,3437.85,49.92,3387.93,0.0145,205,117,1206,0.8328,B
84352,SILVER CHRISTMAS TREE BAUBLE STAND,206,59,3505.58,118.65,3386.93,0.0338,126,90,1207,0.833,B
21327,SKULLS WRITING SET,1931,0,3386.76,0.0,3386.76,0.0,495,212,1208,0.8332,B
37340,MULTICOLOUR SPRING FLOWER MUG,13671,5014,3886.43,501.22,3385.21,0.129,204,79,1209,0.8334,B
21039,RED SPOTTY SHOPPING BAG,1313,16,3423.65,40.8,3382.85,0.0119,228,141,1210,0.8335,B
23354,6 GIFT TAGS 50'S CHRISTMAS,3743,60,3431.89,49.8,3382.09,0.0145,322,235,1211,0.8337,B
21902,"KEY FOB , FRONT  DOOR",5376,418,3419.08,37.05,3382.03,0.0108,474,250,1212,0.8339,B
22862,LOVE HEART NAPKIN BOX,763,37,3394.47,17.0,3377.47,0.005,221,143,1213,0.8341,B
18097C,WHITE TALL PORCELAIN T-LIGHT HOLDER,1770,292,3942.77,571.8,3370.97,0.145,211,110,1214,0.8343,B
22764,"RUSTIC WOODEN CABINET, GLASS DOORS",183,4,3462.49,93.8,3368.69,0.0271,25,23,1215,0.8344,B
22477,WATERING CAN GARDEN MARKER,2424,1,3369.24,1.25,3367.99,0.0004,276,155,1216,0.8346,B
22822,CREAM WALL PLANTER HEART SHAPED,583,2,3379.25,11.9,3367.35,0.0035,183,139,1217,0.8348,B
22223,CAKE PLATE LOVEBIRD PINK,727,1,3364.61,4.95,3359.66,0.0015,175,89,1218,0.835,B
21211,SET OF 72 SKULL PAPER  DOILIES,2408,12,3369.99,17.4,3352.59,0.0052,237,139,1219,0.8351,B
21123,SET/10 IVORY POLKADOT PARTY CANDLES,2755,48,3398.06,60.0,3338.06,0.0177,252,125,1220,0.8353,B
21917,SET 12 KIDS  WHITE CHALK STICKS,8040,21,3336.82,8.82,3328.0,0.0026,467,246,1221,0.8355,B
22136,LOVE HEART SOCK HANGER,1994,26,3330.47,4.55,3325.92,0.0014,265,117,1222,0.8357,B
37501,TEA TIME TEA SET IN GIFT BOX,484,28,3422.0,104.25,3317.75,0.0305,177,106,1223,0.8358,B
44230,SQUARE MIRROR CURTAIN,347,172,3381.62,77.91,3303.71,0.023,53,25,1224,0.836,B
84813,SET OF 4 DIAMOND NAPKIN RINGS,422,1,3300.76,3.95,3296.81,0.0012,99,53,1225,0.8362,B
22122,SET OF 2 FANCY FONT TEA TOWELS,1097,1,3295.98,0.0,3295.98,0.0,191,113,1226,0.8364,B
84975,HEART SHAPED MIRROR,2010,10,3300.2,15.21,3284.99,0.0046,212,115,1227,0.8365,B
20702,PINK PADDED MOBILE,790,11,3330.7,46.75,3283.95,0.014,245,151,1228,0.8367,B
23239,SET OF 4 KNICK KNACK TINS POPPIES,853,28,3399.49,115.8,3283.69,0.0341,178,125,1229,0.8369,B
22047,EMPIRE GIFT WRAP,8300,250,3372.0,89.0,3283.0,0.0264,261,211,1230,0.8371,B
22428,ENAMEL FIRE BUCKET CREAM,460,15,3386.62,104.25,3282.37,0.0308,191,126,1231,0.8372,B
22944,CHRISTMAS METAL POSTCARD WITH BELLS,4882,343,3592.99,311.21,3281.78,0.0866,158,89,1232,0.8374,B
37410,BLACK AND WHITE PAISLEY FLOWER MUG,25707,416,3288.65,7.5,3281.15,0.0023,33,13,1233,0.8376,B
23395,BELLE JARDINIERE CUSHION COVER,761,33,3305.83,26.25,3279.58,0.0079,210,141,1234,0.8377,B
23308,SET OF 60 VINTAGE LEAF CAKE CASES,6151,0,3279.21,0.0,3279.21,0.0,382,209,1235,0.8379,B
84828,JUNGLE POPSICLES ICE LOLLY HOLDERS,2508,36,3321.43,45.0,3276.43,0.0135,353,146,1236,0.8381,B
84472,PINK AND LILAC QUILTED THROW,87,8,3402.32,125.9,3276.42,0.037,30,23,1237,0.8383,B
22792,FLUTED ANTIQUE CANDLE HOLDER,3525,85,3271.73,10.2,3261.53,0.0031,262,128,1238,0.8384,B
15058B,PINK POLKADOT GARDEN PARASOL,438,70,3327.67,69.15,3258.52,0.0208,156,65,1239,0.8386,B
22769,CHALKBOARD KITCHEN ORGANISER,174,23,3656.86,400.15,3256.71,0.1094,45,32,1240,0.8388,B
23053,RECYCLED ACAPULCO MAT PINK,365,1,3262.57,8.25,3254.32,0.0025,164,105,1241,0.839,B
21467,CHERRY CROCHET FOOD COVER,1027,5,3271.25,18.75,3252.5,0.0057,254,145,1242,0.8391,B
84596F,SMALL MARSHMALLOWS PINK BOWL,4756,16,3252.95,6.72,3246.23,0.0021,614,216,1243,0.8393,B
20992,JAZZ HEARTS PURSE NOTEBOOK,6179,0,3243.28,0.0,3243.28,0.0,433,222,1244,0.8395,B
22419,LIPSTICK PEN RED,6856,10,3246.37,4.14,3242.23,0.0013,509,191,1245,0.8396,B
22183,CAKE STAND VICTORIAN FILIGREE MED,586,9,3297.25,56.2,3241.05,0.017,209,58,1246,0.8398,B
84837,WHITE SWEETHEARTS CABINET 4 DRAWERS,253,40,3235.54,0.0,3235.54,0.0,143,109,1247,0.84,B
21732,RED HANGING METAL STAR TLIGHT HLDR,933,3,3244.57,10.53,3234.04,0.0032,58,50,1248,0.8401,B
22794,SWEETHEART WIRE MAGAZINE RACK,389,5,3271.35,39.75,3231.6,0.0122,209,130,1249,0.8403,B
85220,SMALL FAIRY CAKE FRIDGE MAGNETS,12236,2789,6875.0,3645.65,3229.35,0.5303,5,4,1250,0.8405,B
84849B,FAIRY SOAP SOAP HOLDER,1936,13,3244.14,21.97,3222.17,0.0068,293,123,1251,0.8407,B
84031B,CHARLIE LOLA BLUE HOT WATER BOTTLE,841,26,3284.31,64.2,3220.11,0.0195,271,80,1252,0.8408,B
23035,DRAWER KNOB CERAMIC IVORY,2209,73,3226.09,13.05,3213.04,0.004,191,110,1253,0.841,B
22967,SET 3 SONG BIRD PAPER EGGS ASSORTED,1173,22,3277.31,64.9,3212.41,0.0198,138,122,1254,0.8412,B
21829,DINOSAUR KEYRINGS ASSORTED,15167,2618,3269.9,60.69,3209.21,0.0186,409,211,1255,0.8413,B
22281,EASTER TREE YELLOW BIRDS,514,18,3303.71,95.2,3208.51,0.0288,149,83,1256,0.8415,B
23051,RECYCLED ACAPULCO MAT BLUE,365,2,3223.49,16.5,3206.99,0.0051,162,95,1257,0.8417,B
23230,WRAP ALPHABET DESIGN,8001,75,3228.42,31.5,3196.92,0.0098,235,178,1258,0.8418,B
23342,MINT DINER WALL CLOCK,375,1,3193.41,8.5,3184.91,0.0027,163,105,1259,0.842,B
22972,CHILDREN'S SPACEBOY MUG,1891,34,3234.59,56.1,3178.49,0.0173,243,147,1260,0.8422,B
21557,SET OF 6 FUNKY BEAKERS,935,1,3178.24,2.95,3175.29,0.0009,302,71,1261,0.8423,B
79164,BLACK WINE GLASS,3665,1583,3208.25,36.6,3171.65,0.0114,91,43,1262,0.8425,B
22773,GREEN DRAWER KNOB ACRYLIC EDWARDIAN,2404,12,3186.11,15.0,3171.11,0.0047,227,95,1263,0.8427,B
21111,"SWISS ROLL TOWEL, CHOCOLATE  SPOTS",1380,7,3188.41,20.65,3167.76,0.0065,214,109,1264,0.8428,B
22194,BLACK DINER WALL CLOCK,373,19,3212.1,51.0,3161.1,0.0159,160,100,1265,0.843,B
21949,SET OF 6 STRAWBERRY CHOPSTICKS,2598,6,3164.18,7.5,3156.68,0.0024,269,91,1266,0.8432,B
22702,BLACK AND WHITE CAT BOWL,1591,2,3160.52,3.95,3156.57,0.0012,94,66,1267,0.8433,B
23393,HOME SWEET HOME CUSHION COVER,807,21,3230.41,78.75,3151.66,0.0244,229,165,1268,0.8435,B
23323,WHITE WICKER STAR,1473,3,3155.18,6.3,3148.88,0.002,294,210,1269,0.8437,B
22863,SOAP DISH BROCANTE,1113,20,3184.31,38.35,3145.96,0.012,169,120,1270,0.8438,B
21519,GIN & TONIC DIET GREETING CARD,7380,116,3160.01,15.12,3144.89,0.0048,553,181,1271,0.844,B
21628,TRIANGULAR POUFFE VINTAGE,165,4,3200.23,59.8,3140.43,0.0187,87,24,1272,0.8442,B
21333,CLASSIC WHITE FRAME,1059,49,3197.99,59.02,3138.97,0.0185,222,150,1273,0.8443,B
21473,SWEETHEART CREAM STEEL TABLE RECT,157,4,3212.16,79.8,3132.36,0.0248,90,65,1274,0.8445,B
22700,BLACK AND WHITE DOG BOWL,1386,70,3161.3,31.3,3130.0,0.0099,98,79,1275,0.8447,B
82578,KITCHEN METAL SIGN,5605,143,3134.74,7.15,3127.59,0.0023,704,322,1276,0.8448,B
22347,PIZZA SLICE DISH,2722,68,3126.68,0.0,3126.68,0.0,115,50,1277,0.845,B
22406,MONEY BOX KINGS CHOICE DESIGN,2503,50,3169.35,55.66,3113.69,0.0176,217,145,1278,0.8452,B
23346,SPACEBOY BEAKER,2632,6,3117.34,7.5,3109.84,0.0024,184,106,1279,0.8453,B
21705,BAG 500g SWIRLY MARBLES,2534,36,3145.71,41.5,3104.21,0.0132,225,142,1280,0.8455,B
21272,SALLE DE BAIN HOOK,2356,225,3119.83,16.25,3103.58,0.0052,339,167,1281,0.8457,B
22572,ROCKING HORSE GREEN CHRISTMAS,3457,338,3102.48,2.55,3099.93,0.0008,362,211,1282,0.8458,B
22310,IVORY KNITTED MUG COSY,1740,13,3115.59,21.25,3094.34,0.0068,223,64,1283,0.846,B
21765,HANGING METAL BIRD BATH,381,11,3155.89,66.75,3089.14,0.0212,143,103,1284,0.8461,B
85227,SET OF 6 3D KIT CARDS FOR KIDS,3473,30,3114.49,25.5,3088.99,0.0082,442,225,1285,0.8463,B
84912B,GREEN ROSE WASHBAG,1129,107,3087.64,0.0,3087.64,0.0,259,56,1286,0.8465,B
22129,PARTY CONES CANDY TREE DECORATION,3252,18,3100.22,15.3,3084.92,0.0049,174,97,1287,0.8466,B
22757,LARGE RED BABUSHKA NOTEBOOK,2699,5001,3073.93,1.25,3072.68,0.0004,308,161,1288,0.8468,B
22473,TV DINNER TRAY VINTAGE PAISLEY,811,0,3070.92,0.0,3070.92,0.0,209,120,1289,0.847,B
47504K,ENGLISH ROSE GARDEN SECATEURS,2656,318,3098.82,28.98,3069.84,0.0094,312,210,1290,0.8471,B
23461,SWEETHEART BIRD HOUSE,857,4,3082.71,16.6,3066.11,0.0054,94,75,1291,0.8473,B
20956,PORCELAIN T-LIGHT HOLDERS ASSORTED,2353,905,3102.57,37.5,3065.07,0.0121,236,117,1292,0.8474,B
21206,STRAWBERRY HONEYCOMB  GARLAND,2157,11,3071.2,18.15,3053.05,0.0059,238,117,1293,0.8476,B
23329,DECORATIVE WICKER HEART LARGE,1778,3,3056.34,4.95,3051.39,0.0016,233,168,1294,0.8478,B
22037,ROBOT BIRTHDAY CARD,7102,120,3055.86,5.04,3050.82,0.0016,634,270,1295,0.8479,B
21820,GLITTER HEART GARLAND WITH BELLS,803,240,3162.39,112.5,3049.89,0.0356,180,112,1296,0.8481,B
22372,AIRLINE BAG VINTAGE WORLD CHAMPION,606,7,3081.93,33.95,3047.98,0.011,287,163,1297,0.8482,B
22754,SMALL RED BABUSHKA NOTEBOOK,3929,5012,3049.11,10.2,3038.91,0.0033,492,237,1298,0.8484,B
23390,DOLLY GIRL MINI BACKPACK,751,1,3042.19,4.15,3038.04,0.0014,163,117,1299,0.8486,B
21408,SPOTTY PINK DUCK DOORSTOP,707,5,3057.71,21.25,3036.46,0.0069,240,114,1300,0.8487,B
21352,EUCALYPTUS & PINECONE  WREATH,880,34,3110.28,74.25,3036.03,0.0239,158,77,1301,0.8489,B
15058A,BLUE POLKADOT GARDEN PARASOL,476,47,3153.73,120.75,3032.98,0.0383,148,76,1302,0.849,B
22154,ANGEL DECORATION 3 BUTTONS,7219,204,3117.42,85.68,3031.74,0.0275,317,163,1303,0.8492,B
22762,CUPBOARD 3 DRAWER MA CAMPAGNE,204,18,3276.62,244.9,3031.72,0.0747,133,91,1304,0.8494,B
21786,POLKADOT RAIN HAT,7486,279,3055.33,29.4,3025.93,0.0096,450,131,1305,0.8495,B
84279B,CHERRY BLOSSOM DECORATIVE FLASK,811,77,3088.17,63.75,3024.42,0.0206,215,140,1306,0.8497,B
15044C,PURPLE PAPER PARASOL,970,5,3036.11,13.95,3022.16,0.0046,231,100,1307,0.8498,B
22712,CARD DOLLY GIRL,7367,57,3032.66,15.54,3017.12,0.0051,508,209,1308,0.85,B
22067,CHOC TRUFFLE GOLD TRINKET POT,1873,20,3049.02,32.2,3016.82,0.0106,252,108,1309,0.8502,B
22208,WOOD STAMP SET THANK YOU,2375,25,3046.88,31.41,3015.47,0.0103,433,237,1310,0.8503,B
84912A,PINK ROSE WASHBAG,1096,0,3012.0,0.0,3012.0,0.0,232,59,1311,0.8505,B
22095,LADS ONLY TISSUE BOX,2987,107,3129.98,119.88,3010.1,0.0383,284,125,1312,0.8506,B
22805,BLUE DRAWER KNOB ACRYLIC EDWARDIAN,2221,13,3026.32,16.25,3010.07,0.0054,231,89,1313,0.8508,B
23231,WRAP DOILEY DESIGN,7277,0,3008.34,0.0,3008.34,0.0,260,190,1314,0.8509,B
20985,HEART CALCULATOR,2379,44,3059.24,54.43,3004.81,0.0178,291,162,1315,0.8511,B
22402,MAGNETS PACK OF 4 VINTAGE COLLAGE,3436,14,3016.45,17.5,2998.95,0.0058,250,158,1316,0.8513,B
22461,SAVOY ART DECO CLOCK,411,130,3620.56,625.7,2994.86,0.1728,146,82,1317,0.8514,B
22755,SMALL PURPLE BABUSHKA NOTEBOOK,3784,5012,3004.43,10.2,2994.23,0.0034,499,243,1318,0.8516,B
21477,STRING OF 20 ROSE LIGHTS,273,23,3248.94,257.25,2991.69,0.0792,45,35,1319,0.8517,B
22963,JAM JAR WITH GREEN LID,3697,215,3080.26,90.86,2989.4,0.0295,319,170,1320,0.8519,B
22375,AIRLINE BAG VINTAGE JET SET BROWN,595,2,2994.74,10.6,2984.14,0.0035,284,135,1321,0.8521,B
22132,RED LOVE HEART SHAPE CUP,3349,12,2993.21,10.2,2983.01,0.0034,388,154,1322,0.8522,B
21354,TOAST ITS - BEST MUM,2478,0,2981.96,0.0,2981.96,0.0,217,123,1323,0.8524,B
23242,TREASURE TIN BUFFALO BILL,1476,27,3037.11,56.16,2980.95,0.0185,214,132,1324,0.8525,B
21830,ASSORTED CREEPY CRAWLIES,7754,2513,3225.92,247.68,2978.24,0.0768,256,151,1325,0.8527,B
22891,TEA FOR ONE POLKADOT,649,37,3124.95,157.25,2967.7,0.0503,230,108,1326,0.8528,B
84944,SET OF 6 KASHMIR FOLKART BAUBLES,1149,140,3210.78,244.45,2966.33,0.0761,194,122,1327,0.853,B
22905,CALENDAR IN SEASON DESIGN,1078,0,2960.12,0.0,2960.12,0.0,194,111,1328,0.8531,B
22816,CARD MOTORBIKE SANTA,6916,48,2976.13,20.16,2955.97,0.0068,436,258,1329,0.8533,B
22925,BLUE GIANT GARDEN THERMOMETER,489,28,2995.47,47.6,2947.87,0.0159,191,130,1330,0.8535,B
22674,FRENCH TOILET SIGN BLUE METAL,2382,14,2962.58,17.5,2945.08,0.0059,297,182,1331,0.8536,B
79072,TEATIME CAKE TIN WITH HANDLE,285,59,3093.15,149.25,2943.9,0.0483,107,41,1332,0.8538,B
22519,CHILDS GARDEN BRUSH PINK,1427,33,2972.97,29.4,2943.57,0.0099,258,142,1333,0.8539,B
85049D,BRIGHT BLUES RIBBONS,2338,128,2935.38,0.0,2935.38,0.0,402,263,1334,0.8541,B
22664,TOY TIDY DOLLY GIRL DESIGN,1430,12,2956.29,25.2,2931.09,0.0085,266,107,1335,0.8542,B
22277,COSMETIC BAG VINTAGE ROSE PAISLEY,1402,2,2931.69,4.2,2927.49,0.0014,250,147,1336,0.8544,B
21948,SET OF 6 CAKE CHOPSTICKS,2295,0,2923.86,0.0,2923.86,0.0,267,71,1337,0.8545,B
21214,SET OF 72 IVORY PAPER DOILIES,2007,154,2922.27,1.45,2920.82,0.0005,199,106,1338,0.8547,B
22518,CHILDS GARDEN BRUSH BLUE,1405,30,2914.5,0.0,2914.5,0.0,266,141,1339,0.8548,B
22325,MOBILE VINTAGE HEARTS,701,48,3149.89,237.6,2912.29,0.0754,224,129,1340,0.855,B
22955,36 FOIL STAR CAKE CASES,1459,0,2908.36,0.0,2908.36,0.0,185,131,1341,0.8552,B
21626,VINTAGE UNION JACK PENNANT,1500,60,3024.87,117.0,2907.87,0.0387,204,136,1342,0.8553,B
23211,RED ROCKING HORSE HAND PAINTED,2331,24,2933.07,30.0,2903.07,0.0102,160,82,1343,0.8555,B
85184D,S/4 BLUE ROUND DECOUPAGE BOXES,8313,4215,4555.64,1664.92,2890.72,0.3655,67,48,1344,0.8556,B
21709,FOLDING UMBRELLA CHOCOLATE POLKADOT,698,0,2886.62,0.0,2886.62,0.0,117,69,1345,0.8558,B
23290,SPACEBOY CHILDRENS BOWL,2437,10,2899.1,12.5,2886.6,0.0043,214,125,1346,0.8559,B
22177,5 HOOK BLACKBOARD ORGANISER,326,33,3111.41,227.0,2884.41,0.073,125,90,1347,0.8561,B
23345,DOLLY GIRL BEAKER,2455,7,2891.25,8.75,2882.5,0.003,174,100,1348,0.8562,B
22811,SET OF 6 T-LIGHTS CACTI,1021,1,2884.13,2.95,2881.18,0.001,140,51,1349,0.8564,B
20752,BLUE POLKADOT WASHING UP GLOVES,1509,53,2887.1,6.3,2880.8,0.0022,358,188,1350,0.8565,B
85114C,RED ENCHANTED FOREST PLACEMAT,1364,19,2875.7,0.0,2875.7,0.0,203,79,1351,0.8567,B
22480,RED TEA TOWEL CLASSIC DESIGN,2376,24,2873.06,0.0,2873.06,0.0,263,197,1352,0.8568,B
21465,PINK FLOWER CROCHET FOOD COVER,794,2,2879.39,7.5,2871.89,0.0026,187,117,1353,0.857,B
22293,HANGING CHICK GREEN DECORATION,2064,24,2903.7,34.8,2868.9,0.012,225,114,1354,0.8571,B
21821,GLITTER STAR GARLAND WITH BELLS,726,13,2915.35,48.75,2866.6,0.0167,153,86,1355,0.8573,B
22927,GREEN GIANT GARDEN THERMOMETER,468,59,2948.57,83.3,2865.27,0.0283,162,101,1356,0.8574,B
21688,SILVER PLATE CANDLE BOWL SMALL,924,343,2881.05,17.7,2863.35,0.0061,142,97,1357,0.8576,B
22581,WOOD STOCKING CHRISTMAS SCANDISPOT,3576,2,2861.98,1.7,2860.28,0.0006,380,208,1358,0.8577,B
23504,PLAYING CARDS JUBILEE UNION JACK,1934,0,2857.64,0.0,2857.64,0.0,208,164,1359,0.8579,B
23427,STOOL HOME SWEET HOME,238,4,2873.08,22.9,2850.18,0.008,114,87,1360,0.858,B
22949,36 DOILIES DOLLY GIRL,2022,18,2875.59,26.1,2849.49,0.0091,177,130,1361,0.8582,B
85132B,CHARLIE AND LOLA TABLE TINS,929,134,2863.37,19.9,2843.47,0.0069,133,73,1362,0.8583,B
22897,OVEN MITT APPLES DESIGN,1958,242,2897.65,60.9,2836.75,0.021,298,190,1363,0.8585,B
22576,SWALLOW WOODEN CHRISTMAS DECORATION,3136,36,2838.48,5.1,2833.38,0.0018,330,191,1364,0.8586,B
23196,VINTAGE LEAF MAGNETIC NOTEPAD,1876,13,2848.04,18.85,2829.19,0.0066,298,170,1365,0.8588,B
21508,VINTAGE KID DOLLY CARD,6740,12,2818.7,5.04,2813.66,0.0018,541,215,1366,0.8589,B
22671,FRENCH LAUNDRY SIGN BLUE METAL,1692,4,2817.94,6.4,2811.54,0.0023,246,140,1367,0.8591,B
84909A,PINK PAISLEY QUILT,209,15,2797.55,0.0,2797.55,0.0,30,24,1368,0.8592,B
22696,WICKER WREATH LARGE,1418,0,2796.68,0.0,2796.68,0.0,288,203,1369,0.8594,B
84519A,TOMATO CHARLIE+LOLA COASTER SET,1201,0,2791.4,0.0,2791.4,0.0,203,96,1370,0.8595,B
23212,HEART WREATH DECORATION WITH BELL,2300,60,2865.89,75.0,2790.89,0.0262,186,104,1371,0.8597,B
22983,CARD BILLBOARD FONT,6719,181,2853.63,68.76,2784.87,0.0241,551,264,1372,0.8598,B
85199S,SMALL HANGING IVORY/RED WOOD BIRD,6035,24,2794.74,10.08,2784.66,0.0036,486,188,1373,0.86,B
21796,SET OF 3 RED STRIPE BASKETS,324,0,2782.19,0.0,2782.19,0.0,67,57,1374,0.8601,B
21360,JOY LARGE WOOD LETTERS,442,31,2800.36,19.9,2780.46,0.0071,100,81,1375,0.8603,B
22974,CHILDRENS DOLLY GIRL MUG,1645,20,2810.66,33.0,2777.66,0.0117,211,128,1376,0.8604,B
22450,SILK PURSE BABUSHKA BLUE,838,101,2811.68,36.85,2774.83,0.0131,180,117,1377,0.8605,B
21728,METAL MEDINA LANTERN,300,11,2798.61,25.5,2773.11,0.0091,40,33,1378,0.8607,B
22710,WRAP I LOVE LONDON,7184,125,2821.28,52.5,2768.78,0.0186,173,112,1379,0.8608,B
23396,LE JARDIN BOTANIQUE CUSHION COVER,662,4,2780.53,15.0,2765.53,0.0054,196,134,1380,0.861,B
22184,CAKE STAND VICTORIAN FILIGREE LARGE,390,31,2895.57,134.8,2760.77,0.0466,146,60,1381,0.8611,B
23190,BUNDLE OF 3 SCHOOL EXERCISE BOOKS,1702,2,2761.9,3.3,2758.6,0.0012,202,145,1382,0.8613,B
22416,SET OF 36 DOILIES SPACEBOY DESIGN,1971,6,2764.81,8.7,2756.11,0.0031,176,122,1383,0.8614,B
21683,MEDIUM MEDINA STAMPED METAL BOWL,936,39,2757.47,2.95,2754.52,0.0011,152,96,1384,0.8616,B
35001W,HAND OPEN SHAPE DECO.WHITE,887,108,2820.65,66.81,2753.84,0.0237,190,78,1385,0.8617,B
22315,200 RED + WHITE BENDY STRAWS,2144,5,2759.51,6.25,2753.26,0.0023,387,191,1386,0.8619,B
85015,SET OF 12  VINTAGE POSTCARD SET,2910,0,2751.3,0.0,2751.3,0.0,254,133,1387,0.862,B
23341,PINK DINER WALL CLOCK,308,0,2749.85,0.0,2749.85,0.0,121,75,1388,0.8621,B
22217,T-LIGHT HOLDER HANGING LACE,2378,211,2819.81,70.0,2749.81,0.0248,214,152,1389,0.8623,B
22145,CHRISTMAS CRAFT HEART STOCKING,1310,86,2761.06,12.6,2748.46,0.0046,197,153,1390,0.8624,B
22482,BLUE TEA TOWEL CLASSIC DESIGN,2326,66,2748.18,0.0,2748.18,0.0,214,154,1391,0.8626,B
21682,LARGE MEDINA STAMPED METAL BOWL,559,160,2767.59,19.8,2747.79,0.0072,152,116,1392,0.8627,B
84795C,OCEAN STRIPE HAMMOCK,325,16,2752.59,7.95,2744.64,0.0029,131,70,1393,0.8629,B
21693,SMALL HAMMERED SILVER CANDLEPOT,903,87,2743.02,0.0,2743.02,0.0,120,84,1394,0.863,B
23266,SET OF 3 WOODEN STOCKING DECORATION,2064,12,2757.57,15.0,2742.57,0.0054,319,201,1395,0.8632,B
23100,SILVER BELLS TABLE DECORATION,2169,1,2743.13,1.25,2741.88,0.0005,257,180,1396,0.8633,B
22597,MUSICAL ZINC HEART DECORATION,4617,34,2768.92,28.9,2740.02,0.0104,291,167,1397,0.8634,B
22066,LOVE HEART TRINKET POT,3458,11,2745.55,10.65,2734.9,0.0039,273,185,1398,0.8636,B
22525,CHILDRENS GARDEN GLOVES PINK,1949,76,2752.54,18.75,2733.79,0.0068,328,189,1399,0.8637,B
23147,SINGLE ANTIQUE ROSE HOOK IVORY,1870,15,2755.1,21.75,2733.35,0.0079,261,170,1400,0.8639,B
15058C,ICE CREAM DESIGN GARDEN PARASOL,470,34,2753.72,23.8,2729.92,0.0086,122,56,1401,0.864,B
21324,HANGING MEDINA LANTERN SMALL,1022,72,2869.31,140.1,2729.21,0.0488,175,101,1402,0.8642,B
22651,GENTLEMAN SHIRT REPAIR KIT,3179,0,2724.26,0.0,2724.26,0.0,270,112,1403,0.8643,B
22675,FRENCH KITCHEN SIGN BLUE METAL,2230,28,2758.7,35.0,2723.7,0.0127,270,179,1404,0.8645,B
85035C,ROSE 3 WICK MORRIS BOX CANDLE,1373,27,2729.54,12.75,2716.79,0.0047,199,129,1405,0.8646,B
23164,REGENCY CAKE SLICE,578,1,2718.65,4.95,2713.7,0.0018,92,70,1406,0.8647,B
22081,RIBBON REEL FLORA + FAUNA,1570,41,2779.19,67.65,2711.54,0.0243,302,170,1407,0.8649,B
22161,HEART DECORATION RUSTIC HANGING,6731,88,2739.69,28.88,2710.81,0.0105,489,156,1408,0.865,B
21424,WOODLAND STORAGE BOX LARGE,955,98,2861.64,151.9,2709.74,0.0531,142,51,1409,0.8652,B
23489,VINTAGE BELLS GARLAND,913,0,2709.23,0.0,2709.23,0.0,159,125,1410,0.8653,B
23333,IVORY WICKER HEART MEDIUM,2110,12,2721.7,15.0,2706.7,0.0055,233,179,1411,0.8655,B
22479,DAISY GARDEN MARKER,1951,0,2706.19,0.0,2706.19,0.0,214,129,1412,0.8656,B
21744,SNOWFLAKE PORTABLE TABLE LIGHT,906,27,2720.76,17.7,2703.06,0.0065,217,131,1413,0.8657,B
22914,BLUE COAT RACK PARIS FASHION,571,5,2725.61,24.75,2700.86,0.0091,170,117,1414,0.8659,B
84795B,SUNSET CHECK HAMMOCK,317,0,2696.81,0.0,2696.81,0.0,113,56,1415,0.866,B
22524,CHILDRENS GARDEN GLOVES BLUE,1925,76,2713.23,17.5,2695.73,0.0064,293,188,1416,0.8662,B
22155,STAR DECORATION RUSTIC,6031,123,2716.33,22.26,2694.07,0.0082,340,165,1417,0.8663,B
23264,SET OF 3 WOODEN SLEIGH DECORATIONS,1966,1,2694.56,1.25,2693.31,0.0005,299,177,1418,0.8664,B
47480,HANGING PHOTO CLIP ROPE LADDER,1640,15,2717.28,24.75,2692.53,0.0091,150,62,1419,0.8666,B
22436,12 COLOURED PARTY BALLOONS,4237,27,2701.35,17.55,2683.8,0.0065,289,173,1420,0.8667,B
22650,CERAMIC PIRATE CHEST MONEY BANK,1799,37,2736.73,53.65,2683.08,0.0196,282,150,1421,0.8669,B
21224,SET/4 SKULL BADGES,2185,22,2709.41,27.5,2681.91,0.0101,312,140,1422,0.867,B
21188,3D HEARTS  HONEYCOMB PAPER GARLAND,912,35,2771.34,89.65,2681.69,0.0323,128,69,1423,0.8672,B
23292,SPACEBOY CHILDRENS CUP,2182,21,2704.58,26.25,2678.33,0.0097,222,113,1424,0.8673,B
90057,DIAMANTE RING ASSORTED IN BOX.,1804,380,2675.88,0.0,2675.88,0.0,37,29,1425,0.8674,B
22818,CARD CHRISTMAS VILLAGE,6326,144,2735.98,60.48,2675.5,0.0221,404,252,1426,0.8676,B
22495,SET OF 2 ROUND TINS CAMEMBERT,942,6,2688.22,17.7,2670.52,0.0066,237,165,1427,0.8677,B
23407,SET OF 2 TRAYS HOME SWEET HOME,267,6,2729.33,59.7,2669.63,0.0219,133,103,1428,0.8679,B
85049B,LUSH GREENS RIBBONS,2134,73,2668.24,0.0,2668.24,0.0,341,224,1429,0.868,B
21788,KIDS RAIN MAC BLUE,3380,73,2729.34,61.85,2667.49,0.0227,206,141,1430,0.8681,B
22028,PENNY FARTHING BIRTHDAY CARD,6368,114,2675.21,10.08,2665.13,0.0038,507,203,1431,0.8683,B
21742,LARGE ROUND WICKER PLATTER,440,0,2665.13,0.0,2665.13,0.0,193,156,1432,0.8684,B
21923,RED/CREAM STRIPE FRINGE HAMMOCK,339,7,2678.54,15.9,2662.64,0.0059,119,80,1433,0.8686,B
22101,MIRROR MOSAIC VOTIVE HOLDER,1909,325,2790.27,128.46,2661.81,0.046,116,44,1434,0.8687,B
22152,PLACE SETTING WHITE STAR,6267,190,2653.2,4.62,2648.58,0.0017,241,154,1435,0.8688,B
22930,BAKING MOULD HEART MILK CHOCOLATE,1109,96,2849.35,201.6,2647.75,0.0708,189,120,1436,0.869,B
22376,AIRLINE BAG VINTAGE JET SET WHITE,532,0,2647.03,0.0,2647.03,0.0,246,145,1437,0.8691,B
21897,POTTING SHED CANDLE CITRONELLA,872,27,2659.06,14.75,2644.31,0.0055,106,86,1438,0.8693,B
22713,CARD I LOVE LONDON,6168,20,2651.4,8.4,2643.0,0.0032,368,148,1439,0.8694,B
22500,SET OF 2 TINS JARDIN DE PROVENCE,585,4,2660.96,19.8,2641.16,0.0074,198,155,1440,0.8695,B
72800E,4 IVORY DINNER CANDLES SILVER FLOCK,1410,12,2648.8,9.48,2639.32,0.0036,286,139,1441,0.8697,B
22503,CABIN BAG VINTAGE PAISLEY,141,22,3178.02,546.7,2631.32,0.172,54,29,1442,0.8698,B
84872A,TEATIME FUNKY FLOWER BACKPACK FOR 2,235,28,2620.01,0.0,2620.01,0.0,147,6,1443,0.87,B
85034B,3 WHITE CHOC MORRIS BOXED CANDLES,1188,0,2619.93,0.0,2619.93,0.0,153,95,1444,0.8701,B
82597,BOMBS AWAY METAL SIGN,1236,413,2624.26,5.89,2618.37,0.0022,215,106,1445,0.8702,B
21422,PORCELAIN ROSE SMALL,3160,59,2619.17,3.4,2615.77,0.0013,147,71,1446,0.8704,B
23054,RECYCLED ACAPULCO MAT LAVENDER,297,1,2621.43,8.25,2613.18,0.0031,130,81,1447,0.8705,B
21204,DAISIES  HONEYCOMB GARLAND,1608,49,2682.99,71.25,2611.74,0.0266,205,109,1448,0.8706,B
85049F,BABY BOOM RIBBONS,2117,155,2642.75,31.25,2611.5,0.0118,314,206,1449,0.8708,B
37502,TEA TIME MUG IN GIFT BOX,872,5,2611.59,2.95,2608.64,0.0011,171,97,1450,0.8709,B
85035B,CHOCOLATE 3 WICK MORRIS BOX CANDLE,995,36,2602.86,0.0,2602.86,0.0,137,75,1451,0.8711,B
47585A,PINK FAIRY CAKE CUSHION COVER,1086,13,2620.38,18.75,2601.63,0.0072,148,66,1452,0.8712,B
22758,LARGE PURPLE BABUSHKA NOTEBOOK,2453,5030,2638.35,37.5,2600.85,0.0142,314,151,1453,0.8713,B
72799E,IVORY PILLAR CANDLE SILVER FLOCK,1238,6,2618.34,17.7,2600.64,0.0068,178,105,1454,0.8715,B
85183B,CHARLIE & LOLA WASTEPAPER BIN FLORA,1725,35,2731.76,131.25,2600.51,0.048,171,124,1455,0.8716,B
22046,TEA PARTY  WRAPPING PAPER,6375,34,2613.5,14.28,2599.22,0.0055,208,147,1456,0.8717,B
22190,LOCAL CAFE MUG,1400,1,2591.67,2.1,2589.57,0.0008,242,88,1457,0.8719,B
21818,GLITTER CHRISTMAS HEART,4238,130,2584.69,0.0,2584.69,0.0,285,197,1458,0.872,B
47503J,SET/3 FLORAL GARDEN TOOLS IN BAG,345,19,2735.51,151.05,2584.46,0.0552,75,31,1459,0.8722,B
21171,BATHROOM METAL SIGN,1847,140,2581.17,0.0,2581.17,0.0,260,142,1460,0.8723,B
84849D,HOT BATHS SOAP HOLDER,1560,104,2621.65,40.56,2581.09,0.0155,260,122,1461,0.8724,B
51014C,"FEATHER PEN,COAL BLACK",4293,326,2761.69,182.34,2579.35,0.066,266,108,1462,0.8726,B
22094,RED RETROSPOT TISSUE BOX,3563,92,2652.25,73.72,2578.53,0.0278,339,181,1463,0.8727,B
22231,JIGSAW TREE WITH BIRDHOUSE,2140,107,2718.87,150.15,2568.72,0.0552,297,166,1464,0.8728,B
22270,HAPPY EASTER HANGING DECORATION,692,26,2664.92,96.78,2568.14,0.0363,153,104,1465,0.873,B
21808,"CHRISTMAS GARLAND STARS,TREES",1003,46,2723.03,155.0,2568.03,0.0569,144,70,1466,0.8731,B
22735,RIBBON REEL SOCKS AND MITTENS,1449,0,2566.13,0.0,2566.13,0.0,231,133,1467,0.8732,B
22439,6 ROCKET BALLOONS,3912,75,2612.66,48.75,2563.91,0.0187,363,216,1468,0.8734,B
22146,EASTER CRAFT IVY WREATH WITH CHICK,1417,114,2640.93,77.7,2563.23,0.0294,107,93,1469,0.8735,B
22471,TV DINNER TRAY AIR HOSTESS,628,3,2573.71,11.85,2561.86,0.0046,176,91,1470,0.8736,B
21653,GLASS ETCHED T-LIGHT HOLDER LARGE,1251,143,2576.17,14.7,2561.47,0.0057,111,75,1471,0.8738,B
21589,SWALLOW GIANT TUBE MATCHES,1119,49,2583.45,30.6,2552.85,0.0118,88,73,1472,0.8739,B
20960,WATERMELON BATH SPONGE,1900,120,2550.84,0.0,2550.84,0.0,215,85,1473,0.874,B
21898,POTTING SHED ROSE CANDLE,829,83,2544.71,0.0,2544.71,0.0,113,73,1474,0.8742,B
90062,CARNIVAL BRACELET,205,5,2604.17,63.75,2540.42,0.0245,109,33,1475,0.8743,B
22937,BAKING MOULD CHOCOLATE CUPCAKES,974,13,2568.34,33.15,2535.19,0.0129,160,122,1476,0.8744,B
20787,BLUE RETRO BAR STOOL,69,77,2535.1,0.0,2535.1,0.0,30,7,1477,0.8746,B
84012,MAGIC SHEEP WOOL GROWING FROM PAPER,1840,120,2633.57,102.0,2531.57,0.0387,179,127,1478,0.8747,B
23681,LUNCH BAG RED VINTAGE DOILY,1577,0,2526.69,0.0,2526.69,0.0,132,105,1479,0.8748,B
23424,GINGHAM RECIPE BOOK BOX,466,1,2529.42,4.95,2524.47,0.002,135,87,1480,0.875,B
85034C,3 ROSE MORRIS BOXED CANDLES,1318,23,2609.15,85.75,2523.4,0.0329,197,130,1481,0.8751,B
22415,WHITE TISSUE REAM,317,31,2520.15,0.0,2520.15,0.0,204,156,1482,0.8752,B
21215,IVORY PAPER CUP CAKE CASES,4356,42,2537.73,17.64,2520.09,0.007,291,127,1483,0.8754,B
21431,GREEN GINGHAM FLOWER JEWELLERY BOX,1488,133,2519.61,3.3,2516.31,0.0013,278,167,1484,0.8755,B
21323,HANGING MEDINA LANTERN LARGE,744,37,2523.89,12.75,2511.14,0.0051,80,46,1485,0.8756,B
22313,OFFICE MUG WARMER PINK,986,252,3151.02,647.4,2503.62,0.2055,137,74,1486,0.8758,B
82567,"AIRLINE LOUNGE,METAL SIGN",1210,74,2505.28,2.1,2503.18,0.0008,489,136,1487,0.8759,B
21288,STRIPEY CHOCOLATE NESTING BOXES,985,47,2566.32,64.15,2502.17,0.025,224,105,1488,0.876,B
23316,RED REFECTORY CLOCK,251,1,2511.59,9.95,2501.64,0.004,110,75,1489,0.8762,B
23146,TRIPLE HOOK ANTIQUE IVORY ROSE,801,50,2655.13,164.1,2491.03,0.0618,227,151,1490,0.8763,B
85054,FRENCH ENAMEL POT W LID,920,47,2506.82,20.2,2486.62,0.0081,204,107,1491,0.8764,B
23367,SET 12 COLOUR PENCILS SPACEBOY,3285,16,2495.75,10.4,2485.35,0.0042,282,184,1492,0.8766,B
84754,S/15 SILVER GLASS BAUBLES IN BAG,2085,388,2637.09,155.14,2481.95,0.0588,218,129,1493,0.8767,B
22742,MAKE YOUR OWN PLAYTIME CARD KIT,1006,2,2484.94,5.9,2479.04,0.0024,180,132,1494,0.8768,B
85041,SET/4 PINK ORCHID CANDLES IN BOWL,1858,14,2498.12,23.1,2475.02,0.0092,92,64,1495,0.877,B
84509B,SET OF 4 FAIRY CAKE PLACEMATS,654,4,2489.97,15.0,2474.97,0.006,200,101,1496,0.8771,B
20668,DISCO BALL CHRISTMAS DECORATION,21119,1398,2475.04,0.36,2474.68,0.0001,367,181,1497,0.8772,B
21680,WOODLAND  STICKERS,2870,30,2493.88,25.5,2468.38,0.0102,268,110,1498,0.8773,B
22342,HOME GARLAND PAINTED ZINC,1842,70,2562.5,96.3,2466.2,0.0376,230,109,1499,0.8775,B
22789,T-LIGHT HOLDER SWEETHEART HANGING,1262,1,2466.34,1.95,2464.39,0.0008,196,138,1500,0.8776,B
85206B,PINK FELT EASTER EGG BASKET,1543,64,2485.55,23.1,2462.45,0.0093,183,138,1501,0.8777,B
21616,4 PEAR BOTANICAL DINNER CANDLES,1153,0,2462.33,0.0,2462.33,0.0,191,126,1502,0.8779,B
85036A,GARDENIA 1 WICK MORRIS BOXED CANDLE,637,84,2467.79,5.5,2462.29,0.0022,166,117,1503,0.878,B
21203,BUTTERFLIES  HONEYCOMB GARLAND,1541,107,2530.3,71.25,2459.05,0.0282,145,85,1504,0.8781,B
84509F,SET OF 4 NEW ENGLAND PLACEMATS,2781,24,2456.1,0.0,2456.1,0.0,46,32,1505,0.8783,B
22676,FRENCH BLUE METAL DOOR SIGN 1,1832,11,2467.48,13.75,2453.73,0.0056,305,105,1506,0.8784,B
21792,CLASSIC FRENCH STYLE BASKET GREEN,497,21,2538.13,84.95,2453.18,0.0335,141,110,1507,0.8785,B
23352,ROLL WRAP 50'S RED CHRISTMAS,1803,12,2462.95,15.0,2447.95,0.0061,212,151,1508,0.8786,B
22153,ANGEL DECORATION STARS ON DRESS,5818,166,2516.62,69.72,2446.9,0.0277,283,136,1509,0.8788,B
22852,DOG BOWL VINTAGE CREAM,565,5,2467.11,21.25,2445.86,0.0086,160,108,1510,0.8789,B
21330,WOODLAND ANIMAL  WRITING SET,1456,220,2460.67,14.85,2445.82,0.006,201,101,1511,0.879,B
21274,EMBOSSED HEART 3 DRAWER SHELF,177,16,2446.19,12.75,2433.44,0.0052,105,61,1512,0.8792,B
21809,CHRISTMAS HANGING TREE WITH BELL,3019,140,2432.03,0.0,2432.03,0.0,207,118,1513,0.8793,B
22911,PAPER CHAIN KIT LONDON,856,12,2463.2,35.4,2427.8,0.0144,164,115,1514,0.8794,B
22091,EMPIRE TISSUE BOX,3190,55,2492.73,68.75,2423.98,0.0276,324,184,1515,0.8795,B
84840,SWEETHEART CARRY-ALL BASKET,284,52,2447.82,25.5,2422.32,0.0104,140,110,1516,0.8797,B
21106,CREAM SLICE FLANNEL CHOCOLATE SPOT,790,0,2419.68,0.0,2419.68,0.0,169,98,1517,0.8798,B
21823,PAINTED METAL HEART WITH HOLLY BELL,2473,124,2453.91,34.8,2419.11,0.0142,212,136,1518,0.8799,B
21462,"NURSERY A,B,C PAINTED LETTERS",418,6,2459.16,40.5,2418.66,0.0165,171,131,1519,0.88,B
22613,PACK OF 20 SPACEBOY NAPKINS,3055,10,2423.16,8.5,2414.66,0.0035,273,166,1520,0.8802,B
22021,BLUE FELT EASTER EGG BASKET,1415,32,2433.61,19.8,2413.81,0.0081,233,161,1521,0.8803,B
23406,HOME SWEET HOME KEY HOLDER,457,24,2428.91,18.75,2410.16,0.0077,111,65,1522,0.8804,B
22540,MINI JIGSAW CIRCUS PARADE,6162,3,2410.29,1.26,2409.03,0.0005,189,114,1523,0.8806,B
21924,BLUE/CREAM STRIPE FRINGE HAMMOCK,315,10,2486.66,79.5,2407.16,0.032,123,82,1524,0.8807,B
22448,PIN CUSHION BABUSHKA RED,753,6,2426.73,20.1,2406.63,0.0083,121,79,1525,0.8808,B
21642,ASSORTED TUTTI FRUTTI PEN,4418,404,2578.87,172.34,2406.53,0.0668,251,150,1526,0.8809,B
21439,BASKET OF TOADSTOOLS,2260,408,2838.79,432.48,2406.31,0.1523,240,112,1527,0.8811,B
23265,SET OF 3 WOODEN TREE DECORATIONS,1784,15,2423.54,18.75,2404.79,0.0077,293,180,1528,0.8812,B
22537,MAGIC DRAWING SLATE DINOSAUR,5866,48,2423.01,20.16,2402.85,0.0083,350,225,1529,0.8813,B
21973,SET OF 36 MUSHROOM PAPER DOILIES,1670,191,2420.03,18.85,2401.18,0.0078,210,117,1530,0.8814,B
22829,SWEETHEART WIRE WALL TIDY,243,10,2488.47,87.9,2400.57,0.0353,118,83,1531,0.8816,B
23400,SHELF WITH 4 HOOKS HOME SWEET HOME,461,21,2409.34,12.5,2396.84,0.0052,107,76,1532,0.8817,B
22990,COTTON APRON PANTRY DESIGN,638,126,2942.18,553.7,2388.48,0.1882,164,117,1533,0.8818,B
22986,GINGHAM ROSE WRAP,5795,25,2389.9,10.5,2379.4,0.0044,204,162,1534,0.8819,B
22566,FELTCRAFT HAIRBAND PINK AND PURPLE,2842,0,2378.92,0.0,2378.92,0.0,297,192,1535,0.8821,B
23498,CLASSIC BICYCLE CLIPS,1644,0,2378.48,0.0,2378.48,0.0,99,77,1536,0.8822,B
23028,DRAWER KNOB CRACKLE GLAZE BLUE,1375,56,2387.03,11.55,2375.48,0.0048,137,88,1537,0.8823,B
47570,ENGLISH ROSE TABLE CLOTH,220,134,2373.01,0.0,2373.01,0.0,78,47,1538,0.8824,B
23437,50'S CHRISTMAS GIFT BAG LARGE,1939,2,2373.63,2.5,2371.13,0.0011,131,108,1539,0.8826,B
85059,FRENCH ENAMEL WATER BASIN,701,10,2399.89,30.0,2369.89,0.0125,211,108,1540,0.8827,B
10133,COLOURING PENCILS BROWN TUBE,3848,102,2377.88,12.7,2365.18,0.0053,289,153,1541,0.8828,B
21789,KIDS RAIN MAC PINK,2923,92,2439.62,78.2,2361.42,0.0321,218,138,1542,0.8829,B
22321,BIRD DECORATION RED RETROSPOT,2552,1,2360.35,0.85,2359.5,0.0004,305,118,1543,0.8831,B
22642,SET OF 4 NAPKIN CHARMS STARS,993,2560,2358.67,0.0,2358.67,0.0,141,113,1544,0.8832,B
21468,BUTTERFLY CROCHET FOOD COVER,670,2,2365.14,7.5,2357.64,0.0032,142,91,1545,0.8833,B
85034A,3 GARDENIA MORRIS BOXED CANDLES,852,92,2393.44,37.75,2355.69,0.0158,138,92,1546,0.8834,B
21615,4 LAVENDER BOTANICAL DINNER CANDLES,1181,26,2354.92,0.0,2354.92,0.0,169,115,1547,0.8836,B
23436,VINTAGE CHRISTMAS GIFT BAG LARGE,1979,15,2367.39,18.75,2348.64,0.0079,114,91,1548,0.8837,B
23412,HEART MIRROR ANTIQUE WHITE,358,32,2354.8,15.0,2339.8,0.0064,76,64,1549,0.8838,B
21126,SET OF 6 GIRLS CELEBRATION CANDLES,2329,14,2354.22,17.5,2336.72,0.0074,285,169,1550,0.8839,B
23401,RUSTIC MIRROR WITH LACE HEART,459,3,2354.87,18.75,2336.12,0.008,83,59,1551,0.8841,B
21437,24 HANGING EASTER EGGS FLORAL TUB,678,55,2354.67,18.75,2335.92,0.008,109,88,1552,0.8842,B
22421,LIPSTICK PEN FUSCHIA,4723,45,2352.7,18.6,2334.1,0.0079,406,172,1553,0.8843,B
22609,PENS ASSORTED SPACEBALL,7159,144,2428.22,98.64,2329.58,0.0406,201,118,1554,0.8844,B
21947,SET OF 6 HEART CHOPSTICKS,1695,0,2327.81,0.0,2327.81,0.0,298,122,1555,0.8846,B
21540,DAIRY MAID CERAMIC BUTTER DISH,1325,48,2403.45,81.5,2321.95,0.0339,87,52,1556,0.8847,B
21708,FOLDING UMBRELLA CREAM POLKADOT,612,4,2341.43,19.8,2321.63,0.0085,129,72,1557,0.8848,B
21824,PAINTED METAL STAR WITH HOLLY BELLS,2785,127,2354.75,34.8,2319.95,0.0148,211,137,1558,0.8849,B
21747,SMALL SKULL WINDMILL,2050,126,2453.6,136.98,2316.62,0.0558,153,83,1559,0.885,B
85107,CUT GLASS T-LIGHT HOLDER OCTAGON,1219,0,2315.59,0.0,2315.59,0.0,70,56,1560,0.8852,B
23371,SET 36 COLOUR PENCILS SPACEBOY,1712,0,2313.53,0.0,2313.53,0.0,185,98,1561,0.8853,B
22306,SILVER MUG BONE CHINA TREE OF LIFE,1639,217,2340.62,28.7,2311.92,0.0123,163,125,1562,0.8854,B
21741,COSY SLIPPER SHOES LARGE GREEN,707,1,2311.45,2.55,2308.9,0.0011,190,108,1563,0.8855,B
84796A,PINK HAWAIIAN PICNIC HAMPER FOR 2,312,35,2307.23,0.0,2307.23,0.0,131,23,1564,0.8857,B
84459B,YELLOW METAL CHICKEN HEART,1475,31,2341.77,35.76,2306.01,0.0153,213,115,1565,0.8858,B
22251,BIRDHOUSE DECORATION MAGIC GARDEN,1875,19,2322.64,23.75,2298.89,0.0102,298,141,1566,0.8859,B
84536A,ENGLISH ROSE NOTEBOOK A7 SIZE,5110,38,2313.06,15.96,2297.1,0.0069,625,227,1567,0.886,B
85114A,BLACK ENCHANTED FOREST PLACEMAT,1326,0,2296.54,0.0,2296.54,0.0,120,46,1568,0.8861,B
23360,SET 8 CANDLES VINTAGE DOILY,1187,0,2296.15,0.0,2296.15,0.0,114,94,1569,0.8863,B
22831,WHITE BROCANTE SOAP DISH,778,0,2292.18,0.0,2292.18,0.0,138,101,1570,0.8864,B
23330,DECORATIVE WICKER HEART MEDIUM,1804,6,2299.47,7.5,2291.97,0.0033,216,158,1571,0.8865,B
21482,MUSHROOM BLUE HOT WATER BOTTLE,744,205,2308.56,17.7,2290.86,0.0077,184,104,1572,0.8866,B
23197,SKETCHBOOK MAGNETIC SHOPPING LIST,1492,25,2323.8,36.25,2287.55,0.0156,249,116,1573,0.8867,B
21262,WHITE GOOSE FEATHER CHRISTMAS TREE,609,11,2374.87,88.45,2286.42,0.0372,132,69,1574,0.8869,B
22973,CHILDREN'S CIRCUS PARADE MUG,1367,24,2324.23,39.2,2285.03,0.0169,155,88,1575,0.887,B
22409,MONEY BOX BISCUITS DESIGN,1694,34,2300.46,17.5,2282.96,0.0076,164,108,1576,0.8871,B
21819,GLITTER CHRISTMAS STAR,3889,14,2281.46,0.0,2281.46,0.0,248,178,1577,0.8872,B
85106,CUT GLASS HEXAGON T-LIGHT HOLDER,1194,562,2281.44,0.0,2281.44,0.0,59,40,1578,0.8873,B
85176,SEWING SUSAN 21 NEEDLE SET,2748,16,2293.0,13.18,2279.82,0.0057,306,115,1579,0.8875,B
22362,GLASS JAR PEACOCK BATH SALTS,751,49,2422.33,144.55,2277.78,0.0597,253,133,1580,0.8876,B
21873,IF YOU CAN'T STAND THE HEAT MUG,2024,91,2377.51,100.07,2277.44,0.0421,199,98,1581,0.8877,B
22828,REGENCY MIRROR WITH SHUTTERS,17,2,2565.0,290.0,2275.0,0.1131,11,9,1582,0.8878,B
22539,MINI JIGSAW DOLLY GIRL,5657,1,2269.39,0.42,2268.97,0.0002,247,138,1583,0.8879,B
85199L,LARGE HANGING IVORY & RED WOOD BIRD,3455,277,2285.02,17.55,2267.47,0.0077,272,136,1584,0.8881,B
22246,"GARLAND, MAGIC GARDEN 1.8M",1082,12,2289.9,23.4,2266.5,0.0102,188,84,1585,0.8882,B
21826,EIGHT PIECE DINOSAUR SET,1808,80,2336.87,71.25,2265.62,0.0305,240,136,1586,0.8883,B
21804,WHITE CHRISTMAS GARLAND STARS TREES,605,86,2270.99,7.5,2263.49,0.0033,137,92,1587,0.8884,B
23029,DRAWER KNOB CRACKLE GLAZE GREEN,1352,48,2303.92,46.2,2257.72,0.0201,156,97,1588,0.8885,B
85183A,CHARLIE & LOLA WASTEPAPER BIN BLUE,1512,9,2275.75,18.75,2257.0,0.0082,141,104,1589,0.8887,B
85035A,GARDENIA 3 WICK MORRIS BOXED CANDLE,653,93,2387.31,133.94,2253.37,0.0561,181,113,1590,0.8888,B
22024,RAINY LADIES BIRTHDAY CARD,5415,126,2267.08,15.12,2251.96,0.0067,439,170,1591,0.8889,B
21651,HANGING GLASS ETCHED TEALIGHT,1392,96,2251.51,0.0,2251.51,0.0,124,81,1592,0.889,B
84818,DANISH ROSE PHOTO FRAME,1789,177,2383.04,132.05,2250.99,0.0554,214,122,1593,0.8891,B
21187,WHITE BELL HONEYCOMB PAPER GARLAND,1348,97,2250.38,0.0,2250.38,0.0,144,90,1594,0.8892,B
84469,ROSE DES PADDED FLOOR CUSHION,664,80,2249.41,0.0,2249.41,0.0,44,35,1595,0.8894,B
23128,FELTCRAFT BOY JEAN-PAUL KIT,453,7,2283.41,34.65,2248.76,0.0152,139,112,1596,0.8895,B
22133,PINK LOVE HEART SHAPE CUP,2464,12,2258.61,10.2,2248.41,0.0045,327,109,1597,0.8896,B
22933,BAKING MOULD EASTER EGG MILK CHOC,940,156,2585.92,337.8,2248.12,0.1306,122,82,1598,0.8897,B
23048,SET OF 10 LANTERNS FAIRY LIGHT STAR,581,33,2384.97,136.95,2248.02,0.0574,99,81,1599,0.8898,B
22286,"DECORATION , WOBBLY RABBIT , METAL",1964,47,2245.3,0.0,2245.3,0.0,195,119,1600,0.89,B
22803,IVORY EMBROIDERED QUILT,59,0,2237.84,0.0,2237.84,0.0,36,22,1601,0.8901,B
23326,HANGING MINI COLOURED BOTTLES,3443,0,2237.71,0.0,2237.71,0.0,76,52,1602,0.8902,B
23093,SMALL PARISIENNE HEART PHOTO FRAME,941,3,2244.22,7.47,2236.75,0.0033,142,105,1603,0.8903,B
21696,SMALL SILVER TRELLIS CANDLEPOT,773,350,2321.94,88.5,2233.44,0.0381,107,80,1604,0.8904,B
35001G,HAND OPEN SHAPE GOLD,717,254,2267.97,37.29,2230.68,0.0164,103,46,1605,0.8905,B
21398,RED POLKADOT COFFEE  MUG,2295,11,2231.9,4.2,2227.7,0.0019,126,82,1606,0.8907,B
23438,RED SPOT GIFT BAG LARGE,1823,0,2227.42,0.0,2227.42,0.0,109,88,1607,0.8908,B
21681,GIANT MEDINA STAMPED METAL BOWL,235,12,2254.71,29.85,2224.86,0.0132,79,62,1608,0.8909,B
85172,HYACINTH BULB T-LIGHT CANDLES,4303,2173,2288.0,64.26,2223.74,0.0281,150,110,1609,0.891,B
21638,ASSORTED TUTTI FRUTTI NOTEBOOK,1029,41,2239.84,16.8,2223.04,0.0075,142,84,1610,0.8911,B
22336,DOVE DECORATION PAINTED ZINC,4663,208,2235.34,14.95,2220.39,0.0067,214,136,1611,0.8913,B
23501,KEY RING BASEBALL BOOT UNION JACK,1823,0,2220.37,0.0,2220.37,0.0,112,77,1612,0.8914,B
21476,STEEL SWEETHEART ROUND TABLE CREAM,144,2,2249.41,29.9,2219.51,0.0133,85,53,1613,0.8915,B
20658,RED SPOTTY LUGGAGE TAG,1594,114,2263.86,45.0,2218.86,0.0199,353,153,1614,0.8916,B
16237,SLEEPING CAT ERASERS,10388,91,2233.78,19.11,2214.67,0.0086,580,209,1615,0.8917,B
84913A,SOFT PINK ROSE TOWEL,608,75,2211.54,0.0,2211.54,0.0,266,26,1616,0.8918,B
22716,CARD CIRCUS PARADE,5230,12,2216.45,5.04,2211.41,0.0023,447,244,1617,0.892,B
21686,MEDINA STAMPED METAL STOOL,65,15,2460.14,249.65,2210.49,0.1015,33,10,1618,0.8921,B
21620,SET OF 4 ROSE BOTANICAL CANDLES,1104,1505,2232.98,22.5,2210.48,0.0101,222,139,1619,0.8922,B
22785,SQUARECUSHION COVER PINK UNION FLAG,412,9,2207.11,0.0,2207.11,0.0,122,82,1620,0.8923,B
17091J,VANILLA INCENSE IN TIN,3964,0,2204.35,0.0,2204.35,0.0,178,108,1621,0.8924,B
23064,CINDERELLA CHANDELIER,221,79,3717.56,1514.05,2203.51,0.4073,23,20,1622,0.8925,B
22074,6 RIBBONS SHIMMERING PINKS,2160,12,2222.94,19.8,2203.14,0.0089,287,127,1623,0.8926,B
22514,CHILDS GARDEN SPADE BLUE,1084,2,2207.12,4.2,2202.92,0.0019,233,151,1624,0.8928,B
21125,SET 6 FOOTBALL CELEBRATION CANDLES,2131,15,2221.38,18.75,2202.63,0.0084,246,162,1625,0.8929,B
21464,DISCO BALL ROTATOR BATTERY OPERATED,540,21,2291.0,89.25,2201.75,0.039,217,127,1626,0.893,B
22711,WRAP CIRCUS PARADE,5402,50,2220.84,21.0,2199.84,0.0095,181,148,1627,0.8931,B
23403,LETTER HOLDER HOME SWEET HOME,626,3,2207.86,11.25,2196.61,0.0051,134,80,1628,0.8932,B
22453,MEASURING TAPE BABUSHKA BLUE,803,20,2218.82,23.6,2195.22,0.0106,144,78,1629,0.8933,B
22853,CAT BOWL VINTAGE CREAM,645,6,2205.57,19.5,2186.07,0.0088,146,100,1630,0.8935,B
21710,FOLDING UMBRELLA PINKWHITE POLKADOT,727,11,2239.96,54.45,2185.51,0.0243,110,80,1631,0.8936,B
85045,GREEN CHRISTMAS TREE STRING 20LIGHT,471,12,2239.34,54.5,2184.84,0.0243,83,60,1632,0.8937,B
21611,SET OF 12 LILY BOTANICAL T-LIGHTS,754,48,2193.99,17.7,2176.29,0.0081,148,93,1633,0.8938,B
84691,PACK 20 DOLLY PEGS,2754,161,2231.45,56.1,2175.35,0.0251,235,124,1634,0.8939,B
20770,ABSTRACT CIRCLE JOURNAL,1046,10,2193.14,20.1,2173.04,0.0092,201,94,1635,0.894,B
85039B,S/4 IVORY MINI ROSE CANDLE IN BOWL,1657,12,2191.96,19.8,2172.16,0.009,267,84,1636,0.8941,B
22069,BROWN  PIRATE TREASURE CHEST,970,0,2167.93,0.0,2167.93,0.0,267,66,1637,0.8943,B
23445,ICE CREAM BUBBLES,2688,20,2177.84,16.6,2161.24,0.0076,101,81,1638,0.8944,B
23370,SET 36 COLOURING PENCILS DOILY,1555,1,2157.85,1.25,2156.6,0.0006,151,86,1639,0.8945,B
22948,METAL DECORATION NAUGHTY CHILDREN,2157,120,2166.39,10.2,2156.19,0.0047,180,93,1640,0.8946,B
23252,VINTAGE RED ENAMEL TRIM JUG,607,33,2276.61,123.75,2152.86,0.0544,138,104,1641,0.8947,B
20931,BLUE POT PLANT CANDLE,673,27,2238.07,87.55,2150.52,0.0391,157,91,1642,0.8948,B
23031,DRAWER KNOB CRACKLE GLAZE PINK,1296,20,2182.0,33.0,2149.0,0.0151,155,93,1643,0.8949,B
23005,TRAVEL CARD WALLET I LOVE LONDON,4783,19201,2147.55,0.42,2147.13,0.0002,241,105,1644,0.8951,B
22182,CAKE STAND VICTORIAN FILIGREE SMALL,563,4,2166.35,19.8,2146.55,0.0091,172,58,1645,0.8952,B
85116,BLACK CANDELABRA T-LIGHT HOLDER,1817,30,2206.24,63.0,2143.24,0.0286,181,40,1646,0.8953,B
21617,4 LILY  BOTANICAL DINNER CANDLES,838,0,2142.51,0.0,2142.51,0.0,169,102,1647,0.8954,B
23302,KNEELING MAT HOUSEWORK  DESIGN,1544,36,2194.62,54.24,2140.38,0.0247,230,140,1648,0.8955,B
21905,MORE BUTTER METAL SIGN,1616,2,2143.17,4.2,2138.97,0.002,263,132,1649,0.8956,B
21421,PORCELAIN ROSE LARGE,1792,11,2144.48,7.5,2136.98,0.0035,105,60,1650,0.8957,B
21774,DECORATIVE CATS BATHROOM BOTTLE,1715,1,2134.81,1.25,2133.56,0.0006,368,79,1651,0.8958,B
23161,REGENCY CAKE FORK,1715,12,2145.3,15.0,2130.3,0.007,98,58,1652,0.896,B
22708,WRAP DOLLY GIRL,5325,25,2140.5,10.5,2130.0,0.0049,159,115,1653,0.8961,B
23066,SMALL DECO JEWELLERY STAND,259,14,2137.81,8.25,2129.56,0.0039,85,69,1654,0.8962,B
22677,FRENCH BLUE METAL DOOR SIGN 2,1583,11,2143.03,13.75,2129.28,0.0064,280,101,1655,0.8963,B
20764,ABSTRACT CIRCLES SKETCHBOOK,687,4,2142.26,15.0,2127.26,0.007,193,107,1656,0.8964,B
85216,ASSORTED CAKES FRIDGE MAGNETS,2855,618,2158.12,31.85,2126.27,0.0148,187,114,1657,0.8965,B
23213,STAR WREATH DECORATION WITH BELL,1683,12,2139.67,15.0,2124.67,0.007,152,95,1658,0.8966,B
22515,CHILDS GARDEN SPADE PINK,1047,4,2131.84,8.4,2123.44,0.0039,208,139,1659,0.8967,B
21195,PINK  HONEYCOMB PAPER BALL,997,31,2122.66,0.0,2122.66,0.0,150,49,1660,0.8969,B
23020,GLASS  SONGBIRD STORAGE JAR,180,10,2191.84,73.65,2118.19,0.0336,76,67,1661,0.897,B
23079,TOADSTOOL BEDSIDE LIGHT,253,14,2243.35,125.3,2118.05,0.0559,106,83,1662,0.8971,B
22824,3 TIER SWEETHEART GARDEN SHELF,61,1,2153.95,35.95,2118.0,0.0167,48,47,1663,0.8972,B
22714,CARD BIRTHDAY COWBOY,5277,108,2157.91,41.04,2116.87,0.019,359,187,1664,0.8973,B
23046,PAPER LANTERN 9 POINT DELUXE STAR,349,0,2111.49,0.0,2111.49,0.0,36,31,1665,0.8974,B
21643,ASSORTED TUTTI FRUTTI MIRROR,1521,23,2127.94,17.5,2110.44,0.0082,204,76,1666,0.8975,B
21359,RELAX LARGE WOOD LETTERS,210,34,2148.38,39.8,2108.58,0.0185,73,57,1667,0.8976,B
22023,EMPIRE BIRTHDAY CARD,5059,12,2112.05,5.04,2107.01,0.0024,430,177,1668,0.8977,B
23233,WRAP POPPIES  DESIGN,5175,25,2105.5,10.5,2095.0,0.005,158,130,1669,0.8979,B
22338,STAR DECORATION PAINTED ZINC,6091,95,2152.75,60.37,2092.38,0.028,264,143,1670,0.898,B
22996,TRAVEL CARD WALLET VINTAGE TICKET,4813,26,2099.97,10.92,2089.05,0.0052,408,155,1671,0.8981,B
22913,RED COAT RACK PARIS FASHION,450,4,2107.85,19.8,2088.05,0.0094,122,84,1672,0.8982,B
21655,HANGING RIDGE GLASS T-LIGHT HOLDER,1402,208,2287.64,201.92,2085.72,0.0883,89,56,1673,0.8983,B
72799F,IVORY PILLAR CANDLE GOLD FLOCK,1126,51,2085.69,0.0,2085.69,0.0,102,62,1674,0.8984,B
21865,PINK UNION JACK  PASSPORT COVER,902,46,2098.24,12.6,2085.64,0.006,297,129,1675,0.8985,B
21619,4 VANILLA BOTANICAL CANDLES,1138,94,2085.27,0.0,2085.27,0.0,212,138,1676,0.8986,B
21640,ASSORTED TUTTI FRUTTI  FOB NOTEBOOK,2266,0,2084.25,0.0,2084.25,0.0,205,99,1677,0.8987,B
84854,GIRLY PINK TOOL SET,382,206,2084.42,4.25,2080.17,0.002,110,42,1678,0.8988,B
40018F,CHERRY DESIGN PAPERLANTERNS,1093,64,2102.28,23.4,2078.88,0.0111,117,69,1679,0.899,B
84670,JAPANESE CROCHETED ANIMAL,5223,3590,2140.06,63.0,2077.06,0.0294,182,114,1680,0.8991,B
51014L,"FEATHER PEN,LIGHT PINK",3469,204,2242.75,167.88,2074.87,0.0749,226,111,1681,0.8992,B
22695,WICKER WREATH SMALL,1458,0,2071.6,0.0,2071.6,0.0,225,151,1682,0.8993,B
23152,IVORY SWEETHEART WIRE LETTER RACK,558,30,2095.65,26.25,2069.4,0.0125,159,108,1683,0.8994,B
85049H,URBAN BLACK RIBBONS,2067,0,2068.43,0.0,2068.43,0.0,334,154,1684,0.8995,B
21070,VINTAGE BILLBOARD MUG,2047,30,2099.71,33.32,2066.39,0.0159,229,107,1685,0.8996,B
22279,POCKET BAG BLUE PAISLEY RED SPOT,1445,37,2110.87,46.25,2064.62,0.0219,214,108,1686,0.8997,B
84990,60 GOLD AND SILVER FAIRY CAKE CASES,4276,1015,2077.59,13.2,2064.39,0.0064,193,112,1687,0.8998,B
23227,FILIGREE HEART BUTTERFLY WHITE,1642,6,2070.06,7.5,2062.56,0.0036,117,61,1688,0.8999,B
21077,SET/20 WOODLAND PAPER NAPKINS,2793,20,2060.65,0.0,2060.65,0.0,192,111,1689,0.9,B
84509G,SET OF 4 FAIRY CAKE PLACEMATS,804,0,2060.37,0.0,2060.37,0.0,161,96,1690,0.9002,B
22163,HEART STRING MEMO HOLDER HANGING,1270,169,2238.07,179.05,2059.02,0.08,197,86,1691,0.9003,B
21058,PARTY INVITES WOODLAND,2405,12,2063.24,10.2,2053.04,0.0049,275,148,1692,0.9004,B
23291,DOLLY GIRL CHILDRENS CUP,1635,10,2060.28,12.5,2047.78,0.0061,195,104,1693,0.9005,B
21291,SMALL POLKADOT CHOCOLATE GIFT BAG,2439,67,2101.73,56.95,2044.78,0.0271,153,95,1694,0.9006,B
23500,KEY RING BASEBALL BOOT ASSORTED,1631,0,2044.58,0.0,2044.58,0.0,98,76,1695,0.9007,B
23490,T-LIGHT HOLDER HANGING LOVE BIRD,548,3,2055.27,11.25,2044.02,0.0055,101,83,1696,0.9008,B
84797B,BLUE SAVANNAH PICNIC HAMPER FOR 4,344,31,2077.82,33.9,2043.92,0.0163,52,22,1697,0.9009,B
22859,EASTER TIN BUNNY BOUQUET,1256,32,2095.65,52.8,2042.85,0.0252,165,115,1698,0.901,B
79323GR,GREEN CHERRY LIGHTS,532,2546,3209.36,1168.5,2040.86,0.3641,83,60,1699,0.9011,B
23251,VINTAGE RED ENAMEL TRIM MUG,1713,58,2107.0,72.5,2034.5,0.0344,120,80,1700,0.9012,B
22201,FRYING PAN BLUE POLKADOT,510,2,2038.65,8.5,2030.15,0.0042,166,76,1701,0.9013,B
47591C,BLUE FAIRY CAKE CHILD'S APRON,1055,300,2029.27,0.0,2029.27,0.0,162,111,1702,0.9014,B
22400,MAGNETS PACK OF 4 HOME SWEET HOME,2461,25,2057.29,30.39,2026.9,0.0148,234,159,1703,0.9015,B
22261,FELT EGG COSY WHITE RABBIT,2112,4,2030.3,3.4,2026.9,0.0017,243,126,1704,0.9017,B
21200,MULTICOLOUR HONEYCOMB PAPER GARLAND,1422,28,2066.81,40.6,2026.21,0.0196,126,64,1705,0.9018,B
22799,SWEETHEART WIRE FRUIT BOWL,254,1,2029.34,8.5,2020.84,0.0042,108,85,1706,0.9019,B
21504,SKULLS GREETING CARD,4961,192,2025.18,5.04,2020.14,0.0025,329,158,1707,0.902,B
22308,TEA COSY BLUE STRIPE,677,26,2085.05,66.3,2018.75,0.0318,214,75,1708,0.9021,B
85016,SET OF 6 VINTAGE NOTELETS KIT,1679,53,2033.33,17.85,2015.48,0.0088,167,60,1709,0.9022,B
21356,TOAST ITS - FAIRY FLOWER,1593,1,2015.41,1.25,2014.16,0.0006,349,116,1710,0.9023,B
23529,WALL ART DOLLY GIRL,637,0,2011.99,0.0,2011.99,0.0,37,26,1711,0.9024,B
37476,CONDIMENT TRAY 4 BOWLS AND 4 SPOONS,209,29,2010.6,0.0,2010.6,0.0,77,22,1712,0.9025,B
22520,CHILDS GARDEN TROWEL BLUE,2295,103,2012.13,1.7,2010.43,0.0008,369,256,1713,0.9026,B
21612,SET 12 WILDFLOWER BOTANICAL T-LIGHT,698,52,2025.77,17.7,2008.07,0.0087,113,76,1714,0.9027,B
22928,YELLOW GIANT GARDEN THERMOMETER,296,6,2041.35,35.7,2005.65,0.0175,118,64,1715,0.9028,B
23274,STAR T-LIGHT HOLDER WILLIE WINKIE,1183,3,2009.95,4.95,2005.0,0.0025,119,85,1716,0.9029,B
21397,BLUE  SPOTTY EGG CUP,2157,69,2017.74,15.0,2002.74,0.0074,180,99,1717,0.903,B
23268,SET OF 2 CERAMIC CHRISTMAS REINDEER,1448,1452,2019.59,17.4,2002.19,0.0086,89,68,1718,0.9031,B
23289,DOLLY GIRL CHILDRENS BOWL,1622,12,2013.7,15.0,1998.7,0.0074,191,111,1719,0.9032,B
23315,IVORY REFECTORY CLOCK,213,12,2094.24,97.8,1996.44,0.0467,86,63,1720,0.9034,B
22521,CHILDS GARDEN TROWEL PINK,2300,101,1998.13,1.7,1996.43,0.0009,370,257,1721,0.9035,B
23357,HOT WATER BOTTLE SEX BOMB,453,0,1993.6,0.0,1993.6,0.0,102,79,1722,0.9036,B
35953,FOLKART STAR CHRISTMAS DECORATIONS,3880,24,2022.22,30.0,1992.22,0.0148,155,98,1723,0.9037,B
22496,SET OF 2 ROUND TINS DUTCH CHEESE,735,6,2007.89,17.7,1990.19,0.0088,193,153,1724,0.9038,B
20686,DOLLY MIXTURE CHILDREN'S UMBRELLA,593,103,2012.59,25.0,1987.59,0.0124,186,117,1725,0.9039,B
21348,PINK SPOTS CHOCOLATE NESTING BOXES,845,76,2039.69,54.25,1985.44,0.0266,133,91,1726,0.904,B
21389,IVORY HANGING DECORATION  BIRD,2302,30,2010.64,25.5,1985.14,0.0127,261,149,1727,0.9041,B
21695,SMALL SILVER FLOWER CANDLE POT,642,1,1987.58,2.95,1984.63,0.0015,102,65,1728,0.9042,B
17084R,ASSORTED INCENSE PACK,10697,0,1983.57,0.0,1983.57,0.0,66,29,1729,0.9043,B
22559,SEASIDE FLYING DISC,1583,4,1986.87,5.0,1981.87,0.0025,202,118,1730,0.9044,B
22068,BLACK PIRATE TREASURE CHEST,1127,14,2003.31,23.1,1980.21,0.0115,276,111,1731,0.9045,B
20871,OPULENT VELVET SET/3 CANDLES,1276,232,1984.35,4.2,1980.15,0.0021,127,72,1732,0.9046,B
22405,MONEY BOX POCKET MONEY DESIGN,1644,13,1995.88,16.06,1979.82,0.008,217,173,1733,0.9047,B
23068,ALUMINIUM STAMPED HEART,813,0,1976.89,0.0,1976.89,0.0,136,106,1734,0.9048,B
84676,BATH DUCK WATERING CAN,848,56,2102.46,132.55,1969.91,0.063,110,76,1735,0.9049,B
21803,CHRISTMAS TREE STAR DECORATION,4536,38,1969.62,0.0,1969.62,0.0,322,86,1736,0.905,B
21629,SQUARE FLOOR CUSHION VINTAGE RED,179,1,1977.27,7.95,1969.32,0.004,105,27,1737,0.9051,B
23145,ZINC T-LIGHT HOLDER STAR LARGE,2084,11,1979.48,10.45,1969.03,0.0053,169,128,1738,0.9052,B
22931,BAKING MOULD HEART WHITE CHOCOLATE,815,0,1968.4,0.0,1968.4,0.0,129,95,1739,0.9053,B
22438,BALLOON ART MAKE YOUR OWN FLOWERS,1483,0,1958.46,0.0,1958.46,0.0,170,117,1740,0.9054,B
20846,ZINC HEART LATTICE T-LIGHT HOLDER,1454,0,1958.06,0.0,1958.06,0.0,169,105,1741,0.9055,B
22832,BROCANTE SHELF WITH HOOKS,185,7,2033.15,75.25,1957.9,0.037,85,71,1742,0.9056,B
22719,GUMBALL MONOCHROME COAT RACK,1467,398,1987.83,30.44,1957.39,0.0153,235,69,1743,0.9057,B
22599,CHRISTMAS MUSICAL ZINC STAR,3119,24,1976.88,20.4,1956.48,0.0103,189,114,1744,0.9058,B
22211,WOOD STAMP SET FLOWERS,1533,49,2025.65,71.25,1954.4,0.0352,291,161,1745,0.906,B
22802,FAUX FUR CHOCOLATE THROW,111,0,1953.54,0.0,1953.54,0.0,62,39,1746,0.9061,B
21647,ASSORTED TUTTI FRUTTI LARGE PURSE,877,224,1960.18,8.4,1951.78,0.0043,144,91,1747,0.9062,B
22343,PARTY PIZZA DISH RED RETROSPOT,3300,42,1986.31,35.7,1950.61,0.018,188,90,1748,0.9063,B
23374,RED SPOT PAPER GIFT BAG,2456,16,1962.83,13.12,1949.71,0.0067,131,108,1749,0.9064,B
21657,MILK BOTTLE WITH GLASS STOPPER,259,10,1981.28,34.75,1946.53,0.0175,118,76,1750,0.9065,B
22262,FELT EGG COSY CHICKEN,2039,17,1958.87,14.45,1944.42,0.0074,306,135,1751,0.9066,B
79160,HEART SHAPE WIRELESS DOORBELL,951,21,1987.77,44.1,1943.67,0.0222,210,51,1752,0.9067,B
35971,ROSE FOLKART HEART DECORATIONS,1969,17,1955.24,21.25,1933.99,0.0109,217,91,1753,0.9068,B
21630,FLOOR CUSHION ELEPHANT CARNIVAL,162,5,1973.39,44.75,1928.64,0.0227,95,21,1754,0.9069,B
84581,DOG TOY WITH PINK CROCHET SKIRT,508,43,1927.52,0.0,1927.52,0.0,234,125,1755,0.907,B
22204,MILK PAN BLUE POLKADOT,538,14,1978.04,52.5,1925.54,0.0265,169,66,1756,0.9071,B
21692,SILVER LATTICE VANILLA CANDLE POT,511,80,1940.37,15.0,1925.37,0.0077,111,81,1757,0.9072,B
22098,BOUDOIR SQUARE TISSUE BOX,2871,79,1958.68,35.11,1923.57,0.0179,309,161,1758,0.9073,B
85217,ASSORTED ICE CREAM FRIDGE MAGNETS,2875,336,1985.75,62.4,1923.35,0.0314,164,96,1759,0.9074,B
21538,DAIRY MAID  PUDDING BOWL,1309,4,1928.26,7.5,1920.76,0.0039,51,40,1760,0.9075,B
22753,SMALL YELLOW BABUSHKA NOTEBOOK,2349,5012,1929.66,10.2,1919.46,0.0053,404,205,1761,0.9076,B
21802,CHRISTMAS TREE HEART DECORATION,4381,1,1918.88,0.42,1918.46,0.0002,323,89,1762,0.9077,B
23235,STORAGE TIN VINTAGE LEAF,739,14,1957.69,40.46,1917.23,0.0207,105,88,1763,0.9078,B
22614,PACK OF 12 SPACEBOY TISSUES,5731,133,1955.85,42.27,1913.58,0.0216,368,222,1764,0.9079,B
20716,PARTY FOOD SHOPPER BAG,1534,93,1926.29,13.75,1912.54,0.0071,246,121,1765,0.908,B
21991,BOHEMIAN COLLAGE STATIONERY SET,1103,12,1927.54,15.0,1912.54,0.0078,289,109,1766,0.9081,B
20984,12 PENCILS TALL TUBE POSY,5899,262,1953.04,44.76,1908.28,0.0229,245,178,1767,0.9082,B
21043,APRON MODERN VINTAGE COTTON,679,53,1924.93,17.85,1907.08,0.0093,141,81,1768,0.9083,B
22513,DOORSTOP FOOTBALL DESIGN,588,0,1905.95,0.0,1905.95,0.0,170,106,1769,0.9084,B
22363,GLASS JAR MARMALADE,782,152,2306.34,400.4,1905.94,0.1736,169,99,1770,0.9085,B
85162B,BLACK RETRODISC LAMPSHADE,977,0,1905.15,0.0,1905.15,0.0,13,5,1771,0.9086,B
22565,FELTCRAFT HAIRBANDS PINK AND WHITE,2090,1,1905.59,0.85,1904.74,0.0004,278,173,1772,0.9087,B
79341,WILLOW BRANCH LIGHTS.,725,1488,4423.69,2519.6,1904.09,0.5696,79,49,1773,0.9088,B
84459A,PINK METAL CHICKEN HEART,1266,96,2046.16,143.04,1903.12,0.0699,201,96,1774,0.9089,B
84763,ZINC FINISH 15CM PLANTER POTS,1517,155,1903.0,0.0,1903.0,0.0,170,106,1775,0.909,B
23094,LE GRAND TRAY CHIC SET,152,2,1924.92,25.0,1899.92,0.013,79,65,1776,0.9091,B
22522,CHILDS GARDEN FORK BLUE,2246,141,1911.76,12.75,1899.01,0.0067,334,249,1777,0.9092,B
84519B,CARROT CHARLIE+LOLA COASTER SET,869,1,1899.57,2.95,1896.62,0.0016,214,98,1778,0.9093,B
22985,"WRAP, BILLBOARD FONTS DESIGN",4722,0,1895.24,0.0,1895.24,0.0,136,101,1779,0.9094,B
23491,VINTAGE JINGLE BELLS HEART,228,1,1897.76,8.25,1889.51,0.0043,78,64,1780,0.9095,B
23394,POSTE FRANCE CUSHION COVER,438,0,1888.9,0.0,1888.9,0.0,150,90,1781,0.9096,B
20703,BLUE PADDED SOFT MOBILE,475,65,2010.47,123.25,1887.22,0.0613,169,122,1782,0.9097,B
85103,SILVER T-LIGHT SETTING,319,78,2166.93,280.1,1886.83,0.1293,87,46,1783,0.9098,B
23358,HOT STUFF HOT WATER BOTTLE,595,38,2012.13,125.94,1886.19,0.0626,89,61,1784,0.9099,B
85185B,PINK HORSE SOCK PUPPET,608,287,1887.71,2.95,1884.76,0.0016,182,111,1785,0.91,B
23434,3 RAFFIA RIBBONS 50'S CHRISTMAS,2105,10,1892.07,7.9,1884.17,0.0042,199,129,1786,0.9101,B
40001,WHITE BAMBOO RIBS LAMPSHADE,2484,285,1911.65,28.8,1882.85,0.0151,121,39,1787,0.9102,B
21687,SILVER PLATE CANDLE BOWL LARGE,481,40,1886.23,3.75,1882.48,0.002,101,55,1788,0.9103,B
46775D,SUNSET COLOUR CHUNKY KNITTED THROW,153,19,1938.19,59.3,1878.89,0.0306,95,28,1789,0.9104,B
85231B,CINAMMON SET OF 9 T-LIGHTS,2061,11,1886.97,9.35,1877.62,0.005,388,181,1790,0.9105,B
21445,12 PINK ROSE PEG PLACE SETTINGS,1523,105,1892.23,15.0,1877.23,0.0079,146,88,1791,0.9106,B
22210,WOOD STAMP SET BEST WISHES,1589,15,1901.73,24.75,1876.98,0.013,287,179,1792,0.9107,B
20684,STRAWBERRY DREAM CHILDS UMBRELLA,581,58,1913.31,36.5,1876.81,0.0191,176,117,1793,0.9108,B
22523,CHILDS GARDEN FORK PINK,2191,105,1889.09,12.75,1876.34,0.0067,352,248,1794,0.9109,B
84856S,SMALL TAHITI BEACH BAG,467,8,1877.21,3.81,1873.4,0.002,33,25,1795,0.911,B
21085,SET/6 WOODLAND PAPER CUPS,13732,19,1873.33,0.0,1873.33,0.0,66,42,1796,0.9111,B
23359,SET OF 12 T-LIGHTS VINTAGE DOILY,993,0,1872.31,0.0,1872.31,0.0,79,73,1797,0.9112,B
85039A,SET/4 RED MINI ROSE CANDLE IN BOWL,1514,3,1877.12,4.95,1872.17,0.0026,295,61,1798,0.9113,B
21241,GREEN SPOTTY CUP,2216,91,1871.62,0.85,1870.77,0.0005,260,129,1799,0.9114,B
16016,LARGE CHINESE STYLE SCISSOR,2314,0,1870.7,0.0,1870.7,0.0,106,57,1800,0.9115,B
21773,DECORATIVE ROSE BATHROOM BOTTLE,1644,25,1901.9,31.25,1870.65,0.0164,308,87,1801,0.9116,B
22935,BAKING MOULD ROSE MILK CHOCOLATE,690,72,2066.82,198.0,1868.82,0.0958,65,46,1802,0.9117,B
21091,SET/6 WOODLAND PAPER PLATES,13700,12,1868.7,0.0,1868.7,0.0,47,31,1803,0.9118,B
22858,EASTER TIN KEEPSAKE,1138,10,1882.29,16.5,1865.79,0.0088,139,104,1804,0.9119,B
23090,VINTAGE GLASS T-LIGHT HOLDER,2238,347,1870.86,7.47,1863.39,0.004,149,96,1805,0.912,B
22678,FRENCH BLUE METAL DOOR SIGN 3,1401,11,1876.78,13.75,1863.03,0.0073,248,92,1806,0.9121,B
21983,PACK OF 12 BLUE PAISLEY TISSUES,6121,48,1875.89,13.92,1861.97,0.0074,325,208,1807,0.9122,B
21841,BABY MOUSE RED GINGHAM DRESS,441,146,1874.47,12.75,1861.72,0.0068,132,106,1808,0.9123,B
21613,S/12 VANILLA  BOTANICAL T-LIGHTS,632,47,1861.45,0.0,1861.45,0.0,145,111,1809,0.9124,B
21287,SCENTED VELVET LOUNGE CANDLE,4107,0,1860.0,0.0,1860.0,0.0,93,67,1810,0.9125,B
21394,RED POLKADOT BEAKER,4005,57,1864.63,8.58,1856.05,0.0046,150,100,1811,0.9126,B
22587,FELTCRAFT HAIRBAND RED AND BLUE,2123,41,1850.54,0.0,1850.54,0.0,308,194,1812,0.9126,B
21659,GLASS CAKE STAND,121,19,1906.65,59.8,1846.85,0.0314,66,45,1813,0.9127,B
21581,SKULLS  DESIGN  COTTON TOTE BAG,1172,20,1890.74,45.0,1845.74,0.0238,203,104,1814,0.9128,B
23525,WALL ART BUFFALO BILL,583,6,1867.57,22.5,1845.07,0.012,53,38,1815,0.9129,B
21894,POTTING SHED SEED ENVELOPES,1327,40,1844.89,0.0,1844.89,0.0,247,120,1816,0.913,B
21547,CERAMIC BIRDHOUSE CRESTED TIT SMALL,719,14,1848.47,5.9,1842.57,0.0032,119,69,1817,0.9131,B
23378,PACK OF 12 50'S CHRISTMAS TISSUES,4003,0,1842.42,0.0,1842.42,0.0,176,127,1818,0.9132,B
85162C,WHITE RETRODISC LAMPSHADE,904,71,1841.7,0.0,1841.7,0.0,46,11,1819,0.9133,B
16169E,WRAP 50'S  CHRISTMAS,4563,438,1892.46,52.5,1839.96,0.0277,149,143,1820,0.9134,B
23075,PARLOUR CERAMIC WALL HOOK,477,34,1981.05,141.1,1839.95,0.0712,80,61,1821,0.9135,B
85164B,BLACK BAROQUE CUCKOO CLOCK,141,16,1851.22,12.75,1838.47,0.0069,66,27,1822,0.9136,B
22317,FIVE CATS HANGING DECORATION,590,0,1836.49,0.0,1836.49,0.0,167,83,1823,0.9137,B
21391,FRENCH LAVENDER SCENT HEART,1436,371,1839.64,6.3,1833.34,0.0034,175,113,1824,0.9138,B
21677,HEARTS  STICKERS,2125,36,1859.38,30.6,1828.78,0.0165,279,144,1825,0.9139,B
22686,FRENCH BLUE METAL DOOR SIGN No,1406,24,1857.39,30.0,1827.39,0.0162,221,70,1826,0.914,B
21618,4 WILDFLOWER BOTANICAL CANDLES,700,56,1826.24,0.0,1826.24,0.0,139,86,1827,0.9141,B
84327A,PINK JUMPER LARRY THE LAMB,961,5,1824.47,6.76,1817.71,0.0037,123,78,1828,0.9142,B
22535,MAGIC DRAWING SLATE BUNNIES,4462,120,1865.85,50.4,1815.45,0.027,298,204,1829,0.9143,B
21384,IVORY HANGING DECORATION  BUTTERFLY,1923,150,1815.29,0.0,1815.29,0.0,150,99,1830,0.9144,B
85173,SET/6 FROG PRINCE T-LIGHT CANDLES,1018,5,1826.07,12.75,1813.32,0.007,150,70,1831,0.9145,B
23228,FILIGREE HEART BIRD WHITE,1492,144,1960.0,149.76,1810.24,0.0764,125,58,1832,0.9146,B
23148,MINIATURE ANTIQUE ROSE HOOK IVORY,2144,13,1820.46,10.79,1809.67,0.0059,247,143,1833,0.9147,B
21096,SET/6 FRUIT SALAD  PAPER PLATES,15924,7008,2715.96,911.04,1804.92,0.3354,143,91,1834,0.9148,B
23160,REGENCY TEA SPOON,1462,6,1809.48,7.5,1801.98,0.0041,76,50,1835,0.9149,B
21529,RETRO SPOT CERAMIC TOASTRACK,513,70,1824.94,27.6,1797.34,0.0151,152,94,1836,0.915,B
84748,FOLK FELT HANGING MULTICOL GARLAND,1174,52,1796.12,0.0,1796.12,0.0,93,27,1837,0.9151,B
79302M,"ART LIGHTS,FUNK MONKEY",628,41,1797.95,2.95,1795.0,0.0016,111,40,1838,0.9151,B
23317,BLUE REFECTORY CLOCK,174,0,1787.41,0.0,1787.41,0.0,82,56,1839,0.9152,B
22680,FRENCH BLUE METAL DOOR SIGN 5,1359,30,1824.2,37.5,1786.7,0.0206,230,97,1840,0.9153,B
23155,KNICKERBOCKERGLORY MAGNET ASSORTED,2233,253,1914.73,129.71,1785.02,0.0677,135,84,1841,0.9154,B
21761,WOOD AND GLASS MEDICINE CABINET,65,7,1814.75,29.95,1784.8,0.0165,24,21,1842,0.9155,B
22324,BLUE POLKADOT KIDS BAG,664,8,1797.06,15.6,1781.46,0.0087,152,53,1843,0.9156,B
22586,FELTCRAFT HAIRBAND PINK AND BLUE,2091,78,1818.54,40.8,1777.74,0.0224,295,184,1844,0.9157,B
21357,TOAST ITS - DINOSAUR,1395,48,1836.51,60.0,1776.51,0.0327,211,105,1845,0.9158,B
37343,SPOTS DESIGN MUG W PINK INSIDE,1116,52,1768.94,0.0,1768.94,0.0,104,55,1846,0.9159,B
22307,GOLD MUG BONE CHINA TREE OF LIFE,1205,241,1815.81,49.8,1766.01,0.0274,118,87,1847,0.916,B
22546,MINI JIGSAW PURDEY,4378,1,1762.06,0.42,1761.64,0.0002,181,106,1848,0.9161,B
21161,KEEP OUT BOYS DOOR HANGER,2362,254,1808.95,47.66,1761.29,0.0263,206,120,1849,0.9162,B
23096,PETIT TRAY CHIC,1047,0,1759.79,0.0,1759.79,0.0,146,89,1850,0.9163,B
21158,MOODY GIRL DOOR HANGER,2594,97,1797.51,38.17,1759.34,0.0212,310,184,1851,0.9164,B
21548,CERAMIC BIRDHOUSE FINCH BLUE ROOF,691,44,1802.67,44.25,1758.42,0.0245,107,55,1852,0.9165,B
22533,MAGIC DRAWING SLATE BAKE A CAKE,4529,152,1787.56,30.24,1757.32,0.0169,231,162,1853,0.9165,B
85232A,SET/3 POLKA DOT STACKING TINS,378,91,1915.17,158.4,1756.77,0.0827,140,97,1854,0.9166,B
84507B,STRIPES DESIGN MONKEY DOLL,1349,7,1764.03,11.05,1752.98,0.0063,115,52,1855,0.9167,B
23399,HOME SWEET HOME HANGING HEART,1922,0,1752.35,0.0,1752.35,0.0,225,146,1856,0.9168,B
20729,RED SPOTTY CANDY BAG,5262,442,1778.12,27.5,1750.62,0.0155,121,39,1857,0.9169,B
21000,ROSE DU SUD COSMETICS BAG,691,41,1749.23,0.0,1749.23,0.0,94,37,1858,0.917,B
22422,TOOTHPASTE TUBE PEN,2745,24,1762.24,15.6,1746.64,0.0089,354,119,1859,0.9171,B
21780,MA CAMPAGNE 4 DRAWER WALL SHELF,203,25,1745.85,0.0,1745.85,0.0,32,17,1860,0.9172,B
23101,SILVER STARS TABLE DECORATION,2037,0,1744.61,0.0,1744.61,0.0,213,175,1861,0.9173,B
22932,BAKING MOULD TOFFEE CUP CHOCOLATE,884,120,2000.88,262.8,1738.08,0.1313,72,51,1862,0.9174,B
47591B,SCOTTIES CHILDRENS APRON,1067,207,1737.9,0.0,1737.9,0.0,285,108,1863,0.9175,B
20767,BLUE PAISLEY JOURNAL,817,7,1754.36,17.85,1736.51,0.0102,179,112,1864,0.9176,B
84006,MAGIC TREE -PAPER FLOWERS,1858,5,1739.77,4.25,1735.52,0.0024,212,86,1865,0.9177,B
22446,PIN CUSHION BABUSHKA PINK,619,6,1755.28,20.1,1735.18,0.0115,186,61,1866,0.9177,B
23372,SET 36 COLOUR PENCILS DOLLY GIRL,1391,16,1752.79,20.0,1732.79,0.0114,147,76,1867,0.9178,B
23122,PARTY CHARMS 50 PIECES,2253,3,1727.75,2.49,1725.26,0.0014,133,89,1868,0.9179,B
84843,WHITE SOAP RACK WITH 2 BOTTLES,281,2,1737.01,11.9,1725.11,0.0069,110,66,1869,0.918,B
22209,WOOD STAMP SET HAPPY BIRTHDAY,1421,28,1759.74,36.36,1723.38,0.0207,257,159,1870,0.9181,B
21163,DO NOT TOUCH MY STUFF DOOR HANGER,2810,155,1769.24,46.01,1723.23,0.026,253,158,1871,0.9182,B
21652,GLASS ETCHED T-LIGHT HOLDER MEDIUM,903,82,1761.59,40.95,1720.64,0.0232,78,64,1872,0.9183,B
22516,CHILDS GARDEN RAKE BLUE,851,3,1725.8,6.3,1719.5,0.0037,162,106,1873,0.9184,B
21637,ASSORTED SANSKRIT MINI NOTEBOOK,1358,157,1741.72,22.5,1719.22,0.0129,93,40,1874,0.9185,B
21090,SET/6 COLLAGE PAPER PLATES,3115,228,1733.13,14.04,1719.09,0.0081,278,129,1875,0.9186,B
10125,MINI FUNKY DESIGN TAPES,2106,0,1718.33,0.0,1718.33,0.0,167,87,1876,0.9187,B
22026,BANQUET BIRTHDAY  CARD,4041,12,1722.51,5.04,1717.47,0.0029,366,140,1877,0.9187,B
21662,VINTAGE GLASS COFFEE CADDY,270,21,1741.0,23.8,1717.2,0.0137,106,58,1878,0.9188,B
23244,ROUND STORAGE TIN VINTAGE LEAF,936,9,1733.98,16.95,1717.03,0.0098,112,87,1879,0.9189,B
22035,VINTAGE CARAVAN GREETING CARD,4095,309,1736.28,20.58,1715.7,0.0119,360,152,1880,0.919,B
35809A,ENAMEL PINK TEA CONTAINER,1148,13,1709.15,0.0,1709.15,0.0,187,76,1881,0.9191,B
21205,MULTICOLOUR 3D BALLS GARLAND,675,21,1762.27,53.55,1708.72,0.0304,144,86,1882,0.9192,B
23073,GEORGIAN TRINKET BOX,144,1,1719.0,12.5,1706.5,0.0073,61,49,1883,0.9193,B
23214,JINGLE BELL HEART ANTIQUE GOLD,794,0,1705.44,0.0,1705.44,0.0,103,79,1884,0.9194,B
46776F,WOVEN ROSE GARDEN CUSHION COVER,494,0,1704.64,0.0,1704.64,0.0,158,13,1885,0.9195,B
20990,SPRING FLOWER CHOPSTICKS SET/5,895,9,1706.14,1.95,1704.19,0.0011,103,54,1886,0.9196,B
84795A,PASTEL STRIPE HAMMOCK,209,27,1703.97,0.0,1703.97,0.0,70,34,1887,0.9196,B
22254,FELT TOADSTOOL LARGE,1399,72,1793.46,90.0,1703.46,0.0502,148,95,1888,0.9197,B
21895,POTTING SHED SOW 'N' GROW SET,555,29,1718.63,17.0,1701.63,0.0099,85,61,1889,0.9198,B
85127,SMALL SQUARE CUT GLASS CANDLESTICK,279,11,1725.52,24.75,1700.77,0.0143,81,30,1890,0.9199,B
23181,BULL DOG BOTTLE TOP WALL CLOCK,201,4,1733.57,33.0,1700.57,0.019,82,60,1891,0.92,B
21189,WHITE HONEYCOMB PAPER GARLAND,798,0,1700.53,0.0,1700.53,0.0,123,53,1892,0.9201,B
22934,BAKING MOULD EASTER EGG WHITE CHOC,589,3,1707.47,8.85,1698.62,0.0052,78,65,1893,0.9202,B
85060,WOOD FAN WITH FLOWER DESIGN,1448,538,1745.62,47.5,1698.12,0.0272,87,53,1894,0.9203,B
22770,MIRROR CORNICE,112,7,1799.62,104.65,1694.97,0.0582,71,49,1895,0.9204,B
85014C,BLUE/BROWN DOTS RUFFLED UMBRELLA,547,492,2270.73,576.0,1694.73,0.2537,72,55,1896,0.9204,B
22679,FRENCH BLUE METAL DOOR SIGN 4,1270,10,1704.43,12.5,1691.93,0.0073,230,88,1897,0.9205,B
21251,DINOSAUR HEIGHT CHART STICKER SET,596,0,1686.88,0.0,1686.88,0.0,132,91,1898,0.9206,B
84535B,FAIRY CAKES NOTEBOOK A6 SIZE,2687,95,1748.41,61.75,1686.66,0.0353,327,141,1899,0.9207,B
37342,POLKADOT COFFEE CUP & SAUCER PINK,1629,122,1731.4,45.68,1685.72,0.0264,131,56,1900,0.9208,B
21446,12 RED ROSE PEG PLACE SETTINGS,1269,50,1683.58,0.0,1683.58,0.0,232,122,1901,0.9209,B
20996,JAZZ HEARTS ADDRESS BOOK,6317,14,1688.62,5.88,1682.74,0.0035,335,179,1902,0.921,B
22975,SPACEBOY CHILDRENS EGG CUP,1245,1,1679.66,1.25,1678.41,0.0007,193,113,1903,0.9211,B
23368,SET 12 COLOUR PENCILS DOLLY GIRL,2382,6,1681.5,3.9,1677.6,0.0023,232,134,1904,0.9212,B
21382,SET/4 SPRING FLOWER DECORATION,1244,15,1681.16,6.0,1675.16,0.0036,152,78,1905,0.9212,B
17129F,BLUE GLASS GEMS IN BAG,1580,200,1684.58,11.66,1672.92,0.0069,145,19,1906,0.9213,B
22706,WRAP COWBOYS,4222,50,1693.24,21.0,1672.24,0.0124,125,109,1907,0.9214,B
21283,NATURAL BARK CANDLE SMALL,537,42,1710.45,39.0,1671.45,0.0228,81,59,1908,0.9215,B
22319,HAIRCLIPS FORTIES FABRIC ASSORTED,3023,77,1721.44,50.05,1671.39,0.0291,174,141,1909,0.9216,B
70007,HI TEC ALPINE HAND WARMER,1310,12,1691.18,19.8,1671.38,0.0117,205,87,1910,0.9217,B
23366,SET 12 COLOURING PENCILS DOILY,2253,0,1670.55,0.0,1670.55,0.0,195,115,1911,0.9218,B
21576,LETS GO SHOPPING COTTON TOTE BAG,733,9,1688.44,20.25,1668.19,0.012,205,118,1912,0.9219,B
22323,PINK POLKADOT KIDS BAG,637,32,1687.21,23.4,1663.81,0.0139,116,57,1913,0.922,B
23505,PLAYING CARDS I LOVE LONDON,1207,0,1660.04,0.0,1660.04,0.0,115,93,1914,0.922,B
21294,ETCHED GLASS COASTER,2250,235,1658.75,0.0,1658.75,0.0,139,83,1915,0.9221,B
22410,MONEY BOX HOUSEKEEPING DESIGN,1366,12,1671.21,15.0,1656.21,0.009,198,136,1916,0.9222,B
23270,SET OF 2 CERAMIC PAINTED HEARTS,1183,2886,1659.37,8.7,1650.67,0.0052,125,96,1917,0.9223,B
21633,SUNFLOWER DECORATIVE PARASOL,176,2,1675.86,25.5,1650.36,0.0152,72,32,1918,0.9224,B
37441,ASSORTED WHITE EMBOSSED CHINA MUGS,706,1,1652.4,2.1,1650.3,0.0013,54,31,1919,0.9225,B
21448,12 DAISY PEGS IN WOOD BOX,961,40,1650.07,0.0,1650.07,0.0,211,132,1920,0.9226,B
21927,BLUE/CREAM STRIPE CUSHION COVER,1260,65,1728.24,81.25,1646.99,0.047,192,93,1921,0.9226,B
22025,RING OF ROSES BIRTHDAY CARD,3994,42,1651.72,5.04,1646.68,0.0031,288,148,1922,0.9227,B
72816,SET/3 CHRISTMAS DECOUPAGE CANDLES,1346,61,1673.72,30.0,1643.72,0.0179,136,65,1923,0.9228,B
21645,ASSORTED TUTTI FRUTTI ROUND BOX,999,41,1692.15,49.5,1642.65,0.0293,133,85,1924,0.9229,B
23273,HEART T-LIGHT HOLDER WILLIE WINKIE,969,4,1649.05,6.6,1642.45,0.004,112,88,1925,0.923,B
72817,SET OF 2 CHRISTMAS DECOUPAGE CANDLE,1553,91,1671.28,30.0,1641.28,0.018,214,97,1926,0.9231,B
21545,CERAMIC BIRDHOUSE BUTTERFLY SMALL,698,32,1643.07,5.9,1637.17,0.0036,82,52,1927,0.9232,B
23391,I LOVE LONDON MINI BACKPACK,390,0,1632.32,0.0,1632.32,0.0,87,58,1928,0.9233,B
21793,CLASSIC FRENCH STYLE BASKET BROWN,353,40,1627.36,0.0,1627.36,0.0,102,81,1929,0.9233,B
23483,HANGING  BUTTERFLY T-LIGHT HOLDER,1340,22,1651.36,26.24,1625.12,0.0159,73,57,1930,0.9234,B
84619,BLUE GINGHAM ROSE QUILT,72,7,1622.96,0.0,1622.96,0.0,29,22,1931,0.9235,B
21656,RIDGED GLASS POSY VASE,991,21,1623.24,2.9,1620.34,0.0018,140,66,1932,0.9236,B
21541,DINOSAURS WATER TRANSFER TATTOOS,1907,144,1636.24,16.15,1620.09,0.0099,201,119,1933,0.9237,B
21284,RETROSPOT CANDLE  SMALL,1548,48,1670.41,50.64,1619.77,0.0303,140,80,1934,0.9238,B
21837,CROSS STITCH ALPHABET CUSHION COVER,245,29,1628.59,11.9,1616.69,0.0073,91,61,1935,0.9238,B
48195,DOOR MAT GREEN PAISLEY,271,4,1642.97,27.0,1615.97,0.0164,87,56,1936,0.9239,B
23217,LAUREL HEART ANTIQUE SILVER,1309,0,1613.82,0.0,1613.82,0.0,97,64,1937,0.924,B
23280,FOLDING BUTTERFLY MIRROR HOT PINK,2024,2,1614.99,1.66,1613.33,0.001,157,87,1938,0.9241,B
21162,TOXIC AREA  DOOR HANGER,2405,84,1657.05,44.76,1612.29,0.027,285,172,1939,0.9242,B
35471D,SET OF 3 BIRD LIGHT PINK FEATHER,2268,2,1613.57,2.5,1611.07,0.0015,348,158,1940,0.9243,B
85131A,BEADED PEARL HEART WHITE ON STICK,2026,14,1620.48,12.52,1607.96,0.0077,199,64,1941,0.9244,B
21157,RED SPOTTY WASHBAG,690,21,1619.05,12.6,1606.45,0.0078,176,66,1942,0.9244,B
22922,FRIDGE MAGNETS US DINER ASSORTED,2073,276,1789.2,183.3,1605.9,0.1024,113,82,1943,0.9245,B
22517,CHILDS GARDEN RAKE PINK,813,0,1604.11,0.0,1604.11,0.0,152,106,1944,0.9246,B
35810A,ENAMEL PINK COFFEE CONTAINER,1206,79,1605.57,2.1,1603.47,0.0013,171,72,1945,0.9247,B
21593,SWALLOW CIGAR BOX MATCHES,1392,175,1630.56,30.0,1600.56,0.0184,94,69,1946,0.9248,B
82615,PINK MARSHMALLOW SCARF KNITTING KIT,583,127,1606.92,11.0,1595.92,0.0068,90,60,1947,0.9249,B
21550,CERAMIC BIRDHOUSE CRESTED TIT LARGE,301,9,1601.21,5.95,1595.26,0.0037,64,42,1948,0.925,B
84509C,SET OF 4 POLKADOT PLACEMATS,345,0,1594.97,0.0,1594.97,0.0,140,45,1949,0.925,B
23348,CHILDRENS TOY COOKING UTENSIL SET,750,80,1642.13,47.26,1594.87,0.0288,168,95,1950,0.9251,B
21694,SMALL REGAL  SILVER CANDLEPOT,556,0,1593.16,0.0,1593.16,0.0,70,51,1951,0.9252,B
21275,ZINC TOP  2 DOOR WOODEN SHELF,250,46,1731.43,138.45,1592.98,0.08,55,45,1952,0.9253,B
21286,RETROSPOT CANDLE  LARGE,1006,12,1623.01,30.6,1592.41,0.0189,101,56,1953,0.9254,B
35160,BUDDHA INCENSE HOLDER ASSORTED,2180,590,1590.64,0.0,1590.64,0.0,56,33,1954,0.9255,B
84913B,MINT GREEN ROSE TOWEL,420,1,1593.29,4.65,1588.64,0.0029,200,27,1955,0.9255,B
22103,MIRROR MOSAIC T-LIGHT HOLDER ROUND,1764,483,1790.34,203.31,1587.03,0.1136,71,43,1956,0.9256,B
22260,FELT EGG COSY BLUE RABBIT,1562,16,1599.02,13.6,1585.42,0.0085,241,85,1957,0.9257,B
90167,BEADED LOVE HEART JEWELLERY SET,2197,639,1801.17,217.56,1583.61,0.1208,111,53,1958,0.9258,B
21867,PINK UNION JACK  LUGGAGE TAG,1160,0,1582.87,0.0,1582.87,0.0,288,122,1959,0.9259,B
23369,SET 36 COLOUR PENCILS LOVE LONDON,1105,0,1581.06,0.0,1581.06,0.0,126,80,1960,0.926,B
85222,ASSORTED COLOUR SILK COSMETIC PURSE,1407,1160,1581.78,2.75,1579.03,0.0017,50,39,1961,0.926,B
21675,BUTTERFLIES STICKERS,1794,12,1587.04,10.2,1576.84,0.0064,268,124,1962,0.9261,B
35241,ENAMEL BLUE RIM BISCUIT BIN,309,52,1631.42,59.4,1572.02,0.0364,130,75,1963,0.9262,B
21631,HIPPY CHIC DECORATIVE PARASOL,221,0,1571.75,0.0,1571.75,0.0,54,38,1964,0.9263,B
23287,RED VINTAGE SPOT BEAKER,1891,51,1613.59,43.35,1570.24,0.0269,198,114,1965,0.9264,B
22705,WRAP GREEN PEARS,3758,25,1578.36,10.5,1567.86,0.0067,151,114,1966,0.9265,B
15059A,ENGLISH ROSE EDWARDIAN PARASOL,509,126,1567.0,0.0,1567.0,0.0,4,1,1967,0.9265,B
85180A,RED HEARTS LIGHT CHAIN,629,15,1636.42,69.75,1566.67,0.0426,99,60,1968,0.9266,B
21610,SET 12 PEAR BOTANICAL T-LIGHTS,549,124,1564.32,0.0,1564.32,0.0,97,72,1969,0.9267,B
22099,CARAVAN SQUARE TISSUE BOX,2131,24,1592.02,30.0,1562.02,0.0188,291,168,1970,0.9268,B
20802,SMALL GLASS SUNDAE DISH CLEAR,1051,48,1596.81,34.92,1561.89,0.0219,116,68,1971,0.9269,B
21711,FOLDING UMBRELLA WHITE/RED POLKADOT,383,0,1560.61,0.0,1560.61,0.0,71,51,1972,0.9269,B
21972,SET OF 36 DINOSAUR PAPER DOILIES,1056,2,1562.27,2.9,1559.37,0.0019,171,105,1973,0.927,B
21383,PACK OF 12 STICKY BUNNIES,2217,62,1598.88,40.3,1558.58,0.0252,323,169,1974,0.9271,B
22123,PING MICROWAVE APRON,656,24,1700.93,142.8,1558.13,0.084,166,77,1975,0.9272,B
22786,CUSHION COVER PINK UNION JACK,249,10,1555.05,0.0,1555.05,0.0,92,62,1976,0.9273,B
72803A,ROSE SCENT CANDLE JEWELLED DRAWER,728,164,1570.5,17.0,1553.5,0.0108,97,61,1977,0.9274,B
22673,FRENCH GARDEN SIGN BLUE METAL,1323,109,1671.25,118.01,1553.24,0.0706,195,130,1978,0.9274,B
21092,SET/6 STRAWBERRY PAPER PLATES,12846,44,1571.5,20.4,1551.1,0.013,28,15,1979,0.9275,B
85036B,CHOCOLATE 1 WICK MORRIS BOX CANDLE,608,1313,1575.1,25.5,1549.6,0.0162,89,70,1980,0.9276,B
22608,PENS ASSORTED FUNKY JEWELED,5771,43,1580.65,31.93,1548.72,0.0202,170,75,1981,0.9277,B
22681,FRENCH BLUE METAL DOOR SIGN 6,1169,12,1562.02,14.81,1547.21,0.0095,189,79,1982,0.9278,B
84536B,FAIRY CAKES NOTEBOOK A7 SIZE,3512,52,1567.97,21.84,1546.13,0.0139,403,131,1983,0.9278,B
21289,LARGE STRIPES CHOCOLATE GIFT BAG,1430,20,1570.56,25.0,1545.56,0.0159,102,52,1984,0.9279,B
21542,WOODLAND WATER TRANSFER TATTOOS,1882,1036,1605.0,59.5,1545.5,0.0371,190,112,1985,0.928,B
21925,UNION STRIPE CUSHION COVER,1205,18,1567.33,22.5,1544.83,0.0144,167,100,1986,0.9281,B
75131,METAL TUBE CHIME ON BAMBOO,1217,48,1543.03,0.0,1543.03,0.0,68,40,1987,0.9282,B
20766,GARDEN PATH SKETCHBOOK,520,4,1555.97,15.0,1540.97,0.0096,155,100,1988,0.9283,B
20735,BLACK MINI TAPE MEASURE,1515,472,1540.29,0.0,1540.29,0.0,202,30,1989,0.9283,B
20768,GREEN FERN JOURNAL,768,0,1536.74,0.0,1536.74,0.0,149,98,1990,0.9284,B
23226,FILIGREE HEART DAISY WHITE,1247,48,1596.67,60.0,1536.67,0.0376,98,56,1991,0.9285,B
84789,ENCHANTED BIRD PLANT CAGE,447,10,1565.89,30.0,1535.89,0.0192,124,81,1992,0.9286,B
23524,WALL ART HORSE & PONY,481,6,1557.63,22.5,1535.13,0.0144,63,42,1993,0.9287,B
20986,BLUE CALCULATOR RULER,1220,0,1534.7,0.0,1534.7,0.0,204,94,1994,0.9287,B
21332,MOROCCAN BEATEN METAL MIRROR,270,46,1644.17,109.75,1534.42,0.0668,50,36,1995,0.9288,B
85194L,HANGING SPRING FLOWER EGG LARGE,1820,33,1562.33,28.05,1534.28,0.018,147,93,1996,0.9289,B
85170A,SET/6 IVORY BIRD T-LIGHT CANDLES,848,147,1585.06,51.52,1533.54,0.0325,84,45,1997,0.929,B
21146,ANTIQUE GLASS RIDGED HANGING BALL,801,50,1537.07,3.9,1533.17,0.0025,58,47,1998,0.9291,B
84795D,SEASIDE STRIPE HAMMOCK,189,241,1538.79,6.95,1531.84,0.0045,83,53,1999,0.9291,B
21579,LOLITA  DESIGN  COTTON TOTE BAG,1033,17,1569.85,38.25,1531.6,0.0244,136,80,2000,0.9292,B
20772,GARDEN PATH JOURNAL,971,151,1851.28,320.25,1531.03,0.173,161,105,2001,0.9293,B
85221,ASSORTED COLOUR SILK COIN PURSE,3558,1282,1685.46,155.92,1529.54,0.0925,47,35,2002,0.9294,B
22288,HANGING METAL RABBIT DECORATION,1312,0,1528.49,0.0,1528.49,0.0,119,75,2003,0.9295,B
21282,NATURAL BARK CANDLE LARGE,369,33,1577.53,51.0,1526.53,0.0323,69,49,2004,0.9295,B
22322,BIRD DECORATION GREEN POLKADOT,1629,15,1538.41,12.75,1525.66,0.0083,272,77,2005,0.9296,B
20902,VINTAGE KEEPSAKE BOX PARIS DAYS,206,3,1525.22,0.0,1525.22,0.0,116,11,2006,0.9297,B
22337,ANGEL DECORATION PAINTED ZINC,2473,0,1522.52,0.0,1522.52,0.0,146,67,2007,0.9298,B
72008,FROSTED BOX 9 WHITE T-LIGHT CANDLES,3820,102,1531.82,10.5,1521.32,0.0069,215,134,2008,0.9299,B
21785,RAIN PONCHO,2012,147,1520.58,0.0,1520.58,0.0,100,71,2009,0.9299,B
22340,NOEL GARLAND PAINTED ZINC,1824,13,1535.92,19.05,1516.87,0.0124,184,81,2010,0.93,B
22982,PANTRY PASTRY BRUSH,1155,24,1545.02,30.0,1515.02,0.0194,212,120,2011,0.9301,B
85177,BASKET OF FLOWERS SEWING KIT,1821,1,1515.63,0.85,1514.78,0.0006,143,87,2012,0.9302,B
21399,BLUE POLKADOT COFFEE MUG,2390,228,1555.12,45.39,1509.73,0.0292,118,76,2013,0.9303,B
22682,FRENCH BLUE METAL DOOR SIGN 7,1166,11,1521.86,13.75,1508.11,0.009,182,84,2014,0.9303,B
21002,ROSE DU SUD DRAWSTRING BAG,417,0,1507.22,0.0,1507.22,0.0,184,25,2015,0.9304,B
23528,WALL ART SPACEBOY,479,0,1504.49,0.0,1504.49,0.0,50,30,2016,0.9305,B
84526,GIANT BLACK SUNGLASSES,538,1,1503.64,0.0,1503.64,0.0,34,23,2017,0.9306,B
21099,SET/6 STRAWBERRY PAPER CUPS,13388,186,1580.34,78.0,1502.34,0.0494,33,20,2018,0.9307,B
84510B,SET OF 4 FAIRY CAKES COASTERS,1188,2,1503.2,2.5,1500.7,0.0017,148,71,2019,0.9307,B
22137,BATHROOM SET LOVE HEART DESIGN,606,3,1508.28,8.85,1499.43,0.0059,43,24,2020,0.9308,B
23271,CHRISTMAS TABLE SILVER CANDLE SPIKE,1734,0,1499.38,0.0,1499.38,0.0,104,69,2021,0.9309,B
84856L,LARGE TAHITI BEACH BAG,238,27,1492.28,0.0,1492.28,0.0,81,46,2022,0.931,B
23334,IVORY WICKER HEART SMALL,2271,0,1491.75,0.0,1491.75,0.0,130,83,2023,0.9311,B
21009,ETCHED GLASS STAR TREE DECORATION,1059,150,1509.99,18.75,1491.24,0.0124,102,72,2024,0.9311,B
21760,FRENCH STYLE WALL DRESSER,15,8,1740.0,250.0,1490.0,0.1437,12,12,2025,0.9312,B
23559,WOODLAND BUNNIES LOLLY MAKERS,652,0,1488.65,0.0,1488.65,0.0,124,69,2026,0.9313,B
21280,VINTAGE KITCHEN PRINT VEGETABLES,3333,1248,1800.44,312.0,1488.44,0.1733,70,44,2027,0.9314,B
21066,VINTAGE RED MUG,2291,12,1503.42,15.0,1488.42,0.01,131,81,2028,0.9314,B
16033,MINI HIGHLIGHTER PENS,15121,2959,1544.52,57.6,1486.92,0.0373,50,43,2029,0.9315,B
22683,FRENCH BLUE METAL DOOR SIGN 8,1131,12,1501.66,15.0,1486.66,0.01,190,88,2030,0.9316,B
21426,WOODLAND STORAGE BOX SMALL,1028,104,1647.07,161.4,1485.67,0.098,99,44,2031,0.9317,B
21276,TWO EMBOSSED HEART MINI DRAWERS,677,24,1558.94,76.2,1482.74,0.0489,29,24,2032,0.9318,B
21661,VINTAGE GLASS TEA CADDY,240,22,1517.26,35.2,1482.06,0.0232,98,55,2033,0.9318,B
85198,ASSORTED FARMYARD ANIMALS IN BUCKET,3871,211,1479.7,0.0,1479.7,0.0,51,37,2034,0.9319,B
85125,SMALL ROUND CUT GLASS CANDLESTICK,313,68,1499.31,19.8,1479.51,0.0132,62,32,2035,0.932,B
22815,CARD PSYCHEDELIC APPLES,3457,0,1478.61,0.0,1478.61,0.0,340,111,2036,0.9321,B
21851,LILAC DIAMANTE PEN IN GIFT BOX,629,0,1478.51,0.0,1478.51,0.0,149,34,2037,0.9322,B
21051,RIBBONS PURSE,756,273,1490.36,12.6,1477.76,0.0085,127,79,2038,0.9322,B
21199,PINK  HEART CONFETTI IN TUBE,1305,48,1495.7,20.16,1475.54,0.0135,149,86,2039,0.9323,B
79030G,"TUMBLER, NEW ENGLAND",1763,429,1475.19,0.0,1475.19,0.0,121,69,2040,0.9324,B
23267,SET OF 4 SANTA PLACE SETTINGS,1202,48,1531.95,60.0,1471.95,0.0392,108,79,2041,0.9325,B
20734,SILVER MINI TAPE MEASURE,1592,12,1470.62,0.85,1469.77,0.0006,117,50,2042,0.9325,B
21801,CHRISTMAS TREE DECORATION WITH BELL,3434,74,1482.78,15.12,1467.66,0.0102,258,69,2043,0.9326,B
84659A,WHITE TRAVEL ALARM CLOCK,590,3,1474.61,7.65,1466.96,0.0052,224,55,2044,0.9327,B
23365,SET 12 COLOUR PENCILS LOVE LONDON,1859,0,1464.38,0.0,1464.38,0.0,169,107,2045,0.9328,B
21410,COUNTRY COTTAGE  DOORSTOP GREEN,314,9,1466.78,4.25,1462.53,0.0029,150,81,2046,0.9328,B
23034,DRAWER KNOB CERAMIC BLACK,991,6,1466.07,8.7,1457.37,0.0059,88,57,2047,0.9329,B
21739,COSY SLIPPER SHOES SMALL GREEN,496,1,1457.75,2.95,1454.8,0.002,177,83,2048,0.933,B
84637,KITCHEN FLOWER POTS WALL PLAQUE,585,0,1454.49,0.0,1454.49,0.0,114,28,2049,0.9331,B
84596G,SMALL CHOCOLATES PINK BOWL,2233,365,1454.0,0.0,1454.0,0.0,350,118,2050,0.9332,B
22390,PAPERWEIGHT CHILDHOOD MEMORIES,815,0,1453.62,0.0,1453.62,0.0,83,56,2051,0.9332,B
21869,POTTING SHED COFFEE MUG,1267,142,1473.33,21.25,1452.08,0.0144,111,82,2052,0.9333,B
85055,FRENCH ENAMEL UTENSIL HOLDER,361,0,1450.44,0.0,1450.44,0.0,107,62,2053,0.9334,B
22976,CIRCUS PARADE CHILDRENS EGG CUP,1152,37,1496.51,46.25,1450.26,0.0309,149,81,2054,0.9335,B
21317,GLASS SPHERE CANDLE STAND MEDIUM,359,3,1464.3,15.85,1448.45,0.0108,74,56,2055,0.9335,B
21644,ASSORTED TUTTI FRUTTI HEART BOX,1104,233,1482.72,35.0,1447.72,0.0236,137,72,2056,0.9336,B
22249,DECORATION WHITE CHICK MAGIC GARDEN,1654,4,1449.96,3.4,1446.56,0.0023,243,126,2057,0.9337,B
22287,"DECORATION , WOBBLY CHICKEN, METAL",1347,12,1447.3,4.68,1442.62,0.0032,121,81,2058,0.9338,B
84313C,ORANGE TV TRAY TABLE,548,13,1442.39,0.0,1442.39,0.0,73,29,2059,0.9338,B
22912,YELLOW COAT RACK PARIS FASHION,313,6,1471.09,29.7,1441.39,0.0202,108,81,2060,0.9339,B
22817,CARD SUKI BIRTHDAY,3404,0,1439.94,0.0,1439.94,0.0,355,104,2061,0.934,B
21082,SET/20 FRUIT SALAD PAPER NAPKINS,7187,3131,1963.85,523.94,1439.91,0.2668,163,94,2062,0.9341,B
22052,VINTAGE CARAVAN GIFT WRAP,3525,150,1460.5,21.0,1439.5,0.0144,128,105,2063,0.9341,B
35637A,IVORY STRING CURTAIN WITH POLE,551,1,1445.05,5.95,1439.1,0.0041,53,41,2064,0.9342,B
85036C,ROSE 1 WICK MORRIS BOXED CANDLE,895,1757,1671.27,232.25,1439.02,0.139,128,99,2065,0.9343,B
21822,GLITTER CHRISTMAS TREE WITH BELLS,1088,9,1454.04,16.39,1437.65,0.0113,142,73,2066,0.9344,B
21807,WHITE CHRISTMAS STAR DECORATION,3263,67,1438.41,0.84,1437.57,0.0006,172,114,2067,0.9344,B
22915,ASSORTED BOTTLE TOP  MAGNETS,3281,294,1474.52,37.8,1436.72,0.0256,194,116,2068,0.9345,B
23392,SPACEBOY ROCKET LOLLY MAKERS,667,24,1485.43,49.92,1435.51,0.0336,113,70,2069,0.9346,B
23086,ZINC  STAR T-LIGHT HOLDER,1228,16,1455.18,20.0,1435.18,0.0137,47,31,2070,0.9347,B
22316,200 BENDY SKULL STRAWS,1259,1,1435.32,1.25,1434.07,0.0009,119,62,2071,0.9348,B
21065,BOOM BOX SPEAKER GIRLS,611,7,1473.21,39.91,1433.3,0.0271,118,44,2072,0.9348,B
22106,MIRROR MOSAIC HURRICANE LAMP,509,121,1589.98,156.75,1433.23,0.0986,79,29,2073,0.9349,B
22228,BUNNY WOODEN PAINTED WITH BIRD,1729,35,1458.3,29.75,1428.55,0.0204,275,148,2074,0.935,B
85167B,BLACK GRAND BAROQUE PHOTO FRAME,692,25,1426.34,0.0,1426.34,0.0,59,38,2075,0.9351,B
85159B,"WHITE TEA,COFFEE,SUGAR JARS",660,39,1516.5,92.89,1423.61,0.0613,89,53,2076,0.9351,B
20761,BLUE PAISLEY SKETCHBOOK,462,4,1437.46,15.0,1422.46,0.0104,146,93,2077,0.9352,B
22819,"BIRTHDAY CARD, RETRO SPOT",3351,0,1418.12,0.0,1418.12,0.0,331,125,2078,0.9353,B
22396,MAGNETS PACK OF 4 RETRO PHOTO,1902,12,1432.39,15.0,1417.39,0.0105,184,122,2079,0.9354,B
21292,SMALL STRIPES CHOCOLATE GIFT BAG,2449,16,1427.11,13.6,1413.51,0.0095,91,69,2080,0.9354,B
22157,ANGEL DECORATION WITH LACE PADDED,1748,96,1493.9,81.6,1412.3,0.0546,124,88,2081,0.9355,B
21159,MOODY BOY  DOOR HANGER,2106,117,1445.76,34.61,1411.15,0.0239,250,146,2082,0.9356,B
35965,FOLKART HEART NAPKIN RINGS,631,58,1429.53,18.96,1410.57,0.0133,174,62,2083,0.9356,B
21198,WHITE HEART CONFETTI IN TUBE,1283,75,1473.95,64.71,1409.24,0.0439,118,75,2084,0.9357,B
23527,WALL ART ANIMALS AND NATURE,421,7,1432.31,26.25,1406.06,0.0183,48,40,2085,0.9358,B
23104,IVORY CAFE HANGING LAMP,118,0,1405.42,0.0,1405.42,0.0,46,38,2086,0.9359,B
20801,LARGE PINK GLASS SUNDAE DISH,1094,32,1427.1,24.0,1403.1,0.0168,111,61,2087,0.9359,B
21828,EIGHT PIECE SNAKE  SET,1110,0,1402.87,0.0,1402.87,0.0,180,107,2088,0.936,B
22545,MINI JIGSAW BUNNIES,3455,49,1422.74,20.58,1402.16,0.0145,184,106,2089,0.9361,B
21358,TOAST ITS - HAPPY BIRTHDAY,1130,1,1399.96,1.25,1398.71,0.0009,222,130,2090,0.9362,B
21910,WAY OUT METAL SIGN,1066,28,1398.18,0.0,1398.18,0.0,111,84,2091,0.9362,B
35004G,SET OF 3 GOLD FLYING DUCKS,359,8,1419.51,22.59,1396.92,0.0159,76,46,2092,0.9363,B
23040,PAPER LANTERN 9 POINT SNOW STAR,253,0,1394.03,0.0,1394.03,0.0,41,33,2093,0.9364,B
21395,BLUE POLKADOT BEAKER,2980,58,1415.64,23.4,1392.24,0.0165,115,79,2094,0.9365,B
47503A,ASS FLORAL PRINT MULTI SCREWDRIVER,2878,41,1416.84,25.08,1391.76,0.0177,195,146,2095,0.9365,B
21532,DAIRY MAID SUGAR JAM BOWL,1389,73,1423.91,33.6,1390.31,0.0236,90,58,2096,0.9366,B
23470,CARD HOLDER LOVE BIRD LARGE,232,12,1460.5,70.7,1389.8,0.0484,84,70,2097,0.9367,B
23250,VINTAGE RED TRIM ENAMEL BOWL,1179,121,1531.03,141.8,1389.23,0.0926,110,64,2098,0.9368,B
47503K,ASSORTED FLORAL SECATEURS,3179,251,1393.34,4.75,1388.59,0.0034,42,29,2099,0.9368,B
85087,CANDY SPOT CUSHION COVER,420,18,1392.64,5.9,1386.74,0.0042,146,21,2100,0.9369,B
22984,CARD GINGHAM ROSE,3385,0,1385.85,0.0,1385.85,0.0,214,115,2101,0.937,B
21011,GLITTER SNOW PEAR TREE DECORATION,1851,23,1389.75,4.35,1385.4,0.0031,118,84,2102,0.937,B
84873A,FUNKY FLOWER PICNIC BAG FOR 4,121,17,1384.46,0.0,1384.46,0.0,75,5,2103,0.9371,B
22250,DECORATION  BUTTERFLY  MAGIC GARDEN,1526,4,1387.21,3.4,1383.81,0.0025,257,98,2104,0.9372,B
22093,MOTORING TISSUE BOX,2355,48,1436.82,53.16,1383.66,0.037,275,179,2105,0.9373,B
22917,HERB MARKER ROSEMARY,2003,12,1391.2,7.8,1383.4,0.0056,252,138,2106,0.9373,B
22685,FRENCH BLUE METAL DOOR SIGN 0,1082,10,1395.84,12.5,1383.34,0.009,160,82,2107,0.9374,B
22756,LARGE YELLOW BABUSHKA NOTEBOOK,1206,5012,1395.95,15.0,1380.95,0.0107,215,124,2108,0.9375,B
84396,6 HOOK JEWELLERY STAND BLACK DRESS,552,161,1380.52,0.0,1380.52,0.0,49,22,2109,0.9376,B
23376,PACK OF 12 VINTAGE CHRISTMAS TISSUE,3051,24,1389.59,9.36,1380.23,0.0067,155,104,2110,0.9376,B
85017B,ENVELOPE 50 BLOSSOM IMAGES,2231,222,1390.39,10.2,1380.19,0.0073,317,98,2111,0.9377,B
23119,PACK OF 6 LARGE FRUIT STRAWS,2283,36,1402.32,22.32,1380.0,0.0159,151,97,2112,0.9378,B
84562A,PINK/WHITE RIBBED MELAMINE JUG,170,4,1386.21,7.95,1378.26,0.0057,78,48,2113,0.9378,B
23546,WRAP PAISLEY PARK,3275,0,1375.5,0.0,1375.5,0.0,120,106,2114,0.9379,B
35962,12 ASS ZINC CHRISTMAS DECORATIONS,593,33,1376.98,2.1,1374.88,0.0015,92,52,2115,0.938,B
85169A,IVORY LOVE BIRD CANDLE,1255,12,1389.57,15.0,1374.57,0.0108,151,79,2116,0.9381,B
21849,SILVER DIAMANTE PEN IN GIFT BOX,635,96,1493.41,120.0,1373.41,0.0804,134,46,2117,0.9381,B
46776B,WOVEN BERRIES CUSHION COVER,429,0,1373.36,0.0,1373.36,0.0,154,16,2118,0.9382,B
90200D,PINK SWEETHEART BRACELET,330,3,1385.01,12.75,1372.26,0.0092,150,41,2119,0.9383,B
21278,VINTAGE KITCHEN PRINT PUDDINGS,2770,1235,1685.05,320.4,1364.65,0.1901,118,63,2120,0.9384,B
35649,VINTAGE BEAD COSMETIC BAG,1826,43,1362.9,0.0,1362.9,0.0,53,20,2121,0.9384,B
84685,BEACH HUT KEY CABINET,436,18,1369.92,8.75,1361.17,0.0064,125,46,2122,0.9385,B
22920,HERB MARKER BASIL,3482,1527,2201.79,841.05,1360.74,0.382,252,138,2123,0.9386,B
84965B,BLUE KASHMIRI COFFEE TABLE,27,2,1359.95,0.0,1359.95,0.0,4,3,2124,0.9386,B
23249,VINTAGE RED ENAMEL TRIM PLATE,854,55,1445.9,87.71,1358.19,0.0607,81,57,2125,0.9387,B
22916,HERB MARKER THYME,1965,12,1365.33,7.8,1357.53,0.0057,249,135,2126,0.9388,B
21684,SMALL MEDINA STAMPED METAL BOWL,1708,75,1367.81,11.05,1356.76,0.0081,104,65,2127,0.9389,B
21634,ASSORTED MINI MADRAS NOTEBOOK,1771,290,1507.74,151.25,1356.49,0.1003,69,42,2128,0.9389,B
84819,DANISH ROSE ROUND SEWING BOX,909,4,1372.51,17.0,1355.51,0.0124,95,82,2129,0.939,B
22393,PAPERWEIGHT VINTAGE COLLAGE,836,52,1464.47,111.0,1353.47,0.0758,120,75,2130,0.9391,B
84616,SILVER ROCCOCO CHANDELIER,72,16,1472.62,119.8,1352.82,0.0814,25,19,2131,0.9391,B
23000,TRAVEL CARD WALLET TRANSPORT,3171,39,1369.12,16.38,1352.74,0.012,278,125,2132,0.9392,B
23061,VINTAGE EMBOSSED HEART,1033,3,1355.18,3.75,1351.43,0.0028,117,76,2133,0.9393,B
17129D,CLEAR COLOUR GLASS GEMS IN BAG,1125,2342,1351.18,0.0,1351.18,0.0,39,12,2134,0.9394,B
35599D,PINK AND WHITE CHRISTMAS TREE 120CM,406,6,1366.48,17.7,1348.78,0.013,103,23,2135,0.9394,B
20704,MR ROBOT SOFT TOY,361,4,1371.42,27.8,1343.62,0.0203,80,60,2136,0.9395,B
85136C,RED SHARK HELICOPTER,180,51,1459.64,119.77,1339.87,0.0821,122,70,2137,0.9396,B
20780,BLACK EAR MUFF HEADPHONES,233,1,1344.94,5.49,1339.45,0.0041,98,35,2138,0.9396,B
23414,ZINC BOX SIGN HOME,141,4,1378.75,39.8,1338.95,0.0289,64,58,2139,0.9397,B
23469,CARD HOLDER LOVE BIRD SMALL,332,4,1355.24,16.6,1338.64,0.0122,72,61,2140,0.9398,B
23538,WALL ART VINTAGE HEART,332,0,1334.49,0.0,1334.49,0.0,32,25,2141,0.9398,B
20993,JAZZ HEARTS MEMO PAD,10967,114,1334.11,0.0,1334.11,0.0,32,23,2142,0.9399,B
22050,PINK PAISLEY ROSE GIFT WRAP,3300,150,1354.0,21.0,1333.0,0.0155,115,100,2143,0.94,B
21281,VINTAGE KITCHEN PRINT SEAFOOD,3680,1578,1716.8,384.0,1332.8,0.2237,67,34,2144,0.9401,B
21738,COSY SLIPPER SHOES SMALL  RED,430,10,1346.23,14.75,1331.48,0.011,131,89,2145,0.9401,B
21209,MULTICOLOUR HONEYCOMB FAN,1476,37,1368.04,38.03,1330.01,0.0278,137,66,2146,0.9402,B
20933,YELLOW POT PLANT CANDLE,505,8,1329.49,0.0,1329.49,0.0,52,38,2147,0.9403,B
21059,PARTY INVITES DINOSAURS,1597,24,1349.41,20.4,1329.01,0.0151,221,158,2148,0.9403,B
22269,EGG CUP NATURAL CHICKEN,1523,25,1360.2,31.25,1328.95,0.023,204,107,2149,0.9404,B
20762,GREEN FERN SKETCHBOOK,458,4,1343.79,15.0,1328.79,0.0112,136,88,2150,0.9405,B
22684,FRENCH BLUE METAL DOOR SIGN 9,1014,13,1344.94,16.25,1328.69,0.0121,162,81,2151,0.9405,B
22051,BLUE SCANDINAVIAN PAISLEY WRAP,3200,300,1328.0,0.0,1328.0,0.0,116,95,2152,0.9406,B
47593B,SCOTTIE DOGS BABY BIB,2348,0,1327.22,0.0,1327.22,0.0,357,89,2153,0.9407,B
85032D,YULETIDE IMAGES GIFT WRAP SET,1151,13,1333.98,7.8,1326.18,0.0058,133,89,2154,0.9408,B
85032A,ROMANTIC IMAGES GIFT WRAP SET,1442,0,1324.16,0.0,1324.16,0.0,161,103,2155,0.9408,B
21775,DECORATIVE FLORE BATHROOM BOTTLE,875,4,1327.54,5.0,1322.54,0.0038,277,63,2156,0.9409,B
22918,HERB MARKER PARSLEY,1931,12,1326.76,7.8,1318.96,0.0059,249,135,2157,0.941,B
21580,RABBIT  DESIGN  COTTON TOTE BAG,543,6,1331.88,13.5,1318.38,0.0101,172,76,2158,0.941,B
85071B,RED CHARLIE+LOLA PERSONAL DOORSIGN,2352,2,1323.72,5.9,1317.82,0.0045,165,123,2159,0.9411,B
21945,STRAWBERRIES  DESIGN FLANNEL,1874,1,1317.3,0.85,1316.45,0.0006,240,61,2160,0.9412,B
23405,HOME SWEET HOME 2 DRAWER CABINET,254,1,1321.38,4.95,1316.43,0.0037,70,54,2161,0.9412,B
23221,REINDEER HEART DECORATION SILVER,1537,58,1363.87,48.14,1315.73,0.0353,145,85,2162,0.9413,B
20760,GARDEN PATH POCKET BOOK,5551,200,1314.51,0.0,1314.51,0.0,81,47,2163,0.9414,B
22977,DOLLY GIRL CHILDRENS EGG CUP,1000,1,1315.11,1.25,1313.86,0.001,140,101,2164,0.9415,B
16235,RECYCLED PENCIL WITH RABBIT ERASER,5864,9133,1341.72,27.93,1313.79,0.0208,310,124,2165,0.9415,B
23373,VINTAGE CHRISTMAS PAPER GIFT BAG,1608,0,1313.39,0.0,1313.39,0.0,100,86,2166,0.9416,B
21530,DAIRY MAID TOASTRACK,962,64,1370.41,57.04,1313.37,0.0416,162,99,2167,0.9417,B
22481,BLACK TEA TOWEL CLASSIC DESIGN,1276,288,1313.09,0.0,1313.09,0.0,219,132,2168,0.9417,B
15034,PAPER POCKET TRAVELING FAN,10237,1448,1428.02,116.06,1311.96,0.0813,255,123,2169,0.9418,B
35598D,PINK/WHITE CHRISTMAS TREE 60CM,1727,1,1312.2,0.65,1311.55,0.0005,103,43,2170,0.9419,B
21842,PINK HEART CANDY BUTTON CALCULATOR,551,20,1308.74,0.0,1308.74,0.0,47,32,2171,0.9419,B
85200,BUNNY EGG BOX,1047,64,1321.59,15.0,1306.59,0.0113,105,81,2172,0.942,B
84569D,PACK 6 HEART/ICE-CREAM PATCHES,1038,71,1306.29,1.25,1305.04,0.001,179,82,2173,0.9421,B
22339,CHRISTMAS TREE PAINTED ZINC,3522,191,1386.11,81.93,1304.18,0.0591,145,86,2174,0.9421,B
46776A,WOVEN BUBBLE GUM CUSHION COVER,411,0,1303.88,0.0,1303.88,0.0,122,19,2175,0.9422,B
21219,SET/4 BADGES BALLOON GIRL,1023,10,1315.77,12.5,1303.27,0.0095,176,77,2176,0.9423,B
85098B,BLUE FLYING SINGING CANARY,366,75,1456.94,154.15,1302.79,0.1058,114,61,2177,0.9423,B
85135C,RED DRAGONFLY HELICOPTER,162,76,1317.92,15.9,1302.02,0.0121,111,57,2178,0.9424,B
20738,GREEN MINI TAPE MEASURE,1610,156,1301.72,0.0,1301.72,0.0,74,46,2179,0.9425,B
22893,MINI CAKE STAND T-LIGHT HOLDER,2721,63,1306.09,8.82,1297.27,0.0068,182,70,2180,0.9426,B
21285,RETROSPOT CANDLE  MEDIUM,1007,48,1362.62,66.0,1296.62,0.0484,99,56,2181,0.9426,B
21926,RED/CREAM STRIPE CUSHION COVER,1011,26,1327.77,32.5,1295.27,0.0245,147,90,2182,0.9427,B
85141,JARDIN ETCHED GLASS FRUITBOWL,191,18,1355.99,62.05,1293.94,0.0458,71,57,2183,0.9428,B
17091A,LAVENDER INCENSE IN TIN,2089,0,1290.02,0.0,1290.02,0.0,117,78,2184,0.9428,B
22267,EASTER DECORATION EGG BUNNY,1473,3,1292.72,3.75,1288.97,0.0029,117,91,2185,0.9429,B
84559A,3D SHEET OF DOG STICKERS,1381,0,1288.42,0.0,1288.42,0.0,270,107,2186,0.943,B
21277,FRENCH STYLE EMBOSSED HEART CABINET,57,4,1375.24,87.8,1287.44,0.0638,48,36,2187,0.943,B
85025C,PINK HEART SHAPE PHOTO FRAME,721,232,1287.56,3.3,1284.26,0.0026,125,73,2188,0.9431,B
85170D,SET/6 PINK BIRD T-LIGHT CANDLES,723,7,1296.36,12.2,1284.16,0.0094,151,48,2189,0.9432,B
46775E,CANDY POP CHUNKY KNITTED THROW,101,16,1282.9,0.0,1282.9,0.0,51,8,2190,0.9432,B
22543,MINI JIGSAW BAKE A CAKE,3249,0,1282.33,0.0,1282.33,0.0,118,72,2191,0.9433,B
22214,CANDLE PLATE LACE WHITE,549,0,1279.79,0.0,1279.79,0.0,92,43,2192,0.9434,B
72800B,4 PURPLE FLOCK DINNER CANDLES,988,2,1284.43,5.1,1279.33,0.004,91,52,2193,0.9434,B
72818,CHRISTMAS DECOUPAGE CANDLE,2420,113,1305.23,25.92,1279.31,0.0199,127,82,2194,0.9435,B
22999,TRAVEL CARD WALLET VINTAGE LEAF,2960,3,1280.31,1.26,1279.05,0.001,222,108,2195,0.9436,B
22097,SWALLOW SQUARE TISSUE BOX,2082,19,1293.93,15.15,1278.78,0.0117,242,158,2196,0.9436,B
22701,PINK DOG BOWL,675,16,1320.57,43.0,1277.57,0.0326,158,65,2197,0.9437,B
21248,DOOR HANGER  MUM + DADS ROOM,1050,94,1309.7,33.16,1276.54,0.0253,158,106,2198,0.9438,B
82613D,METAL SIGN CUPCAKE SINGLE HOOK,1188,20,1284.36,8.4,1275.96,0.0065,271,98,2199,0.9438,B
16225,RATTLE SNAKE EGGS,1523,0,1275.41,0.0,1275.41,0.0,165,90,2200,0.9439,B
21759,METAL WALL SHELF UNIT WITH HOOKS,30,8,1274.47,0.0,1274.47,0.0,13,11,2201,0.944,B
21880,RED RETROSPOT TAPE,2483,24,1289.83,15.6,1274.23,0.0121,329,123,2202,0.944,B
85231G,ORANGE SCENTED SET/9 T-LIGHTS,1480,132,1291.09,18.7,1272.39,0.0145,259,139,2203,0.9441,B
84609,TALL ROCOCO CANDLE HOLDER,143,31,1289.24,17.0,1272.24,0.0132,38,23,2204,0.9442,B
21689,SILVER VANILLA  FLOWER CANDLE POT,343,323,1271.87,0.0,1271.87,0.0,60,49,2205,0.9442,B
22929,SCHOOL DESK AND CHAIR,23,3,1459.75,195.0,1264.75,0.1336,17,17,2206,0.9443,B
20765,CHRYSANTHEMUM SKETCHBOOK,446,5,1280.06,18.75,1261.31,0.0146,146,96,2207,0.9444,B
22268,EASTER DECORATION SITTING BUNNY,2562,149,1278.09,19.31,1258.78,0.0151,236,117,2208,0.9444,B
22290,STANDING METAL RABBIT WITH EGG,688,26,1260.82,2.1,1258.72,0.0017,78,60,2209,0.9445,B
77101A,UNION FLAG WINDSOCK,1084,87,1258.47,0.0,1258.47,0.0,88,55,2210,0.9446,B
20777,CHRYSANTHEMUM NOTEBOOK,3660,19,1262.7,4.95,1257.75,0.0039,169,78,2211,0.9446,B
23462,ROCOCO WALL MIRROR WHITE,80,52,1607.04,350.1,1256.94,0.2179,46,43,2212,0.9447,B
85163B,BLACK BAROQUE WALL CLOCK,115,1,1268.66,12.75,1255.91,0.01,66,26,2213,0.9448,B
22181,SNOWSTORM PHOTO FRAME FRIDGE MAGNET,1538,134,1291.38,35.7,1255.68,0.0276,138,85,2214,0.9448,B
22280,POCKET BAG PINK PAISELY BROWN SPOT,881,0,1254.59,0.0,1254.59,0.0,158,79,2215,0.9449,B
22062,CERAMIC BOWL WITH LOVE HEART DESIGN,769,7,1261.15,7.93,1253.22,0.0063,126,68,2216,0.945,B
21063,PARTY INVITES JAZZ HEARTS,1456,4,1256.27,3.4,1252.87,0.0027,238,143,2217,0.945,B
35648,VINTAGE BEAD PINK PURSE,1043,81,1272.59,20.75,1251.84,0.0163,143,48,2218,0.9451,B
22919,HERB MARKER MINT,1804,12,1258.04,7.8,1250.24,0.0062,248,136,2219,0.9452,B
21549,CERAMIC BIRDHOUSE RED ROOF SMALL,547,31,1270.39,20.65,1249.74,0.0163,51,36,2220,0.9452,B
23067,HANGING ENGRAVED METAL HEART,297,0,1249.11,0.0,1249.11,0.0,78,63,2221,0.9453,B
22232,JIGSAW TOADSTOOLS 3 PIECE,1109,74,1318.99,71.22,1247.77,0.054,158,96,2222,0.9454,B
23511,EMBROIDERED RIBBON REEL EMILY,573,5,1256.17,10.4,1245.77,0.0083,98,83,2223,0.9454,B
20866,BLUE ROSE FABRIC MIRROR,1283,350,1372.66,127.2,1245.46,0.0927,191,76,2224,0.9455,B
21088,SET/6 FRUIT SALAD PAPER CUPS,16615,7140,1816.73,572.52,1244.21,0.3151,136,95,2225,0.9456,B
84989A,75 GREEN FAIRY CAKE CASES,2197,46,1245.64,2.07,1243.57,0.0017,193,95,2226,0.9456,B
79066K,RETRO MOD TRAY,1415,12,1253.16,10.2,1242.96,0.0081,256,103,2227,0.9457,B
35957,SMALLFOLKART BAUBLE CHRISTMAS DEC,3577,1039,1259.94,19.92,1240.02,0.0158,148,51,2228,0.9458,B
21145,ANTIQUE GLASS PLACE SETTING,869,13,1256.21,16.25,1239.96,0.0129,49,34,2229,0.9458,B
40003,WHITE BAMBOO RIBS LAMPSHADE,1150,269,1257.02,17.1,1239.92,0.0136,60,34,2230,0.9459,B
20733,GOLD MINI TAPE MEASURE,1930,300,1454.75,216.0,1238.75,0.1485,294,67,2231,0.946,B
20707,CRAZY DAISY HEART DECORATION,1614,7,1244.93,8.75,1236.18,0.007,199,48,2232,0.946,B
79163,BLACK CHAMPAGNE GLASS,1833,191,1240.83,5.16,1235.67,0.0042,64,44,2233,0.9461,B
21438,TUB 24 HANGING EASTER EGGS SPOTTY,378,30,1248.57,15.0,1233.57,0.012,36,33,2234,0.9462,B
20825,GOLD WINE GLASS,361,106,1255.08,22.5,1232.58,0.0179,7,5,2235,0.9462,B
21253,SET OF PICTURE FRAME  STICKERS,334,0,1231.07,0.0,1231.07,0.0,122,41,2236,0.9463,B
23539,WALL ART LOVES' SECRET,247,0,1227.95,0.0,1227.95,0.0,41,32,2237,0.9463,B
84658,WHITE STITCHED CUSHION COVER,218,0,1227.46,0.0,1227.46,0.0,64,50,2238,0.9464,B
22258,FELT FARM ANIMAL RABBIT,1345,55,1294.8,68.75,1226.05,0.0531,131,69,2239,0.9465,B
21190,PINK HEARTS PAPER GARLAND,806,157,1337.59,111.65,1225.94,0.0835,111,71,2240,0.9465,B
22921,HERB MARKER CHIVES,1776,12,1229.97,7.8,1222.17,0.0063,220,121,2241,0.9466,B
84660C,PINK STITCHED WALL CLOCK,756,21,1221.96,0.0,1221.96,0.0,113,29,2242,0.9467,B
23138,SINGLE WIRE HOOK IVORY HEART,884,12,1238.76,17.4,1221.36,0.014,82,60,2243,0.9467,B
23598,PAPER BUNTING VINTAGE PARTY,428,0,1218.48,0.0,1218.48,0.0,47,40,2244,0.9468,B
85130A,BEADED PEARL HEART WHITE LARGE,710,113,1217.54,0.0,1217.54,0.0,86,59,2245,0.9469,B
22216,T-LIGHT HOLDER WHITE LACE,1396,3,1215.83,2.55,1213.28,0.0021,116,48,2246,0.9469,B
22265,EASTER DECORATION NATURAL CHICK,1849,0,1211.7,0.0,1211.7,0.0,168,107,2247,0.947,B
85135B,BLUE DRAGONFLY HELICOPTER,151,123,1226.51,15.9,1210.61,0.013,115,67,2248,0.9471,B
84665,SQUARE CHERRY BLOSSOM CABINET,226,41,1364.7,154.7,1210.0,0.1134,47,25,2249,0.9471,B
20771,CHRYSANTHEMUM  JOURNAL,626,6,1222.08,15.3,1206.78,0.0125,140,91,2250,0.9472,B
85162A,SILVER RETRODISC LAMPSHADE,607,246,1234.27,30.31,1203.96,0.0246,20,14,2251,0.9472,B
23142,IVORY WIRE KITCHEN ORGANISER,121,2,1220.82,19.55,1201.27,0.016,40,34,2252,0.9473,B
21130,COLOURFUL STANDING GNOME,722,18,1204.38,3.45,1200.93,0.0029,49,29,2253,0.9474,B
84815,SET OF 3 DANISH ROSE PLANTERS,930,0,1200.82,0.0,1200.82,0.0,53,34,2254,0.9474,B
21883,STARS GIFT TAPE,2349,1,1200.13,0.19,1199.94,0.0002,226,132,2255,0.9475,B
21396,RED SPOTTY EGG CUP,948,370,1205.25,6.25,1199.0,0.0052,77,45,2256,0.9476,B
85129D,BEADED CRYSTAL HEART PINK SMALL,796,41,1197.31,1.25,1196.06,0.001,168,59,2257,0.9476,B
21279,VINTAGE KITCHEN PRINT FRUITS,3527,1639,1621.83,425.85,1195.98,0.2626,101,51,2258,0.9477,B
72232,FENG SHUI PILLAR CANDLE,6292,1400,1195.48,0.0,1195.48,0.0,118,72,2259,0.9477,B
20731,POSY CANDY BAG,4142,71,1252.92,58.3,1194.62,0.0465,73,40,2260,0.9478,B
22256,FELT FARM ANIMAL CHICKEN,939,12,1207.57,15.0,1192.57,0.0124,119,78,2261,0.9479,B
22923,FRIDGE MAGNETS LES ENFANTS ASSORTED,1595,188,1325.09,134.0,1191.09,0.1011,90,70,2262,0.9479,B
22808,SET OF 6 T-LIGHTS EASTER CHICKS,420,18,1243.88,53.1,1190.78,0.0427,83,58,2263,0.948,B
21650,ASSORTED TUTTI FRUTTI BRACELET,3254,28,1196.3,7.16,1189.14,0.006,197,84,2264,0.9481,B
22403,MAGNETS PACK OF 4 VINTAGE LABELS,1721,12,1202.53,15.0,1187.53,0.0125,212,137,2265,0.9481,B
47503E,ASS FLORAL PRINT SCISSORS,6842,35,1186.9,0.0,1186.9,0.0,25,21,2266,0.9482,B
23444,Next Day Carriage,79,1,1200.0,15.0,1185.0,0.0125,79,63,2267,0.9482,B
21806,WHITE CHRISTMAS HEART DECORATION,2717,3,1183.63,0.0,1183.63,0.0,128,95,2268,0.9483,B
21425,SKULLS STORAGE BOX LARGE,505,31,1274.93,91.45,1183.48,0.0717,95,41,2269,0.9484,B
72819,CUPID DESIGN SCENTED CANDLES,695,0,1176.56,0.0,1176.56,0.0,92,59,2270,0.9484,B
84687,BEACH HUT SHELF W 3 DRAWERS,315,7,1214.01,37.65,1176.36,0.031,73,43,2271,0.9485,B
20798,CLEAR MILKSHAKE GLASS,555,206,1316.55,140.25,1176.3,0.1065,83,35,2272,0.9486,B
22252,BIRDCAGE DECORATION TEALIGHT HOLDER,969,13,1191.81,16.25,1175.56,0.0136,113,85,2273,0.9486,B
22903,CALENDAR FAMILY FAVOURITES,745,320,2053.96,880.0,1173.96,0.4284,82,39,2274,0.9487,B
23026,DRAWER KNOB VINTAGE GLASS STAR,557,14,1201.04,29.12,1171.92,0.0242,62,43,2275,0.9487,B
37475,SET/4 COLOURFUL MIXING BOWLS,117,0,1170.51,0.0,1170.51,0.0,72,45,2276,0.9488,B
84823,DANISH ROSE FOLDING CHAIR,120,4,1210.0,39.95,1170.05,0.033,29,29,2277,0.9489,B
84596E,SMALL LICORICE DES PINK BOWL,1158,185,1209.78,40.0,1169.78,0.0331,218,90,2278,0.9489,B
23418,LAVENDER TOILETTE BOTTLE,558,0,1168.08,0.0,1168.08,0.0,79,55,2279,0.949,B
23515,EMBROIDERED RIBBON REEL DAISY,579,0,1164.98,0.0,1164.98,0.0,71,58,2280,0.9491,B
22253,6 CROCHET STRAWBERRIES,969,61,1164.53,0.0,1164.53,0.0,86,62,2281,0.9491,B
23508,MINI PLAYING CARDS DOLLY GIRL,2631,2,1165.13,0.84,1164.29,0.0007,120,95,2282,0.9492,B
84313B,BLUE TV TRAY TABLE,227,32,1164.04,0.0,1164.04,0.0,83,24,2283,0.9492,B
23269,SET OF 2 CERAMIC CHRISTMAS TREES,786,1440,1163.13,0.0,1163.13,0.0,94,63,2284,0.9493,B
23431,NATURAL HANGING QUILTED HEARTS,1454,16,1175.38,13.28,1162.1,0.0113,72,63,2285,0.9494,B
21312,LARGE CHUNKY GLASS ROMAN BOWL,300,58,1185.92,25.35,1160.57,0.0214,26,19,2286,0.9494,B
21490,SET OF THREE 50'S GIFT WRAPS,639,108,1214.5,54.6,1159.9,0.045,55,36,2287,0.9495,B
22264,FELT FARM ANIMAL WHITE BUNNY,2023,0,1159.87,0.0,1159.87,0.0,168,80,2288,0.9495,B
84688,BEACH HUT DESIGN BLACKBOARD,422,93,1313.52,155.05,1158.47,0.118,81,39,2289,0.9496,B
84674,FLYING PIG WATERING CAN,461,7,1178.88,20.65,1158.23,0.0175,106,67,2290,0.9497,B
23507,MINI PLAYING CARDS BUFFALO BILL,2884,0,1156.51,0.0,1156.51,0.0,119,91,2291,0.9497,B
22048,BIRTHDAY BANQUET GIFT WRAP,2815,25,1166.3,10.5,1155.8,0.009,102,93,2292,0.9498,B
21752,GLASS CAKE STAND MIRRORED BASE,78,60,1259.76,104.65,1155.11,0.0831,37,28,2293,0.9498,B
23566,EGG CUP MILKMAID HEIDI,883,4,1159.43,5.0,1154.43,0.0043,83,44,2294,0.9499,B
84910A,PINK PAISLEY CUSHION COVER,432,29,1230.39,77.35,1153.04,0.0629,53,37,2295,0.95,B
22814,CARD PARTY GAMES,2740,0,1152.81,0.0,1152.81,0.0,295,101,2296,0.95,C
23523,WALL ART TREASURE AHOY,360,6,1173.81,22.5,1151.31,0.0192,41,35,2297,0.9501,C
21649,ASSORTED TUTTI FRUTTI PHOTO FRAME,421,22,1162.89,11.8,1151.09,0.0101,29,19,2298,0.9502,C
23402,HOME SWEET HOME 3 PEG HANGER,297,0,1151.03,0.0,1151.03,0.0,68,47,2299,0.9502,C
85159A,"BLACK TEA,COFFEE,SUGAR JARS",492,43,1248.98,101.45,1147.53,0.0812,82,41,2300,0.9503,C
23057,BEADED CHANDELIER T-LIGHT HOLDER,776,713,1783.52,636.15,1147.37,0.3567,45,38,2301,0.9503,C
21261,GREEN GOOSE FEATHER CHRISTMAS TREE,283,0,1146.12,0.0,1146.12,0.0,77,37,2302,0.9504,C
37482B,CUBIC MUG BLUE POLKA DOT,1252,130,1145.26,0.0,1145.26,0.0,10,5,2303,0.9505,C
22040,BOTANICAL ROSE GIFT WRAP,2815,0,1144.3,0.0,1144.3,0.0,94,82,2304,0.9505,C
84830,LARGE ENGLISH ARBORETUM,113,10,1195.15,50.85,1144.3,0.0425,7,7,2305,0.9506,C
21316,SMALL CHUNKY GLASS ROMAN  BOWL,694,23,1149.06,5.9,1143.16,0.0051,47,33,2306,0.9506,C
22615,PACK OF 12 CIRCUS PARADE TISSUES,3721,12,1146.75,4.68,1142.07,0.0041,188,110,2307,0.9507,C
21366,MIRRORED WALL ART PHOTO FRAMES,238,0,1140.0,0.0,1140.0,0.0,77,24,2308,0.9508,C
23506,MINI PLAYING CARDS SPACEBOY,2747,0,1139.2,0.0,1139.2,0.0,146,114,2309,0.9508,C
22715,CARD WEDDING DAY,2729,0,1138.97,0.0,1138.97,0.0,218,125,2310,0.9509,C
22718,CARD CAT AND TREE,2629,36,1151.44,15.12,1136.32,0.0131,264,114,2311,0.9509,C
20622,VIPPASSPORT COVER,586,0,1135.99,0.0,1135.99,0.0,128,59,2312,0.951,C
21413,PERIWINKLE T-LIGHT HOLDER,3165,0,1134.89,0.0,1134.89,0.0,52,25,2313,0.9511,C
84750B,BLACK SMALL GLASS CAKE STAND,609,44,1142.02,8.19,1133.83,0.0072,78,43,2314,0.9511,C
85224,ASSORTED COLOUR SILK GLASSES CASE,2008,507,1129.36,0.0,1129.36,0.0,61,35,2315,0.9512,C
21555,CERAMIC STRAWBERRY TRINKET TRAY,425,1,1131.37,2.55,1128.82,0.0023,134,38,2316,0.9512,C
84625A,PINK NEW BAROQUECANDLESTICK CANDLE,838,54,1193.0,64.8,1128.2,0.0543,81,40,2317,0.9513,C
85212,MINI PAINTED GARDEN DECORATION,2868,0,1128.01,0.0,1128.01,0.0,121,82,2318,0.9514,C
22598,CHRISTMAS MUSICAL ZINC TREE,1794,6,1133.01,5.1,1127.91,0.0045,144,82,2319,0.9514,C
72598,SET/12 TAPER CANDLES,1244,22,1145.76,18.7,1127.06,0.0163,158,74,2320,0.9515,C
21040,MODERN VINTAGE COTTON SHOPPING BAG,894,55,1125.85,0.0,1125.85,0.0,68,43,2321,0.9515,C
20832,RED FLOCK LOVE HEART PHOTO FRAME,1705,158,1132.01,6.8,1125.21,0.006,158,86,2322,0.9516,C
85124C,GREEN JUICY FRUIT PHOTO FRAME,429,14,1139.07,15.3,1123.77,0.0134,123,51,2323,0.9516,C
85136A,YELLOW SHARK HELICOPTER,139,78,1129.23,7.95,1121.28,0.007,106,64,2324,0.9517,C
20669,RED HEART LUGGAGE TAG,803,65,1119.39,0.0,1119.39,0.0,214,103,2325,0.9518,C
23510,MINI PLAYING CARDS GYMKHANA,2522,0,1119.22,0.0,1119.22,0.0,120,90,2326,0.9518,C
20700,GREEN CAT FLORAL CUSHION COVER,420,123,1125.05,7.5,1117.55,0.0067,103,11,2327,0.9519,C
17096,ASSORTED LAQUERED INCENSE HOLDERS,6242,48,1117.51,0.0,1117.51,0.0,76,25,2328,0.9519,C
21942,SKULLS DESIGN FLANNEL,1672,24,1136.28,20.4,1115.88,0.018,221,41,2329,0.952,C
84559B,3D SHEET OF CAT STICKERS,1231,162,1119.09,3.4,1115.69,0.003,220,97,2330,0.9521,C
84750A,PINK SMALL GLASS CAKE STAND,544,135,1189.23,75.3,1113.93,0.0633,105,42,2331,0.9521,C
22761,CHEST 7 DRAWER MA CAMPAGNE,48,3,1182.78,68.85,1113.93,0.0582,34,27,2332,0.9522,C
23411,TRELLIS COAT RACK,227,1,1118.61,4.95,1113.66,0.0044,56,42,2333,0.9522,C
84967B,BLUE KASHMIRI OCCASIONAL TABLE,24,5,1249.45,139.95,1109.5,0.112,11,8,2334,0.9523,C
22233,JIGSAW RABBIT AND BIRDHOUSE,950,62,1210.7,101.24,1109.46,0.0836,164,112,2335,0.9524,C
23375,50'S CHRISTMAS PAPER GIFT BAG,1352,1,1108.89,0.82,1108.07,0.0007,103,85,2336,0.9524,C
47504H,ENGLISH ROSE SPIRIT LEVEL,1028,4,1113.07,5.0,1108.07,0.0045,140,81,2337,0.9525,C
23225,CHERUB HEART DECORATION SILVER,1356,84,1177.0,69.72,1107.28,0.0592,88,46,2338,0.9525,C
21010,ETCHED GLASS BIRD TREE DECORATION,856,71,1122.26,15.0,1107.26,0.0134,83,62,2339,0.9526,C
21666,RIDGED GLASS T-LIGHT HOLDER,1766,3,1109.05,1.95,1107.1,0.0018,85,49,2340,0.9526,C
21944,KITTENS DESIGN FLANNEL,1790,2,1106.86,1.7,1105.16,0.0015,204,53,2341,0.9527,C
23513,EMBROIDERED RIBBON REEL SUSIE,566,6,1114.26,12.48,1101.78,0.0112,70,59,2342,0.9528,C
84638,SMALL KITCHEN FLOWER POTS PLAQUE,400,18,1101.55,0.0,1101.55,0.0,69,27,2343,0.9528,C
22532,MAGIC DRAWING SLATE LEAP FROG,2862,0,1101.1,0.0,1101.1,0.0,175,130,2344,0.9529,C
21131,GOLD STANDING GNOME,276,0,1098.86,0.0,1098.86,0.0,49,18,2345,0.9529,C
22924,FRIDGE MAGNETS LA VIE EN ROSE,1518,331,1338.72,240.25,1098.47,0.1795,95,69,2346,0.953,C
22230,JIGSAW TREE WITH WATERING CAN,1659,45,1135.78,38.18,1097.6,0.0336,193,96,2347,0.9531,C
84358,FLOOR LAMP SHADE WOOD BASE,121,0,1097.48,0.0,1097.48,0.0,29,11,2348,0.9531,C
37479B,CUBIC MUG FLOCK BLUE ON BROWN,1253,30,1095.85,0.0,1095.85,0.0,32,20,2349,0.9532,C
20893,HANGING BAUBLE T-LIGHT HOLDER SMALL,567,363,1328.99,234.45,1094.54,0.1764,76,41,2350,0.9532,C
20867,PINK ROSE FABRIC MIRROR,1099,271,1094.39,0.0,1094.39,0.0,153,68,2351,0.9533,C
85131D,BEADED CRYSTAL HEART PINK ON STICK,1444,0,1093.96,0.0,1093.96,0.0,267,25,2352,0.9533,C
84678,CLASSICAL ROSE SMALL VASE,568,43,1115.93,22.9,1093.03,0.0205,81,52,2353,0.9534,C
20932,PINK POT PLANT CANDLE,334,17,1147.72,55.75,1091.97,0.0486,81,54,2354,0.9535,C
21839,MUMMY MOUSE RED GINGHAM RIBBON,204,53,1101.94,10.9,1091.04,0.0099,83,71,2355,0.9535,C
20755,BLUE PAISLEY POCKET BOOK,5146,0,1090.58,0.0,1090.58,0.0,122,74,2356,0.9536,C
22255,FELT TOADSTOOL  SMALL,1187,45,1128.81,38.25,1090.56,0.0339,142,73,2357,0.9536,C
84631,FRUIT TREE AND BIRDS WALL PLAQUE,289,35,1114.11,23.85,1090.26,0.0214,50,19,2358,0.9537,C
23432,PRETTY HANGING QUILTED HEARTS,1278,0,1090.02,0.0,1090.02,0.0,74,65,2359,0.9537,C
22709,WRAP WEDDING DAY,2799,25,1099.58,10.5,1089.08,0.0095,77,68,2360,0.9538,C
85093,CANDY SPOT EGG WARMER HARE,1362,3,1092.46,3.75,1088.71,0.0034,152,57,2361,0.9539,C
20934,SET/3 POT PLANT CANDLES,199,147,1195.97,107.5,1088.47,0.0899,74,44,2362,0.9539,C
79323S,SILVER CHERRY LIGHTS,334,923,2084.32,997.05,1087.27,0.4784,56,38,2363,0.954,C
23102,SILVER HEARTS TABLE DECORATION,1288,0,1086.65,0.0,1086.65,0.0,157,128,2364,0.954,C
21817,GLITTER CHRISTMAS TREE,1699,88,1086.01,0.0,1086.01,0.0,130,102,2365,0.9541,C
22997,TRAVEL CARD WALLET UNION JACK,2595,78,1115.93,32.76,1083.17,0.0294,222,101,2366,0.9541,C
23041,PAPER LANTERN 9 POINT SNOW STAR,272,24,1178.48,99.6,1078.88,0.0845,54,46,2367,0.9542,C
20615,BLUE POLKADOT PASSPORT COVER,637,0,1077.81,0.0,1077.81,0.0,195,59,2368,0.9543,C
21815,STAR  T-LIGHT HOLDER,693,348,1080.54,2.9,1077.64,0.0027,92,58,2369,0.9543,C
84791,GINGHAM HEART DECORATION,337,18,1094.98,17.7,1077.28,0.0162,106,66,2370,0.9544,C
21632,VINTAGE PINK DECORATIVE PARASOL,133,42,1088.97,12.75,1076.22,0.0117,53,30,2371,0.9544,C
21763,VINTAGE WOODEN BAR STOOL,43,16,1157.9,81.85,1076.05,0.0707,17,15,2372,0.9545,C
22116,METAL SIGN HIS DINNER IS SERVED,823,18,1103.88,27.9,1075.98,0.0253,198,96,2373,0.9545,C
23087,ZINC  HEART T-LIGHT HOLDER,868,15,1090.66,18.75,1071.91,0.0172,69,43,2374,0.9546,C
85163A,WHITE BAROQUE WALL CLOCK,104,0,1070.92,0.0,1070.92,0.0,57,35,2375,0.9547,C
21758,VINTAGE SHELLS PRINT,135,9,1069.76,0.0,1069.76,0.0,79,34,2376,0.9547,C
23433,HANGING QUILTED PATCHWORK APPLES,1258,47,1108.58,39.01,1069.57,0.0352,89,76,2377,0.9548,C
72800F,4 IVORY DINNER CANDLES GOLD FLOCK,825,5,1067.84,0.0,1067.84,0.0,67,51,2378,0.9548,C
23033,DRAWER KNOB CERAMIC RED,720,0,1067.6,0.0,1067.6,0.0,74,42,2379,0.9549,C
85124A,PINK JUICY FRUIT PHOTO FRAME,387,34,1087.73,20.4,1067.33,0.0188,104,43,2380,0.9549,C
23113,PANTRY CHOPPING BOARD,1154,2386,5868.5,4803.06,1065.44,0.8184,57,39,2381,0.955,C
21779,MA CAMPAGNE MINI WOODEN CHEST,301,12,1097.8,35.05,1062.75,0.0319,22,21,2382,0.955,C
22105,MIRROR MOSAIC GOBLET CANDLE HOLDER,692,241,1294.7,232.25,1062.45,0.1794,55,23,2383,0.9551,C
23516,EMBROIDERED RIBBON REEL SOPHIE,297,0,1062.35,0.0,1062.35,0.0,42,39,2384,0.9552,C
23331,DECORATIVE WICKER HEART SMALL,1596,0,1062.28,0.0,1062.28,0.0,109,67,2385,0.9552,C
85179B,WHITE BITTY LIGHT CHAIN,247,83,1061.25,0.0,1061.25,0.0,45,33,2386,0.9553,C
85160A,WHITE BIRD GARDEN DESIGN MUG,8824,4341,1622.79,561.6,1061.19,0.3461,35,20,2387,0.9553,C
22857,ASSORTED EASTER GIFT TAGS,1244,48,1060.18,0.0,1060.18,0.0,66,60,2388,0.9554,C
23056,FLOWERS CHANDELIER T-LIGHT HOLDER,966,789,2916.87,1859.07,1057.8,0.6374,39,33,2389,0.9554,C
21827,EIGHT PIECE CREEPY CRAWLIE SET,838,55,1072.64,16.25,1056.39,0.0151,134,89,2390,0.9555,C
84707A,SILVER JEWELLED MIRROR TRINKET TRAY,126,0,1055.83,0.0,1055.83,0.0,64,36,2391,0.9555,C
21825,PAINTED METAL TREE WITH HOLLY BELLS,737,57,1058.99,4.35,1054.64,0.0041,75,62,2392,0.9556,C
21269,ANTIQUE CREAM CUTLERY SHELF,116,21,1053.84,0.0,1053.84,0.0,65,52,2393,0.9557,C
85008,SET OF 3 CONEY ISLAND OVAL BOXES,270,19,1063.67,9.9,1053.77,0.0093,99,77,2394,0.9557,C
72815,3 WICK CHRISTMAS BRIAR CANDLE,282,45,1083.36,30.0,1053.36,0.0277,70,53,2395,0.9558,C
20840,FRENCH FLORAL CUSHION COVER,885,249,1419.09,365.85,1053.24,0.2578,93,50,2396,0.9558,C
84908B,BLUE 5 PATCH FLOWER CUSHION COVER,435,53,1052.29,0.0,1052.29,0.0,35,2,2397,0.9559,C
85078,SCANDINAVIAN 3 HEARTS NAPKIN RING,2258,3141,1052.02,0.65,1051.37,0.0006,162,63,2398,0.9559,C
22860,EASTER TIN CHICKS PINK DAISY,621,15,1075.7,24.75,1050.95,0.023,111,85,2399,0.956,C
79191C,RETRO PLASTIC ELEPHANT TRAY,1622,289,1296.31,245.65,1050.66,0.1895,157,107,2400,0.956,C
37327,ASSTD MULTICOLOUR CIRCLES MUG,1740,230,1052.08,1.56,1050.52,0.0015,88,42,2401,0.9561,C
22511,RETROSPOT BABUSHKA DOORSTOP,399,1,1054.16,3.75,1050.41,0.0036,111,90,2402,0.9562,C
84965A,PINK KASHMIRI COFFEE TABLE,20,2,1050.0,0.0,1050.0,0.0,3,2,2403,0.9562,C
23327,HANGING CLEAR MINI BOTTLE,1734,8,1051.14,4.72,1046.42,0.0045,41,33,2404,0.9563,C
84908A,PINK 5 PATCH FLOWER CUSHION COVER,433,44,1052.11,6.95,1045.16,0.0066,36,4,2405,0.9563,C
85118,HEART T-LIGHT HOLDER,2062,248,1143.68,98.67,1045.01,0.0863,81,55,2406,0.9564,C
22821,GIFT BAG PSYCHEDELIC APPLES,1672,16,1055.25,10.4,1044.85,0.0099,186,83,2407,0.9564,C
23419,HOME SWEET HOME BOTTLE,474,1,1045.8,2.08,1043.72,0.002,86,56,2408,0.9565,C
84985A,SET OF 72 GREEN PAPER DOILIES,656,71,1050.83,7.25,1043.58,0.0069,161,95,2409,0.9565,C
85144,JARDIN ETCHED GLASS CHEESE DISH,290,40,1058.0,14.5,1043.5,0.0137,70,61,2410,0.9566,C
35646,VINTAGE BEAD PINK EVENING BAG,642,0,1043.44,0.0,1043.44,0.0,104,37,2411,0.9567,C
22995,TRAVEL CARD WALLET SUKI,2389,49,1062.0,20.58,1041.42,0.0194,266,90,2412,0.9567,C
22856,ASSORTED EASTER DECORATIONS  BELLS,883,51,1067.35,26.25,1041.1,0.0246,32,25,2413,0.9568,C
20671,BLUE TEATIME PRINT BOWL,787,139,1039.97,0.0,1039.97,0.0,143,70,2414,0.9568,C
22134,MINI LADLE LOVE HEART RED,2355,12,1044.0,5.04,1038.96,0.0048,298,80,2415,0.9569,C
22266,EASTER DECORATION HANGING BUNNY,2546,7,1042.71,4.55,1038.16,0.0044,161,101,2416,0.9569,C
35651,VINTAGE BEAD PINK SCARF,459,12,1057.62,19.8,1037.82,0.0187,63,32,2417,0.957,C
21061,PARTY INVITES FOOTBALL,1397,12,1047.41,10.2,1037.21,0.0097,163,104,2418,0.957,C
21725,SWEETIES  STICKERS,1137,2,1038.13,1.7,1036.43,0.0016,173,81,2419,0.9571,C
20783,HEART EAR MUFF HEADPHONES,166,41,1056.89,21.12,1035.77,0.02,55,20,2420,0.9571,C
22389,PAPERWEIGHT SAVE THE PLANET,647,100,1245.52,210.0,1035.52,0.1686,92,74,2421,0.9572,C
72800D,4 BLUE DINNER CANDLES SILVER FLOCK,639,20,1040.61,5.1,1035.51,0.0049,86,50,2422,0.9573,C
23347,I LOVE LONDON BEAKER,860,34,1077.3,42.5,1034.8,0.0395,97,51,2423,0.9573,C
20652,BLUE POLKADOT LUGGAGE TAG,1521,77,1033.54,0.0,1033.54,0.0,172,73,2424,0.9574,C
23088,ZINC HEART FLOWER T-LIGHT HOLDER,795,0,1033.28,0.0,1033.28,0.0,79,52,2425,0.9574,C
21202,DOLLY HONEYCOMB GARLAND,855,51,1105.13,74.55,1030.58,0.0675,66,53,2426,0.9575,C
84405A,S/3 PINK COL METAL BASKET W HANDLE,129,14,1042.16,12.75,1029.41,0.0122,50,40,2427,0.9575,C
46775A,BUBBLE GUM CHUNKY KNITTED THROW,83,1,1044.23,16.95,1027.28,0.0162,32,3,2428,0.9576,C
22247,BUNNY DECORATION MAGIC GARDEN,1190,1,1027.89,0.75,1027.14,0.0007,182,86,2429,0.9576,C
82616C,MIDNIGHT GLAMOUR SCARF KNITTING KIT,634,3,1030.0,3.75,1026.25,0.0036,142,57,2430,0.9577,C
84923,PINK BUTTERFLY HANDBAG W BOBBLES,235,0,1026.14,0.0,1026.14,0.0,150,5,2431,0.9577,C
21904,HOUSE WRECKING METAL SIGN,759,124,1205.72,179.7,1026.02,0.149,145,103,2432,0.9578,C
23545,WRAP RED VINTAGE DOILY,2480,0,1025.6,0.0,1025.6,0.0,84,76,2433,0.9579,C
21814,HEART T-LIGHT HOLDER,676,30,1025.23,0.0,1025.23,0.0,95,59,2434,0.9579,C
21690,SILVER  CANDLEPOT JARDIN,267,101,1024.59,0.0,1024.59,0.0,82,65,2435,0.958,C
85180B,PINK HEARTS LIGHT CHAIN,364,0,1022.16,0.0,1022.16,0.0,67,29,2436,0.958,C
35923,CANDY HEART HANGING DECORATION,1546,46,1025.02,4.14,1020.88,0.004,112,51,2437,0.9581,C
23452,HEART MINI PORTRAIT FRAME,518,1,1021.76,1.95,1019.81,0.0019,87,69,2438,0.9581,C
22643,SET OF 4 NAPKIN CHARMS LEAVES,470,2560,1019.78,0.0,1019.78,0.0,96,72,2439,0.9582,C
84596L,BISCUITS SMALL BOWL LIGHT BLUE,1540,21,1019.34,0.0,1019.34,0.0,256,78,2440,0.9582,C
22717,CARD DOG AND BALL,2417,12,1023.46,5.04,1018.42,0.0049,215,118,2441,0.9583,C
20839,FRENCH PAISLEY CUSHION COVER,633,80,1018.11,0.0,1018.11,0.0,118,53,2442,0.9583,C
85031C,CURIOUS IMAGES SCRAP BOOK SET,481,1,1017.48,0.0,1017.48,0.0,106,23,2443,0.9584,C
20619,TROPICAL PASSPORT COVER,579,0,1016.52,0.0,1016.52,0.0,194,46,2444,0.9584,C
22806,SET OF 6 T-LIGHTS WEDDING CAKE,430,52,1149.02,134.2,1014.82,0.1168,57,42,2445,0.9585,C
22420,LIPSTICK PEN BABY PINK,2112,1,1015.17,0.42,1014.75,0.0004,234,111,2446,0.9586,C
22049,WRAP CHRISTMAS SCREEN PRINT,3550,125,1025.25,10.5,1014.75,0.0102,114,95,2447,0.9586,C
84709B,PINK OVAL JEWELLED MIRROR,177,1,1020.43,5.95,1014.48,0.0058,86,32,2448,0.9587,C
82613B,"METAL SIGN,CUPCAKE SINGLE HOOK",911,92,1021.86,9.65,1012.21,0.0094,234,73,2449,0.9587,C
23107,WHITE HEARTS WIRE PLANT POT HOLDER,359,0,1009.51,0.0,1009.51,0.0,73,60,2450,0.9588,C
21664,RIDGED GLASS STORAGE JAR CREAM LID,259,61,1034.82,26.25,1008.57,0.0254,67,44,2451,0.9588,C
85126,LARGE ROUND CUTGLASS CANDLESTICK,157,50,1075.91,67.5,1008.41,0.0627,34,22,2452,0.9589,C
84905,PINK BUTTERFLY CUSHION COVER,269,5,1007.91,0.0,1007.91,0.0,105,19,2453,0.9589,C
23544,WALL ART MID CENTURY MODERN,164,1,1015.78,8.25,1007.53,0.0081,20,17,2454,0.959,C
23153,ZINC SWEETHEART WIRE LETTER RACK,263,4,1020.69,15.0,1005.69,0.0147,90,67,2455,0.959,C
47310M,SMALL POP BOX FUNKY MONKEY,746,0,1004.94,0.0,1004.94,0.0,172,37,2456,0.9591,C
21084,SET/6 COLLAGE PAPER CUPS,2929,24,1008.81,4.56,1004.25,0.0045,223,113,2457,0.9591,C
72750B,FLOWER FAIRY SET 3 CANDLES LAVENDER,496,62,1047.2,43.1,1004.1,0.0412,39,31,2458,0.9592,C
23121,PACK OF 6 COCKTAIL PARASOL STRAWS,2506,0,1002.54,0.0,1002.54,0.0,111,81,2459,0.9592,C
85104,SILVER GLASS T-LIGHT SET,351,363,1024.49,23.6,1000.89,0.023,56,40,2460,0.9593,C
23281,FOLDING BUTTERFLY MIRROR RED,1280,0,1000.82,0.0,1000.82,0.0,101,56,2461,0.9593,C
21392,RED SPOTTY PUDDING BOWL,7545,3679,1478.13,478.44,999.69,0.3237,48,32,2462,0.9594,C
23533,WALL ART GARDEN HAVEN,215,0,998.64,0.0,998.64,0.0,36,27,2463,0.9595,C
21127,COLOURFUL FISHING GNOME,298,29,1003.98,5.95,998.03,0.0059,48,25,2464,0.9595,C
20730,STRAWBERRY CANDY BAG,2218,271,1011.7,13.75,997.95,0.0136,102,34,2465,0.9596,C
21250,SET OF SKULL WALL STICKERS,402,0,997.55,0.0,997.55,0.0,60,47,2466,0.9596,C
23517,EMBROIDERED RIBBON REEL REBECCA,334,0,996.38,0.0,996.38,0.0,63,50,2467,0.9597,C
72586,SET OF 6 HALLOWEEN GHOST T-LIGHTS,2305,536,1010.94,15.12,995.82,0.015,183,95,2468,0.9597,C
17021,NAMASTE SWAGAT INCENSE,3834,1078,1018.44,23.4,995.04,0.023,76,45,2469,0.9598,C
20705,MRS ROBOT SOFT TOY,273,1,996.19,1.95,994.24,0.002,53,47,2470,0.9598,C
20617,FIRST CLASS PASSPORT COVER,498,33,992.99,0.0,992.99,0.0,105,59,2471,0.9599,C
21836,GINGHAM OVEN GLOVE RED HEART,250,20,1007.64,15.0,992.64,0.0149,100,77,2472,0.9599,C
72484,ROSES IN WHITE HEART CANDLE,1818,3,991.38,0.0,991.38,0.0,64,45,2473,0.96,C
85170C,SET/6 EAU DE NIL BIRD T-LIGHTS,543,1,993.03,2.1,990.93,0.0021,107,40,2474,0.96,C
84964B,BLUE PAINTED KASHMIRI TABLE,17,3,990.0,0.0,990.0,0.0,2,2,2475,0.9601,C
21721,CANDY SHOP  STICKER SHEET,1091,2,991.35,1.7,989.65,0.0017,144,73,2476,0.9601,C
35958,FOLKART ZINC STAR CHRISTMAS DEC,1133,198,986.33,0.0,986.33,0.0,82,58,2477,0.9602,C
85025B,EAU DE NILE HEART SHAPE PHOTO FRAME,574,4,992.0,6.6,985.4,0.0067,95,55,2478,0.9602,C
22529,MAGIC DRAWING SLATE GO TO THE FAIR,2439,0,984.87,0.0,984.87,0.0,155,114,2479,0.9603,C
84686,BEACH HUT MIRROR,389,64,1027.79,43.4,984.39,0.0422,76,33,2480,0.9603,C
35653,VINTAGE BEAD NOTEBOOK,311,0,982.53,0.0,982.53,0.0,113,42,2481,0.9604,C
84918,CREAM CUSHION COVER WITH FLOWERS,208,25,995.12,13.9,981.22,0.014,63,15,2482,0.9604,C
21691,SILVER VANILLA FLOWER CANDLE POT,254,34,979.74,0.0,979.74,0.0,72,56,2483,0.9605,C
23512,EMBROIDERED RIBBON REEL ROSIE,501,0,977.32,0.0,977.32,0.0,57,46,2484,0.9605,C
35599B,BLACK CHRISTMAS TREE 120CM,268,0,974.81,0.0,974.81,0.0,51,26,2485,0.9606,C
21417,COCKLE SHELL DISH,503,25,1026.0,52.5,973.5,0.0512,118,41,2486,0.9606,C
72814,SET OF 3 CHRISTMAS BRIAR CANDLES,269,82,979.17,7.5,971.67,0.0077,54,42,2487,0.9607,C
22512,DOORSTOP RACING CAR DESIGN,388,0,971.17,0.0,971.17,0.0,71,54,2488,0.9608,C
78124,MAGAZINE RACK GEBRA ASSORTED,731,0,970.86,0.0,970.86,0.0,31,25,2489,0.9608,C
21562,HAWAIIAN GRASS SKIRT,678,0,970.28,0.0,970.28,0.0,73,47,2490,0.9609,C
85071A,BLUE CHARLIE+LOLA PERSONAL DOORSIGN,1908,152,1418.64,448.4,970.24,0.3161,147,106,2491,0.9609,C
23380,PACK OF 12 VINTAGE DOILY TISSUES,2344,36,983.5,14.04,969.46,0.0143,121,86,2492,0.961,C
82616B,FRAPPUCINO SCARF KNITTING KIT,608,10,983.45,14.2,969.25,0.0144,126,57,2493,0.961,C
22104,MIRROR MOSAIC CANDLE PLATE,1187,0,968.08,0.0,968.08,0.0,99,31,2494,0.9611,C
20782,CAMOUFLAGE EAR MUFF HEADPHONES,157,7,1006.46,38.43,968.03,0.0382,87,39,2495,0.9611,C
85197,SET OF 12 MINI BUNNIES IN A BUCKET,1673,71,967.86,0.0,967.86,0.0,74,63,2496,0.9612,C
23518,EMBROIDERED RIBBON REEL RACHEL,362,6,983.3,17.34,965.96,0.0176,44,40,2497,0.9612,C
21427,SKULLS STORAGE BOX SMALL,507,16,999.06,33.6,965.46,0.0336,119,55,2498,0.9613,C
23514,EMBROIDERED RIBBON REEL SALLY,478,6,977.39,12.48,964.91,0.0128,74,57,2499,0.9613,C
20773,BLUE PAISLEY NOTEBOOK,3340,40,965.63,1.65,963.98,0.0017,117,78,2500,0.9614,C
22108,PING! MICROWAVE PLATE,313,4,978.74,15.0,963.74,0.0153,128,34,2501,0.9614,C
20774,GREEN FERN NOTEBOOK,3485,30,964.13,1.65,962.48,0.0017,119,68,2502,0.9615,C
85130D,BEADED CRYSTAL HEART PINK LARGE,790,0,962.15,0.0,962.15,0.0,107,63,2503,0.9615,C
85032B,BLOSSOM IMAGES GIFT WRAP SET,994,0,961.14,0.0,961.14,0.0,152,95,2504,0.9616,C
84466,TOP SECRET PEN SET,1259,540,1352.11,391.85,960.26,0.2898,73,34,2505,0.9616,C
47589,CONGRATULATIONS BUNTING,185,40,1019.63,59.95,959.68,0.0588,76,59,2506,0.9617,C
21636,MADRAS NOTEBOOK MEDIUM,1032,46,1020.84,61.2,959.64,0.06,98,74,2507,0.9617,C
21208,PASTEL COLOUR HONEYCOMB FAN,1078,42,976.91,17.64,959.27,0.0181,120,65,2508,0.9618,C
72753B,S/3 FLWR FAIRY LAVENDER CANDLES,445,23,957.73,0.0,957.73,0.0,14,11,2509,0.9618,C
21805,WHITE CHRISTMAS TREE DECORATION,2221,1,957.63,0.0,957.63,0.0,103,77,2510,0.9619,C
23460,SWEETHEART WALL TIDY,108,5,1007.08,49.75,957.33,0.0494,43,41,2511,0.9619,C
84360,TABLE LAMP WHITE SHADE WOOD BASE,179,0,956.89,0.0,956.89,0.0,40,14,2512,0.962,C
20758,ABSTRACT CIRCLES POCKET BOOK,5428,245,955.97,0.85,955.12,0.0009,95,61,2513,0.962,C
20878,SET/9 CHRISTMAS T-LIGHTS SCENTED,739,58,955.01,0.0,955.01,0.0,85,61,2514,0.9621,C
84660B,BLACK STITCHED WALL CLOCK,754,0,954.24,0.0,954.24,0.0,67,26,2515,0.9621,C
84907,PINK YELLOW PATCH CUSHION COVER,391,27,999.17,45.9,953.27,0.0459,36,12,2516,0.9622,C
17012C,ORIGAMI LAVENDER INCENSE/CANDL SET,857,22,952.95,0.0,952.95,0.0,113,47,2517,0.9622,C
21060,PARTY INVITES BALLOON GIRL,1276,0,952.55,0.0,952.55,0.0,151,102,2518,0.9623,C
85019B,BLOSSOM  IMAGES NOTEBOOK SET,718,24,982.47,30.0,952.47,0.0305,47,31,2519,0.9623,C
20830,SILVER PHOTO FRAME,413,172,977.21,27.32,949.89,0.028,82,36,2520,0.9624,C
22953,BIRTHDAY PARTY CORDON BARRIER TAPE,761,0,949.8,0.0,949.8,0.0,119,76,2521,0.9624,C
21129,SILVER FISHING GNOME,127,3,970.29,20.85,949.44,0.0215,60,24,2522,0.9625,C
71279,PINK GLASS CANDLEHOLDER,297,86,983.91,35.4,948.51,0.036,78,34,2523,0.9625,C
23540,WALL ART THE MAGIC FOREST,150,0,947.06,0.0,947.06,0.0,14,9,2524,0.9626,C
21641,ASSORTED TUTTI FRUTTI KEYRING BALL,1666,49,946.31,0.0,946.31,0.0,111,43,2525,0.9626,C
37482P,CUBIC MUG PINK POLKADOT,681,93,945.69,0.0,945.69,0.0,85,50,2526,0.9627,C
22994,TRAVEL CARD WALLET RETROSPOT,2197,30,958.2,12.6,945.6,0.0131,218,89,2527,0.9627,C
85031A,ROMANTIC IMAGES SCRAP BOOK SET,477,9,943.44,0.0,943.44,0.0,102,36,2528,0.9628,C
20998,ROSE DU SUD OVEN GLOVE,324,11,942.26,0.0,942.26,0.0,127,52,2529,0.9628,C
20778,GARDEN PATH NOTEBOOK,3612,19,946.01,4.95,941.06,0.0052,90,66,2530,0.9629,C
85189,HANGING BUTTERFLY  EGG,1180,134,971.35,30.6,940.75,0.0315,68,53,2531,0.9629,C
85032C,CURIOUS IMAGES GIFT WRAP SET,888,12,947.89,7.8,940.09,0.0082,161,85,2532,0.963,C
85018D,YULETIDE IMAGES S/6 PAPER BOXES,790,21,977.55,38.25,939.3,0.0391,80,57,2533,0.963,C
84816,DANISH ROSE BEDSIDE CABINET,33,30,1278.35,340.6,937.75,0.2664,20,18,2534,0.9631,C
23183,MOTHER'S KITCHEN SPOON REST,226,8,967.17,30.0,937.17,0.031,84,45,2535,0.9631,C
21726,MULTI HEARTS  STICKERS,1086,52,938.64,1.7,936.94,0.0018,155,93,2536,0.9632,C
20775,DAISY NOTEBOOK,3609,144,934.79,0.0,934.79,0.0,112,43,2537,0.9632,C
85124B,BLUE JUICY FRUIT PHOTO FRAME,355,6,948.7,15.3,933.4,0.0161,104,45,2538,0.9633,C
21299,EDWARDIAN TOILET ROLL UNIT,166,14,966.35,33.4,932.95,0.0346,34,25,2539,0.9633,C
47504E,ENGLISH ROSE SCISSORS,4387,316,931.86,0.0,931.86,0.0,48,31,2540,0.9634,C
84664,CHERRY BLOSSOM BATHROOM CABINET,193,16,955.35,24.75,930.6,0.0259,51,17,2541,0.9634,C
23179,CLOCK MAGNET MUM'S KITCHEN,324,0,930.48,0.0,930.48,0.0,53,36,2542,0.9635,C
84800L,LARGE WHITE/PINK ROSE ART FLOWER,650,197,970.79,40.56,930.23,0.0418,38,32,2543,0.9635,C
72800C,4 PINK DINNER CANDLE SILVER FLOCK,662,0,929.94,0.0,929.94,0.0,78,49,2544,0.9636,C
23178,JAM CLOCK MAGNET,330,5,943.92,14.45,929.47,0.0153,68,50,2545,0.9636,C
21014,SWISS CHALET TREE DECORATION,1852,91,929.79,0.72,929.07,0.0008,189,91,2546,0.9637,C
20831,GOLD PHOTO FRAME,480,6,940.56,12.6,927.96,0.0134,79,34,2547,0.9637,C
22096,PINK PAISLEY SQUARE TISSUE BOX,1676,18,944.09,17.34,926.75,0.0184,180,129,2548,0.9638,C
84341B,SMALL PINK MAGIC CHRISTMAS TREE,1762,181,926.43,0.0,926.43,0.0,121,79,2549,0.9638,C
21850,BLUE  DIAMANTE PEN IN GIFT BOX,448,36,1077.93,153.0,924.93,0.1419,106,29,2550,0.9639,C
22102,MIRROR MOSAIC T-LIGHT HOLDER,1851,721,1206.54,282.45,924.09,0.2341,59,35,2551,0.9639,C
22703,PINK CAT BOWL,514,0,923.91,0.0,923.91,0.0,165,57,2552,0.964,C
18007,ESSENTIAL BALM 3.5g TIN IN ENVELOPE,11397,5234,1043.4,120.0,923.4,0.115,72,40,2553,0.964,C
22143,CHRISTMAS CRAFT HEART DECORATIONS,448,101,947.08,25.2,921.88,0.0266,70,51,2554,0.964,C
84625C,BLUE NEW BAROQUE CANDLESTICK CANDLE,770,102,1024.15,103.6,920.55,0.1012,71,29,2555,0.9641,C
21720,CAKE SHOP  STICKER SHEET,1069,12,930.66,10.2,920.46,0.011,112,73,2556,0.9641,C
21702,SET 5 MINI GATEAUX  FRIDGE MAGNETS,2636,377,918.68,0.0,918.68,0.0,8,5,2557,0.9642,C
85130B,BEADED CRYSTAL HEART GREEN LARGE,911,0,918.33,0.0,918.33,0.0,83,50,2558,0.9642,C
90147,CHUNKY SILVER NECKLACE PASTEL FLOWE,95,4,957.35,39.8,917.55,0.0416,58,24,2559,0.9643,C
85111,SILVER GLITTER FLOWER VOTIVE HOLDER,2919,261,957.63,41.76,915.87,0.0436,77,50,2560,0.9643,C
21220,SET/4 BADGES DOGS,680,0,914.93,0.0,914.93,0.0,159,65,2561,0.9644,C
21007,ETCHED GLASS DROPLET DECORATION,1927,121,914.67,0.0,914.67,0.0,48,36,2562,0.9644,C
20903,VINTAGE KEEPSAKE BOX TRAVELOGUE,187,34,919.8,6.35,913.45,0.0069,86,19,2563,0.9645,C
82607A,GLASS BONBON JAR PARFUME AUX FLEURE,670,60,932.47,22.5,909.97,0.0241,159,65,2564,0.9645,C
85226A,WHITE/BLUE PULL BACK RACING CAR,1717,372,934.72,24.75,909.97,0.0265,144,95,2565,0.9646,C
23472,NINE DRAWER OFFICE TIDY,59,0,909.37,0.0,909.37,0.0,33,29,2566,0.9646,C
21303,FILIGREE WALL MIRROR  ANTIQUE WHITE,96,35,985.54,76.45,909.09,0.0776,30,24,2567,0.9647,C
21331,MOROCCAN BEATEN METAL DISH LARGE,110,3,946.68,38.25,908.43,0.0404,30,23,2568,0.9647,C
21264,WHITE GOOSE FEATHER TREE 60CM,393,8,921.75,15.6,906.15,0.0169,68,51,2569,0.9648,C
22707,WRAP MONSTER FUN,2157,0,905.94,0.0,905.94,0.0,83,70,2570,0.9648,C
46776C,WOVEN FROST CUSHION COVER,258,0,905.1,0.0,905.1,0.0,96,14,2571,0.9649,C
21335,LIBRARY LAMP,42,52,989.62,84.8,904.82,0.0857,28,17,2572,0.9649,C
37330,SPOTS MUG,517,296,927.46,23.1,904.36,0.0249,28,19,2573,0.965,C
84660A,WHITE STITCHED WALL CLOCK,867,25,907.96,4.54,903.42,0.005,56,34,2574,0.965,C
23338,EGG FRYING PAN RED,431,6,915.4,12.48,902.92,0.0136,109,62,2575,0.9651,C
20892,SET/3 TALL GLASS CANDLE HOLDER PINK,103,55,1108.1,206.15,901.95,0.186,38,21,2576,0.9651,C
85121C,RETRO LAUNDRY TUB PISTACHIO,98,17,918.91,17.0,901.91,0.0185,53,39,2577,0.9652,C
23532,WALL ART WORK REST AND PLAY,210,0,901.58,0.0,901.58,0.0,31,23,2578,0.9652,C
85031B,BLOSSOM IMAGES SCRAP BOOK SET,497,0,901.04,0.0,901.04,0.0,85,25,2579,0.9652,C
21270,ANTIQUE CREAM CUTLERY CUPBOARD,78,0,899.93,0.0,899.93,0.0,51,24,2580,0.9653,C
84974,S/2 ZINC HEART DESIGN PLANTERS,92,1,909.4,9.95,899.45,0.0109,57,52,2581,0.9653,C
37492B,BLUE YELLOW FLOWER PIGGY BANK,489,18,946.72,47.7,899.02,0.0504,44,33,2582,0.9654,C
20913,SET/5 BLUE SPOTTY LID GLASS BOWLS,314,159,898.72,0.0,898.72,0.0,43,26,2583,0.9654,C
20757,RED DAISY POCKET BOOK,5356,160,898.35,0.0,898.35,0.0,78,49,2584,0.9655,C
21444,BLUE CHALET BIRDFEEDER,291,11,902.03,3.75,898.28,0.0042,36,18,2585,0.9655,C
84086C,PINK/PURPLE RETRO RADIO,301,0,896.55,0.0,896.55,0.0,88,25,2586,0.9656,C
84919,BLUE CUSHION COVER WITH FLOWER,291,189,1619.84,723.4,896.44,0.4466,43,20,2587,0.9656,C
22647,CERAMIC LOVE HEART MONEY BANK,1066,24,931.23,34.8,896.43,0.0374,82,60,2588,0.9657,C
23502,PLAYING CARDS VINTAGE DOILY,714,0,896.41,0.0,896.41,0.0,94,80,2589,0.9657,C
17109B,FLOWER FAIRY INCENSE LAVENDER,4542,205,896.34,0.0,896.34,0.0,17,13,2590,0.9658,C
84760L,LARGE HANGING GLASS+ZINC LANTERN,560,54,896.0,0.0,896.0,0.0,1,1,2591,0.9658,C
84600,NEW BAROQUE JEWELLERY BOX,108,3,918.27,22.85,895.42,0.0249,52,31,2592,0.9659,C
21676,FLOWERS  STICKERS,1193,0,893.72,0.0,893.72,0.0,159,75,2593,0.9659,C
90175A,WHITE GLASS CHUNKY CHARM BRACELET,107,8,964.45,71.6,892.85,0.0742,62,20,2594,0.966,C
84666,SQUARE CHERRY BLOSSOM CABINET,226,5,892.7,0.0,892.7,0.0,33,13,2595,0.966,C
46000P,POLYESTER FILLER PAD 65CMx65CM,213,13,905.25,12.75,892.5,0.0141,49,37,2596,0.966,C
20759,CHRYSANTHEMUM POCKET BOOK,5777,182,891.13,0.0,891.13,0.0,63,35,2597,0.9661,C
23072,MARIE ANTOINETTE TRINKET BOX SILVER,334,122,1273.76,384.0,889.76,0.3015,30,21,2598,0.9661,C
85214,TUB 24 PINK FLOWER PEGS,516,196,889.53,0.0,889.53,0.0,169,94,2599,0.9662,C
79323G,GOLD  CHERRY LIGHTS,314,928,2007.88,1118.45,889.43,0.557,61,37,2600,0.9662,C
21724,PANDA AND BUNNIES STICKER SHEET,996,101,888.34,1.7,886.64,0.0019,178,81,2601,0.9663,C
22248,DECORATION  PINK CHICK MAGIC GARDEN,1015,21,903.2,17.85,885.35,0.0198,173,77,2602,0.9663,C
85019A,ROMANTIC IMAGES NOTEBOOK SET,647,24,915.04,30.0,885.04,0.0328,49,37,2603,0.9664,C
21480,PINK STRIPE HOT WATER BOTTLE,286,29,902.47,17.7,884.77,0.0196,57,35,2604,0.9664,C
20991,JAZZ HEARTS MAGNETIC MEMO PAD,7084,134,884.56,0.0,884.56,0.0,32,12,2605,0.9665,C
35598B,BLACK CHRISTMAS TREE 60CM,934,0,883.5,0.0,883.5,0.0,57,37,2606,0.9665,C
22164,STRING OF STARS CARD HOLDER,315,104,883.22,2.95,880.27,0.0033,49,40,2607,0.9666,C
23479,WIRE EGG BASKET,114,0,880.23,0.0,880.23,0.0,44,35,2608,0.9666,C
23413,VINTAGE COFFEE GRINDER BOX,177,12,929.11,49.8,879.31,0.0536,58,34,2609,0.9667,C
21147,JINGLE BELLS TREE DECORATION,483,202,883.08,4.2,878.88,0.0048,118,33,2610,0.9667,C
72799A,BLACK PILLAR CANDLE SILVER FLOCK,612,11,877.8,0.0,877.8,0.0,18,14,2611,0.9667,C
21062,PARTY INVITES SPACEMAN,1054,0,876.72,0.0,876.72,0.0,136,102,2612,0.9668,C
84925F,PSYCHEDELIC WALL THERMOMETER,715,154,875.66,0.0,875.66,0.0,34,29,2613,0.9668,C
21338,MARAKESH LANTERN SMALL,199,3,873.25,0.0,873.25,0.0,13,9,2614,0.9669,C
85165,CANDY PINK FRENCH BOUDOIR CLOCK,90,7,872.76,0.0,872.76,0.0,58,9,2615,0.9669,C
23099,FRENCH CARRIAGE LANTERN,137,8,925.35,53.2,872.15,0.0575,58,46,2616,0.967,C
23002,TRAVEL CARD WALLET SKULLS,2145,128,925.29,53.76,871.53,0.0581,192,85,2617,0.967,C
85194S,HANGING SPRING FLOWER EGG SMALL,1760,29,889.46,18.39,871.07,0.0207,131,84,2618,0.9671,C
21414,SCALLOP SHELL SOAP DISH,1637,26,870.89,2.1,868.79,0.0024,36,17,2619,0.9671,C
21293,MIRRORED DOVE WALL DECORATION,343,2,872.34,4.2,868.14,0.0048,85,29,2620,0.9672,C
17012B,ORIGAMI JASMINE INCENSE/CANDLE SET,721,72,867.45,0.0,867.45,0.0,126,43,2621,0.9672,C
35954,SMALL FOLKART STAR CHRISTMAS DEC,2243,744,865.49,0.0,865.49,0.0,111,58,2622,0.9673,C
84820,DANISH ROSE TRINKET TRAYS,325,6,900.95,35.7,865.25,0.0396,54,46,2623,0.9673,C
85166B,BLACK METAL BAROQUE PHOTO FRAME,510,14,864.1,0.0,864.1,0.0,38,28,2624,0.9673,C
21318,GLASS CHALICE BLUE SMALL,974,94,903.72,40.06,863.66,0.0443,93,70,2625,0.9674,C
37424,WHITE WITH BLACK CATS MUG,5251,2253,1136.38,274.56,861.82,0.2416,108,28,2626,0.9674,C
21478,SILVER SKULL HOT WATER BOTTLE,207,35,865.48,3.75,861.73,0.0043,92,57,2627,0.9675,C
21320,GLASS CHALICE GREEN  LARGE,398,108,913.34,52.5,860.84,0.0575,56,31,2628,0.9675,C
23220,REINDEER HEART DECORATION GOLD,994,12,869.98,9.96,860.02,0.0114,103,55,2629,0.9676,C
84578,ELEPHANT TOY WITH BLUE T-SHIRT,223,52,858.66,0.0,858.66,0.0,112,67,2630,0.9676,C
23423,PANTRY 3 HOOK ROLLING PIN HANGER,219,5,876.9,18.75,858.15,0.0214,66,47,2631,0.9677,C
90200C,BLUE SWEETHEART BRACELET,206,37,874.63,17.0,857.63,0.0194,98,32,2632,0.9677,C
17033,"BROCADE PURSE,SMALL ARCH BUTTON",3280,2396,867.84,10.44,857.4,0.012,69,58,2633,0.9678,C
20756,GREEN FERN POCKET BOOK,5734,159,856.66,0.0,856.66,0.0,64,40,2634,0.9678,C
20941,FROG CANDLE,998,71,896.28,41.35,854.93,0.0461,124,54,2635,0.9678,C
21376,LARGE  TALL CAMPHOR WOOD TOADSTOOL,187,0,854.91,0.0,854.91,0.0,46,35,2636,0.9679,C
84951B,SET OF 4 BLACK LOVEBIRD COASTERS,575,0,853.99,0.0,853.99,0.0,125,31,2637,0.9679,C
84929,ASSTD FRUIT+FLOWERS FRIDGE MAGNETS,3120,1274,1020.72,168.49,852.23,0.1651,93,82,2638,0.968,C
22547,MINI JIGSAW DINOSAUR,1989,2,850.6,0.84,849.76,0.001,189,84,2639,0.968,C
84817,DANISH ROSE DECORATIVE PLATE,1059,43,937.44,87.84,849.6,0.0937,79,70,2640,0.9681,C
21458,2 PICTURE BOOK EGGS EASTER BUNNY,768,0,849.24,0.0,849.24,0.0,88,51,2641,0.9681,C
20803,SMALL PINK GLASS SUNDAE DISH,1161,114,886.7,38.46,848.24,0.0434,84,50,2642,0.9682,C
85208,SET/12 FUNKY FELT FLOWER PEG IN BAG,424,22,845.34,0.0,845.34,0.0,87,56,2643,0.9682,C
90161C,ANT COPPER LIME BOUDICCA BRACELET,169,0,843.91,0.0,843.91,0.0,100,28,2644,0.9682,C
22820,GIFT BAG BIRTHDAY,1353,2,845.13,1.3,843.83,0.0015,110,67,2645,0.9683,C
85121B,RETRO LAUNDRY TUB PINK,86,26,936.74,93.5,843.24,0.0998,48,27,2646,0.9683,C
20894,HANGING BAUBLE T-LIGHT HOLDER LARGE,278,6,859.75,16.9,842.85,0.0197,79,47,2647,0.9684,C
82613C,"METAL SIGN,CUPCAKE SINGLE HOOK",784,22,853.74,10.9,842.84,0.0128,199,56,2648,0.9684,C
21393,BLUE  SPOTTY PUDDING BOWL,5244,2518,1172.81,330.78,842.03,0.282,43,34,2649,0.9685,C
85231L,LAVENDER SCENTED SET/9 T-LIGHTS,1043,300,841.75,0.0,841.75,0.0,116,81,2650,0.9685,C
21128,GOLD FISHING GNOME,126,0,841.63,0.0,841.63,0.0,57,22,2651,0.9686,C
23564,EGG CUP MILKMAID INGRID,644,0,841.31,0.0,841.31,0.0,76,39,2652,0.9686,C
23551,PACK OF 12 PAISLEY PARK TISSUES,1843,0,841.01,0.0,841.01,0.0,136,88,2653,0.9686,C
40018E,TEA TIME PAPER LANTERNS,386,17,840.92,0.0,840.92,0.0,81,37,2654,0.9687,C
21255,"FRENCH BOTTLE , LAVENDER",476,143,860.08,21.45,838.63,0.0249,96,46,2655,0.9687,C
17039,INLAID WOOD INCENSE HOLDER,3707,1227,837.88,0.0,837.88,0.0,43,20,2656,0.9688,C
16046,TEATIME PEN CASE & PENS,10060,4632,1226.9,389.04,837.86,0.3171,59,44,2657,0.9688,C
84762B,PINK PICNIC BARBECUE BUCKET,113,2,837.77,0.0,837.77,0.0,48,19,2658,0.9689,C
85071C,"CHARLIE+LOLA""EXTREMELY BUSY"" SIGN",1285,0,837.23,0.0,837.23,0.0,141,85,2659,0.9689,C
72801G,4 BURGUNDY WINE DINNER CANDLES,1345,50,836.22,0.0,836.22,0.0,67,43,2660,0.969,C
20776,ABSTRACT CIRCLES NOTEBOOK,3259,7,834.31,0.0,834.31,0.0,84,50,2661,0.969,C
84951A,SET OF 4 PISTACHIO LOVEBIRD COASTER,624,24,852.1,18.96,833.14,0.0223,135,37,2662,0.969,C
47563A,RETRO LONGBOARD IRONING BOARD COVER,344,4,837.87,5.0,832.87,0.006,151,39,2663,0.9691,C
21185,HOME SWEET HOME  BLACKBOARD,132,25,876.29,44.45,831.84,0.0507,44,34,2664,0.9691,C
85213,MINI  ZINC GARDEN DECORATIONS,1390,13,832.48,0.85,831.63,0.001,80,48,2665,0.9692,C
47367B,PAIR PADDED HANGERS PINK CHECK,242,1,834.95,3.75,831.2,0.0045,95,35,2666,0.9692,C
23004,TRAVEL CARD WALLET PANTRY,2011,184,906.94,77.28,829.66,0.0852,221,73,2667,0.9693,C
85161,ACRYLIC GEOMETRIC LAMP,51,29,863.85,37.9,825.95,0.0439,32,16,2668,0.9693,C
21552,CERAMIC BIRDHOUSE BLACK ROSE  LARGE,166,27,843.55,17.85,825.7,0.0212,35,25,2669,0.9693,C
22510,GINGHAM BABUSHKA DOORSTOP,317,0,825.32,0.0,825.32,0.0,90,70,2670,0.9694,C
21551,CERAMIC BIRDHOUSE BUTTERFLY LARGE,169,11,824.95,0.0,824.95,0.0,22,16,2671,0.9694,C
21654,RIDGED GLASS FINGER BOWL,1195,3,824.89,0.0,824.89,0.0,82,53,2672,0.9695,C
85196,EASTER BUNNIES ON A STICK,1564,340,831.04,6.6,824.44,0.0079,71,59,2673,0.9695,C
20936,FORKED CACTUS CANDLE,335,9,849.29,25.75,823.54,0.0303,76,42,2674,0.9696,C
22289,"DECORATION , HANGING METAL CHICKEN",768,0,822.48,0.0,822.48,0.0,76,45,2675,0.9696,C
23071,MARIE ANTOINETTE TRINKET BOX GOLD,319,141,1255.1,434.0,821.1,0.3458,19,16,2676,0.9697,C
21375,LARGE CAMPHOR WOOD FIELD MUSHROOM,136,0,820.1,0.0,820.1,0.0,61,26,2677,0.9697,C
85187,S/12 MINI RABBIT EASTER,480,0,818.13,0.0,818.13,0.0,109,75,2678,0.9697,C
21719,LOVELY BONBON STICKER SHEET,910,81,816.54,0.0,816.54,0.0,141,69,2679,0.9698,C
23017,APOTHECARY MEASURING JAR,67,1,826.28,12.5,813.78,0.0151,22,20,2680,0.9698,C
17107D,"FLOWER FAIRY,5 SUMMER B'DRAW LINERS",321,2,818.55,5.1,813.45,0.0062,86,68,2681,0.9699,C
20897,VINTAGE NOTEBOOK PARIS DAYS,351,50,848.7,35.4,813.3,0.0417,75,29,2682,0.9699,C
84920,PINK FLOWER FABRIC PONY,203,30,812.88,0.0,812.88,0.0,88,43,2683,0.97,C
21222,SET/4 BADGES BEETLES,627,0,812.15,0.0,812.15,0.0,133,70,2684,0.97,C
21635,MADRAS NOTEBOOK LARGE,398,20,855.24,45.0,810.24,0.0526,42,35,2685,0.97,C
90200E,GREEN SWEETHEART BRACELET,210,16,878.22,68.0,810.22,0.0774,91,36,2686,0.9701,C
23186,FRENCH STYLE STORAGE JAR CAFE,1982,12,819.46,9.24,810.22,0.0113,70,57,2687,0.9701,C
37333,"RETRO ""TEA FOR ONE""",146,87,810.05,0.0,810.05,0.0,58,26,2688,0.9702,C
21374,MIRRORED WALL ART SKULLS,470,0,809.67,0.0,809.67,0.0,71,57,2689,0.9702,C
20769,DAISY JOURNAL,438,0,808.81,0.0,808.81,0.0,79,48,2690,0.9702,C
84922,PINK BUTTERFLY WASHBAG,342,360,808.22,0.0,808.22,0.0,17,9,2691,0.9703,C
22344,PARTY PIZZA DISH PINK POLKADOT,1583,0,807.89,0.0,807.89,0.0,133,65,2692,0.9703,C
84767,ZINC POLICE BOX LANTERN,195,12,806.22,0.0,806.22,0.0,6,4,2693,0.9704,C
17012A,ORIGAMI VANILLA INCENSE/CANDLE SET,726,86,806.16,0.0,806.16,0.0,95,30,2694,0.9704,C
37494A,FAIRY CAKE CERAMIC BUTTER DISH,242,19,820.55,14.75,805.8,0.018,54,18,2695,0.9705,C
16011,ANIMAL STICKERS,3860,24,809.4,5.04,804.36,0.0062,112,83,2696,0.9705,C
85188A,GREEN METAL SWINGING BUNNY,945,27,825.82,22.95,802.87,0.0278,105,67,2697,0.9705,C
22229,BUNNY WOODEN PAINTED WITH FLOWER,1007,52,845.3,44.2,801.1,0.0523,185,101,2698,0.9706,C
20699,MOUSEY LONG LEGS SOFT TOY,295,16,800.51,0.0,800.51,0.0,88,42,2699,0.9706,C
20901,VINTAGE KEEPSAKE BOX PINK FLOWER,92,2,812.93,12.7,800.23,0.0156,67,14,2700,0.9707,C
84632,DECORATIVE HANGING SHELVING UNIT,15,1,859.25,59.95,799.3,0.0698,11,8,2701,0.9707,C
21454,PAINTED PINK RABBIT,939,12,809.3,10.2,799.1,0.0126,194,78,2702,0.9708,C
72529W,WHITE ADVENT CANDLE,465,187,923.05,125.06,797.99,0.1355,48,39,2703,0.9708,C
20997,ROSE DU SUD CUSHION COVER,170,0,796.74,0.0,796.74,0.0,83,25,2704,0.9708,C
22135,MINI LADLE LOVE HEART PINK,1625,24,806.57,10.08,796.49,0.0125,317,58,2705,0.9709,C
84849A,HELLO SAILOR BLUE SOAP HOLDER,471,23,835.26,38.87,796.39,0.0465,103,52,2706,0.9709,C
47574A,ENGLISH ROSE SCENTED HANGING FLOWER,575,63,797.73,1.5,796.23,0.0019,129,44,2707,0.971,C
22058,CERAMIC LOVE HEARTS DESIGN MUG,528,210,807.64,11.92,795.72,0.0148,103,71,2708,0.971,C
23521,WALL ART CAT AND BIRD,413,0,793.37,0.0,793.37,0.0,44,21,2709,0.9711,C
35915C,PEACH KNITTED HEN,662,43,793.32,0.0,793.32,0.0,82,23,2710,0.9711,C
85017A,ENVELOPE 50 ROMANTIC IMAGES,1158,657,793.0,0.0,793.0,0.0,174,45,2711,0.9711,C
23519,EMBROIDERED RIBBON REEL CLAIRE,224,0,792.31,0.0,792.31,0.0,24,18,2712,0.9712,C
45008C,DECORATIVE NET CANOPY CREAM,83,53,792.07,0.0,792.07,0.0,34,16,2713,0.9712,C
84847,FLORAL BATHROOM SET,2332,1133,1157.23,368.28,788.95,0.3182,49,32,2714,0.9713,C
84247E,PACK/12 XMAS FUN CARD,382,106,1081.75,293.5,788.25,0.2713,96,68,2715,0.9713,C
23568,EGG CUP HENRIETTA HEN CREAM,630,1,787.52,1.25,786.27,0.0016,48,24,2716,0.9713,C
23115,RED APPLES CHOPPING BOARD,155,1440,785.17,0.0,785.17,0.0,45,38,2717,0.9714,C
72799C,PINK PILLAR CANDLE SILVER FLOCK,471,0,783.1,0.0,783.1,0.0,48,32,2718,0.9714,C
85044,RED REINDEER STRING OF 20 LIGHTS,150,71,806.35,23.35,783.0,0.029,40,26,2719,0.9715,C
21455,PAINTED YELLOW WOODEN DAISY,901,17,797.27,14.45,782.82,0.0181,167,60,2720,0.9715,C
20910,VINTAGE PHOTO ALBUM PARIS DAYS,108,13,781.82,0.0,781.82,0.0,47,11,2721,0.9715,C
23106,ZINC HEARTS PLANT POT HOLDER,291,12,815.59,34.68,780.91,0.0425,53,49,2722,0.9716,C
85130C,BEADED CRYSTAL HEART BLUE  LARGE,684,0,779.14,0.0,779.14,0.0,68,51,2723,0.9716,C
20989,URBAN CHIC CHOPSTICKS SET/5,407,50,782.18,3.9,778.28,0.005,57,29,2724,0.9717,C
37461,FUNKY MONKEY MUG,742,87,778.64,1.25,777.39,0.0016,95,35,2725,0.9717,C
84826,ASSTD DESIGN 3D PAPER STICKERS,1745,120,878.43,102.0,776.43,0.1161,51,48,2726,0.9718,C
22447,PIN CUSHION BABUSHKA BLUE,248,6,796.34,20.1,776.24,0.0252,82,41,2727,0.9718,C
23409,PHOTO FRAME LINEN AND LACE LARGE,215,7,801.68,26.25,775.43,0.0327,43,39,2728,0.9718,C
21456,2 PICTURE BOOK EGGS EASTER CHICKS,738,1,776.05,1.25,774.8,0.0016,65,42,2729,0.9719,C
85145,JARDIN ETCHED GLASS LARGE BELL JAR,92,3,813.0,38.25,774.75,0.047,30,27,2730,0.9719,C
84029C,BROWN FURRY HOT WATER BOTTLE,205,44,773.97,0.0,773.97,0.0,49,27,2731,0.972,C
20661,BLUE SPOTTY PURSE,899,354,983.01,210.3,772.71,0.2139,123,37,2732,0.972,C
21723,ALPHABET HEARTS STICKER SHEET,870,40,772.53,0.0,772.53,0.0,135,66,2733,0.972,C
21015,DARK BIRD HOUSE TREE DECORATION,1702,4,772.31,1.16,771.15,0.0015,186,80,2734,0.9721,C
35095B,RED VICTORIAN FABRIC OVAL BOX,1959,0,769.58,0.0,769.58,0.0,177,73,2735,0.9721,C
22640,SET OF 4 NAPKIN CHARMS 3 KEYS,358,2560,767.94,0.0,767.94,0.0,87,58,2736,0.9722,C
23335,EGG FRYING PAN IVORY,378,12,792.86,24.96,767.9,0.0315,96,62,2737,0.9722,C
47594B,SCOTTIES DESIGN WASHBAG,410,23,812.29,44.85,767.44,0.0552,122,67,2738,0.9722,C
84712B,PINK JEWELLED PHOTO FRAME,98,0,767.16,0.0,767.16,0.0,60,29,2739,0.9723,C
16244B,MAXWELL 2 TONE BLUE 60 PAGE PHOTO A,345,9,765.02,0.0,765.02,0.0,28,8,2740,0.9723,C
84782A,PINK 3 TIER GLASS PLATE STAND,119,37,840.45,76.5,763.95,0.091,26,24,2741,0.9724,C
84963A,PINK PAINTED KASHMIRI CHAIR,23,2,763.35,0.0,763.35,0.0,9,8,2742,0.9724,C
23550,WRAP ALPHABET POSTER,1855,0,763.1,0.0,763.1,0.0,64,60,2743,0.9724,C
72750A,"F.FAIRY S/3 CANDLE/GLASS,LILY/VALLY",383,56,766.85,3.9,762.95,0.0051,16,13,2744,0.9725,C
90200B,BLACK SWEETHEART BRACELET,184,4,779.7,17.0,762.7,0.0218,84,28,2745,0.9725,C
20833,SHAKER THROW  QUILTED,52,12,811.8,49.95,761.85,0.0615,5,3,2746,0.9726,C
22408,MONEY BOX CONFECTIONERY DESIGN,652,37,801.17,39.41,761.76,0.0492,95,72,2747,0.9726,C
84762C,GREEN PICNIC BARBECUE BUCKET,105,13,761.25,0.0,761.25,0.0,43,18,2748,0.9726,C
84534B,FAIRY CAKE NOTEBOOK A5 SIZE,824,118,783.86,23.8,760.06,0.0304,191,69,2749,0.9727,C
35811A,ENAMEL PINK SUGAR CONTAINER,434,33,762.97,4.2,758.77,0.0055,84,24,2750,0.9727,C
84620,BLUE GINGHAM ROSE CUSHION COVER,123,0,758.51,0.0,758.51,0.0,50,41,2751,0.9728,C
23282,FOLDING BUTTERFLY MIRROR IVORY,812,0,757.86,0.0,757.86,0.0,135,67,2752,0.9728,C
84761,IVORY HANGING BIRD PLANTER,279,19,776.5,20.4,756.1,0.0263,61,33,2753,0.9728,C
21554,CERAMIC BIRDHOUSE RED ROOF LARGE,168,27,773.7,17.85,755.85,0.0231,22,17,2754,0.9729,C
23123,COCKTAIL SWORDS 50 PIECES,936,6,760.4,4.98,755.42,0.0065,95,64,2755,0.9729,C
22124,SET OF 2 TEA TOWELS PING MICROWAVE,299,0,754.88,0.0,754.88,0.0,132,29,2756,0.973,C
47581B,FAIRY CAKE WICKER PICNIC BASKET,47,7,766.52,12.75,753.77,0.0166,36,24,2757,0.973,C
72755C,FLOWER FAIRY OIL BURNER SET ROSE,592,128,767.0,13.75,753.25,0.0179,14,12,2758,0.973,C
16259,PIECE OF CAMO STATIONERY SET,5473,3301,766.09,14.1,751.99,0.0184,55,46,2759,0.9731,C
23124,18PC WOODEN CUTLERY SET DISPOSABLE,567,0,751.38,0.0,751.38,0.0,43,23,2760,0.9731,C
21194,PINK  HONEYCOMB PAPER FAN,581,10,757.8,6.5,751.3,0.0086,95,51,2761,0.9732,C
72800A,S/4 BLACK DINNER CANDLE SILVER FLOC,677,148,750.91,0.0,750.91,0.0,46,19,2762,0.9732,C
85110,BLACK SILVER FLOWER T-LIGHT HOLDER,11520,5074,1138.04,387.36,750.68,0.3404,23,17,2763,0.9732,C
17165B,ASS COL LARGE SAND GECKO P'WEIGHT,813,249,754.83,4.2,750.63,0.0056,57,43,2764,0.9733,C
84653,GREEN ROSE QUILT,14,12,750.48,0.0,750.48,0.0,12,8,2765,0.9733,C
23324,RUSTIC STRAWBERRY JAM POT LARGE,399,35,816.04,67.51,748.53,0.0827,44,38,2766,0.9734,C
23025,DRAWER KNOB VINTAGE GLASS BALL,350,6,760.8,12.48,748.32,0.0164,54,40,2767,0.9734,C
35647,VINTAGE BEAD PINK SHADE,563,0,748.24,0.0,748.24,0.0,74,19,2768,0.9734,C
22825,DECORATIVE PLANT POT WITH FRIEZE,100,7,799.02,53.25,745.77,0.0666,38,32,2769,0.9735,C
23022,SMALL BONNE JAM JAR  T-LIGHT HOLDER,422,30,808.16,62.4,745.76,0.0772,22,19,2770,0.9735,C
23454,THREE MINI HANGING FRAMES,179,2,753.95,8.3,745.65,0.011,52,41,2771,0.9736,C
90200A,PURPLE SWEETHEART BRACELET,180,4,762.44,17.0,745.44,0.0223,99,32,2772,0.9736,C
90161B,ANT COPPER TURQ BOUDICCA BRACELET,149,0,744.06,0.0,744.06,0.0,76,21,2773,0.9736,C
84663A,GRASS HOPPER WOODEN WALL CLOCK,375,15,758.29,15.06,743.23,0.0199,64,34,2774,0.9737,C
84821,DANISH ROSE DELUXE COASTER,1330,12,752.7,10.2,742.5,0.0136,74,50,2775,0.9737,C
79342B,BROWN FLOWER LIGHTS,120,1316,838.52,96.05,742.47,0.1145,35,22,2776,0.9738,C
23223,CHRISTMAS TREE HANGING SILVER,803,12,751.85,9.96,741.89,0.0132,88,51,2777,0.9738,C
90209C,PINK ENAMEL+GLASS HAIR COMB,399,81,754.46,12.6,741.86,0.0167,66,15,2778,0.9738,C
21503,TOYBOX  WRAP,1801,225,740.42,0.42,740.0,0.0006,64,57,2779,0.9739,C
21415,CLAM SHELL SMALL,354,0,738.76,0.0,738.76,0.0,82,41,2780,0.9739,C
85135A,YELLOW DRAGONFLY HELICOPTER,96,24,770.49,31.8,738.69,0.0413,63,40,2781,0.9739,C
84625D,WHITE NEWBAROQUE CANDLESTICK CANDLE,651,61,796.29,57.85,738.44,0.0726,51,36,2782,0.974,C
21133,PAINTED BIRD ASSORTED CHRISTMAS,424,724,736.57,0.0,736.57,0.0,42,38,2783,0.974,C
22638,SET OF 4 NAPKIN CHARMS CROWNS,406,2561,737.78,2.55,735.23,0.0035,74,56,2784,0.9741,C
47503F,ASS FLORAL PRINT TORCH,2571,1,736.55,1.65,734.9,0.0022,11,10,2785,0.9741,C
84715,SET OF 6 ICE CREAM SKITTLES,241,46,734.89,0.0,734.89,0.0,47,35,2786,0.9741,C
23435,3 RAFFIA RIBBONS VINTAGE CHRISTMAS,827,0,734.79,0.0,734.79,0.0,99,40,2787,0.9742,C
84708B,PINK JEWELLED PHOTO FRAME,142,5,732.79,0.0,732.79,0.0,53,36,2788,0.9742,C
90209B,GREEN ENAMEL+GLASS HAIR COMB,381,0,732.76,0.0,732.76,0.0,97,9,2789,0.9743,C
23006,TRAVEL CARD WALLET FLOWER MEADOW,1764,78,765.27,32.76,732.51,0.0428,173,88,2790,0.9743,C
85131B,BEADED CRYSTAL HEART GREEN ON STICK,949,0,731.99,0.0,731.99,0.0,216,12,2791,0.9743,C
21378,SMALL TALL CAMPHOR WOOD TOADSTOOL,561,0,730.62,0.0,730.62,0.0,88,47,2792,0.9744,C
23562,SET OF 6 RIBBONS PERFECTLY PRETTY,253,0,730.37,0.0,730.37,0.0,43,37,2793,0.9744,C
20657,TROPICAL LUGGAGE TAG,1878,16,727.72,0.0,727.72,0.0,118,54,2794,0.9744,C
23522,WALL ART DOG AND BALL,354,0,727.44,0.0,727.44,0.0,32,20,2795,0.9745,C
85230F,JASMINE VOTIVE CANDLE,2946,222,725.7,0.0,725.7,0.0,62,48,2796,0.9745,C
35095A,BLUE VICTORIAN FABRIC OVAL BOX,1809,0,725.56,0.0,725.56,0.0,166,61,2797,0.9746,C
85006,SET 4 NURSERY DES ROUND BOXES,3049,1534,1289.31,564.4,724.91,0.4378,37,32,2798,0.9746,C
21001,ROSE DU SUD WASHBAG,142,0,723.75,0.0,723.75,0.0,90,29,2799,0.9746,C
82613A,"METAL SIGN,CUPCAKE SINGLE HOOK",536,202,726.2,2.5,723.7,0.0034,119,63,2800,0.9747,C
21377,SMALL CAMPHOR WOOD FIELD  MUSHROOM,518,24,742.56,19.2,723.36,0.0259,98,37,2801,0.9747,C
23114,VINTAGE LEAF CHOPPING BOARD,149,1443,737.95,14.85,723.1,0.0201,45,40,2802,0.9748,C
21221,SET/4 BADGES CUTE CREATURES,545,0,722.16,0.0,722.16,0.0,107,55,2803,0.9748,C
21026,SPACE OWL,553,0,721.73,0.0,721.73,0.0,124,48,2804,0.9748,C
20701,PINK CAT FLORAL CUSHION COVER,353,30,721.49,0.0,721.49,0.0,50,12,2805,0.9749,C
84595E,LARGE TORTILLA DESIGN RED BOWL,367,1,723.57,3.29,720.28,0.0045,43,22,2806,0.9749,C
35951,FOLKART BAUBLE CHRISTMAS DECORATION,1352,159,717.99,0.0,717.99,0.0,46,35,2807,0.9749,C
21457,2 PICTURE BOOK EGGS EASTER DUCKS,686,0,717.25,0.0,717.25,0.0,65,45,2808,0.975,C
35915B,BLUE KNITTED HEN,565,0,717.03,0.0,717.03,0.0,67,31,2809,0.975,C
23140,TRIPLE WIRE HOOK IVORY HEART,182,12,766.1,49.8,716.3,0.065,52,29,2810,0.9751,C
84033,FLAG OF ST GEORGE,393,13,737.03,21.45,715.58,0.0291,49,41,2811,0.9751,C
85088,CANDY SPOT HAND BAG,347,4,723.85,8.4,715.45,0.0116,78,38,2812,0.9751,C
21076,SET/20 COLLAGE PAPER NAPKIN,844,93,715.4,0.85,714.55,0.0012,92,60,2813,0.9752,C
21300,ANTIQUE EDWARDIAN DRESSER,53,35,841.7,127.5,714.2,0.1515,12,11,2814,0.9752,C
20850,ZINC HEART LATTICE PLANTER BOWL,820,3,713.8,0.0,713.8,0.0,23,19,2815,0.9752,C
22100,SKULLS SQUARE TISSUE BOX,1009,0,713.64,0.0,713.64,0.0,127,71,2816,0.9753,C
79030D,TUMBLER BAROQUE,1015,665,713.98,0.39,713.59,0.0005,61,35,2817,0.9753,C
21379,CAMPHOR WOOD PORTOBELLO MUSHROOM,647,0,712.96,0.0,712.96,0.0,125,43,2818,0.9754,C
21344,MOROCCAN BEATEN METAL DISH,166,5,749.82,37.75,712.07,0.0503,26,21,2819,0.9754,C
84976,RECTANGULAR SHAPED MIRROR,674,80,722.76,11.06,711.7,0.0153,56,40,2820,0.9754,C
16015,MEDIUM CHINESE STYLE SCISSOR,1572,959,711.38,0.0,711.38,0.0,65,40,2821,0.9755,C
23325,RUSTIC STRAWBERRY JAM POT SMALL,462,18,740.94,29.7,711.24,0.0401,35,27,2822,0.9755,C
10134,COLOURING PENCILS BROWN TUBE,627,41,723.63,12.5,711.13,0.0173,52,44,2823,0.9755,C
85186A,EASTER BUNNY GARLAND OF FLOWERS,1545,12,716.11,5.04,711.07,0.007,159,76,2824,0.9756,C
23055,IVORY CHANDELIER T-LIGHT HOLDER,658,830,1401.43,690.72,710.71,0.4929,38,33,2825,0.9756,C
23070,EDWARDIAN HEART PHOTO FRAME,160,0,709.54,0.0,709.54,0.0,44,29,2826,0.9757,C
21443,OLIVE CHALET BIRDFEEDER,258,11,731.68,22.5,709.18,0.0308,26,18,2827,0.9757,C
21442,GREEN BIRDHOUSE DECORATION,977,0,708.37,0.0,708.37,0.0,136,66,2828,0.9757,C
21365,MIRRORED WALL ART STARS,469,0,707.92,0.0,707.92,0.0,77,51,2829,0.9758,C
21740,COSY SLIPPER SHOES LARGE RED,204,9,706.86,0.0,706.86,0.0,66,44,2830,0.9758,C
23487,SWEET HEART CAKE CARRIER,80,9,795.58,89.55,706.03,0.1126,44,41,2831,0.9758,C
21386,IVORY HANGING DECORATION  EGG,1196,0,705.74,0.0,705.74,0.0,105,72,2832,0.9759,C
84952C,MIRROR LOVE BIRD T-LIGHT HOLDER,374,38,705.01,0.0,705.01,0.0,42,18,2833,0.9759,C
22641,SET OF 4 NAPKIN CHARMS INSTRUMENT,300,2560,704.9,0.0,704.9,0.0,69,49,2834,0.976,C
84869,CANDY BUTTON PHOTO ALBUM,302,13,703.54,0.0,703.54,0.0,26,18,2835,0.976,C
84986B,SET OF 36 SILVER PAPER DOILIES,470,0,703.34,0.0,703.34,0.0,80,58,2836,0.976,C
72801D,4 SKY BLUE DINNER CANDLES,657,0,702.4,0.0,702.4,0.0,122,33,2837,0.9761,C
84569A,PACK 3 IRON ON DOG PATCHES,562,108,702.42,1.25,701.17,0.0018,112,59,2838,0.9761,C
84971L,LARGE HEART FLOWERS HOOK,590,134,732.18,31.25,700.93,0.0427,59,37,2839,0.9761,C
23222,CHRISTMAS TREE HANGING GOLD,799,24,718.53,19.92,698.61,0.0277,75,49,2840,0.9762,C
22936,BAKING MOULD ROSE WHITE CHOCOLATE,279,72,895.97,198.0,697.97,0.221,50,30,2841,0.9762,C
21674,RIDGED GLASS PENDANT LAMPSHADE,44,8,697.8,0.0,697.8,0.0,9,8,2842,0.9763,C
22981,PANTRY APPLE CORER,472,6,705.58,8.7,696.88,0.0123,105,58,2843,0.9763,C
84584,PINK GINGHAM CAT WITH SCARF,282,53,696.75,0.0,696.75,0.0,75,47,2844,0.9763,C
22345,PARTY PIZZA DISH BLUE POLKADOT,1469,18,711.17,15.3,695.87,0.0215,128,62,2845,0.9764,C
84931B,BLUE SCOTTIE DOG W FLOWER PATTERN,279,3,701.48,7.65,693.83,0.0109,83,44,2846,0.9764,C
84689,S/2 BEACH HUT TREASURE CHESTS,312,17,742.9,49.55,693.35,0.0667,40,29,2847,0.9764,C
72755D,FLOWER FAIRY OIL BURNER SET SUMMER,533,152,693.25,0.0,693.25,0.0,13,12,2848,0.9765,C
20854,BLUE PATCH PURSE PINK HEART,444,97,716.32,24.75,691.57,0.0346,107,66,2849,0.9765,C
84993A,75 GREEN PETIT FOUR CASES,1522,0,691.32,0.0,691.32,0.0,207,88,2850,0.9765,C
35964,FOLKART CLIP ON STARS,1190,0,690.93,0.0,690.93,0.0,132,50,2851,0.9766,C
72753A,S/3 FLWR FAIRY LILLY CANDLES,315,2,690.24,0.0,690.24,0.0,14,10,2852,0.9766,C
21308,LOUVRE VANITY MIRROR,132,10,705.9,15.9,690.0,0.0225,6,3,2853,0.9767,C
20862,PINK PATCH PENCIL CASE BLUE HEART,325,71,691.14,2.1,689.04,0.003,37,21,2854,0.9767,C
20763,DAISY SKETCHBOOK,267,4,702.86,15.0,687.86,0.0213,74,54,2855,0.9767,C
23458,DOLLY CABINET 3 DRAWERS,51,5,762.45,74.75,687.7,0.098,30,30,2856,0.9768,C
85231E,STRAWBERRY SCENTED SET/9 T-LIGHTS,837,246,697.74,10.2,687.54,0.0146,107,77,2857,0.9768,C
90161D,ANT COPPER PINK BOUDICCA BRACELET,138,0,687.52,0.0,687.52,0.0,75,18,2858,0.9768,C
22033,BOTANICAL ROSE GREETING CARD,1615,130,686.97,0.0,686.97,0.0,128,80,2859,0.9769,C
21319,GLASS CHALICE GREEN  SMALL,508,76,743.61,56.95,686.66,0.0766,65,44,2860,0.9769,C
84917,WHITE HAND TOWEL WITH BUTTERFLY,229,58,686.03,0.0,686.03,0.0,53,16,2861,0.9769,C
84563A,PINK & WHITE BREAKFAST TRAY,139,14,685.15,0.0,685.15,0.0,62,26,2862,0.977,C
17165D,ASS COL LARGE SAND FROG P'WEIGHT,723,16,689.67,6.3,683.37,0.0091,89,62,2863,0.977,C
85084,HOLLY TOP CHRISTMAS STOCKING,684,70,683.1,0.0,683.1,0.0,84,53,2864,0.9771,C
17012F,ORIGAMI SANDLEWOOD INCENSE/CAND SET,586,0,680.65,0.0,680.65,0.0,107,38,2865,0.9771,C
90184C,BLACK CHUNKY BEAD BRACELET W STRAP,75,0,678.94,0.0,678.94,0.0,50,21,2866,0.9771,C
23187,FRENCH STYLE STORAGE JAR BONBONS,2338,99,695.06,16.49,678.57,0.0237,74,66,2867,0.9772,C
22034,ROBIN CHRISTMAS CARD,1653,270,688.61,10.08,678.53,0.0146,94,71,2868,0.9772,C
62094B,TURQ ICE CREAM BUM BAG,305,92,677.99,0.0,677.99,0.0,67,20,2869,0.9772,C
22486,PLASMATRONIC LAMP,104,14,856.4,178.5,677.9,0.2084,40,22,2870,0.9773,C
22036,DINOSAUR BIRTHDAY CARD,1673,110,705.19,27.3,677.89,0.0387,135,77,2871,0.9773,C
90160C,TURQ+RED BOUDICCA LARGE BRACELET,97,0,677.0,0.0,677.0,0.0,45,25,2872,0.9773,C
85096,HILDA CANDY SPOT RABBIT,165,60,680.67,3.75,676.92,0.0055,66,42,2873,0.9774,C
20898,VINTAGE NOTEBOOK TRAVELOGUE,327,40,693.92,17.7,676.22,0.0255,53,35,2874,0.9774,C
21847,GREEN  DIAMANTE PEN IN GIFT BOX,347,0,675.37,0.0,675.37,0.0,71,20,2875,0.9774,C
72801C,4 ROSE PINK DINNER CANDLES,770,22,685.03,15.0,670.03,0.0219,92,40,2876,0.9775,C
37492D,PURPLE GREEN FLOWER PIGGY BANK,361,35,682.99,13.2,669.79,0.0193,26,18,2877,0.9775,C
84684,BEACH HUT PHOTO FRAME,609,52,720.7,51.0,669.7,0.0708,40,17,2878,0.9775,C
72023F,RED ORGANIC CANDLE IN GLASS,640,82,669.62,0.0,669.62,0.0,49,34,2879,0.9776,C
85205B,PINK FELT EASTER RABBIT GARLAND,241,0,669.38,0.0,669.38,0.0,61,36,2880,0.9776,C
23597,PAPER BUNTING PAISLEY PARK,251,6,684.97,17.7,667.27,0.0258,31,28,2881,0.9777,C
75013B,"STRING OF 8 BUTTERFLIES,PINK",390,21,669.62,2.7,666.92,0.004,76,48,2882,0.9777,C
21879,HEARTS GIFT TAPE,1570,0,666.79,0.0,666.79,0.0,152,81,2883,0.9777,C
85203,HANGING WOOD AND FELT BUTTERFLY,1465,0,666.75,0.0,666.75,0.0,224,94,2884,0.9778,C
46776E,WOVEN CANDY CUSHION COVER,206,0,666.23,0.0,666.23,0.0,78,9,2885,0.9778,C
21247,SET OF RED SALAD SERVERS,423,37,666.22,0.0,666.22,0.0,81,44,2886,0.9778,C
23120,PACK OF 6 SMALL FRUIT STRAWS,1716,72,695.41,30.24,665.17,0.0435,100,69,2887,0.9779,C
72131,COLUMBIAN CANDLE RECTANGLE,750,16,696.18,31.2,664.98,0.0448,56,42,2888,0.9779,C
90082D,DIAMANTE BOW BROOCH BLACK COLOUR,105,21,677.05,12.7,664.35,0.0188,51,28,2889,0.9779,C
21884,CAKES AND BOWS GIFT  TAPE,1449,0,664.26,0.0,664.26,0.0,161,61,2890,0.978,C
21750,LARGE SKULL WINDMILL,310,1,665.95,2.1,663.85,0.0032,62,43,2891,0.978,C
23024,LARGE BONNE JAM JAR  T-LIGHT HOLDER,255,2,667.85,4.98,662.87,0.0075,11,8,2892,0.978,C
21263,GREEN GOOSE FEATHER TREE 60CM,303,2,666.09,3.9,662.19,0.0059,56,39,2893,0.9781,C
17012D,ORIGAMI ROSE INCENSE/CANDLE SET,522,0,662.12,0.0,662.12,0.0,116,41,2894,0.9781,C
85168B,BLACK BAROQUE CARRIAGE CLOCK,73,0,662.12,0.0,662.12,0.0,52,17,2895,0.9781,C
23547,WRAP FLOWER SHOP,1575,0,661.5,0.0,661.5,0.0,62,57,2896,0.9782,C
22056,CERAMIC PLATE LOVE HEART DESIGN,611,19,662.83,1.49,661.34,0.0022,34,23,2897,0.9782,C
23482,PEARLISED IVORY HEART LARGE,418,0,661.02,0.0,661.02,0.0,39,32,2898,0.9783,C
37474,SET/4 2 TONE EGG SHAPE MIXING BOWLS,64,15,661.0,0.0,661.0,0.0,44,33,2899,0.9783,C
84824,DANISH ROSE UMBRELLA STAND,38,5,676.45,15.95,660.5,0.0236,32,23,2900,0.9783,C
23428,IVORY RETRO KITCHEN WALL CLOCK,77,2,675.91,16.3,659.61,0.0241,33,25,2901,0.9784,C
17109C,FLOWER FAIRY INCENSE ROSE,3124,105,661.23,1.69,659.54,0.0026,15,13,2902,0.9784,C
16169K,WRAP FOLK ART,2075,25,658.75,0.0,658.75,0.0,60,56,2903,0.9784,C
85160B,BLACK BIRD GARDEN DESIGN MUG,6156,2981,1048.83,391.41,657.42,0.3732,37,28,2904,0.9785,C
21298,EDWARDIAN 2 DRAWER WALL CABINET,52,29,755.8,99.7,656.1,0.1319,14,14,2905,0.9785,C
20856,DENIM PATCH PURSE PINK BUTTERFLY,408,193,674.09,18.15,655.94,0.0269,122,70,2906,0.9785,C
21441,BLUE BIRDHOUSE DECORATION,928,0,655.46,0.0,655.46,0.0,133,67,2907,0.9786,C
71403,"PINK/WHITE ""KEEP CLEAN"" BULLET BIN",177,2,659.0,5.9,653.1,0.009,69,20,2908,0.9786,C
21307,SET/4 BUTTERFLY MIRROR MAGNETS,751,48,654.27,2.1,652.17,0.0032,72,41,2909,0.9786,C
35004P,SET OF 3 PINK FLYING DUCKS,121,9,651.69,0.0,651.69,0.0,44,17,2910,0.9787,C
85215,ASSORTED CHEESE FRIDGE MAGNETS,843,519,651.69,0.0,651.69,0.0,66,33,2911,0.9787,C
20618,QUEEN OF THE SKIES PASSPORT COVER,298,40,650.64,0.0,650.64,0.0,137,50,2912,0.9787,C
21265,PINK GOOSE FEATHER TREE 60CM,321,20,705.59,55.0,650.59,0.0779,34,26,2913,0.9788,C
17164B,ASS COL SMALL SAND GECKO P'WEIGHT,1630,2,650.76,0.84,649.92,0.0013,81,64,2914,0.9788,C
20714,POSY SHOPPER BAG,1580,450,649.82,0.0,649.82,0.0,28,10,2915,0.9788,C
21134,VICTORIAN METAL POSTCARD CHRISTMAS,379,580,649.74,0.0,649.74,0.0,46,40,2916,0.9789,C
21003,ROSE DU SUD CUSHION COVER,109,0,647.75,0.0,647.75,0.0,64,10,2917,0.9789,C
21350,GINGHAM HEART WREATH,227,6,653.65,5.9,647.75,0.009,42,39,2918,0.9789,C
84916,HAND TOWEL PALE BLUE W FLOWERS,261,32,646.43,0.0,646.43,0.0,58,28,2919,0.979,C
46776D,WOVEN SUNSET CUSHION COVER,153,1,658.07,11.93,646.14,0.0181,76,7,2920,0.979,C
22391,PAPERWEIGHT HOME SWEET HOME,327,0,645.39,0.0,645.39,0.0,66,45,2921,0.979,C
84865,NEW BAROQUE BLACK PHOTO ALBUM,79,24,645.32,0.0,645.32,0.0,48,26,2922,0.9791,C
17181,CIRCLE OF FRIENDS CANDLE HOLDER,354,36,645.21,0.0,645.21,0.0,65,26,2923,0.9791,C
23042,PAPER LANTERN 7 POINT SNOW STAR,103,10,711.51,66.5,645.01,0.0935,28,25,2924,0.9791,C
47597,NEW ENGLAND TEATOWELS,322,22,644.88,0.0,644.88,0.0,124,34,2925,0.9792,C
85185D,FROG SOCK PUPPET,197,98,642.01,0.0,642.01,0.0,66,38,2926,0.9792,C
16047,POP ART PEN CASE & PENS,10614,5251,1056.4,414.72,641.68,0.3926,31,21,2927,0.9792,C
85188B,PINK METAL SWINGING BUNNY,749,94,661.73,20.4,641.33,0.0308,74,48,2928,0.9793,C
16169M,WRAP DAISY CARPET,2060,0,640.95,0.0,640.95,0.0,59,56,2929,0.9793,C
17084N,FAIRY DREAMS INCENSE,2768,0,640.26,0.0,640.26,0.0,187,42,2930,0.9793,C
85186C,BUNNY EGG GARLAND,1400,44,658.19,18.48,639.71,0.0281,152,75,2931,0.9794,C
21665,TRIANGULAR RIDGED GLASS POSY HOLDER,879,28,638.8,0.0,638.8,0.0,75,35,2932,0.9794,C
21816,CHRISTMAS TREE T-LIGHT HOLDER,424,1,640.24,1.45,638.79,0.0023,50,34,2933,0.9794,C
47594A,CAROUSEL DESIGN WASHBAG,345,23,682.51,44.85,637.66,0.0657,106,65,2934,0.9795,C
23224,CHERUB HEART DECORATION GOLD,738,14,649.02,11.62,637.4,0.0179,71,44,2935,0.9795,C
47592A,CAROUSEL DES CHILD'S OVERALL,331,28,637.37,0.0,637.37,0.0,101,31,2936,0.9795,C
23492,VINTAGE JINGLE BELLS WREATH,76,0,635.38,0.0,635.38,0.0,28,24,2937,0.9796,C
22054,MINI CAKE STAND HANGING HEARTS,363,22,658.31,23.1,635.21,0.0351,74,45,2938,0.9796,C
22042,CHRISTMAS CARD SINGING ANGEL,1774,221,642.31,10.08,632.23,0.0157,128,89,2939,0.9796,C
23453,OVAL  MINI PORTRAIT FRAME,324,0,631.58,0.0,631.58,0.0,47,40,2940,0.9797,C
20819,SILVER TEDDY BEAR,228,0,631.49,0.0,631.49,0.0,65,39,2941,0.9797,C
84520D,PACK OF 20 FAIRY CAKE PAPER NAPKINS,701,296,641.17,10.2,630.97,0.0159,94,53,2942,0.9797,C
23216,LAUREL HEART ANTIQUE GOLD,525,0,630.73,0.0,630.73,0.0,44,32,2943,0.9798,C
84964A,PINK PAINTED KASHMIRI TABLE,11,5,630.0,0.0,630.0,0.0,2,2,2944,0.9798,C
23019,SMALL APOTHECARY MEASURING JAR,81,0,629.05,0.0,629.05,0.0,28,26,2945,0.9798,C
85230E,STRAWBRY SCENTED VOTIVE CANDLE,2445,226,628.41,0.0,628.41,0.0,66,44,2946,0.9799,C
23027,DRAWER KNOB VINTAGE GLASS HEXAGON,295,0,627.95,0.0,627.95,0.0,30,26,2947,0.9799,C
21197,MULTICOLOUR  CONFETTI IN TUBE,453,21,661.81,34.65,627.16,0.0524,45,29,2948,0.9799,C
23471,SIX DRAWER OFFICE TIDY,66,0,626.74,0.0,626.74,0.0,27,26,2949,0.98,C
16169N,WRAP BLUE RUSSIAN FOLKART,2025,42,626.25,0.0,626.25,0.0,56,52,2950,0.98,C
23456,MEDIUM PARLOUR PICTURE FRAME,158,2,634.1,8.3,625.8,0.0131,36,33,2951,0.98,C
71101E,STANDING FAIRY POLE SUPPORT,779,3,627.83,2.55,625.28,0.0041,47,34,2952,0.9801,C
21004,ROSE DU SUD CHILDS APRON,137,74,625.07,0.0,625.07,0.0,70,40,2953,0.9801,C
82616A,BUBBLE GUM SCARF KNITTING KIT,316,0,624.21,0.0,624.21,0.0,52,42,2954,0.9801,C
85218,S/5 MINI ICE CREAM FRIDGE MAGNETS,1992,454,625.2,4.35,620.85,0.007,2,2,2955,0.9802,C
84596J,MIXED NUTS LIGHT GREEN BOWL,813,9,628.01,7.5,620.51,0.0119,140,50,2956,0.9802,C
16156N,"WRAP, FRIENDSHIP ON GREEN",1475,200,619.5,0.0,619.5,0.0,56,51,2957,0.9802,C
22043,CHRISTMAS CARD SCREEN PRINT,2209,61,624.29,5.04,619.25,0.0081,125,86,2958,0.9803,C
21764,VINTAGE WOODEN PLATE RACK,17,4,659.15,39.95,619.2,0.0606,11,11,2959,0.9803,C
16012,FOOD/DRINK SPONGE STICKERS,2949,0,618.09,0.0,618.09,0.0,83,67,2960,0.9803,C
20696,FLORAL SOFT CAR TOY,151,0,617.94,0.0,617.94,0.0,60,28,2961,0.9804,C
84051,ASS COLOUR GLOWING TIARAS,757,0,617.33,0.0,617.33,0.0,60,50,2962,0.9804,C
82095,HEART BUTTONS JEWELLERY BOX,102,5,616.21,0.0,616.21,0.0,48,21,2963,0.9804,C
23180,MUM'S KITCHEN CLOCK,122,1,621.09,4.95,616.14,0.008,49,29,2964,0.9805,C
72772,SET/4 SCENTED CANDLES IN RAMEKINS,457,67,615.84,0.0,615.84,0.0,9,8,2965,0.9805,C
23408,PHOTO FRAME LINEN AND LACE SMALL,310,14,644.8,29.12,615.68,0.0452,59,53,2966,0.9805,C
84507C,BLUE CIRCLES DESIGN MONKEY DOLL,433,10,634.64,20.4,614.24,0.0321,70,27,2967,0.9806,C
22346,PARTY PIZZA DISH GREEN POLKADOT,1304,0,614.03,0.0,614.03,0.0,103,43,2968,0.9806,C
90198A,VINTAGE ROSE BEAD BRACELET RASPBERR,145,0,613.68,0.0,613.68,0.0,84,21,2969,0.9806,C
84859A,SILVER DISCO HANDBAG,293,0,613.53,0.0,613.53,0.0,58,40,2970,0.9807,C
84247G,"DECOUPAGE,GREETING CARD,",1438,0,612.75,0.0,612.75,0.0,107,54,2971,0.9807,C
37351,ORANGE FLOWER MUG,5404,28,612.51,0.0,612.51,0.0,11,7,2972,0.9807,C
23018,LARGE APOTHECARY MEASURING JAR,51,0,612.16,0.0,612.16,0.0,21,19,2973,0.9808,C
79315W,FLYING SAUCER TABLE LIGHT IN WHITE,199,6,611.51,0.0,611.51,0.0,13,6,2974,0.9808,C
35972,DAISY FOLKART HEART DECORATION,440,245,611.38,0.0,611.38,0.0,87,43,2975,0.9808,C
20694,FLORAL PINK MONSTER,167,114,626.08,15.0,611.08,0.024,54,23,2976,0.9809,C
84858C,PINK RIVIERA HANDBAG,347,10,611.07,0.0,611.07,0.0,30,22,2977,0.9809,C
22538,MINI JIGSAW GO TO THE FAIR,1444,0,610.85,0.0,610.85,0.0,86,56,2978,0.9809,C
20655,QUEEN OF SKIES LUGGAGE TAG,415,0,609.73,0.0,609.73,0.0,189,55,2979,0.981,C
85028L,FRENCH CHATEAU LARGE FRUIT BOWL,271,29,654.01,45.9,608.11,0.0702,27,22,2980,0.981,C
84932C,SMALL ORIENTAL BLUE FOLDING STOOL,282,34,615.4,8.5,606.9,0.0138,34,31,2981,0.981,C
21416,CLAM SHELL LARGE,752,14,606.81,0.0,606.81,0.0,22,15,2982,0.9811,C
21440,12 MINI TOADSTOOL PEGS,481,83,608.81,2.5,606.31,0.0041,95,72,2983,0.9811,C
23520,EMBROIDERED RIBBON REEL RUBY,168,0,604.3,0.0,604.3,0.0,32,30,2984,0.9811,C
84952B,BLACK LOVE BIRD T-LIGHT HOLDER,364,3,615.49,11.25,604.24,0.0183,44,15,2985,0.9811,C
23425,STORAGE TIN HOME SWEET HOME,275,7,621.44,17.43,604.01,0.028,56,35,2986,0.9812,C
20863,BLUE PATCH PENCIL CASE PINK HEART,295,74,605.73,2.1,603.63,0.0035,50,35,2987,0.9812,C
85017C,ENVELOPE 50 CURIOUS IMAGES,1092,1016,723.92,120.96,602.96,0.1671,119,44,2988,0.9812,C
85169D,PINK LOVE BIRD CANDLE,521,1,603.98,1.25,602.73,0.0021,88,39,2989,0.9813,C
84932A,SMALL GREEN PEONY FOLDING STOOL,262,41,602.6,0.0,602.6,0.0,24,22,2990,0.9813,C
85028S,FRENCH CHATEAU SMALL FRUITBOWL,430,39,656.82,54.9,601.92,0.0836,33,29,2991,0.9813,C
84563B,BLUE & WHITE BREAKFAST TRAY,132,11,601.84,0.0,601.84,0.0,59,27,2992,0.9814,C
85117,NIGHTINGALE COATHOOK WHITE,351,73,600.92,0.0,600.92,0.0,61,29,2993,0.9814,C
84766,SILVER ROCOCO CANDLE STICK,201,53,643.95,43.2,600.75,0.0671,27,24,2994,0.9814,C
22263,FELT EGG COSY LADYBIRD,842,49,632.48,32.34,600.14,0.0511,105,34,2995,0.9815,C
18094C,WHITE AND BLUE CERAMIC OIL BURNER,433,68,600.66,1.25,599.41,0.0021,98,22,2996,0.9815,C
85146,JARDIN ETCHED GLASS SMALL BELL JAR,118,0,599.38,0.0,599.38,0.0,29,23,2997,0.9815,C
82605,OLD DOC RUSSEL METAL SIGN,270,0,599.27,0.0,599.27,0.0,125,65,2998,0.9816,C
90184B,AMETHYST CHUNKY BEAD BRACELET W STR,69,3,625.48,26.85,598.63,0.0429,47,23,2999,0.9816,C
17109D,FLOWER FAIRY INCENSE BOUQUET,1258,141,600.0,1.69,598.31,0.0028,38,33,3000,0.9816,C
22092,BLUE PAISLEY TISSUE BOX,938,0,597.44,0.0,597.44,0.0,140,105,3001,0.9817,C
20689,RETRO SISTERS EXPRESSO CUPS,430,17,620.05,23.4,596.65,0.0377,41,25,3002,0.9817,C
79190B,RETRO PLASTIC POLKA TRAY,1485,16,603.08,6.72,596.36,0.0111,136,57,3003,0.9817,C
82011C,BATHROOM SCALES FOOTPRINTS IN SAND,131,27,595.18,0.0,595.18,0.0,71,36,3004,0.9817,C
72122,COFFEE SCENT PILLAR CANDLE,587,0,594.28,0.0,594.28,0.0,120,80,3005,0.9818,C
20849,ZINC HEART LATTICE DOUBLE PLANTER,674,3,593.03,0.0,593.03,0.0,24,15,3006,0.9818,C
62096A,PINK/YELLOW FLOWERS HANDBAG,383,88,592.79,0.0,592.79,0.0,89,47,3007,0.9818,C
85092,CANDY SPOT TEA COSY,391,33,622.57,30.0,592.57,0.0482,24,14,3008,0.9819,C
21223,SET/4 BADGES WOODLAND ANIMAL,496,13,592.08,0.0,592.08,0.0,43,33,3009,0.9819,C
85113,POLKA DOT PISTACHIO PAIL,285,60,591.66,0.0,591.66,0.0,48,36,3010,0.9819,C
21304,ARCHED GREY MIRROR,86,7,591.58,0.0,591.58,0.0,18,16,3011,0.982,C
84963B,BLUE PAINTED KASHMIRI CHAIR,18,0,591.5,0.0,591.5,0.0,6,5,3012,0.982,C
21173,LOO ROLL  METAL SIGN,342,90,611.26,19.8,591.46,0.0324,77,44,3013,0.982,C
23377,PACK OF 12 DOLLY GIRL TISSUES,1354,8,593.62,3.12,590.5,0.0053,133,69,3014,0.9821,C
21322,GLASS SPHERE CANDLE STAND LARGE,301,17,590.45,0.0,590.45,0.0,14,12,3015,0.9821,C
21256,"FRENCH BOTTLE, BRASSERIE DES ARTIST",326,86,588.64,0.0,588.64,0.0,65,31,3016,0.9821,C
21893,POTTING SHED SEED TIN,172,25,587.8,0.0,587.8,0.0,20,13,3017,0.9822,C
20695,FLORAL BLUE MONSTER,142,19,604.58,17.0,587.58,0.0281,61,24,3018,0.9822,C
23499,SET 12 VINTAGE DOILY CHALK,1315,0,587.49,0.0,587.49,0.0,110,86,3019,0.9822,C
16236,KITTY PENCIL ERASERS,2652,28,593.29,5.88,587.41,0.0099,260,108,3020,0.9822,C
21553,CERAMIC BIRDHOUSE FINCH BLUE  LARGE,92,38,593.17,5.95,587.22,0.01,39,24,3021,0.9823,C
84934,ASSTD DESIGN POP ART SLIM PEN,687,1943,586.5,0.85,585.65,0.0014,13,12,3022,0.9823,C
84925D,LA PALMIERA WALL THERMOMETER,452,1184,677.45,93.0,584.45,0.1373,26,24,3023,0.9823,C
21016,LIGHT BIRD HOUSE TREE DECORATION,836,221,584.55,1.68,582.87,0.0029,82,58,3024,0.9824,C
47469,ASSORTED SHAPES PHOTO CLIP SILVER,1225,24,597.53,15.6,581.93,0.0261,29,21,3025,0.9824,C
23537,WALL ART I LOVE LONDON,111,0,581.13,0.0,581.13,0.0,34,20,3026,0.9824,C
23565,EGG CUP MILKMAID HELGA,410,5,586.31,6.25,580.06,0.0107,63,28,3027,0.9825,C
84682,CLASSICAL ROSE DISH,295,23,596.94,17.7,579.24,0.0297,49,31,3028,0.9825,C
90199C,5 STRAND GLASS NECKLACE CRYSTAL,100,2,591.64,12.7,578.94,0.0215,31,24,3029,0.9825,C
84707B,PINK JEWELLED MIRROR TRINKET TRAY,79,4,618.52,39.8,578.72,0.0643,51,22,3030,0.9826,C
21419,CONCH SHELL,1259,10,577.69,0.0,577.69,0.0,19,12,3031,0.9826,C
21167,WHITE SAGE INCENSE,2440,50,587.52,10.5,577.02,0.0179,114,32,3032,0.9826,C
23125,6PC WOOD PLATE SET DISPOSABLE,459,0,574.88,0.0,574.88,0.0,38,15,3033,0.9826,C
84932D,SMALL ORIENTAL RED FOLDING STOOL,239,18,574.71,0.0,574.71,0.0,21,16,3034,0.9827,C
37444C,PINK BREAKFAST CUP AND SAUCER,1656,798,674.5,99.84,574.66,0.148,54,14,3035,0.9827,C
84846A,SCENTED CANDLE IN DIGITALIS TIN,253,8,571.75,0.0,571.75,0.0,54,39,3036,0.9827,C
84924A,WAKE UP COCKEREL CALENDAR SIGN,133,0,571.0,0.0,571.0,0.0,62,41,3037,0.9828,C
17013D,ORIGAMI ROSE INCENSE IN TUBE,1068,30,572.4,1.57,570.83,0.0027,31,17,3038,0.9828,C
85019C,CURIOUS  IMAGES NOTEBOOK SET,423,144,651.19,81.0,570.19,0.1244,25,18,3039,0.9828,C
47421,ASSORTED COLOUR LIZARD SUCTION HOOK,1473,16,576.9,6.72,570.18,0.0116,74,23,3040,0.9829,C
23455,SMALL PARLOUR PICTURE FRAME,207,0,569.43,0.0,569.43,0.0,35,32,3041,0.9829,C
90010B,BLACK/WHITE GLASS/SILVER BRACELET,63,51,578.02,8.95,569.07,0.0155,34,16,3042,0.9829,C
85086A,CANDY SPOT HEART DECORATION,587,36,568.73,0.0,568.73,0.0,152,44,3043,0.9829,C
23069,EDWARDIAN PHOTO FRAME,90,0,568.71,0.0,568.71,0.0,32,27,3044,0.983,C
84569C,PACK 4 FLOWER/BUTTERFLY PATCHES,415,170,584.93,16.25,568.68,0.0278,89,45,3045,0.983,C
23219,LAUREL STAR ANTIQUE SILVER,430,0,568.6,0.0,568.6,0.0,61,41,3046,0.983,C
84806B,WHITE CANDYSTUFT ARTIFICIAL FLOWER,450,0,568.02,0.0,568.02,0.0,32,28,3047,0.9831,C
85230B,CINNAMON SCENTED VOTIVE CANDLE,2144,168,568.0,0.0,568.0,0.0,68,49,3048,0.9831,C
23381,PACK OF 12 VINTAGE LEAF TISSUES,1509,0,567.95,0.0,567.95,0.0,80,59,3049,0.9831,C
16169C,WRAP BLUE REINDEER,1350,200,567.0,0.0,567.0,0.0,43,42,3050,0.9832,C
85202,HANGING WOOD AND FELT HEART,1216,24,573.45,10.08,563.37,0.0176,208,79,3051,0.9832,C
47583A,SET OF 3 WICKER BASKET ROSE,71,7,612.82,49.9,562.92,0.0814,6,5,3052,0.9832,C
20935,ROUND CACTUS CANDLE,302,43,580.38,17.7,562.68,0.0305,46,35,3053,0.9832,C
23272,TREE T-LIGHT HOLDER WILLIE WINKIE,364,0,562.22,0.0,562.22,0.0,44,34,3054,0.9833,C
20781,GOLD EAR MUFF HEADPHONES,107,6,594.81,32.94,561.87,0.0554,61,34,3055,0.9833,C
37345,ASSTD HEARTS DESIGN MUGS,321,68,561.05,0.0,561.05,0.0,9,5,3056,0.9833,C
84569B,PACK 3 FIRE ENGINE/CAR PATCHES,437,38,562.18,1.25,560.93,0.0022,76,54,3057,0.9834,C
16049,TEATIME GEL PENS ASST,3169,471,560.48,0.0,560.48,0.0,32,22,3058,0.9834,C
16238,PARTY TIME PENCIL ERASERS,2449,0,559.96,0.0,559.96,0.0,236,104,3059,0.9834,C
23451,SQUARE MINI PORTRAIT FRAME,278,0,558.12,0.0,558.12,0.0,52,38,3060,0.9834,C
84306,S/3 PINK SQUARE PLANTERS ROSES,48,27,557.48,0.0,557.48,0.0,31,18,3061,0.9835,C
84876D,BLUE HEART COMPACT MIRROR,332,16,604.27,47.5,556.77,0.0786,35,24,3062,0.9835,C
35922,EASTER BUNNY WREATH,97,34,575.99,19.8,556.19,0.0344,36,20,3063,0.9835,C
21371,MIRRORED WALL ART POPPIES,404,0,556.01,0.0,556.01,0.0,64,33,3064,0.9836,C
20838,FRENCH LATTICE CUSHION COVER,446,12,565.8,10.2,555.6,0.018,63,36,3065,0.9836,C
85129A,"WHITE PEARL BEADED HEART, SMALL",445,76,570.41,15.0,555.41,0.0263,75,51,3066,0.9836,C
23016,GLASS TWIST BON BON JAR,74,3,575.25,19.95,555.3,0.0347,24,19,3067,0.9837,C
21881,CUTE CATS TAPE,1332,0,554.95,0.0,554.95,0.0,118,49,3068,0.9837,C
23457,LARGE PARLOUR PICTURE FRAME,113,0,554.83,0.0,554.83,0.0,31,27,3069,0.9837,C
84773,RED ROSE AND LACE C/COVER,190,18,560.5,5.9,554.6,0.0105,48,34,3070,0.9837,C
90120D,WHITE MURANO TWIST BRACELET,134,18,554.13,0.0,554.13,0.0,40,16,3071,0.9838,C
90143,SILVER BRACELET W PASTEL FLOWER,81,8,614.13,60.0,554.13,0.0977,41,15,3072,0.9838,C
23473,WOODLAND SMALL RED FELT HEART,679,0,552.85,0.0,552.85,0.0,51,41,3073,0.9838,C
84859C,PINK DISCO HANDBAG,304,153,552.72,0.0,552.72,0.0,39,29,3074,0.9839,C
85169C,EAU DE NIL LOVE BIRD CANDLE,505,12,566.82,15.0,551.82,0.0265,71,27,3075,0.9839,C
84805B,BLUE CLIMBING HYDRANGA ART FLOWER,340,96,551.4,0.0,551.4,0.0,9,7,3076,0.9839,C
85071D,CHARLIE+LOLA MY ROOM DOOR SIGN,884,0,548.86,0.0,548.86,0.0,112,78,3077,0.9839,C
37423,WHITE WITH BLACK CATS PLATE,6168,3089,843.88,295.2,548.68,0.3498,70,17,3078,0.984,C
84675,FROG KING WATERING CAN,206,107,571.71,23.6,548.11,0.0413,62,39,3079,0.984,C
23549,WRAP BIRD GARDEN,1305,0,548.1,0.0,548.1,0.0,52,46,3080,0.984,C
20888,SET 3 JARDIN DE FEMME SCENT CANDLES,367,41,547.74,0.0,547.74,0.0,19,10,3081,0.9841,C
23484,HEART TRELLIS TRIPLE T-LIGHT HOLDER,185,0,547.35,0.0,547.35,0.0,35,25,3082,0.9841,C
72267,PREMIUM CHURCH CANDLE,273,0,546.96,0.0,546.96,0.0,45,38,3083,0.9841,C
35969,FOLKART CROWN TABLE DECORATIONS,525,55,545.77,0.0,545.77,0.0,76,36,3084,0.9841,C
20794,BLUE  TILE HOOK,212,18,591.02,45.9,545.12,0.0777,48,27,3085,0.9842,C
22044,CHRISTMAS CARD STACK OF PRESENTS,1940,253,550.28,5.46,544.82,0.0099,89,80,3086,0.9842,C
21339,MARAKESH LANTERN LARGE,30,5,544.5,0.0,544.5,0.0,12,12,3087,0.9842,C
23043,PAPER LANTERN 9 POINT HOLLY STAR L,81,0,543.51,0.0,543.51,0.0,23,18,3088,0.9843,C
23074,EMBOSSED HEART TRINKET BOX,250,6,555.59,12.48,543.11,0.0225,48,32,3089,0.9843,C
84510C,SET OF 4 POLKADOT COASTERS,332,0,542.95,0.0,542.95,0.0,135,49,3090,0.9843,C
20943,SET/6 GINGERBREAD STAR T-LIGHTS,384,60,543.96,1.25,542.71,0.0023,71,46,3091,0.9843,C
84592,CROCHET ROSE PURSE WITH SUEDE BACK,175,0,542.3,0.0,542.3,0.0,47,33,3092,0.9844,C
84596K,JELLY BABIES YELLOW SMALL BOWL,428,1,543.41,1.25,542.16,0.0023,93,48,3093,0.9844,C
47021G,SET/6 BEAD COASTERS GAUZE BAG GOLD,713,52,541.96,0.0,541.96,0.0,70,28,3094,0.9844,C
90203,SILVER CHARM NECKLACE 70CM,73,34,549.27,7.5,541.77,0.0137,34,18,3095,0.9845,C
90195A,PURPLE GEMSTONE BRACELET,70,50,585.2,44.75,540.45,0.0765,44,24,3096,0.9845,C
85119,WATERING CAN SINGLE HOOK PISTACHIO,413,68,567.48,27.04,540.44,0.0476,39,36,3097,0.9845,C
21373,MIRRORED WALL ART SNOWFLAKES,636,12,548.89,9.0,539.89,0.0164,61,52,3098,0.9845,C
21311,SET/4 BIRD MIRROR MAGNETS,727,144,547.21,7.83,539.38,0.0143,94,62,3099,0.9846,C
20659,ECONOMY LUGGAGE TAG,373,67,538.51,0.0,538.51,0.0,138,55,3100,0.9846,C
21017,RED BIRD HOUSE TREE DECORATION,662,168,538.44,0.0,538.44,0.0,87,32,3101,0.9846,C
23398,HANGING HEART BONHEUR,610,1,538.75,0.85,537.9,0.0016,69,53,3102,0.9847,C
16048,TEATIME ROUND PENCIL SHARPENER,3462,0,537.18,0.0,537.18,0.0,105,59,3103,0.9847,C
20823,GOLD WINE GOBLET,261,106,555.47,18.6,536.87,0.0335,19,14,3104,0.9847,C
84414B,FUSCHIA/GREEN STRIPE WOOLLY BLANKET,78,12,536.24,0.0,536.24,0.0,9,7,3105,0.9847,C
84661B,BLACK SQUARE TABLE CLOCK,244,0,535.18,0.0,535.18,0.0,52,21,3106,0.9848,C
84804B,BLUE DELPHINIUM ARTIFICIAL FLOWER,367,97,537.37,2.95,534.42,0.0055,19,17,3107,0.9848,C
22394,PAPERWEIGHT KINGS CHOICE,348,6,549.39,15.3,534.09,0.0278,55,43,3108,0.9848,C
90058B,CRYSTAL STUD EARRINGS ASSORTED COL,1118,36,547.24,13.68,533.56,0.025,29,27,3109,0.9849,C
85020,ROUND PINK HEART MIRROR,240,0,533.48,0.0,533.48,0.0,58,36,3110,0.9849,C
84984B,RED PEONY CUSHION COVER,322,2,541.3,9.3,532.0,0.0172,16,13,3111,0.9849,C
21943,CAKES AND RABBITS DESIGN FLANNEL,591,0,529.16,0.0,529.16,0.0,149,37,3112,0.9849,C
71270,PHOTO CLIP LINE,373,0,529.15,0.0,529.15,0.0,81,29,3113,0.985,C
20653,CHERRY BLOSSOM LUGGAGE TAG,2004,14,528.77,0.0,528.77,0.0,81,26,3114,0.985,C
21418,STARFISH SOAP DISH,195,3,536.39,7.65,528.74,0.0143,66,24,3115,0.985,C
21160,KEEP OUT GIRLS DOOR HANGER,795,121,558.94,30.26,528.68,0.0541,58,44,3116,0.9851,C
23060,HEART BEADED TRELLIS DECORATION,249,0,528.17,0.0,528.17,0.0,42,34,3117,0.9851,C
90175D,TIGRIS EYE CHUNKY CHARM BRACELET,58,0,527.82,0.0,527.82,0.0,41,11,3118,0.9851,C
84931A,PINK SCOTTIE DOG W FLOWER PATTERN,209,0,526.44,0.0,526.44,0.0,82,42,3119,0.9851,C
85142,JARDIN ETCHED GLASS GINGER JAR,61,99,534.38,7.95,526.43,0.0149,34,26,3120,0.9852,C
85023B,EAU DE NILE JEWELLED PHOTOFRAME,293,74,682.35,156.3,526.05,0.2291,38,32,3121,0.9852,C
84989B,75 BLACK FAIRY CAKE CASES,1020,103,523.5,0.0,523.5,0.0,63,34,3122,0.9852,C
84657,GREEN ROSE CUSHION COVER,247,72,523.43,0.0,523.43,0.0,20,14,3123,0.9852,C
85226C,BLUE PULL BACK RACING CAR,991,6,523.41,0.0,523.41,0.0,83,54,3124,0.9853,C
16169P,WRAP GREEN RUSSIAN FOLKART,1750,111,533.75,10.5,523.25,0.0197,48,46,3125,0.9853,C
72728,ROSE SCENT CANDLES IN GLASS,643,6,523.15,0.0,523.15,0.0,54,44,3126,0.9853,C
21403,BLUE EGG  SPOON,2319,0,523.07,0.0,523.07,0.0,157,80,3127,0.9854,C
22861,EASTER TIN CHICKS IN GARDEN,305,0,522.93,0.0,522.93,0.0,50,36,3128,0.9854,C
20804,GLASS CHICKEN BUTTER DISH,333,48,592.51,69.6,522.91,0.1175,61,21,3129,0.9854,C
90160D,PINK BOUDICCA LARGE BRACELET,76,1,529.22,6.95,522.27,0.0131,25,18,3130,0.9854,C
85090,CANDY SPOT APRON,106,116,559.28,37.2,522.08,0.0665,53,26,3131,0.9855,C
23336,EGG FRYING PAN PINK,226,0,521.33,0.0,521.33,0.0,85,46,3132,0.9855,C
84683,CLASSICAL ROSE CANDLESTAND,539,9,519.35,1.25,518.1,0.0024,46,18,3133,0.9855,C
20868,SILVER FABRIC MIRROR,882,0,518.07,0.0,518.07,0.0,71,40,3134,0.9855,C
85039C,S/4 BLACK MINI ROSE CANDLE IN BOWL,537,2,517.96,3.3,514.66,0.0064,114,27,3135,0.9856,C
90114,SUMMER DAISIES BAG CHARM,205,0,514.18,0.0,514.18,0.0,111,19,3136,0.9856,C
85129C,BEADED CRYSTAL HEART BLUE SMALL,393,60,513.98,0.0,513.98,0.0,65,37,3137,0.9856,C
71143,SILVER BOOK MARK WITH BEADS,349,46,514.45,0.85,513.6,0.0017,99,10,3138,0.9857,C
46118,FUNKY MONKEY CUSHION COVER,373,0,513.58,0.0,513.58,0.0,72,23,3139,0.9857,C
85179A,GREEN BITTY LIGHT CHAIN,220,3,527.5,13.95,513.55,0.0264,72,24,3140,0.9857,C
23139,SINGLE WIRE HOOK PINK HEART,415,12,530.15,17.4,512.75,0.0328,27,20,3141,0.9857,C
16168M,FUNKY MONKEY GIFT BAG MEDIUM,1686,0,512.38,0.0,512.38,0.0,101,42,3142,0.9858,C
23136,IVORY WIRE SWEETHEART LETTER TRAY,135,0,511.89,0.0,511.89,0.0,49,39,3143,0.9858,C
84875B,GREEN SQUARE COMPACT MIRROR,373,18,511.01,0.0,511.01,0.0,40,16,3144,0.9858,C
21734,SMALL MARAKESH LANTERN ON STICK,98,35,533.24,22.5,510.74,0.0422,29,14,3145,0.9858,C
84842,HELLO SAILOR BATHROOM SET,1506,731,747.9,237.6,510.3,0.3177,35,22,3146,0.9859,C
21117,BLOND DOLL DOORSTOP,334,0,509.58,0.0,509.58,0.0,26,23,3147,0.9859,C
23660,HENRIETTA HEN MUG,306,16,534.66,26.4,508.26,0.0494,42,30,3148,0.9859,C
20654,FIRST CLASS LUGGAGE TAG,400,0,507.91,0.0,507.91,0.0,120,65,3149,0.986,C
35810B,ENAMEL BLUE RIM COFFEE CONTAINER,325,17,517.71,10.79,506.92,0.0208,68,43,3150,0.986,C
84615,PINK ROUND BUTTERFLY MIRROR,240,46,748.48,241.68,506.8,0.3229,21,13,3151,0.986,C
84218,BOX/12 CHICK & EGG IN BASKET,263,3,507.41,1.95,505.46,0.0038,96,74,3152,0.986,C
85169B,BLACK LOVE BIRD CANDLE,430,0,505.41,0.0,505.41,0.0,93,31,3153,0.9861,C
23021,GLASS BONNE JAM JAR,121,0,504.97,0.0,504.97,0.0,27,24,3154,0.9861,C
20753,RETRO PINK SPOT WASHING UP GLOVES,218,266,509.0,4.2,504.8,0.0083,56,30,3155,0.9861,C
37352,BIRD IN TREE MUG,4643,94,504.55,0.0,504.55,0.0,8,6,3156,0.9861,C
22541,MINI JIGSAW LEAP FROG,1246,0,504.34,0.0,504.34,0.0,66,34,3157,0.9862,C
84247L,FAWN AND MUSHROOM GREETING CARD,1161,123,508.29,5.04,503.25,0.0099,110,62,3158,0.9862,C
20845,ZINC HEART LATTICE 2 WALL PLANTER,76,29,502.27,0.0,502.27,0.0,24,15,3159,0.9862,C
23560,SET OF 6 RIBBONS COUNTRY STYLE,173,0,502.07,0.0,502.07,0.0,26,20,3160,0.9862,C
90014A,SILVER/MOP ORBIT NECKLACE,55,12,502.01,0.0,502.01,0.0,40,18,3161,0.9863,C
84877B,GREEN ROUND COMPACT MIRROR,291,29,504.43,2.5,501.93,0.005,43,13,3162,0.9863,C
21882,SKULLS TAPE,1054,0,500.74,0.0,500.74,0.0,119,61,3163,0.9863,C
79337,BLUE FLOCK GLASS CANDLEHOLDER,1194,14,502.03,2.28,499.75,0.0045,21,16,3164,0.9864,C
84706D,CHERRY BLOSSOM TABLE CLOCK,219,6,500.19,1.95,498.24,0.0039,16,14,3165,0.9864,C
35600D,PINK AND WHITE CHRISTMAS TREE 180CM,141,36,497.7,0.0,497.7,0.0,13,11,3166,0.9864,C
85230A,OPIUM SCENTED VOTIVE CANDLE,1992,0,497.04,0.0,497.04,0.0,48,31,3167,0.9864,C
16219,HOUSE SHAPE PENCIL SHARPENER,3357,48,499.55,2.88,496.67,0.0058,128,58,3168,0.9865,C
90195B,BLACK GEMSTONE BRACELET,60,4,532.29,35.8,496.49,0.0673,26,19,3169,0.9865,C
23117,POPPY FIELDS CHOPPING BOARD,93,1441,501.23,4.95,496.28,0.0099,45,39,3170,0.9865,C
20864,DENIM PATCH PENCIL CASE BUTTERFLY,252,18,498.14,2.1,496.04,0.0042,29,20,3171,0.9865,C
84799,SPRIG LAVENDER ARTIFICIAL FLOWER,679,406,530.03,35.16,494.87,0.0663,31,26,3172,0.9866,C
16239,BALLERINA HEART DECORATION.,347,7,492.17,0.0,492.17,0.0,21,13,3173,0.9866,C
84827,ASS DES PHONE SPONGE CRAFT STICKER,1029,0,491.09,0.0,491.09,0.0,29,23,3174,0.9866,C
90160B,RED BOUDICCA LARGE BRACELET,71,0,490.92,0.0,490.92,0.0,29,19,3175,0.9866,C
84876B,GREEN HEART COMPACT MIRROR,346,59,490.81,0.0,490.81,0.0,40,22,3176,0.9867,C
23466,TUSCAN VILLA DOVECOTE BIRD FEEDER,55,1,498.03,8.25,489.78,0.0166,27,20,3177,0.9867,C
22031,BOTANICAL LAVENDER BIRTHDAY CARD,1125,12,493.99,5.04,488.95,0.0102,142,65,3178,0.9867,C
35967,FOLK ART METAL STAR T-LIGHT HOLDER,936,1,488.51,0.38,488.13,0.0008,112,50,3179,0.9867,C
51020B,STRIPY DESIGN SHOWER CAP,1084,55,488.12,0.58,487.54,0.0012,60,40,3180,0.9868,C
21459,YELLOW EASTER EGG HUNT START POST,263,18,520.55,35.1,485.45,0.0674,44,33,3181,0.9868,C
20793,BLUE TILED TRAY,281,19,518.5,33.75,484.75,0.0651,22,13,3182,0.9868,C
22407,MONEY BOX FIRST ADE DESIGN,439,36,522.37,38.16,484.21,0.0731,75,55,3183,0.9868,C
84875D,BLUE SQUARE COMPACT MIRROR,371,10,483.75,0.0,483.75,0.0,37,17,3184,0.9869,C
23218,LAUREL STAR ANTIQUE GOLD,379,0,483.03,0.0,483.03,0.0,40,27,3185,0.9869,C
84798B,PURPLE FOXGLOVE ARTIIFCIAL FLOWER,326,143,492.9,10.2,482.7,0.0207,10,8,3186,0.9869,C
84901,BLACK FACE LAMB WITH PANTS,126,20,482.38,0.0,482.38,0.0,74,44,3187,0.9869,C
84926E,FLOWERS TILE COASTER,1108,0,482.28,0.0,482.28,0.0,52,40,3188,0.987,C
22259,FELT FARM ANIMAL HEN,592,3,485.45,3.75,481.7,0.0077,72,31,3189,0.987,C
23691,WRAP KEEP CALM BIRTHDAY,1175,0,481.5,0.0,481.5,0.0,38,36,3190,0.987,C
22038,BOTANICAL LAVENDER GIFT WRAP,1150,0,481.0,0.0,481.0,0.0,45,43,3191,0.987,C
21132,SILVER STANDING GNOME,94,0,480.86,0.0,480.86,0.0,47,25,3192,0.9871,C
16244A,MAXWELL 2 TONE PINK 60 PAGE PHOTO A,186,0,479.41,0.0,479.41,0.0,28,6,3193,0.9871,C
85091,CANDY SPOT BREAD BASKETS,343,17,548.81,69.7,479.11,0.127,20,14,3194,0.9871,C
23422,PANTRY HOOK BALLOON WHISK,213,0,477.89,0.0,477.89,0.0,47,29,3195,0.9871,C
85030,FRENCH CHATEAU OVAL PLATTER,213,36,547.35,70.65,476.7,0.1291,29,26,3196,0.9872,C
72750C,"F.FAIRY S/3 CANDLE/GLASS, ROSE",232,0,476.4,0.0,476.4,0.0,15,12,3197,0.9872,C
23561,SET OF 6 RIBBONS PARTY,170,0,476.0,0.0,476.0,0.0,16,13,3198,0.9872,C
21518,BANK ACCOUNT  GREETING  CARD,1119,31,474.32,0.0,474.32,0.0,109,58,3199,0.9872,C
37492C,GREEN BLUE FLOWER PIGGY BANK,242,1,477.3,4.65,472.65,0.0097,24,19,3200,0.9873,C
85027L,FRENCH CHATEAU LARGE PLATTER,190,34,538.5,66.3,472.2,0.1231,40,36,3201,0.9873,C
40046A,RED DAISY PAPER LAMPSHADE,355,0,472.07,0.0,472.07,0.0,62,26,3202,0.9873,C
84809A,WHITE CHRYSANTHEMUMS ART FLOWER,276,128,474.84,4.2,470.64,0.0088,21,18,3203,0.9873,C
79071B,ENGLISH ROSE METAL WASTE BIN,154,8,469.1,0.0,469.1,0.0,66,51,3204,0.9874,C
35911A,MULTICOLOUR RABBIT EGG WARMER,389,0,468.79,0.0,468.79,0.0,96,38,3205,0.9874,C
35471A,SET OF 3 BIRD L.BLUE FEATHER,421,103,499.31,31.25,468.06,0.0626,83,41,3206,0.9874,C
72799B,PURPLE PILLAR CANDLE BLACK FLOCK,322,23,467.71,0.0,467.71,0.0,16,7,3207,0.9874,C
90010E,AMBER GLASS/SILVER BRACELET,56,4,501.65,35.8,465.85,0.0714,35,16,3208,0.9875,C
85136B,BLUE SHARK HELICOPTER,59,54,473.77,7.95,465.82,0.0168,47,39,3209,0.9875,C
23379,PACK OF 12 RED APPLE TISSUES,1220,0,465.36,0.0,465.36,0.0,76,49,3210,0.9875,C
21536,DAIRY MAID  SMALL  MILK JUG,223,30,478.94,14.7,464.24,0.0307,61,42,3211,0.9875,C
72132,COLUMBIAN CUBE CANDLE,550,0,464.1,0.0,464.1,0.0,28,22,3212,0.9876,C
51020A,SUMMER FUN DESIGN SHOWER CAP,1304,2,464.56,0.58,463.98,0.0012,50,37,3213,0.9876,C
85211,S/4 GROOVY CAT MAGNETS,307,49,469.05,6.53,462.52,0.0139,75,43,3214,0.9876,C
84948,SILVER HANGING T-LIGHT HOLDER DOME,279,34,469.11,6.6,462.51,0.0141,36,28,3215,0.9876,C
90120C,GREEN MURANO TWIST BRACELET,109,0,462.32,0.0,462.32,0.0,58,12,3216,0.9877,C
84972L,GIANT PINK HEART MEMO HOLDER,117,4,462.15,0.0,462.15,0.0,46,41,3217,0.9877,C
35004S,SET OF 3 SILVER FLYING DUCKS,146,311,518.4,56.52,461.88,0.109,25,12,3218,0.9877,C
85204,HANGING WOOD AND FELT FLOWER,2359,1132,461.92,0.12,461.8,0.0003,154,69,3219,0.9877,C
84782C,GREEN 3 TIER GLASS PLATE STAND,74,33,509.9,50.1,459.8,0.0983,18,18,3220,0.9878,C
84915,HAND TOWEL PINK FLOWER AND DAISY,234,0,459.56,0.0,459.56,0.0,37,15,3221,0.9878,C
90192,JADE DROP EARRINGS W FILIGREE,94,16,469.18,9.9,459.28,0.0211,53,10,3222,0.9878,C
85170B,SET/6 BLACK BIRD T-LIGHT CANDLES,283,8,475.91,16.8,459.11,0.0353,58,19,3223,0.9878,C
16207B,PINK HEART RED HANDBAG,265,4,457.65,0.0,457.65,0.0,46,12,3224,0.9879,C
90145,SILVER HOOP EARRINGS WITH FLOWER,75,0,455.86,0.0,455.86,0.0,45,16,3225,0.9879,C
47422,ASSORTED MONKEY SUCTION CUP HOOK,1217,49,475.14,20.58,454.56,0.0433,66,28,3226,0.9879,C
23023,RIDGED BONNE JAM JAR T-LIGHT HOLDER,286,2,457.62,3.3,454.32,0.0072,25,23,3227,0.9879,C
21757,LIGHTHOUSE PRINTED METAL SIGN,80,18,454.3,0.0,454.3,0.0,42,15,3228,0.988,C
20621,ECONOMY PASSPORT COVER,208,0,453.77,0.0,453.77,0.0,33,23,3229,0.988,C
84984A,GREEN PEONY CUSHION COVER,266,2,462.12,9.3,452.82,0.0201,17,12,3230,0.988,C
23509,MINI PLAYING CARDS FUN FAIR,1065,0,452.72,0.0,452.72,0.0,65,51,3231,0.988,C
72225C,LAVENDER SCENT CAKE CANDLE,1926,1883,466.38,13.92,452.46,0.0298,38,25,3232,0.9881,C
23548,WRAP MAGIC FOREST,1075,0,451.5,0.0,451.5,0.0,43,42,3233,0.9881,C
90120B,BLUE MURANO TWIST BRACELET,107,0,451.44,0.0,451.44,0.0,42,17,3234,0.9881,C
82081,PINK HEARTS PHOTO ALBUM,174,4,451.35,0.0,451.35,0.0,23,11,3235,0.9881,C
84601A,NEW BAROQUE IVORY CUSHION COVER,260,244,638.34,187.5,450.84,0.2937,15,9,3236,0.9881,C
17164D,ASS COL SMALL SAND FROG P'WEIGHT,1159,14,450.78,0.0,450.78,0.0,28,26,3237,0.9882,C
20616,CHERRY BLOSSOM PASSPORT COVER,283,0,449.26,0.0,449.26,0.0,121,31,3238,0.9882,C
72127,COLUMBIAN CANDLE ROUND,369,54,449.69,1.25,448.44,0.0028,65,49,3239,0.9882,C
16218,CARTOON  PENCIL SHARPENERS,4629,0,448.13,0.0,448.13,0.0,98,60,3240,0.9882,C
72128,COLUMBIAN CANDLE ROUND,720,0,447.34,0.0,447.34,0.0,88,61,3241,0.9883,C
21663,VINTAGE GLASS SUGAR CADDY,76,20,488.16,41.65,446.51,0.0853,32,21,3242,0.9883,C
90198B,VINTAGE ROSE BEAD BRACELET BLACK,105,0,446.15,0.0,446.15,0.0,49,22,3243,0.9883,C
84597C,RETRO PINK BALL ASHTRAY,364,22,450.98,5.0,445.98,0.0111,44,21,3244,0.9883,C
84857C,PINK MONTE CARLO HANDBAG,197,25,445.03,1.95,443.08,0.0044,17,13,3245,0.9884,C
62096B,PURPLE/TURQ FLOWERS HANDBAG,257,13,441.99,0.0,441.99,0.0,82,42,3246,0.9884,C
16243B,BROWN COZY SQUARE PHOTO ALBUM,212,0,441.77,0.0,441.77,0.0,8,1,3247,0.9884,C
21027,NINJA RABBIT PINK,361,150,441.11,0.0,441.11,0.0,77,39,3248,0.9884,C
84508B,STRIPES DESIGN TEDDY,170,29,456.31,15.3,441.01,0.0335,74,40,3249,0.9885,C
90154,LAZER CUT NECKLACE W PASTEL BEADS,59,0,439.65,0.0,439.65,0.0,7,6,3250,0.9885,C
79030A,"TUMBLER, ENGLISH ROSE",171,409,438.25,0.0,438.25,0.0,33,18,3251,0.9885,C
23044,PAPER LANTERN 9 POINT HOLLY STAR S,104,0,435.74,0.0,435.74,0.0,25,24,3252,0.9885,C
84859B,BLUE DISCO HANDBAG,283,0,435.41,0.0,435.41,0.0,18,14,3253,0.9885,C
84510F,SET OF 4 NEW ENGLAND COASTERS,1101,32,435.25,2.5,432.75,0.0057,38,23,3254,0.9886,C
37464,ROBOT MUG IN DISPLAY BOX,316,226,431.18,0.0,431.18,0.0,82,45,3255,0.9886,C
84858B,BLUE RIVIERA HANDBAG,326,254,431.0,0.0,431.0,0.0,9,8,3256,0.9886,C
23058,CHRISTMAS HANGING SNOWFLAKE,490,0,430.86,0.0,430.86,0.0,48,39,3257,0.9886,C
84802B,PURPLE ANEMONE ARTIFICIAL FLOWER,435,125,430.35,0.0,430.35,0.0,17,16,3258,0.9887,C
16045,POPART WOODEN PENCILS ASST,9312,4567,429.44,0.0,429.44,0.0,74,65,3259,0.9887,C
90013B,BLACK VINTAGE EARRINGS,104,0,428.92,0.0,428.92,0.0,79,5,3260,0.9887,C
16161M,WRAP  PINK FLOCK,1050,375,439.0,10.5,428.5,0.0239,39,36,3261,0.9887,C
84966B,BLUE KASHMIRI BOXED MIRROR,33,11,428.0,0.0,428.0,0.0,4,3,3262,0.9887,C
84801A,PINK HYDRANGEA ART FLOWER,272,150,427.44,0.0,427.44,0.0,15,14,3263,0.9888,C
21678,PAISLEY PATTERN  STICKERS,574,0,424.7,0.0,424.7,0.0,80,39,3264,0.9888,C
72789,BASKET/8 SCENTED LOVE TOKEN CANDLES,122,84,461.53,37.5,424.03,0.0813,45,42,3265,0.9888,C
21028,NINJA RABBIT BLACK,323,0,423.9,0.0,423.9,0.0,92,31,3266,0.9888,C
16207A,PINK STRAWBERRY HANDBAG,143,0,423.53,0.0,423.53,0.0,76,17,3267,0.9889,C
84762A,WHITE PICNIC BARBECUE BUCKET,59,30,517.43,94.45,422.98,0.1825,29,24,3268,0.9889,C
16008,SMALL FOLDING SCISSOR(POINTED EDGE),3141,1510,422.96,0.0,422.96,0.0,85,64,3269,0.9889,C
21729,SMALL MARAKESH METAL  LANTERN,124,190,422.9,0.0,422.9,0.0,30,19,3270,0.9889,C
72801E,S/4 FESTIVE GREEN DINNER CANDLES,776,65,422.32,0.0,422.32,0.0,28,19,3271,0.9889,C
20662,FIRST CLASS HOLIDAY PURSE,728,300,471.33,51.0,420.33,0.1082,49,23,3272,0.989,C
46126A,ELVIS WALLHANGING / CURTAIN,317,23,419.99,0.0,419.99,0.0,48,23,3273,0.989,C
84967C,GREEN KASHMIRI OCCASIONAL TABLE,9,7,419.85,0.0,419.85,0.0,4,3,3274,0.989,C
47579,TEA TIME BREAKFAST BASKET,185,15,420.87,2.1,418.77,0.005,55,37,3275,0.989,C
84007,MAGIC GARDEN MOUNT FUJI,159,96,418.22,0.0,418.22,0.0,39,30,3276,0.9891,C
22032,BOTANICAL LILY GREETING CARD,980,0,418.12,0.0,418.12,0.0,111,64,3277,0.9891,C
21736,GOLD SCROLL GLASS T-LIGHT HOLDER,205,114,418.89,1.17,417.72,0.0028,27,22,3278,0.9891,C
20851,ZINC HEART LATTICE TRAY OVAL,335,32,429.57,11.9,417.67,0.0277,28,21,3279,0.9891,C
84532B,FAIRY CAKES RECTANGLUAR BOXES,54,14,417.58,0.0,417.58,0.0,31,21,3280,0.9891,C
72803B,OCEAN SCENT CANDLE JEWELLED DRAWER,95,14,424.85,8.5,416.35,0.02,37,28,3281,0.9892,C
35240,ENAMEL BLUE RIM OVAL TRAY SET/2,49,0,416.01,0.0,416.01,0.0,39,35,3282,0.9892,C
90201B,BLACK ENAMEL FLOWER RING,154,13,454.31,38.35,415.96,0.0844,54,14,3283,0.9892,C
23045,PAPER LANTERN 5 POINT STAR MOON,118,20,497.98,83.0,414.98,0.1667,25,22,3284,0.9892,C
84529C,YELLOW KNITTED KIDS RUCKSACK,78,14,414.74,0.0,414.74,0.0,37,9,3285,0.9893,C
84804A,CREAM DELPHINIUM ARTIFICIAL FLOWER,224,125,414.08,0.0,414.08,0.0,18,15,3286,0.9893,C
85112,S/3 TEAR DROP CUT GLASS DECORATION,466,376,414.02,0.0,414.02,0.0,34,20,3287,0.9893,C
22395,PAPERWEIGHT VINTAGE PAISLEY,234,0,413.76,0.0,413.76,0.0,53,31,3288,0.9893,C
21336,GOLD WASHBAG,1823,882,527.56,115.27,412.29,0.2185,43,13,3289,0.9893,C
85230G,ORANGE VOTIVE CANDLE,1680,48,425.76,13.92,411.84,0.0327,46,32,3290,0.9894,C
21520,BOOZE & WOMEN GREETING CARD,957,2,411.63,0.84,410.79,0.002,108,61,3291,0.9894,C
21341,KASBAH LANTERN WITH GLASS,72,27,410.64,0.0,410.64,0.0,29,15,3292,0.9894,C
90149,SILVER FLOWR PINK SHELL NECKLACE,62,0,410.26,0.0,410.26,0.0,9,6,3293,0.9894,C
16169F,WRAP BLIZZARD,975,196,409.5,0.0,409.5,0.0,34,34,3294,0.9895,C
84595B,LARGE TRIFLE DESIGN L BLUE BOWL,230,45,408.9,0.0,408.9,0.0,16,13,3295,0.9895,C
21252,SET OF MEADOW  FLOWER STICKERS,168,12,408.66,0.0,408.66,0.0,22,14,3296,0.9895,C
84422,PINK/BLUE DISC/MIRROR STRING,782,79,427.95,19.57,408.38,0.0457,38,19,3297,0.9895,C
72780,BLACK SILOUETTE CANDLE PLATE,514,32,418.18,10.2,407.98,0.0244,44,36,3298,0.9895,C
90206C,CRYSTAL DIAMANTE STAR BROOCH,81,0,407.56,0.0,407.56,0.0,57,9,3299,0.9896,C
23339,EGG FRYING PAN BLUE,175,0,405.0,0.0,405.0,0.0,76,43,3300,0.9896,C
84984D,ORIENTAL RED C/COVER,159,0,404.91,0.0,404.91,0.0,21,14,3301,0.9896,C
90013A,MIDNIGHT BLUE VINTAGE EARRINGS,115,13,434.27,30.0,404.27,0.0691,77,8,3302,0.9896,C
23415,HOME SWEET HOME HOOK,328,5,412.18,8.25,403.93,0.02,47,42,3303,0.9896,C
82076,BEECH WOOD PHOTO FRAME,290,26,403.64,0.0,403.64,0.0,19,5,3304,0.9897,C
84798A,PINK FOXGLOVE ARTIIFCIAL FLOWER,195,49,432.45,30.6,401.85,0.0708,10,9,3305,0.9897,C
21698,MOCK LOBSTER FRIDGE MAGNET,533,480,401.56,0.0,401.56,0.0,112,38,3306,0.9897,C
84932B,SMALL PINK PEONY FOLDING STOOL,189,17,401.3,0.0,401.3,0.0,17,17,3307,0.9897,C
45016,DECORATIVE NET CANOPY LEOPARD,101,172,423.73,22.5,401.23,0.0531,25,8,3308,0.9898,C
84984C,ORIENTAL BLUE C/COVER,232,8,401.16,0.0,401.16,0.0,16,11,3309,0.9898,C
23576,SNACK TRAY RED VINTAGE DOILY,198,0,400.04,0.0,400.04,0.0,37,28,3310,0.9898,C
23429,RED RETRO KITCHEN WALL CLOCK,47,0,400.01,0.0,400.01,0.0,23,19,3311,0.9898,C
16156L,"WRAP, CAROUSEL",950,0,399.0,0.0,399.0,0.0,36,33,3312,0.9898,C
20889,JARDIN DE FEMME SCENTED CANDLE,657,37,398.04,0.0,398.04,0.0,13,12,3313,0.9899,C
21025,SPACE FROG,301,0,397.37,0.0,397.37,0.0,81,30,3314,0.9899,C
90120A,PINK MURANO TWIST BRACELET,93,12,395.68,0.0,395.68,0.0,41,14,3315,0.9899,C
84726,LILLIES CANVAS PICTURE,233,14,394.85,0.0,394.85,0.0,5,4,3316,0.9899,C
84673B,BLUE FLY SWAT,506,1,393.26,0.65,392.61,0.0017,133,65,3317,0.9899,C
84952A,CLEAR LOVE BIRD T-LIGHT HOLDER,148,0,392.53,0.0,392.53,0.0,39,13,3318,0.99,C
23116,VEGETABLE GARDEN CHOPPING BOARD,78,1440,392.34,0.0,392.34,0.0,22,17,3319,0.99,C
22869,NUMBER TILE COTTAGE GARDEN 1,167,1,393.63,1.95,391.68,0.005,57,24,3320,0.99,C
90201D,GREEN ENAMEL FLOWER RING,133,0,391.37,0.0,391.37,0.0,57,12,3321,0.99,C
37444A,YELLOW BREAKFAST CUP AND SAUCER,2711,1339,564.21,172.99,391.22,0.3066,43,16,3322,0.99,C
90124B,BLUE MURANO TWIST NECKLACE,39,0,391.18,0.0,391.18,0.0,30,11,3323,0.9901,C
84711A,SILVER OVAL SHAPE TRINKET BOX,42,205,390.95,0.0,390.95,0.0,24,13,3324,0.9901,C
90010A,MIDNIGHT BLUE GLASS/SILVER BRACELET,49,6,443.85,53.7,390.15,0.121,30,12,3325,0.9901,C
79051A,SMOKEY GREY COLOUR D.O.F. GLASS,947,6,390.14,0.0,390.14,0.0,55,39,3326,0.9901,C
20857,BLUE ROSE PATCH PURSE PINK BUTTERFL,252,64,415.8,26.4,389.4,0.0635,73,57,3327,0.9901,C
16044,POP-ART FLUORESCENT PENS,6193,1177,389.22,0.0,389.22,0.0,3,2,3328,0.9902,C
23337,EGG FRYING PAN MINT,180,0,388.75,0.0,388.75,0.0,69,49,3329,0.9902,C
23150,IVORY SWEETHEART SOAP DISH,148,1,390.75,2.49,388.26,0.0064,49,33,3330,0.9902,C
23039,T-LIGHT HOLDER SILVER HEART HANDLE,199,6,399.71,11.7,388.01,0.0293,28,22,3331,0.9902,C
84497,BUTTONS AND STRIPES NOTEBOOK,97,71,387.13,0.0,387.13,0.0,37,29,3332,0.9902,C
90180A,BLACK+WHITE NECKLACE W TASSEL,44,33,396.64,9.95,386.69,0.0251,28,18,3333,0.9903,C
90158,ST TROPEZ NECKLACE,77,0,386.32,0.0,386.32,0.0,63,11,3334,0.9903,C
85007,SET OF 3 VINTAGE TEA TIME BOXES,143,16,399.62,13.95,385.67,0.0349,21,16,3335,0.9903,C
84081,WHITE CERAMIC PARTY SET (5PCS),100,3,389.3,4.25,385.05,0.0109,20,14,3336,0.9903,C
16202B,PASTEL BLUE PHOTO ALBUM,1039,561,528.56,144.48,384.08,0.2733,22,13,3337,0.9904,C
16162L,THE KING GIFT BAG,8101,3798,570.43,187.2,383.23,0.3282,30,16,3338,0.9904,C
85097B,BLUE ROCKING SINGING CANARY,107,12,420.92,38.6,382.32,0.0917,40,25,3339,0.9904,C
90082B,DIAMANTE BOW BROOCH RED COLOUR,60,11,381.0,0.0,381.0,0.0,25,18,3340,0.9904,C
90035B,"PEARL & SHELL 42""NECKL. PINK",43,7,380.89,0.0,380.89,0.0,4,4,3341,0.9904,C
90184A,AMBER CHUNKY BEAD BRACELET W STRAP,42,0,380.82,0.0,380.82,0.0,25,11,3342,0.9905,C
16258A,SWIRLY CIRCULAR RUBBERS IN BAG,1075,1,380.97,0.42,380.55,0.0011,101,58,3343,0.9905,C
84292,ROSE PINK METAL FOLDING CHAIR,44,1,385.98,7.95,378.03,0.0206,14,11,3344,0.9905,C
84533B,FAIRY CAKES ROUND NESTING BOXES,59,38,377.93,0.0,377.93,0.0,24,17,3345,0.9905,C
20976,12 PENCILS SMALL TUBE POSY,550,17,376.99,0.0,376.99,0.0,76,51,3346,0.9905,C
47562,ENGLISH ROSE IRONING BOARD COVER,104,7,390.0,14.2,375.8,0.0364,41,16,3347,0.9906,C
23459,DOLLY CABINET 2 DRAWERS,33,3,412.5,37.5,375.0,0.0909,19,19,3348,0.9906,C
84429A,MEDIUM PINK BUDDHA HEAD,110,0,374.73,0.0,374.73,0.0,42,22,3349,0.9906,C
85033G,SET/6 GOLD REINDEER T-LIGHT CANDLES,236,55,376.05,1.95,374.1,0.0052,32,16,3350,0.9906,C
84741C,CITRUS GARLAND FELT FLOWERS,186,115,374.09,0.0,374.09,0.0,51,42,3351,0.9906,C
84877D,BLUE ROUND COMPACT MIRROR,161,204,373.1,0.0,373.1,0.0,43,14,3352,0.9906,C
90208,PAIR OF PINK FLOWER CLUSTER SLIDE,159,6,386.83,15.3,371.53,0.0396,68,9,3353,0.9907,C
20906,VINTAGE NOTEBOOK BEAUTY GIRL,102,107,371.19,0.0,371.19,0.0,47,25,3354,0.9907,C
90201A,PURPLE ENAMEL FLOWER RING,130,4,382.84,11.8,371.04,0.0308,54,16,3355,0.9907,C
90134,OLD ROSE COMBO BEAD NECKLACE,126,0,370.92,0.0,370.92,0.0,96,2,3356,0.9907,C
79191B,RETRO PLASTIC POLKA TRAY,479,32,397.37,27.2,370.17,0.0685,70,46,3357,0.9907,C
22870,NUMBER TILE COTTAGE GARDEN 2,156,0,369.92,0.0,369.92,0.0,46,16,3358,0.9908,C
79336,LIGHT PINK FLOCK GLASS CANDLEHOLDER,840,77,369.78,0.0,369.78,0.0,21,13,3359,0.9908,C
84760S,SMALL HANGING GLASS+ZINC LANTERN,228,30,368.91,0.0,368.91,0.0,36,24,3360,0.9908,C
47503G,ASS FLORAL PRINT TAPE MEASURE,284,267,367.36,0.0,367.36,0.0,35,21,3361,0.9908,C
23575,SNACK TRAY PAISLEY PARK,179,0,367.35,0.0,367.35,0.0,32,22,3362,0.9908,C
47504G,ENGLISH ROSE TAPE MEASURE,267,3142,368.06,1.25,366.81,0.0034,57,38,3363,0.9909,C
35915A,CREAM KNITTED HEN,288,13,365.76,0.0,365.76,0.0,1,1,3364,0.9909,C
84926D,LA PALMIERA TILE COASTER,773,0,365.35,0.0,365.35,0.0,47,29,3365,0.9909,C
90164B,WHITE  ROSEBUD PEARL BRACELET,67,14,362.94,0.0,362.94,0.0,35,8,3366,0.9909,C
23579,SNACK TRAY I LOVE LONDON,171,0,362.65,0.0,362.65,0.0,35,22,3367,0.9909,C
85026B,EAU DE NILE JEWELLED T-LIGHT HOLDER,303,10,370.1,8.5,361.6,0.023,29,20,3368,0.991,C
85094,CANDY SPOT EGG WARMER RABBIT,762,1,362.43,1.25,361.18,0.0034,108,40,3369,0.991,C
23661,MILK MAIDS MUG,219,20,393.59,33.0,360.59,0.0838,33,23,3370,0.991,C
21946,PARTY TIME DESIGN FLANNEL,625,0,358.97,0.0,358.97,0.0,67,25,3371,0.991,C
84402D,PINK DRESS JEWELLERY STAND,373,0,358.93,0.0,358.93,0.0,13,9,3372,0.991,C
90036E,"FLOWER GLASS GARLD NECKL36""AMETHYST",45,10,358.87,0.0,358.87,0.0,28,10,3373,0.9911,C
90002D,FLOWER BURST SILVER RING CRYSTAL,104,2,365.74,7.5,358.24,0.0205,34,17,3374,0.9911,C
35912B,WHITE/PINK CHICK DECORATION,290,0,358.08,0.0,358.08,0.0,30,22,3375,0.9911,C
84711B,PINK OVAL SHAPE TRINKET BOX,39,0,357.71,0.0,357.71,0.0,30,11,3376,0.9911,C
84680,CLASSICAL ROSE URN,94,49,372.3,15.9,356.4,0.0427,17,14,3377,0.9911,C
72487,ROSES WHITE ROUND CANDLE,827,322,355.05,0.0,355.05,0.0,14,13,3378,0.9911,C
20865,PATCHWORK PENCIL CASE BUTTERFLY,251,107,500.49,145.47,355.02,0.2907,33,24,3379,0.9912,C
90019A,SILVER M.O.P ORBIT BRACELET,68,0,354.59,0.0,354.59,0.0,51,16,3380,0.9912,C
16216,LETTER SHAPE PENCIL SHARPENER,4158,110,371.64,17.6,354.04,0.0474,88,69,3381,0.9912,C
35968,FOLK ART METAL HEART T-LIGHT HOLDER,761,185,363.34,9.5,353.84,0.0261,75,49,3382,0.9912,C
90082A,DIAMANTE BOW BROOCH GREEN COLOUR,55,0,353.71,0.0,353.71,0.0,32,16,3383,0.9912,C
23420,PANTRY HOOK TEA STRAINER,165,0,353.45,0.0,353.45,0.0,32,26,3384,0.9913,C
20950,SET/6  ANGEL T-LIGHTS WHITE/GOLD,687,16,353.39,0.0,353.39,0.0,83,57,3385,0.9913,C
23421,PANTRY HOOK SPATULA,162,0,353.36,0.0,353.36,0.0,33,24,3386,0.9913,C
84802A,WHITE ANEMONE ARTIFICIAL FLOWER,209,94,353.21,0.0,353.21,0.0,24,21,3387,0.9913,C
84898F,YELLOW FLOWERS FELT HANDBAG KIT,165,26,352.75,0.0,352.75,0.0,52,37,3388,0.9913,C
78033,FLAG OF ST GEORGE CHAIR,76,13,370.6,17.85,352.75,0.0482,16,13,3389,0.9914,C
46000R,POLYESTER FILLER PAD 45x30cm,243,128,352.35,0.0,352.35,0.0,61,42,3390,0.9914,C
84800M,MEDIUM WHITE/PINK ROSE ART FLOWER,250,127,357.22,5.07,352.15,0.0142,27,25,3391,0.9914,C
84809B,PINK CHRYSANTHEMUMS ART FLOWER,296,324,351.6,0.0,351.6,0.0,8,7,3392,0.9914,C
90161A,ANT COPPER RED BOUDICCA BRACELET,70,0,349.96,0.0,349.96,0.0,43,14,3393,0.9914,C
90013C,GREEN VINTAGE EARRINGS,88,1,353.55,3.75,349.8,0.0106,56,10,3394,0.9914,C
79190A,RETRO PLASTIC 70'S TRAY,790,34,364.25,14.67,349.58,0.0403,119,42,3395,0.9915,C
21038,SET/4 MODERN VINTAGE COTTON NAPKINS,166,28,355.48,5.9,349.58,0.0166,52,39,3396,0.9915,C
82011B,BATHROOM SCALES RUBBER DUCKS,93,0,348.8,0.0,348.8,0.0,48,23,3397,0.9915,C
84535A,ENGLISH ROSE NOTEBOOK A6 SIZE,607,185,346.93,0.0,346.93,0.0,64,44,3398,0.9915,C
84801B,WHITE HYDRANGEA ART FLOWER,214,44,345.0,0.0,345.0,0.0,18,14,3399,0.9915,C
20666,ECONOMY HOLIDAY PURSE,911,416,412.45,68.0,344.45,0.1649,46,22,3400,0.9916,C
85109,PINK BOUDOIR T-LIGHT HOLDER,4211,2038,475.43,131.04,344.39,0.2756,20,17,3401,0.9916,C
90014B,GOLD M PEARL  ORBIT NECKLACE,35,1,343.66,0.0,343.66,0.0,28,13,3402,0.9916,C
35833P,4 PINK FLOCK CHRISTMAS BALLS,186,24,343.42,0.0,343.42,0.0,64,32,3403,0.9916,C
90191,SILVER LARIAT 40CM,40,60,342.6,0.0,342.6,0.0,21,13,3404,0.9916,C
22039,BOTANICAL LILY GIFT WRAP,850,25,353.0,10.5,342.5,0.0297,30,27,3405,0.9916,C
84249D,FAIRY CAKE GREETINGS CARD,835,40,352.34,10.08,342.26,0.0286,64,48,3406,0.9917,C
72811,SMALL ZINC/GLASS CANDLEHOLDER,445,0,340.45,0.0,340.45,0.0,22,18,3407,0.9917,C
75149N,STRING CRYSTALS NATURAL,272,395,340.0,0.0,340.0,0.0,25,18,3408,0.9917,C
79303B,BLUE STAR BLOCK TABLE LAMP,109,5,339.57,0.0,339.57,0.0,10,4,3409,0.9917,C
84925A,WAKE UP COCKEREL WALL THERMOMETER,179,38,339.29,0.0,339.29,0.0,17,14,3410,0.9917,C
21420,OYSTER TRINKET BOX,122,0,338.66,0.0,338.66,0.0,31,21,3411,0.9918,C
84509E,SET OF 4 CAROUSEL PLACEMATS,163,0,338.6,0.0,338.6,0.0,33,11,3412,0.9918,C
35914,PINK CHICK EGG WARMER + EGG CUP,244,0,337.43,0.0,337.43,0.0,56,25,3413,0.9918,C
84576,BLUE CAT BISCUIT BARREL PINK HEART,96,13,337.04,0.0,337.04,0.0,32,19,3414,0.9918,C
84881,BLUE WIRE SPIRAL CANDLE HOLDER,52,12,342.94,6.35,336.59,0.0185,24,21,3415,0.9918,C
17011F,ORIGAMI SANDLEWOOD INCENSE+FLOWER,385,18,336.2,0.0,336.2,0.0,20,15,3416,0.9918,C
21306,SET/4 DAISY MIRROR MAGNETS,682,19,343.09,7.32,335.77,0.0213,68,48,3417,0.9919,C
90178A,AMBER CHUNKY GLASS+BEAD NECKLACE,28,0,334.36,0.0,334.36,0.0,21,14,3418,0.9919,C
17109A,FLOWER FAIRY INCENSE LILY,709,60,333.61,0.0,333.61,0.0,13,12,3419,0.9919,C
23047,PAPER LANTERN 5 POINT SEQUIN STAR,58,0,333.5,0.0,333.5,0.0,25,25,3420,0.9919,C
90201C,RED ENAMEL FLOWER RING,119,6,350.94,17.7,333.24,0.0504,46,16,3421,0.9919,C
21402,RED  EGG  SPOON,1698,148,333.42,0.42,333.0,0.0013,151,81,3422,0.9919,C
90175C,BLUE GLASS CHUNKY CHARM BRACELET,37,0,332.95,0.0,332.95,0.0,20,15,3423,0.992,C
20688,BEAUTY SPEED EXPRESSO CUPS,464,514,332.9,0.0,332.9,0.0,11,9,3424,0.992,C
47583B,SET OF 3 WICKER BASKET TEA AND CAKE,27,12,332.6,0.0,332.6,0.0,6,6,3425,0.992,C
85089,CANDY SPOT BUNNY,104,23,332.29,0.0,332.29,0.0,29,15,3426,0.992,C
22257,FELT FARM ANIMAL SHEEP,420,12,346.73,15.0,331.73,0.0433,57,23,3427,0.992,C
90070,RUBY GLASS CLUSTER BRACELET,63,9,385.15,53.55,331.6,0.139,35,9,3428,0.9921,C
90148,LONG SILVER NECKLACE PASTEL FLOWER,28,2,356.73,25.5,331.23,0.0715,18,15,3429,0.9921,C
35637C,PINK STRING CURTAIN WITH POLE,100,0,331.14,0.0,331.14,0.0,19,14,3430,0.9921,C
85024B,EAU DE NILE JEWELLED PHOTOFRAME,218,0,330.9,0.0,330.9,0.0,20,19,3431,0.9921,C
84870C,GREEN GEISHA GIRL,93,0,330.36,0.0,330.36,0.0,41,21,3432,0.9921,C
90129B,TURQUOISE GLASS TASSLE BAG CHARM,146,0,329.95,0.0,329.95,0.0,62,17,3433,0.9921,C
35921,EASTER BUNNY HANGING GARLAND,183,1,330.32,1.25,329.07,0.0038,49,23,3434,0.9922,C
37467,PIG MUG IN TWO COLOUR DESIGNS,273,177,328.51,0.0,328.51,0.0,64,28,3435,0.9922,C
72739B,WHITE CHOCOLATE SCENT CANDLE,394,290,328.39,0.0,328.39,0.0,28,10,3436,0.9922,C
22878,NUMBER TILE COTTAGE GARDEN No,128,1,330.26,2.1,328.16,0.0064,45,13,3437,0.9922,C
20847,ZINC HEART LATTICE CHARGER LARGE,80,1,334.35,7.62,326.73,0.0228,27,17,3438,0.9922,C
84902,PINK KNITTED COW STUFFED TOY,84,61,326.33,0.0,326.33,0.0,53,28,3439,0.9922,C
84706A,ENGLISH ROSE TABLE CLOCK,137,6,325.88,0.0,325.88,0.0,7,6,3440,0.9923,C
20799,PINK MILKSHAKE GLASS,200,25,355.33,29.46,325.87,0.0829,26,11,3441,0.9923,C
21722,SWEET PUDDING STICKER SHEET,347,3,327.75,2.55,325.2,0.0078,79,33,3442,0.9923,C
23037,CANDLE HOLDER SILVER MADELINE,196,0,325.16,0.0,325.16,0.0,20,17,3443,0.9923,C
18096C,WHITE ROUND PORCELAIN TLIGHT HOLDER,131,183,355.14,30.6,324.54,0.0862,26,12,3444,0.9923,C
17091B,JASMINE TEA INCENSE IN TIN,282,0,324.48,0.0,324.48,0.0,51,35,3445,0.9923,C
23478,WOODLAND LARGE PINK FELT HEART,285,0,324.4,0.0,324.4,0.0,13,9,3446,0.9924,C
23695,DOILY THANK YOU CARD,765,0,323.32,0.0,323.32,0.0,57,41,3447,0.9924,C
90197B,BLACK GLASS BRACELET W HEART CHARMS,64,0,322.52,0.0,322.52,0.0,51,2,3448,0.9924,C
85131C,BEADED CRYSTAL HEART BLUE ON STICK,440,0,321.4,0.0,321.4,0.0,72,20,3449,0.9924,C
90018A,SILVER M.O.P ORBIT DROP EARRINGS,77,1,325.49,4.25,321.24,0.0131,56,15,3450,0.9924,C
85033S,SET/6 SILVER REINDEER T-LIGHTS,260,25,319.95,0.65,319.3,0.002,49,34,3451,0.9924,C
84661A,WHITE SQUARE TABLE CLOCK,224,0,319.01,0.0,319.01,0.0,45,22,3452,0.9925,C
84870B,BLUE GEISHA GIRL,90,1,322.61,3.75,318.86,0.0116,40,22,3453,0.9925,C
84933C,LARGE BLUE ORIENTAL FOLDING STOOL,136,0,317.0,0.0,317.0,0.0,6,6,3454,0.9925,C
85167A,WHITE GRAND BAROQUE PHOTO FRAME,176,58,396.8,81.0,315.8,0.2041,14,12,3455,0.9925,C
21401,BLUE PUDDING SPOON,1437,0,315.7,0.0,315.7,0.0,121,72,3456,0.9925,C
21309,LOUVRE CHALKBOARD,49,22,325.6,9.95,315.65,0.0306,5,5,3457,0.9925,C
84673A,PINK FLY SWAT,502,1,316.14,0.65,315.49,0.0021,99,57,3458,0.9926,C
85129B,BEADED CRYSTAL HEART GREEN SMALL,233,20,315.11,0.0,315.11,0.0,56,26,3459,0.9926,C
84933A,LARGE GREEN PEONY FOLDING STOOL,131,2,314.35,0.0,314.35,0.0,6,5,3460,0.9926,C
90160A,PURPLE BOUDICCA LARGE BRACELET,52,7,362.51,48.65,313.86,0.1342,25,18,3461,0.9926,C
90000D,COPPER/OLIVE GREEN FLOWER NECKLACE,51,0,313.75,0.0,313.75,0.0,34,13,3462,0.9926,C
46000U,POLYESTER FILLER PAD 30CMx30CM,251,55,313.75,0.0,313.75,0.0,51,39,3463,0.9926,C
35638B,PINK/BLUE STRING CURTAIN,118,0,313.29,0.0,313.29,0.0,11,7,3464,0.9927,C
84838,ANT WHITE HIGH RISE BIRD BOX,50,5,312.5,0.0,312.5,0.0,4,3,3465,0.9927,C
90016B,GOLD/M.O.P PENDANT ORBIT NECKLACE,37,0,312.14,0.0,312.14,0.0,30,14,3466,0.9927,C
84671B,CROCHET BEAR WITH BLUE STRIPES,111,2,311.87,0.0,311.87,0.0,32,20,3467,0.9927,C
84522,PINK PARTY SUNGLASSES,186,30,311.86,0.0,311.86,0.0,26,19,3468,0.9927,C
84219,BOX/12 MOTHER & CHICK IN BASKET/BOW,140,0,311.51,0.0,311.51,0.0,28,24,3469,0.9927,C
22872,NUMBER TILE COTTAGE GARDEN 4,136,0,311.3,0.0,311.3,0.0,39,16,3470,0.9928,C
62095B,TURQOISE ICE CREAM SUNHAT,292,32,310.83,0.0,310.83,0.0,21,18,3471,0.9928,C
84623,PINK GINGHAM ROSE FLOOR CUSHION,56,53,310.44,0.0,310.44,0.0,14,8,3472,0.9928,C
47593A,CAROUSEL DESIGN BABY BIB,304,0,309.18,0.0,309.18,0.0,98,36,3473,0.9928,C
84933B,LARGE PINK PEONY FOLDING STOOL,136,8,309.15,0.0,309.15,0.0,6,5,3474,0.9928,C
17012E,ORIGAMI OPIUM INCENSE/CANDLE SET,287,10,308.79,0.0,308.79,0.0,29,12,3475,0.9928,C
21196,ROUND WHITE CONFETTI IN TUBE,179,0,308.54,0.0,308.54,0.0,22,16,3476,0.9929,C
22889,NUMBER TILE VINTAGE FONT No,200,13,335.52,27.3,308.22,0.0814,39,8,3477,0.9929,C
77081,FLOWER WINDMILL,242,273,308.38,1.25,307.13,0.0041,33,17,3478,0.9929,C
23495,SET OF 3 PANTRY WOODEN SPOONS,225,0,306.66,0.0,306.66,0.0,41,21,3479,0.9929,C
90209A,PURPLE ENAMEL+GLASS HAIR COMB,173,9,325.5,18.9,306.6,0.0581,10,7,3480,0.9929,C
72130,COLUMBIAN CANDLE ROUND,753,0,306.35,0.0,306.35,0.0,57,39,3481,0.9929,C
16254,TRANSPARENT ACRYLIC TAPE DISPENSER,941,118,305.66,0.0,305.66,0.0,40,17,3482,0.993,C
84906,PINK B'FLY C/COVER W BOBBLES,66,7,307.47,1.95,305.52,0.0063,21,14,3483,0.993,C
44235,ASS COL CIRCLE MOBILE,819,0,305.1,0.0,305.1,0.0,22,16,3484,0.993,C
90175B,PINK GLASS CHUNKY CHARM BRACELET,36,2,322.85,17.9,304.95,0.0554,27,6,3485,0.993,C
20800,LARGE GLASS SUNDAE DISH CLEAR,1005,26,303.96,0.0,303.96,0.0,5,2,3486,0.993,C
21030,SPACE CADET RED,249,0,303.4,0.0,303.4,0.0,51,37,3487,0.993,C
90173,PAIR BUTTERFLY HAIR CLIPS,81,38,306.64,3.75,302.89,0.0122,51,7,3488,0.9931,C
90036D,"FLOWER GLASS GARLAND NECKL.36""BLACK",38,0,302.29,0.0,302.29,0.0,16,11,3489,0.9931,C
23430,BLUE RETRO KITCHEN WALL CLOCK,36,0,301.88,0.0,301.88,0.0,18,16,3490,0.9931,C
35645,VINTAGE BEAD PINK JEWEL BOX,61,67,301.81,0.0,301.81,0.0,34,18,3491,0.9931,C
90035C,"PEARL & SHELL 42""NECKL. IVORY",28,24,301.0,0.0,301.0,0.0,5,5,3492,0.9931,C
84030C,KNITTED RAINBOW HOT WATER BOTTLE,53,8,330.78,30.0,300.78,0.0907,19,4,3493,0.9931,C
23440,PAINT YOUR OWN EGGS IN CRATE,164,0,299.36,0.0,299.36,0.0,5,5,3494,0.9931,C
90124A,PINK MURANO TWIST NECKLACE,30,0,299.28,0.0,299.28,0.0,20,16,3495,0.9932,C
22954,HEN PARTY CORDON BARRIER TAPE,243,1,300.14,1.25,298.89,0.0042,50,28,3496,0.9932,C
35981C,WHITE SNOW SCANDINAVIAN STOCKING,590,8,298.0,0.0,298.0,0.0,67,55,3497,0.9932,C
47471,RAINBOW PEGS PHOTO CLIP STRING,431,0,297.67,0.0,297.67,0.0,63,35,3498,0.9932,C
17001,HEAVENS SCENT FRAGRANCE OILS ASSTD,1211,6,299.35,1.74,297.61,0.0058,23,20,3499,0.9932,C
84800S,SMALL WHITE/PINK ROSE ART FLOWER,394,2,299.54,2.5,297.04,0.0083,19,19,3500,0.9932,C
84882,GREEN WIRE STANDING CANDLE HOLDER,68,0,296.93,0.0,296.93,0.0,36,22,3501,0.9933,C
20869,GOLD FABRIC MIRROR,530,0,296.37,0.0,296.37,0.0,53,30,3502,0.9933,C
35920,FOUR RABBIT EASTER DECORATIONS,1070,14,296.34,0.0,296.34,0.0,24,18,3503,0.9933,C
90098,NECKLACE+BRACELET PINK BUTTERFLY,141,6,311.48,15.3,296.18,0.0491,55,22,3504,0.9933,C
DCGSSGIRL,GIRLS PARTY BAG,92,1,295.63,0.0,295.63,0.0,23,0,3505,0.9933,C
90129A,PINK GLASS TASSLE BAG CHARM,151,0,295.38,0.0,295.38,0.0,73,14,3506,0.9933,C
21697,SET 5 MINI DOUGHNUT FRIDGE MAGNET,372,499,295.08,0.0,295.08,0.0,7,6,3507,0.9934,C
79190D,RETRO PLASTIC DAISY TRAY,641,5,296.58,2.1,294.48,0.0071,112,44,3508,0.9934,C
20795,LARGE BLUE PROVENCAL CERAMIC BALL,135,7,308.7,14.7,294.0,0.0476,29,15,3509,0.9934,C
21388,IVORY HANGING DECORATION  CHICKEN,315,119,293.57,0.0,293.57,0.0,29,27,3510,0.9934,C
84926A,WAKE UP COCKEREL TILE COASTER,664,0,293.08,0.0,293.08,0.0,51,29,3511,0.9934,C
16212,FUNKY GIRLZ ASST MAGNETIC MEMO PAD,375,278,292.86,0.0,292.86,0.0,37,29,3512,0.9934,C
72801F,S/4 FESTIVE RED DINNER CANDLES,234,7,292.5,0.0,292.5,0.0,25,20,3513,0.9934,C
20670,VIP HOLIDAY PURSE,694,333,378.85,86.4,292.45,0.2281,48,20,3514,0.9935,C
37422,WHITE WITH BLACK CATS BOWL,434,256,292.08,0.0,292.08,0.0,73,14,3515,0.9935,C
90030B,RED KUKUI COCONUT SEED NECKLACE,139,0,292.08,0.0,292.08,0.0,36,17,3516,0.9935,C
85147,JARDIN ETCHED GLASS CANDLEHLDR LONG,61,14,301.95,9.9,292.05,0.0328,16,14,3517,0.9935,C
84529A,PINK KNITTED KIDS RUCKSACK,50,311,290.78,0.0,290.78,0.0,19,9,3518,0.9935,C
20826,SILVER APERITIF GLASS,355,169,290.72,0.0,290.72,0.0,14,11,3519,0.9935,C
23567,EGG CUP HENRIETTA HEN PINK,211,1,291.58,1.25,290.33,0.0043,37,15,3520,0.9936,C
22871,NUMBER TILE COTTAGE GARDEN 3,127,0,289.39,0.0,289.39,0.0,30,11,3521,0.9936,C
23015,CORDIAL GLASS JUG,41,7,346.63,57.75,288.88,0.1666,18,15,3522,0.9936,C
72812,LARGE ZINC GLASS CANDLEHOLDER,105,0,288.46,0.0,288.46,0.0,31,14,3523,0.9936,C
20987,GEISHA GIRL CHOPSTICKS SET/5,131,120,288.35,0.0,288.35,0.0,22,11,3524,0.9936,C
47578A,ENGLISH ROSE SMALL SCENTED FLOWER,316,0,287.53,0.0,287.53,0.0,69,42,3525,0.9936,C
90014C,SILVER/BLACK ORBIT NECKLACE,29,8,284.68,0.0,284.68,0.0,20,13,3526,0.9936,C
37413,ICON MUG REVOLUTIONARY,703,0,284.49,0.0,284.49,0.0,81,52,3527,0.9937,C
84770,ROUND GEORGIAN SILVER MIRROR,135,80,419.25,135.7,283.55,0.3237,16,14,3528,0.9937,C
82093,HEART SHAPE BUTTON FRAME,139,1,283.49,0.0,283.49,0.0,28,7,3529,0.9937,C
21144,PINK POODLE HANGING DECORATION,543,75,287.47,4.56,282.91,0.0159,60,40,3530,0.9937,C
84977,WIRE FLOWER T-LIGHT HOLDER,224,34,282.58,0.0,282.58,0.0,44,34,3531,0.9937,C
23410,CURIO CABINET LINEN AND LACE,36,1,290.1,8.15,281.95,0.0281,18,16,3532,0.9937,C
37444B,BLUE BREAKFAST CUP AND SAUCER,2010,1003,409.6,127.92,281.68,0.3123,28,14,3533,0.9937,C
23481,PEARLISED IVORY HEART SMALL,228,0,281.17,0.0,281.17,0.0,29,23,3534,0.9938,C
90163A,PINK ROSEBUD & PEARL NECKLACE,37,0,280.71,0.0,280.71,0.0,24,5,3535,0.9938,C
90185D,CRYSTAL DIAMANTE EXPANDABLE RING,69,51,293.33,12.75,280.58,0.0435,35,14,3536,0.9938,C
84457,SET/3 RABBITS FLOWER SKIPPPING ROPE,293,0,280.43,0.0,280.43,0.0,64,37,3537,0.9938,C
84192,ASSORTED COLOUR METAL CAT,233,130,279.85,0.0,279.85,0.0,38,29,3538,0.9938,C
84508C,BLUE CIRCLES DESIGN TEDDY,104,22,282.37,2.55,279.82,0.009,43,22,3539,0.9938,C
90115,SUMMER BUTTERFLIES BAG CHARM,108,25,278.96,0.0,278.96,0.0,60,11,3540,0.9939,C
90122A,PINK CRYSTAL+GLASS BRACELET,56,0,278.84,0.0,278.84,0.0,31,14,3541,0.9939,C
21367,MIRRORED WALL ART GENTS,211,0,278.48,0.0,278.48,0.0,60,37,3542,0.9939,C
35096A,BLUE VICTORIAN FABRIC HEART BOX,777,0,277.49,0.0,277.49,0.0,50,18,3543,0.9939,C
75178,ASSTD COL BUTTERFLY/CRYSTAL W/CHIME,499,0,276.43,0.0,276.43,0.0,25,11,3544,0.9939,C
21412,VINTAGE GOLD TINSEL REEL,277,47,279.84,3.78,276.06,0.0135,67,33,3545,0.9939,C
84966C,GREEN KASHMIRI BOXED MIRROR,23,5,276.0,0.0,276.0,0.0,2,1,3546,0.9939,C
DCGS0076,SUNJAR LED NIGHT NIGHT LIGHT,17,0,275.96,0.0,275.96,0.0,14,0,3547,0.994,C
35979,SIX STRING SCANDINAVIAN HEART DECS,94,82,311.03,35.4,275.63,0.1138,27,19,3548,0.994,C
23137,ZINC WIRE SWEETHEART LETTER TRAY,83,0,275.62,0.0,275.62,0.0,23,18,3549,0.994,C
20663,QUEEN OF THE SKIES HOLIDAY PURSE,1074,521,369.41,93.85,275.56,0.2541,44,13,3550,0.994,C
47586A,PINK FAIRY CAKE CUSHION COVER,202,0,275.53,0.0,275.53,0.0,29,23,3551,0.994,C
21095,SET/6 POSIES PAPER PLATES,295,0,274.57,0.0,274.57,0.0,40,24,3552,0.994,C
21193,WHITE HONEYCOMB PAPER FAN,111,22,274.37,0.0,274.37,0.0,22,14,3553,0.994,C
23141,TRIPLE WIRE HOOK PINK HEART,79,0,272.91,0.0,272.91,0.0,25,18,3554,0.9941,C
84924D,LA PALMIERA METAL SIGN CALENDAR,764,5,272.61,0.0,272.61,0.0,15,11,3555,0.9941,C
22868,NUMBER TILE COTTAGE GARDEN 0,125,0,272.33,0.0,272.33,0.0,27,13,3556,0.9941,C
84926F,PSYCHEDELIC TILE COASTER,485,24,279.15,6.96,272.19,0.0249,42,24,3557,0.9941,C
84499,BLACK FLOWER CANDLE PLATE,326,53,272.17,0.0,272.17,0.0,41,16,3558,0.9941,C
22874,NUMBER TILE COTTAGE GARDEN 6,126,0,272.02,0.0,272.02,0.0,28,15,3559,0.9941,C
90032,IVORY SHELL HEART NECKLACE,48,0,271.88,0.0,271.88,0.0,24,12,3560,0.9941,C
16052,TEATIME PUSH DOWN RUBBER,848,40,281.32,10.08,271.24,0.0358,35,18,3561,0.9942,C
20980,36 PENCILS TUBE POSY,233,26,282.31,11.25,271.06,0.0398,58,35,3562,0.9942,C
23474,WOODLAND SMALL BLUE FELT HEART,312,0,270.96,0.0,270.96,0.0,37,26,3563,0.9942,C
84927F,PSYCHEDELIC TILE HOOK,335,6,273.32,4.05,269.27,0.0148,62,44,3564,0.9942,C
90122C,TURQUOISE CRYSTAL+GLASS BRACELET,54,0,269.1,0.0,269.1,0.0,30,12,3565,0.9942,C
84625B,BLCK NEW BAROQUE CANDLESTICK CANDLE,180,59,279.0,10.2,268.8,0.0366,17,15,3566,0.9942,C
72753D,S/3 FLWR FAIRY SUMMER CANDLES,144,31,302.4,33.6,268.8,0.1111,9,9,3567,0.9942,C
20818,GOLD TEDDY BEAR,87,30,268.5,0.0,268.5,0.0,30,20,3568,0.9943,C
22875,NUMBER TILE COTTAGE GARDEN 7,123,0,268.35,0.0,268.35,0.0,30,17,3569,0.9943,C
90157,RIVIERA NECKLACE,54,0,268.23,0.0,268.23,0.0,24,14,3570,0.9943,C
22877,NUMBER TILE COTTAGE GARDEN 9,128,2,271.64,3.9,267.74,0.0144,28,18,3571,0.9943,C
21321,GLASS CHALICE BLUE  LARGE,122,38,301.8,34.2,267.6,0.1133,18,10,3572,0.9943,C
85195,HANGING HEART BASKET,146,124,269.44,2.1,267.34,0.0078,17,14,3573,0.9943,C
21372,MIRRORED WALL ART TABLE LAMP,156,0,267.01,0.0,267.01,0.0,50,28,3574,0.9943,C
79303D,LILAC FLOWER BLOCK TABLE LAMP,78,2,272.45,5.9,266.55,0.0217,19,5,3575,0.9944,C
47481,50CM METAL STRING WITH  7 CLIPS,327,0,266.25,0.0,266.25,0.0,44,31,3576,0.9944,C
44234,ASSORTED CIRCULAR MOBILE,1239,2,265.85,0.42,265.43,0.0016,56,28,3577,0.9944,C
23476,WOODLAND LARGE RED FELT HEART,205,0,264.72,0.0,264.72,0.0,22,18,3578,0.9944,C
90129E,PURPLE GLASS TASSLE BAG CHARM,129,0,263.14,0.0,263.14,0.0,59,10,3579,0.9944,C
72793,BLACK BOX MIRROR LANTERN,55,16,268.75,5.95,262.8,0.0221,10,5,3580,0.9944,C
22873,NUMBER TILE COTTAGE GARDEN 5,120,0,262.5,0.0,262.5,0.0,31,17,3581,0.9944,C
21032,SPACE CADET WHITE,214,3,265.91,3.75,262.16,0.0141,50,28,3582,0.9944,C
84806A,PINK CANDYSTUFT ARTIFICIAL FLOWER,319,0,261.91,0.0,261.91,0.0,20,19,3583,0.9945,C
21268,VINTAGE BLUE TINSEL REEL,397,2,261.66,0.0,261.66,0.0,49,31,3584,0.9945,C
90146,FINE SILVER NECKLACE W PASTEL FLOWE,41,2,276.49,15.0,261.49,0.0543,19,12,3585,0.9945,C
84993B,75 BLACK PETIT FOUR CASES,572,147,261.07,0.0,261.07,0.0,99,57,3586,0.9945,C
72799D,BLUE PILLAR CANDLE SILVER FLOCK,78,0,260.67,0.0,260.67,0.0,18,12,3587,0.9945,C
84482,BUTTONS DESIGN JEWELLERY BOX,76,69,296.77,37.5,259.27,0.1264,32,22,3588,0.9945,C
79328,BLUE FLOCK GLASS CANDLEHOLDER,594,54,260.76,1.52,259.24,0.0058,17,6,3589,0.9945,C
85095,THREE CANVAS LUGGAGE TAGS,174,0,259.09,0.0,259.09,0.0,49,9,3590,0.9946,C
84613C,BLUE NEW BAROQUE FLOCK CANDLESTICK,62,190,258.06,0.0,258.06,0.0,12,11,3591,0.9946,C
47591A,CAROUSEL DES CHILD'S APRON,163,13,269.54,11.55,257.99,0.0429,70,32,3592,0.9946,C
90035A,"PEARL & SHELL 42""NECKL. GREEN",24,9,257.55,0.0,257.55,0.0,16,7,3593,0.9946,C
85179C,PINK BITTY LIGHT CHAIN,116,0,257.15,0.0,257.15,0.0,40,10,3594,0.9946,C
84371,BIG PINK POODLE,30,6,257.1,0.0,257.1,0.0,6,4,3595,0.9946,C
90040B,MURANO STYLE GLASS BRACELET BLACK,71,8,255.97,0.0,255.97,0.0,36,17,3596,0.9946,C
84627,CANDY STRIPE ROSE C/COVER,51,9,303.45,47.6,255.85,0.1569,19,15,3597,0.9947,C
84597B,RETRO BROWN BALL ASHTRAY,205,22,259.37,3.75,255.62,0.0145,27,11,3598,0.9947,C
17038,PORCELAIN BUDAH INCENSE HOLDER,2559,1400,254.51,0.0,254.51,0.0,55,21,3599,0.9947,C
90028,NEW BAROQUE LARGE NECKLACE BLK/WHIT,30,0,253.29,0.0,253.29,0.0,24,5,3600,0.9947,C
22882,NUMBER TILE VINTAGE FONT 3,126,1,255.08,1.95,253.13,0.0076,50,18,3601,0.9947,C
21493,VINTAGE DESIGN GIFT TAGS,272,712,252.45,0.0,252.45,0.0,29,22,3602,0.9947,C
79338,DARK PINK FLOCK GLASS CANDLEHOLDER,553,37,252.29,0.0,252.29,0.0,13,8,3603,0.9947,C
22876,NUMBER TILE COTTAGE GARDEN 8,118,0,252.22,0.0,252.22,0.0,23,12,3604,0.9947,C
21370,MIRRORED WALL ART FOXY,54,0,251.97,0.0,251.97,0.0,22,15,3605,0.9948,C
DCGSSBOY,BOYS PARTY BAG,77,90,251.35,0.0,251.35,0.0,21,0,3606,0.9948,C
90081C,LILY BROOCH OLIVE COLOUR,50,0,250.47,0.0,250.47,0.0,36,13,3607,0.9948,C
90073,VINTAGE ENAMEL & CRYSTAL EARRINGS,50,0,250.34,0.0,250.34,0.0,34,7,3608,0.9948,C
46307,ROSES BLUE BASE CUSHION COVER,53,0,249.33,0.0,249.33,0.0,33,4,3609,0.9948,C
47503H,ASS FLORAL PRINT SPIRIT LEVEL,162,35,250.02,1.95,248.07,0.0078,60,45,3610,0.9948,C
72739C,DARK CHOCOLATE SCENTCANDLE,326,288,279.08,31.25,247.83,0.112,23,10,3611,0.9948,C
90081A,LILY BROOCH AMETHYST COLOUR,50,8,247.75,0.0,247.75,0.0,24,15,3612,0.9949,C
23465,TUSCAN VILLA BIRD FEEDER,29,0,247.63,0.0,247.63,0.0,16,15,3613,0.9949,C
84621,BLUE GINGHAM ROSE FLOOR CUSHION,29,3,247.26,0.0,247.26,0.0,15,9,3614,0.9949,C
90036C,"FLOWER GLASS GARLAND NECKL.36""BLUE",31,0,246.83,0.0,246.83,0.0,15,7,3615,0.9949,C
90119,METALIC LEAVES BAG CHARMS,98,0,245.62,0.0,245.62,0.0,42,6,3616,0.9949,C
10123C,HEARTS WRAPPING TAPE,653,278,256.36,12.54,243.82,0.0489,63,39,3617,0.9949,C
90096,NECKLACE+BRACELET SET BLUE BLOSSOM,104,202,243.61,0.0,243.61,0.0,49,10,3618,0.9949,C
90129C,GREEN GLASS TASSLE BAG CHARM,107,0,243.38,0.0,243.38,0.0,51,16,3619,0.9949,C
35818P,"ACRYLIC JEWEL ICICLE, PINK",562,0,243.29,0.0,243.29,0.0,25,18,3620,0.995,C
82011A,"BATHROOM SCALES, TROPICAL BEACH",59,1,246.58,3.75,242.83,0.0152,34,19,3621,0.995,C
23475,WOODLAND SMALL PINK FELT HEART,286,0,242.18,0.0,242.18,0.0,31,25,3622,0.995,C
90196B,BLACK GEMSTONE NECKLACE 45CM,19,0,241.98,0.0,241.98,0.0,14,9,3623,0.995,C
23143,ZINC WIRE KITCHEN ORGANISER,30,0,239.97,0.0,239.97,0.0,16,12,3624,0.995,C
90210D,PURPLE ACRYLIC FACETED BANGLE,143,28,238.68,0.0,238.68,0.0,23,10,3625,0.995,C
82553,POP'S GREASY SPOON METAL SIGN,114,166,237.73,0.0,237.73,0.0,42,14,3626,0.995,C
20855,PINK PATCH PURSE BLUE HEART,145,85,239.25,1.65,237.6,0.0069,47,41,3627,0.995,C
37508,NEW ENGLAND CERAMIC CAKE SERVER,92,18,237.22,0.0,237.22,0.0,46,35,3628,0.9951,C
23580,SNACK TRAY HAPPY FOREST,117,0,236.87,0.0,236.87,0.0,25,20,3629,0.9951,C
20940,SET/6 GARDEN GNOME T-LIGHT CANDLES,118,82,342.75,106.2,236.55,0.3098,22,15,3630,0.9951,C
90133,TEAL/FUSCHIA COL BEAD NECKLACE,47,0,236.46,0.0,236.46,0.0,36,7,3631,0.9951,C
20891,LARGE GLASS ROSE SCENTED CANDLE,684,85,236.33,0.0,236.33,0.0,3,1,3632,0.9951,C
47587A,PINK FAIRY CAKE COASTER,2706,2421,1099.88,864.0,235.88,0.7855,26,7,3633,0.9951,C
90210B,CLEAR ACRYLIC FACETED BANGLE,103,0,234.99,0.0,234.99,0.0,24,15,3634,0.9951,C
20736,PINK MINI TAPE MEASURE,291,0,234.35,0.0,234.35,0.0,19,18,3635,0.9951,C
22880,NUMBER TILE VINTAGE FONT 1,113,0,234.17,0.0,234.17,0.0,37,10,3636,0.9952,C
21460,GREEN EASTER EGG HUNT START POST,113,8,249.65,15.6,234.05,0.0625,27,20,3637,0.9952,C
23036,T-LIGHT HOLDER SILVER PETIT FOUR,185,0,233.67,0.0,233.67,0.0,16,14,3638,0.9952,C
37483,ENGLISH ROSE MUG IN GIFT BOX,144,5,235.44,2.55,232.89,0.0108,10,10,3639,0.9952,C
84629,WHITE 3 FRAME BIRDS AND TREE,24,3,237.8,4.95,232.85,0.0208,13,12,3640,0.9952,C
35991,SET/6 BLACK SNOWFLAKE T-LIGHTS,403,1,232.5,0.0,232.5,0.0,54,43,3641,0.9952,C
16256B,FLOWER PENCIL/RUBBER+5 MINI PENCILS,524,0,232.35,0.0,232.35,0.0,35,17,3642,0.9952,C
23447,PINK BUNNY EASTER EGG BASKET,158,0,231.9,0.0,231.9,0.0,4,4,3643,0.9952,C
21226,POCKET MIRROR WOODLAND,214,0,231.8,0.0,231.8,0.0,37,17,3644,0.9953,C
90181B,AMETHYST GLASS/SHELL/PEARL NECKLACE,25,0,231.27,0.0,231.27,0.0,24,0,3645,0.9953,C
16202C,BEIGE PHOTO ALBUM,97,33,230.59,0.0,230.59,0.0,12,10,3646,0.9953,C
90164A,PINK ROSEBUD PEARL BRACELET,40,15,230.39,0.0,230.39,0.0,25,7,3647,0.9953,C
23446,BLUE BUNNY EASTER EGG BASKET,157,0,230.25,0.0,230.25,0.0,3,3,3648,0.9953,C
90170,DAISY HAIR BAND,150,12,249.58,19.8,229.78,0.0793,73,10,3649,0.9953,C
90196A,PURPLE GEMSTONE NECKLACE 45CM,19,14,242.25,12.75,229.5,0.0526,11,9,3650,0.9953,C
90122B,JADE CRYSTAL+GLASS BRACELET,46,0,228.99,0.0,228.99,0.0,26,14,3651,0.9953,C
90199B,5 STRAND GLASS NECKLACE AMETHYST,36,6,228.61,0.0,228.61,0.0,31,12,3652,0.9954,C
17084P,DRAGONS BLOOD INCENSE,1015,0,228.0,0.0,228.0,0.0,70,23,3653,0.9954,C
35809B,ENAMEL BLUE RIM TEA CONTAINER,104,77,227.54,0.0,227.54,0.0,33,21,3654,0.9954,C
71028B,SILVER BLUE EGG T-LIGHT HOLDER,494,109,227.48,0.0,227.48,0.0,13,7,3655,0.9954,C
84705C,PINK FLOCK PHOTO FRAME,162,0,227.33,0.0,227.33,0.0,8,5,3656,0.9954,C
72750D,F.FAIRY S/3 CANDLE/GLASS,110,8,226.5,0.0,226.5,0.0,11,11,3657,0.9954,C
23003,TRAVEL CARD WALLET VINTAGE ROSE,542,9058,226.2,0.0,226.2,0.0,53,38,3658,0.9954,C
90155,RESIN NECKLACE W PASTEL BEADS,30,0,226.16,0.0,226.16,0.0,21,12,3659,0.9954,C
84966A,PINK KASHMIRI BOXED MIRROR,13,33,225.95,0.0,225.95,0.0,4,3,3660,0.9954,C
84461,12 PINK HEN+CHICKS IN BASKET,99,11,253.79,28.05,225.74,0.1105,40,33,3661,0.9955,C
90116,FRUIT SALAD BAG CHARM,106,36,225.52,0.0,225.52,0.0,63,11,3662,0.9955,C
21369,MIRRORED WALL ART SPLODGES,133,0,225.36,0.0,225.36,0.0,22,15,3663,0.9955,C
90186A,AMETHYST HOOP EARRING FLORAL LEAF,76,0,224.38,0.0,224.38,0.0,33,14,3664,0.9955,C
35597B,BLACKCHRISTMAS TREE 30CM,78,0,224.1,0.0,224.1,0.0,7,6,3665,0.9955,C
23149,ANTIQUE IVORY WIRE BOWL SMALL,99,11,251.45,27.39,224.06,0.1089,21,17,3666,0.9955,C
90125D,PURPLE BERTIE GLASS BEAD BAG CHARM,136,0,223.74,0.0,223.74,0.0,36,9,3667,0.9955,C
82585,SWEET VALENCIA CANDLE+CUP,165,115,237.15,15.0,222.15,0.0633,47,18,3668,0.9955,C
21639,ASSORTED TUTTI FRUTTI KEYRING,259,320,228.65,6.8,221.85,0.0297,15,12,3669,0.9956,C
16258B,DAISY ERASERS IN BAG,1017,207,221.48,0.0,221.48,0.0,15,13,3670,0.9956,C
17011C,ORIGAMI LAVENDER INCENSE+FLOWER,335,47,221.4,0.0,221.4,0.0,2,1,3671,0.9956,C
17013B,ORIGAMI JASMINE INCENSE IN TUBE,256,45,221.03,0.0,221.03,0.0,3,2,3672,0.9956,C
35833G,4 GOLD FLOCK CHRISTMAS BALLS,134,43,220.66,0.0,220.66,0.0,34,23,3673,0.9956,C
62086A,PINK RETRO BIG FLOWER BAG,113,0,220.35,0.0,220.35,0.0,24,20,3674,0.9956,C
90124C,GREEN MURANO TWIST NECKLACE,22,0,220.21,0.0,220.21,0.0,16,7,3675,0.9956,C
90123A,PINK HEART OF GLASS BRACELET,37,0,220.02,0.0,220.02,0.0,19,14,3676,0.9956,C
72225D,VANILLA SCENT CAKE CANDLE,962,978,219.46,0.0,219.46,0.0,11,9,3677,0.9956,C
85168A,WHITE BAROQUE CARRIAGE CLOCK,22,6,218.9,0.0,218.9,0.0,15,12,3678,0.9957,C
22881,NUMBER TILE VINTAGE FONT 2,112,0,218.82,0.0,218.82,0.0,36,9,3679,0.9957,C
22884,NUMBER TILE VINTAGE FONT 5,110,0,217.26,0.0,217.26,0.0,39,14,3680,0.9957,C
20821,GOLDIE LOOKING MIRROR,42,208,286.42,69.3,217.12,0.242,25,10,3681,0.9957,C
72781,BLACK SILOUETTE CANDLE PLATE,121,61,229.5,12.6,216.9,0.0549,15,11,3682,0.9957,C
90005A,JADE GREEN ENAMEL HAIR COMB,106,164,216.87,0.0,216.87,0.0,57,5,3683,0.9957,C
35817P,"ACRYLIC JEWEL SNOWFLAKE,PINK",420,44,216.7,0.0,216.7,0.0,11,9,3684,0.9957,C
84725,FREESTYLE CANVAS ART PICTURE,134,8,216.5,0.0,216.5,0.0,29,24,3685,0.9957,C
35793,S/3 PUPPIES CHRISTMAS DECORATIONS,108,50,216.33,0.0,216.33,0.0,15,7,3686,0.9957,C
84807,RED POPPY ARTIFICIAL FLOWER,233,220,215.93,0.0,215.93,0.0,7,7,3687,0.9958,C
90036A,FLOWER GARLAND NECKLACE RED,27,0,215.76,0.0,215.76,0.0,20,10,3688,0.9958,C
84247C,PACK/12 BLUE REINDEER CARD,73,0,215.35,0.0,215.35,0.0,22,22,3689,0.9958,C
21368,MIRRORED WALL ART LADIES,203,0,215.34,0.0,215.34,0.0,47,32,3690,0.9958,C
21543,BUTTERFLY WATER TRANSFER TATTOOS,284,152,215.0,0.0,215.0,0.0,24,13,3691,0.9958,C
48179,DOOR MAT SWEET HOME,34,16,214.47,0.0,214.47,0.0,11,6,3692,0.9958,C
90019C,SILVER BLACK ORBIT BRACELET,40,26,213.38,0.0,213.38,0.0,34,7,3693,0.9958,C
84805A,CREAM CLIMBING HYDRANGA ART FLOWER,147,96,212.85,0.0,212.85,0.0,8,7,3694,0.9958,C
47574B,ENGLISH ROSE SCENTED HANGING HEART,50,13,212.5,0.0,212.5,0.0,27,25,3695,0.9959,C
84313A,PINK TV TRAY TABLE,38,18,212.42,0.0,212.42,0.0,19,10,3696,0.9959,C
37492A,YELLOW RED FLOWER PIGGY BANK,108,39,216.07,4.65,211.42,0.0215,11,7,3697,0.9959,C
22883,NUMBER TILE VINTAGE FONT 4,109,1,213.05,1.95,211.1,0.0092,34,9,3698,0.9959,C
47343A,FUSCHIA FLOWER PURSE WITH BEADS,203,16,210.73,0.0,210.73,0.0,23,21,3699,0.9959,C
90210A,GREY ACRYLIC FACETED BANGLE,89,0,210.29,0.0,210.29,0.0,21,12,3700,0.9959,C
51012C,"FEATHER DUSTER, COAL BLACK",171,4,213.75,3.75,210.0,0.0175,27,22,3701,0.9959,C
16201A,PASTEL PINK PHOTO ALBUM,101,20,213.37,3.9,209.47,0.0183,9,7,3702,0.9959,C
20827,GOLD APERITIF GLASS,173,113,209.36,0.0,209.36,0.0,8,5,3703,0.9959,C
22885,NUMBER TILE VINTAGE FONT 6,112,1,210.26,1.95,208.31,0.0093,35,13,3704,0.996,C
21400,RED PUDDING SPOON,1078,12,213.07,5.04,208.03,0.0237,91,54,3705,0.996,C
90056,CHUNKY CRACKED GLAZE NECKLACE IVORY,19,0,207.94,0.0,207.94,0.0,14,1,3706,0.996,C
90016A,SILVER/M.O.P PENDANT ORBIT NECKLACE,29,0,207.86,0.0,207.86,0.0,16,8,3707,0.996,C
37485,ENGLISH ROSE TEA SET IN GIFT BOX,49,0,207.69,0.0,207.69,0.0,15,10,3708,0.996,C
90087,CRYSTAL SEA HORSE PHONE CHARM,311,50,249.56,42.5,207.06,0.1703,53,13,3709,0.996,C
84690,S/2 BEACH HUT STOOLS,28,12,222.6,15.9,206.7,0.0714,14,12,3710,0.996,C
90214A,"LETTER ""A"" BLING KEY RING",213,6,213.65,7.5,206.15,0.0351,104,27,3711,0.996,C
90058A,CRYSTAL STUD EARRINGS CLEAR DISPLAY,576,36,218.88,13.68,205.2,0.0625,13,12,3712,0.996,C
84927E,FLOWERS TILE HOOK,494,196,224.31,19.56,204.75,0.0872,29,22,3713,0.996,C
20836,FRENCH PAISLEY CUSHION COVER,224,24,250.0,45.36,204.64,0.1814,22,18,3714,0.9961,C
17014D,ORIGAMI ROSE INCENSE CONES,479,4,204.36,0.0,204.36,0.0,8,5,3715,0.9961,C
84247K,"FOLK ART GREETING CARD,pack/12",76,11,236.43,32.45,203.98,0.1372,28,20,3716,0.9961,C
90024B,NEW BAROQUE B'FLY NECKLACE RED,26,2,220.74,17.0,203.74,0.077,22,6,3717,0.9961,C
90185B,AMETHYST DIAMANTE EXPANDABLE RING,67,65,284.43,80.75,203.68,0.2839,34,12,3718,0.9961,C
35824B,"HANGING FLOWERS+MIRROR,BLUE",528,8,203.24,0.0,203.24,0.0,6,4,3719,0.9961,C
20890,SMALL GLASS ROSE SCENTED CANDLE,605,30,202.62,0.0,202.62,0.0,4,1,3720,0.9961,C
37506,NEW ENGLAND MILK JUG W GIFT BOX,34,1,202.3,0.0,202.3,0.0,26,21,3721,0.9961,C
48103,DOOR MAT KISS MY.......,35,0,201.73,0.0,201.73,0.0,10,10,3722,0.9961,C
72754A,FLOWER FAIRY POTPOURRI CUSHION LILY,292,62,201.24,0.0,201.24,0.0,5,4,3723,0.9962,C
20672,PINK TEATIME PRINT BOWL,138,79,201.0,0.0,201.0,0.0,36,21,3724,0.9962,C
84247N,PACK/12 BLUE FOLKART CARDS,113,33,297.48,97.35,200.13,0.3272,53,33,3725,0.9962,C
90003D,CRYSTAL PAIR HEART HAIR SLIDES,60,10,226.17,26.25,199.92,0.1161,32,15,3726,0.9962,C
90144,SILVER DROP EARRINGS WITH FLOWER,53,0,199.45,0.0,199.45,0.0,33,11,3727,0.9962,C
84706F,RED PEONY TABLE CLOCK,34,14,208.3,8.95,199.35,0.043,17,15,3728,0.9962,C
90085,CRYSTAL STILETTO PHONE CHARM,311,213,275.53,76.5,199.03,0.2776,29,14,3729,0.9962,C
90000A,RASPBERRY ANT COPPER FLOWER NECKLAC,33,0,198.98,0.0,198.98,0.0,21,14,3730,0.9962,C
16202A,PASTEL PINK PHOTO ALBUM,663,423,296.0,97.8,198.2,0.3304,21,16,3731,0.9962,C
47504F,ENGLISH ROSE TORCH,528,2916,198.11,0.0,198.11,0.0,14,12,3732,0.9963,C
84985B,SET OF 72 BLACK PAPER DOILIES,129,27,197.94,0.0,197.94,0.0,25,12,3733,0.9963,C
84855,BLOKEY SILVER TOOL SET,36,111,196.7,0.0,196.7,0.0,15,10,3734,0.9963,C
90040A,MURANO STYLE GLASS BRACELET RED,53,9,207.05,10.5,196.55,0.0507,34,10,3735,0.9963,C
90211B,JET BLACK LAS VEGAS NECKLACE 45CM,35,2,208.21,11.9,196.31,0.0572,26,8,3736,0.9963,C
90090,PINK CRYSTAL HEART PHONE CHARM,263,37,227.72,31.45,196.27,0.1381,22,12,3737,0.9963,C
85070,ANT WHITE SWEETHEART TABLE W 3 DRAW,3,2,320.0,125.0,195.0,0.3906,3,3,3738,0.9963,C
23697,A PRETTY THANK YOU CARD,456,0,194.58,0.0,194.58,0.0,35,26,3739,0.9963,C
35819B,"ACRYLIC HANGING JEWEL,BLUE",387,0,193.06,0.0,193.06,0.0,32,26,3740,0.9963,C
21582,KINGS CHOICE SMALL TUBE MATCHES,117,38,193.05,0.0,193.05,0.0,16,15,3741,0.9963,C
20814,SILVER FINCH DECORATION,189,28,208.89,16.25,192.64,0.0778,13,7,3742,0.9964,C
84893,ANT WHITE IRON BASKET,34,17,192.3,0.0,192.3,0.0,15,12,3743,0.9964,C
84255B,ORANGE COCKTAIL GLASS LAMP,66,36,192.26,0.0,192.26,0.0,18,11,3744,0.9964,C
84899F,YELLOW PURPLE DAISY FELT PURSE KIT,121,54,192.17,0.0,192.17,0.0,53,20,3745,0.9964,C
90036F,"FLOWER GLASS GARLD NECKL36""TURQUOIS",24,0,192.17,0.0,192.17,0.0,15,4,3746,0.9964,C
72051S,BAG OF SILVER STONES,302,98,191.73,0.0,191.73,0.0,54,18,3747,0.9964,C
90178B,PURPLE CHUNKY GLASS+BEAD NECKLACE,16,0,191.41,0.0,191.41,0.0,11,9,3748,0.9964,C
47518F,ICON PLACEMAT POP ART ELVIS,912,0,190.89,0.0,190.89,0.0,43,22,3749,0.9964,C
90094,NECKLACE+BRACELET SET FRUIT SALAD,75,0,190.17,0.0,190.17,0.0,38,20,3750,0.9964,C
84744,S/6 SEW ON CROCHET FLOWERS,150,0,190.02,0.0,190.02,0.0,31,26,3751,0.9964,C
84661C,PINK SQUARE TABLE CLOCK,152,0,189.87,0.0,189.87,0.0,27,12,3752,0.9965,C
85128,PLANTPOT SINGLE HOOK PISTACHIO,167,11,188.95,0.0,188.95,0.0,4,2,3753,0.9965,C
90159,COTE D'AZURE NECKLACE,38,0,188.58,0.0,188.58,0.0,20,13,3754,0.9965,C
90130B,TURQ STONE/CRYSTAL EARRINGS,64,0,188.09,0.0,188.09,0.0,49,4,3755,0.9965,C
20837,FRENCH FLORAL CUSHION COVER,165,0,188.07,0.0,188.07,0.0,18,17,3756,0.9965,C
79403,FROSTED WHITE BASE,216,14,199.02,11.9,187.12,0.0598,36,19,3757,0.9965,C
90065A,WHITE VINTAGE CRYSTAL BRACELET,28,33,193.96,7.22,186.74,0.0372,16,7,3758,0.9965,C
90029,NEW BAROQUE SMALL NECKLACE BLACK,23,1,195.14,8.5,186.64,0.0436,12,10,3759,0.9965,C
90210C,RED   ACRYLIC FACETED BANGLE,118,10,186.56,0.0,186.56,0.0,14,9,3760,0.9965,C
84877A,PINK ROUND COMPACT MIRROR,74,43,185.66,0.0,185.66,0.0,17,14,3761,0.9965,C
35838A,S/6 MULTICOLOUR ORNAMENETAL CANDLE,181,0,185.25,0.0,185.25,0.0,20,18,3762,0.9966,C
20968,GREEN FLORAL FELTCRAFT SHOULDER BAG,43,116,185.11,0.0,185.11,0.0,19,14,3763,0.9966,C
35911B,PINK/FLOWER RABBIT EGG WARMER,159,9,184.76,0.0,184.76,0.0,24,12,3764,0.9966,C
23416,CHAMBRE HOOK,132,0,184.68,0.0,184.68,0.0,25,18,3765,0.9966,C
84926C,FAIRY CAKES TILE COASTER,140,55,192.1,7.5,184.6,0.039,31,17,3766,0.9966,C
84803A,PINK ALLIUM  ARTIFICIAL FLOWER,112,32,189.28,5.07,184.21,0.0268,17,16,3767,0.9966,C
84029D,LEOPARD PRINT HOT WATER BOTTLE,51,0,183.98,0.0,183.98,0.0,15,12,3768,0.9966,C
21018,BIRD BOX CHRISTMAS TREE DECORATION,214,63,183.56,0.0,183.56,0.0,42,30,3769,0.9966,C
90129F,RED GLASS TASSLE BAG CHARM,81,0,183.26,0.0,183.26,0.0,41,14,3770,0.9966,C
20957,PORCELAIN HANGING BELL SMALL,126,1,184.61,1.45,183.16,0.0079,15,12,3771,0.9966,C
90086,CRYSTAL FROG PHONE CHARM,216,0,182.79,0.0,182.79,0.0,46,12,3772,0.9966,C
17090A,LAVENDER INCENSE 40 CONES IN TIN,173,0,182.65,0.0,182.65,0.0,26,24,3773,0.9967,C
20796,SMALL BLUE PROVENCAL CERAMIC BALL,99,0,182.16,0.0,182.16,0.0,22,11,3774,0.9967,C
79144B,PAINTED LIGHTBULB STAR+ MOON,352,0,181.87,0.0,181.87,0.0,91,36,3775,0.9967,C
84464,S/60 PINK FLUFFY CHICKS IN BOX,83,0,181.65,0.0,181.65,0.0,11,10,3776,0.9967,C
37379B,BLUE CHERRY BLOSSOM CUP & SAUCER,1122,67,181.5,0.0,181.5,0.0,3,3,3777,0.9967,C
79144C,PAINTED LIGHTBULB RAINBOW DESIGN,308,0,180.98,0.0,180.98,0.0,97,19,3778,0.9967,C
22330,72 ROUND PINK DOILIES,128,63,197.9,17.4,180.5,0.0879,22,15,3779,0.9967,C
35818B,"ACRYLIC JEWEL ICICLE, BLUE",408,75,180.05,0.0,180.05,0.0,11,8,3780,0.9967,C
47347B,BLUE FLOWER T-LIGHT HOLDER,240,122,179.88,0.0,179.88,0.0,11,6,3781,0.9967,C
90180B,PURPLE AMETHYST NECKLACE W TASSEL,18,0,179.88,0.0,179.88,0.0,14,10,3782,0.9967,C
84962,SET/3 COLOUR PAINTED KASHMIRI STOOL,3,2,179.85,0.0,179.85,0.0,2,2,3783,0.9968,C
17011A,ORIGAMI VANILLA INCENSE+FLOWER,261,61,179.56,0.0,179.56,0.0,12,6,3784,0.9968,C
90063A,WHITE VINT ART DECO CRYSTAL NECKLAC,21,0,178.48,0.0,178.48,0.0,13,10,3785,0.9968,C
90013D,PURPLE VINTAGE EARRINGS,46,12,178.11,0.0,178.11,0.0,17,7,3786,0.9968,C
90185A,AMBER DIAMANTE EXPANDABLE RING,55,32,233.29,55.25,178.04,0.2368,26,8,3787,0.9968,C
21031,SPACE CADET BLACK,145,1,177.95,1.25,176.7,0.007,39,23,3788,0.9968,C
90072,RUBY DROP CHANDELIER EARRINGS,44,0,176.31,0.0,176.31,0.0,30,4,3789,0.9968,C
82607C,GLASS BONBON JAR. SUPERFINES,115,67,175.61,0.0,175.61,0.0,43,16,3790,0.9968,C
84564,6 SEGMENT COLOURED SNACK BOWL,21,9,175.48,0.0,175.48,0.0,11,9,3791,0.9968,C
90214S,"LETTER ""S"" BLING KEY RING",185,6,182.59,7.5,175.09,0.0411,86,26,3792,0.9968,C
22886,NUMBER TILE VINTAGE FONT 7,98,0,174.16,0.0,174.16,0.0,29,8,3793,0.9968,C
84452,METAL RABBIT LADDER EASTER,198,126,186.16,13.6,172.56,0.0731,44,23,3794,0.9969,C
75011,BLUE DAISY MOBILE,181,0,172.51,0.0,172.51,0.0,15,11,3795,0.9969,C
90123D,WHITE HEART OF GLASS BRACELET,29,0,172.39,0.0,172.39,0.0,14,7,3796,0.9969,C
90060F,FIRE POLISHED GLASS NECKL GREEN,29,0,172.09,0.0,172.09,0.0,18,7,3797,0.9969,C
90000B,MIDNIGHT BLUE COPPER FLOWER NECKLAC,29,7,177.29,5.95,171.34,0.0336,21,9,3798,0.9969,C
85185C,COW  SOCK PUPPET,58,4,171.1,0.0,171.1,0.0,27,24,3799,0.9969,C
84706B,FAIRY CAKES TABLE CLOCK,20,21,188.73,17.9,170.83,0.0948,9,8,3800,0.9969,C
84927D,LA PALMIERA TILE HOOK,954,436,211.68,40.86,170.82,0.193,28,22,3801,0.9969,C
84706C,PINK FLOCK TABLE CLOCK,84,9,170.8,0.0,170.8,0.0,4,4,3802,0.9969,C
90063B,BLACK VINT ART DEC CRYSTAL NECKLACE,20,0,170.17,0.0,170.17,0.0,14,8,3803,0.9969,C
17014A,ORIGAMI VANILLA INCENSE CONES,276,201,170.13,0.0,170.13,0.0,16,9,3804,0.9969,C
84531A,PINK KNITTED EGG COSY,191,34,169.36,0.0,169.36,0.0,45,35,3805,0.997,C
37491C,GREEN/BLUE CERAMIC CANDLE HOLDER,59,0,169.17,0.0,169.17,0.0,10,7,3806,0.997,C
90019B,GOLD M.O.P ORBIT BRACELET,32,0,168.62,0.0,168.62,0.0,28,6,3807,0.997,C
90065B,BLACK VINT ART DEC CRYSTAL BRACELET,24,25,168.37,0.0,168.37,0.0,16,4,3808,0.997,C
85205A,IVORY FELT EASTER RABBIT GARLAND,66,19,168.3,0.0,168.3,0.0,21,21,3809,0.997,C
90186B,CRYSTAL HOOP EARRING FLORAL LEAF,57,0,168.26,0.0,168.26,0.0,31,13,3810,0.997,C
21087,SET/6 POSIES PAPER CUPS,260,13,168.08,0.0,168.08,0.0,32,19,3811,0.997,C
84531B,BLUE KNITTED EGG COSY,196,23,167.91,0.0,167.91,0.0,42,35,3812,0.997,C
35916C,PINK FELT HANGING HEART W FLOWER,157,32,167.55,0.0,167.55,0.0,42,9,3813,0.997,C
90123B,TURQUOISE HEART OF GLASS BRACELET,28,0,166.59,0.0,166.59,0.0,13,8,3814,0.997,C
90211A,DIAMOND LAS VEGAS NECKLACE 45CM,28,0,166.57,0.0,166.57,0.0,21,5,3815,0.997,C
84231,EASTER BUNNY WITH BASKET ON BACK,230,0,166.21,0.0,166.21,0.0,50,28,3816,0.9971,C
90003C,MIDNIGHT BLUE PAIR HEART HAIR SLIDE,51,13,191.54,26.25,165.29,0.137,35,10,3817,0.9971,C
23694,PAISLEY PARK CARD,376,0,165.08,0.0,165.08,0.0,41,23,3818,0.9971,C
37479P,CUBIC MUG FLOCK PINK ON BROWN,182,664,164.76,0.0,164.76,0.0,34,17,3819,0.9971,C
90166,PINK & WHITE ROSEBUD RING,40,1,168.94,4.25,164.69,0.0252,31,7,3820,0.9971,C
90018B,GOLD M.O.P ORBIT DROP EARRINGS,39,0,164.62,0.0,164.62,0.0,31,10,3821,0.9971,C
90129D,AMBER GLASS TASSLE BAG CHARM,68,0,164.52,0.0,164.52,0.0,34,12,3822,0.9971,C
21461,BLUE EASTER EGG HUNT START POST,83,5,172.99,9.75,163.24,0.0564,23,17,3823,0.9971,C
90039D,FIRE POLISHED GLASS BRACELET GREEN,43,0,162.66,0.0,162.66,0.0,24,4,3824,0.9971,C
47369B,BLUE GREEN EMBROIDERY COSMETIC BAG,57,0,162.03,0.0,162.03,0.0,29,10,3825,0.9971,C
90190C,SILVER/AMETHYST DROP EARRINGS LEAF,55,0,161.82,0.0,161.82,0.0,36,10,3826,0.9971,C
85024C,PINK SMALL JEWELLED PHOTOFRAME,99,1,163.35,1.65,161.7,0.0101,42,33,3827,0.9971,C
90042A,FRESHWATER PEARL BRACELET GOLD,63,10,160.79,0.0,160.79,0.0,33,6,3828,0.9972,C
90123C,GREEN HEART OF GLASS BRACELET,27,0,160.75,0.0,160.75,0.0,12,7,3829,0.9972,C
21353,SILVER SLEIGHBELL  WREATH,19,136,160.45,0.0,160.45,0.0,9,8,3830,0.9972,C
22887,NUMBER TILE VINTAGE FONT 8,92,0,160.36,0.0,160.36,0.0,28,10,3831,0.9972,C
81952V,ROUND PURPLE CLOCK WITH SUCKER,466,0,160.25,0.0,160.25,0.0,46,27,3832,0.9972,C
84599,CANDY STRIPE ROSE FLOOR CUSHION,15,24,160.15,0.0,160.15,0.0,6,2,3833,0.9972,C
23305,SET 4 PICNIC CUTLERY BLUEBERRY,82,0,159.9,0.0,159.9,0.0,9,9,3834,0.9972,C
90162B,ANT SILVER LIME GREEN BOUDICCA RING,55,1,162.25,2.95,159.3,0.0182,20,14,3835,0.9972,C
90125A,PINK BERTIE GLASS BEAD BAG CHARM,149,12,183.97,25.2,158.77,0.137,18,9,3836,0.9972,C
22864,MUG AND COASTER SET RED CIRCLES,378,6,158.76,0.0,158.76,0.0,2,1,3837,0.9972,C
90214K,"LETTER ""K"" BLING KEY RING",155,1,159.65,1.25,158.4,0.0078,83,23,3838,0.9972,C
48175,DOOR MAT CAMOUFLAGE,39,0,158.04,0.0,158.04,0.0,2,1,3839,0.9972,C
82587,TEXRIO TOMATOES CANDLE+CUP,133,90,173.03,15.0,158.03,0.0867,40,26,3840,0.9973,C
37379A,PINK CHERRY BLOSSOM CUP & SAUCER,41,116,159.2,1.25,157.95,0.0079,16,5,3841,0.9973,C
20693,FLORAL DINOSAUR GREEN,33,30,161.89,4.25,157.64,0.0263,18,10,3842,0.9973,C
21489,BLUE WHITE SCARF HOT WATER BOTTLE,28,32,157.6,0.0,157.6,0.0,14,6,3843,0.9973,C
23417,BATHROOM HOOK,146,0,157.5,0.0,157.5,0.0,27,21,3844,0.9973,C
16202E,BLACK PHOTO ALBUM,82,47,162.73,5.55,157.18,0.0341,14,12,3845,0.9973,C
23468,TUSCAN VILLA BIRD TABLE,19,0,156.75,0.0,156.75,0.0,11,11,3846,0.9973,C
72140E,BEST DAD CANDLE LETTERS,219,1,157.57,0.85,156.72,0.0054,29,26,3847,0.9973,C
17178,FLAT PALM T-LIGHT HOLDER,133,4,156.65,0.0,156.65,0.0,24,20,3848,0.9973,C
90214L,"LETTER ""L"" BLING KEY RING",176,8,166.06,10.0,156.06,0.0602,68,20,3849,0.9973,C
84914A,PINK ROSE PICNIC RUG,6,2,155.7,0.0,155.7,0.0,5,2,3850,0.9973,C
84228,HEN HOUSE W CHICK STANDING,354,5,156.07,0.42,155.65,0.0027,46,19,3851,0.9973,C
20664,TROPICAL HOLIDAY PURSE,57,0,155.41,0.0,155.41,0.0,31,11,3852,0.9974,C
85166A,WHITE METAL BAROQUE PHOTO FRAME,77,37,158.9,3.75,155.15,0.0236,12,8,3853,0.9974,C
90204,PAIR OF ENAMEL BUTTERFLY HAIRCLIP,50,4,168.46,13.4,155.06,0.0795,37,9,3854,0.9974,C
90214C,"LETTER ""C"" BLING KEY RING",165,6,162.53,7.5,155.03,0.0461,69,21,3855,0.9974,C
84924F,PSYCHEDELIC METAL SIGN CALENDAR,975,494,274.55,120.0,154.55,0.4371,10,8,3856,0.9974,C
23496,PANTRY KITCHEN THERMOMETER,112,0,154.52,0.0,154.52,0.0,31,21,3857,0.9974,C
90214J,"LETTER ""J"" BLING KEY RING",157,6,161.47,7.5,153.97,0.0464,88,19,3858,0.9974,C
84723,CHERRY BLOSSOM CANVAS ART PICTURE,54,6,201.3,47.7,153.6,0.237,12,11,3859,0.9974,C
84510E,SET OF 4 GREEN CAROUSEL COASTERS,162,0,152.86,0.0,152.86,0.0,34,12,3860,0.9974,C
90030C,BROWN KUKUI COCONUT SEED NECKLACE,87,0,151.3,0.0,151.3,0.0,16,10,3861,0.9974,C
79161A,ST GEORGE SET OF 10 PARTY LIGHTS,51,13,150.45,0.0,150.45,0.0,16,16,3862,0.9974,C
90042C,FRESHWATER PEARL BRACELET IVORY,59,11,150.21,0.0,150.21,0.0,26,8,3863,0.9974,C
84527,FLAMES SUNGLASSES PINK LENSES,79,0,150.01,0.0,150.01,0.0,22,19,3864,0.9975,C
21310,CAPIZ CHANDELIER,6,1,179.7,29.95,149.75,0.1667,4,3,3865,0.9975,C
17108D,FLOWER FAIRY SUMMER BOUQUET SACHET,355,719,149.1,0.0,149.1,0.0,23,17,3866,0.9975,C
90040D,MURANO STYLE GLASS BRACELET PINK,41,17,148.87,0.0,148.87,0.0,25,9,3867,0.9975,C
84709A,SILVER OVAL JEWELLED MIRROR,25,15,148.75,0.0,148.75,0.0,13,11,3868,0.9975,C
90185C,BLACK DIAMANTE EXPANDABLE RING,64,34,271.96,123.25,148.71,0.4532,32,17,3869,0.9975,C
71496A,A4 WALL TIDY BLUE OFFICE,244,0,148.01,0.0,148.01,0.0,17,8,3870,0.9975,C
47351B,BLUE  VOILE LAMPSHADE,98,48,269.9,122.4,147.5,0.4535,14,11,3871,0.9975,C
84927A,WAKE UP COCKEREL TILE HOOK,226,97,157.61,10.35,147.26,0.0657,33,22,3872,0.9975,C
90059A,DIAMANTE HAIR GRIP PACK/2 CRYSTAL,94,6,156.98,9.9,147.08,0.0631,48,3,3873,0.9975,C
84720,DOT MATRIX CANVAS ART PICTURE,35,0,147.05,0.0,147.05,0.0,3,3,3874,0.9975,C
84622,PINK GINGHAM ROSE CUSHION COVER,23,34,152.6,5.95,146.65,0.039,9,7,3875,0.9975,C
90002A,FLOWER BURST SILVER RING OPAL,39,0,146.25,0.0,146.25,0.0,14,14,3876,0.9975,C
16054,POPART RECT PENCIL SHARPENER ASST,1210,108,159.0,12.96,146.04,0.0815,39,32,3877,0.9976,C
46138B,BLUE CHENILLE SHAGGY CUSHION COVER,71,13,156.29,11.05,145.24,0.0707,25,12,3878,0.9976,C
35610B,BLACK CHRISTMAS FLOCK DROPLET,179,541,144.07,0.0,144.07,0.0,13,13,3879,0.9976,C
90016C,SILVER/BLACK PENDANT ORBIT NECKLACE,17,0,144.07,0.0,144.07,0.0,14,4,3880,0.9976,C
90036B,"FLOWER GLASS GARLAND NECKL.36""GREEN",18,0,143.1,0.0,143.1,0.0,10,8,3881,0.9976,C
79192A,RETRO PLASTIC 70'S TRAY,114,17,152.64,10.0,142.64,0.0655,35,26,3882,0.9976,C
90093,CLEAR CRYSTAL STAR PHONE CHARM,209,27,165.34,22.95,142.39,0.1388,25,15,3883,0.9976,C
21102,"CANDLE IN JAR COLLAGE , VANILLA",82,158,221.08,79.05,142.03,0.3576,20,10,3884,0.9976,C
84874B,BLUE TRAVEL FIRST AID KIT,86,9,141.76,0.0,141.76,0.0,36,26,3885,0.9976,C
72740A,LARGE STRAWBERRY CHOCOLATE CANDLE,65,43,141.23,0.0,141.23,0.0,12,5,3886,0.9976,C
90214M,"LETTER ""M"" BLING KEY RING",139,0,141.07,0.0,141.07,0.0,64,19,3887,0.9976,C
47369A,PINK GREEN EMBROIDERY COSMETIC BAG,48,0,140.4,0.0,140.4,0.0,25,10,3888,0.9976,C
84617,NEW BAROQUE BLACK BOXES,11,0,140.25,0.0,140.25,0.0,7,7,3889,0.9976,C
90212B,JET BLACK LAS VEGAS BRACELET ROUND,37,0,140.07,0.0,140.07,0.0,28,7,3890,0.9977,C
78026,SEAGRASS S/3 SQU LAUNDRY BOX,12,0,139.95,0.0,139.95,0.0,2,1,3891,0.9977,C
90003B,ROSE COLOUR PAIR HEART HAIR SLIDES,44,15,165.81,26.25,139.56,0.1583,25,9,3892,0.9977,C
23463,VINTAGE ZINC WATERING CAN,13,0,139.4,0.0,139.4,0.0,8,7,3893,0.9977,C
90199D,5 STRAND GLASS NECKLACE AMBER,22,0,139.28,0.0,139.28,0.0,16,9,3894,0.9977,C
23304,SET 4 PICNIC CUTLERY CHERRY,71,0,138.45,0.0,138.45,0.0,9,9,3895,0.9977,C
90183A,AMBER DROP EARRINGS W LONG BEADS,53,6,155.65,17.7,137.95,0.1137,31,6,3896,0.9977,C
72754B,F FAIRY POTPOURRI CUSHIONS LAVENDER,170,44,137.54,0.0,137.54,0.0,8,8,3897,0.9977,C
35816P,"ACRYLIC JEWEL ANGEL,PINK",297,0,137.43,0.0,137.43,0.0,9,7,3898,0.9977,C
90156,RESIN BRACELET W PASTEL BEADS,25,0,137.37,0.0,137.37,0.0,14,7,3899,0.9977,C
84549,CROCHET WHITE RABBIT KEYRING,75,0,137.27,0.0,137.27,0.0,16,9,3900,0.9977,C
10120,DOGGY RUBBER,665,9030,142.95,6.3,136.65,0.0441,73,52,3901,0.9977,C
35824P,"HANGING FLOWERS+MIRROR,PINK",324,26,136.44,0.0,136.44,0.0,3,2,3902,0.9977,C
90040C,MURANO STYLE GLASS BRACELET GOLD,41,3,146.75,10.5,136.25,0.0716,21,10,3903,0.9977,C
90151,SILVER/NATURAL SHELL NECKLACE,16,0,136.17,0.0,136.17,0.0,9,5,3904,0.9978,C
90024E,NEW BAROQUE B'FLY NECKLACE MONTANA,16,0,135.98,0.0,135.98,0.0,11,7,3905,0.9978,C
90194,SILVER LARIAT BLACK STONE EARRINGS,32,51,135.84,0.0,135.84,0.0,21,14,3906,0.9978,C
90038A,GLASS AND PAINTED BEADS BRACELET TO,36,0,135.8,0.0,135.8,0.0,22,4,3907,0.9978,C
17011D,ORIGAMI ROSE INCENSE+FLOWER,209,5,135.7,0.0,135.7,0.0,4,2,3908,0.9978,C
77079,DOLPHIN WINDMILL,64,0,135.68,0.0,135.68,0.0,12,10,3909,0.9978,C
72134,COLUMBIAN  CUBE CANDLE,339,0,134.85,0.0,134.85,0.0,29,15,3910,0.9978,C
16020C,CLEAR STATIONERY BOX SET,160,40,134.5,0.0,134.5,0.0,39,22,3911,0.9978,C
22879,NUMBER TILE VINTAGE FONT 0,82,0,134.4,0.0,134.4,0.0,21,7,3912,0.9978,C
35015,JACOBS LADDER SMALL,2072,4363,134.08,0.0,134.08,0.0,39,35,3913,0.9978,C
84555A,YELLOW VW BEETLE CERAMIC MONEY BOX,47,20,133.85,0.0,133.85,0.0,16,13,3914,0.9978,C
35980C,REDWHITE STRIPE SCANDINAVIAN HEART,384,45,150.3,16.72,133.58,0.1112,29,28,3915,0.9978,C
35609A,PINK FEATHER CHRISTMAS DECORATION,447,95,133.23,0.0,133.23,0.0,24,17,3916,0.9978,C
90199A,5 STRAND GLASS NECKLACE BLACK,22,1,139.5,6.35,133.15,0.0455,16,9,3917,0.9978,C
46137D,GREEN CHENILLE SHAGGY RUG,45,25,132.75,0.0,132.75,0.0,4,2,3918,0.9979,C
90190B,GOLD/AMBER DROP EARRINGS W LEAF,45,118,132.58,0.0,132.58,0.0,15,6,3919,0.9979,C
90137,PINK COMBO MINI CRYSTALS NECKLACE,26,0,132.52,0.0,132.52,0.0,15,8,3920,0.9979,C
79191D,RETRO PLASTIC DAISY TRAY,138,13,143.87,11.86,132.01,0.0824,56,28,3921,0.9979,C
45013,FOLDING SHOE TIDY,48,26,132.0,0.0,132.0,0.0,8,8,3922,0.9979,C
47592B,SCOTTIES DESIGN CHILD'S OVERALL,67,1,131.9,0.0,131.9,0.0,29,15,3923,0.9979,C
84559D,3D SHEET OF SEA WORLD STICKERS,151,124,131.79,0.0,131.79,0.0,32,23,3924,0.9979,C
90214E,"LETTER ""E"" BLING KEY RING",142,6,139.28,7.5,131.78,0.0538,67,25,3925,0.9979,C
90023,FILIGREE DIAMANTE EARRINGS,31,0,131.74,0.0,131.74,0.0,21,7,3926,0.9979,C
90165B,WHITE ROSEBUD  PEARL EARRINGS,52,0,131.65,0.0,131.65,0.0,35,5,3927,0.9979,C
35933,PINK STOCKING CHRISTMAS DECORATION,319,36,131.38,0.0,131.38,0.0,28,20,3928,0.9979,C
84656,WHITE ROSE C/COVER,22,2,130.9,0.0,130.9,0.0,13,12,3929,0.9979,C
22888,NUMBER TILE VINTAGE FONT 9,79,0,130.83,0.0,130.83,0.0,23,9,3930,0.9979,C
16119,FUNKY GIRL ADDRESS BOOK,273,15,130.71,0.0,130.71,0.0,8,7,3931,0.9979,C
84925E,FLOWERS WALL THERMOMETER,75,17,130.05,0.0,130.05,0.0,3,3,3932,0.9979,C
20899,VINTAGE NOTEBOOK RED ROSE,44,0,129.8,0.0,129.8,0.0,12,12,3933,0.998,C
90099,NECKLACE+BRACELET SET BLUE HIBISCUS,42,19,129.69,0.0,129.69,0.0,25,16,3934,0.998,C
90190A,SILVER/CRYSTAL DROP EARRINGS W LEAF,44,0,129.59,0.0,129.59,0.0,31,8,3935,0.998,C
37471,MULTICOLOUR DOTS PLATE,1405,807,197.85,68.4,129.45,0.3457,10,4,3936,0.998,C
84886,BLUE METAL WALL SHELF,13,8,129.35,0.0,129.35,0.0,9,8,3937,0.998,C
10080,GROOVY CACTUS INFLATABLE,315,0,129.29,0.0,129.29,0.0,27,23,3938,0.998,C
84858A,NATURAL RIVIERA HANDBAG,53,106,128.83,0.0,128.83,0.0,8,7,3939,0.998,C
90181A,AMBER GLASS/SHELL/PEARL NECKLACE,14,0,128.64,0.0,128.64,0.0,14,2,3940,0.998,C
84251G,"GREETING CARD, OVERCROWDED POOL.",473,0,127.75,0.0,127.75,0.0,91,32,3941,0.998,C
84782B,BLACK 3 TIER GLASS PLATE STAND,10,46,127.5,0.0,127.5,0.0,6,6,3942,0.998,C
90024D,NEW BAROQUE B'FLY NECKLACE PINK,15,0,127.5,0.0,127.5,0.0,13,11,3943,0.998,C
85018C,S/6 PAPER BOXES CURIOUS IMAGES,36,1,127.2,0.0,127.2,0.0,4,4,3944,0.998,C
16168S,FUNKY MONKEY GIFT BAG SMALL,1283,460,126.83,0.0,126.83,0.0,11,4,3945,0.998,C
23303,SET 4 PICNIC CUTLERY FONDANT,65,0,126.75,0.0,126.75,0.0,6,6,3946,0.998,C
84367,LA STREGA CANVAS PICTURE,74,24,126.3,0.0,126.3,0.0,8,6,3947,0.9981,C
81950B,FLOWER BLUE CLOCK W/SUCKER,217,24,127.03,0.85,126.18,0.0067,34,21,3948,0.9981,C
16053,POPART COL BALLPOINT PEN ASST,4313,2514,185.73,60.0,125.73,0.323,10,8,3949,0.9981,C
23578,SNACK TRAY RED GINGHAM,60,0,125.72,0.0,125.72,0.0,14,11,3950,0.9981,C
90138,WHITE/PINK MINI CRYSTALS NECKLACE,24,0,125.64,0.0,125.64,0.0,17,5,3951,0.9981,C
82607E,GLASS BONBON JAR. D'AMANDES,101,58,126.25,1.25,125.0,0.0099,25,18,3952,0.9981,C
90022,EDWARDIAN DROP EARRINGS JET BLACK,39,6,147.17,22.5,124.67,0.1529,32,4,3953,0.9981,C
90162C,ANT SILVER FUSCHIA BOUDICCA RING,42,0,123.9,0.0,123.9,0.0,16,10,3954,0.9981,C
72133,COLUMBIAN CANDLE RECTANGLE,110,0,123.88,0.0,123.88,0.0,31,24,3955,0.9981,C
90202D,PINK ENAMEL FLOWER HAIR TIE,48,6,141.49,17.7,123.79,0.1251,24,5,3956,0.9981,C
17191A,ROSE FLOWER CANDLE+INCENSE 16X16CM,33,0,123.75,0.0,123.75,0.0,12,9,3957,0.9981,C
23477,WOODLAND LARGE BLUE FELT HEART,92,0,123.47,0.0,123.47,0.0,13,8,3958,0.9981,C
21228,"POCKET MIRROR ""GLAMOROUS""",97,25,122.57,0.0,122.57,0.0,31,25,3959,0.9981,C
79308B,MOSAIC CANDLE DISH BLUE PURPLE,144,1,122.4,0.0,122.4,0.0,2,1,3960,0.9981,C
90205C,LARGE CRYSTAL DIAMANTE HAIRSLIDE,78,0,122.31,0.0,122.31,0.0,24,5,3961,0.9981,C
44242B,PINK FEATHERS CURTAIN,109,0,121.53,0.0,121.53,0.0,9,8,3962,0.9981,C
84705B,FAIRY CAKES PHOTO FRAME,86,11,120.13,0.0,120.13,0.0,5,2,3963,0.9982,C
23467,VINTAGE ZINC PLANTER,32,0,120.08,0.0,120.08,0.0,11,5,3964,0.9982,C
79532,MOSAIC GLASS BALL CANDLEHOLDER,97,1,121.25,1.25,120.0,0.0103,18,15,3965,0.9982,C
35916B,BLUE FELT HANGING HEART WITH FLOWER,132,21,119.67,0.0,119.67,0.0,46,5,3966,0.9982,C
84199,GLOW IN DARK DOLPHINS,558,12,121.92,2.52,119.4,0.0207,69,58,3967,0.9982,C
84867A,PINK BABY GIRLS PHOTO ALBUM,17,29,119.39,0.0,119.39,0.0,5,3,3968,0.9982,C
85190,PINK FLOWER HANGING HEART,140,169,124.16,5.1,119.06,0.0411,17,14,3969,0.9982,C
35607A,PINK FLUFFY CHRISTMAS DECORATION,556,100,118.81,0.0,118.81,0.0,31,27,3970,0.9982,C
20887,BOX OF 6 PEBBLE CANDLES,18,0,118.39,0.0,118.39,0.0,8,4,3971,0.9982,C
90139,FLOWER BROOCH 4 ASSORTED COLOURS,23,6,118.24,0.0,118.24,0.0,18,3,3972,0.9982,C
90177D,DROP DIAMANTE EARRINGS PURPLE,46,6,135.76,17.7,118.06,0.1304,25,9,3973,0.9982,C
20896,VINTAGE NOTEBOOK PINK FLOWER,40,20,118.0,0.0,118.0,0.0,14,13,3974,0.9982,C
35824C,"HANGING FLOWERS+MIRROR,CLEAR",235,58,117.05,0.0,117.05,0.0,8,8,3975,0.9982,C
84288B,SET/2 BLUE  NOODLE BASKETS,62,4,120.9,3.9,117.0,0.0323,24,19,3976,0.9982,C
90002C,FLOWER BURST SILVER RING MIDN'T BLU,33,30,124.38,7.5,116.88,0.0603,19,8,3977,0.9982,C
23151,ZINC SWEETHEART SOAP DISH,62,0,116.82,0.0,116.82,0.0,21,18,3978,0.9982,C
16206B,RED PURSE WITH PINK HEART,96,0,116.4,0.0,116.4,0.0,16,14,3979,0.9983,C
23185,FRENCH STYLE STORAGE JAR JAM,323,1,116.59,0.29,116.3,0.0025,30,27,3980,0.9983,C
90101,WHITE FRANGIPANI NECKLACE,52,6,131.16,15.3,115.86,0.1167,29,4,3981,0.9983,C
90108,BLUE BLOSSOM HAIR CLIP,109,55,125.83,10.5,115.33,0.0834,21,12,3982,0.9983,C
20848,ZINC HEART LATTICE CHARGER SMALL,39,8,115.05,0.0,115.05,0.0,12,10,3983,0.9983,C
84462,3 PINK HEN+CHICKS IN BASKET,100,0,114.86,0.0,114.86,0.0,14,13,3984,0.9983,C
84765,SILVER ROCOCO CANDELABRA,9,29,140.23,25.5,114.73,0.1818,6,4,3985,0.9983,C
20698,LITTLE PINK MONSTER SOFT TOY,47,0,114.45,0.0,114.45,0.0,21,17,3986,0.9983,C
90018C,SILVER BLACK ORBIT DROP EARRINGS,28,25,118.51,4.25,114.26,0.0359,20,7,3987,0.9983,C
90030A,SPOTTED WHITE NATURAL SEED NECKLACE,79,0,113.76,0.0,113.76,0.0,10,8,3988,0.9983,C
84249A,"GREETING CARD,SQUARE, DOUGHNUTS",252,175,113.22,0.0,113.22,0.0,34,18,3989,0.9983,C
84614A,PINK BAROQUE FLOCK CANDLE HOLDER,17,392,124.83,11.9,112.93,0.0953,10,7,3990,0.9983,C
90003E,GREEN PAIR HEART HAIR SLIDES,34,4,127.81,15.0,112.81,0.1174,22,3,3991,0.9983,C
16043,POP ART PUSH DOWN RUBBER,2145,1324,180.3,67.68,112.62,0.3754,13,11,3992,0.9983,C
21089,SET/6 GREEN SPRING PAPER CUPS,323,7,112.54,0.0,112.54,0.0,40,32,3993,0.9983,C
84921,CREAM AND PINK FLOWERS PONY,30,17,112.5,0.0,112.5,0.0,14,13,3994,0.9983,C
44236,PINK/PURPLE CIRCLE CURTAIN,64,12,112.32,0.0,112.32,0.0,12,9,3995,0.9984,C
71510,SQUARE METAL CANDLEHOLDER BASE,177,0,112.05,0.0,112.05,0.0,17,11,3996,0.9984,C
35916A,YELLOW FELT HANGING HEART W FLOWER,129,21,112.04,0.0,112.04,0.0,44,7,3997,0.9984,C
71495B,CD WALL TIDY RED FLOWERS,294,0,111.57,0.0,111.57,0.0,18,8,3998,0.9984,C
35966,FOLKART CHRISTMAS TREE T-LIGHT HOLD,255,84,111.34,0.0,111.34,0.0,26,20,3999,0.9984,C
90103,PURPLE FRANGIPANI NECKLACE,44,0,110.85,0.0,110.85,0.0,30,5,4000,0.9984,C
82069,BEECH WOOD P/FRAME,17,5,109.85,0.0,109.85,0.0,11,2,4001,0.9984,C
90048,GREEN WITH METAL BAG CHARM,31,10,158.89,49.5,109.39,0.3115,8,4,4002,0.9984,C
84751B,BLACK MEDIUM GLASS CAKE STAND,40,87,117.44,8.29,109.15,0.0706,19,18,4003,0.9984,C
85185F,LION SOCK PUPPET,37,6,109.15,0.0,109.15,0.0,19,16,4004,0.9984,C
90071,RUBY GLASS CLUSTER EARRINGS,87,0,108.99,0.0,108.99,0.0,73,2,4005,0.9984,C
90104,PURPLE FRANGIPANI HAIRCLIP,130,0,108.96,0.0,108.96,0.0,49,11,4006,0.9984,C
20667,CHERRY BLOSSOM PURSE,40,0,108.69,0.0,108.69,0.0,24,6,4007,0.9984,C
72753C,S/3 FLWR FAIRY ROSE CANDLES,43,7,107.68,0.0,107.68,0.0,6,5,4008,0.9984,C
35096B,RED VICTORIAN FABRIC HEART BOX,295,66,107.33,0.0,107.33,0.0,25,20,4009,0.9984,C
23626,SET 10 CARDS DINKY TREE 17076,43,0,107.07,0.0,107.07,0.0,16,0,4010,0.9984,C
90179C,BLACK FINE BEAD NECKLACE W TASSEL,19,1,112.78,5.95,106.83,0.0528,16,7,4011,0.9984,C
84562B,BLUE/WHITE RIBBED MELAMINE JUG,10,5,106.59,0.0,106.59,0.0,7,5,4012,0.9984,C
90165A,PINK ROSEBUD PEARL EARRINGS,42,0,106.49,0.0,106.49,0.0,27,2,4013,0.9985,C
35840,FLAT GLASS  BAUBLE WHITE FLOCK,45,79,107.13,0.85,106.28,0.0079,11,5,4014,0.9985,C
90168,2 DAISIES HAIR COMB,42,6,123.76,17.7,106.06,0.143,24,3,4015,0.9985,C
72038P,PRICE'S CANDLE PEACH,1050,1040,116.5,10.5,106.0,0.0901,9,9,4016,0.9985,C
22987,"WRAP , SUMMER ROSE DESIGN",252,0,105.84,0.0,105.84,0.0,11,10,4017,0.9985,C
90051,CRACKED GLAZE NECKLACE RED,15,0,105.72,0.0,105.72,0.0,11,4,4018,0.9985,C
35610A,PINK CHRISTMAS FLOCK DROPLET,143,1277,105.43,0.0,105.43,0.0,12,8,4019,0.9985,C
84458,S/3 RABBIT FLOWER/EGG/CARROT ROPE,124,48,105.4,0.0,105.4,0.0,20,17,4020,0.9985,C
17090D,VANILLA INCENSE 40 CONES IN TIN,88,10,105.2,0.0,105.2,0.0,28,21,4021,0.9985,C
16169D,WRAP WINTER FOREST,250,174,105.0,0.0,105.0,0.0,9,9,4022,0.9985,C
90141A,GREEN PENDANT TRIPLE SHELL NECKLACE,20,0,104.95,0.0,104.95,0.0,17,4,4023,0.9985,C
90079,VINTAGE ENAMEL & CRYSTAL NECKLACE,21,0,104.77,0.0,104.77,0.0,13,5,4024,0.9985,C
21118,SHOPPING BAG DOORSTOP,69,22,104.25,0.0,104.25,0.0,7,7,4025,0.9985,C
21337,SILVER WASHBAG,33,21,103.53,0.0,103.53,0.0,12,7,4026,0.9985,C
35910A,MULTICOLOUR EASTER RABBIT,53,0,103.35,0.0,103.35,0.0,13,12,4027,0.9985,C
16248B,BLUE HOLE PUNCH,82,0,102.5,0.0,102.5,0.0,12,12,4028,0.9985,C
20697,LITTLE GREEN MONSTER SOFT TOY,42,0,101.7,0.0,101.7,0.0,21,17,4029,0.9985,C
90125C,TURQUOISE BERTIE GLASS BEAD CHARM,92,0,101.35,0.0,101.35,0.0,10,5,4030,0.9985,C
72369A,PINK CLEAR GLASS CANDLE PLATE,67,0,101.29,0.0,101.29,0.0,14,8,4031,0.9986,C
85050,FRENCH ENAMEL SOAP DISH WITH LID,48,29,100.8,0.0,100.8,0.0,1,1,4032,0.9986,C
75172,PAINTED SEA SHELL METAL WINDCHIME,97,35,100.31,0.0,100.31,0.0,11,11,4033,0.9986,C
78027,SEAGRASS S/2 CORNER LAUNDRY,6,10,100.15,0.0,100.15,0.0,5,3,4034,0.9986,C
23611,SET 10 CARDS RED RIDING HOOD 17214,40,0,99.6,0.0,99.6,0.0,16,0,4035,0.9986,C
84465,15 PINK FLUFFY CHICKS IN BOX,33,6,99.46,0.0,99.46,0.0,23,18,4036,0.9986,C
10123G,ARMY CAMO WRAPPING TAPE,2251,1142,165.56,66.24,99.32,0.4001,16,12,4037,0.9986,C
23464,VINTAGE ZINC WATERING CAN SMALL,18,0,99.2,0.0,99.2,0.0,8,6,4038,0.9986,C
21266,VINTAGE SILVER TINSEL REEL,23,23,98.9,0.0,98.9,0.0,9,0,4039,0.9986,C
20861,GOLD COSMETIC BAG PINK STAR,47,19,98.7,0.0,98.7,0.0,16,15,4040,0.9986,C
90163B,WHITE ROSEBUD & PEARL NECKLACE,13,0,98.45,0.0,98.45,0.0,9,2,4041,0.9986,C
84705D,CHERRY BLOSSOM PHOTO FRAME,22,6,97.9,0.0,97.9,0.0,14,3,4042,0.9986,C
84613A,PINK NEW BAROQUE FLOCK CANDLESTICK,22,303,102.3,4.65,97.65,0.0455,10,9,4043,0.9986,C
16161G,WRAP BAD HAIR DAY,975,0,97.5,0.0,97.5,0.0,33,31,4044,0.9986,C
90150,BLUE SHELL+SILVER NECKLACE,13,0,97.5,0.0,97.5,0.0,8,7,4045,0.9986,C
84679,CLASSICAL ROSE TABLE LAMP,14,1,103.3,5.95,97.35,0.0576,4,4,4046,0.9986,C
90067A,PINK VINTAGE VICTORIAN EARRINGS,33,0,97.24,0.0,97.24,0.0,16,8,4047,0.9986,C
90059D,DIAMANTE HAIR GRIP PACK/2 PERIDOT,64,6,106.74,9.9,96.84,0.0927,40,5,4048,0.9986,C
35913B,WHITE/PINK CHICK EASTER DECORATION,104,0,95.79,0.0,95.79,0.0,21,17,4049,0.9986,C
17084J,LOVE POTION MASALA INCENSE,456,79,95.76,0.0,95.76,0.0,20,17,4050,0.9987,C
72821,CUPID SCENTED CANDLE IN GLASS,61,7,100.65,4.95,95.7,0.0492,14,13,4051,0.9987,C
84539,KNITTED RABBIT DOLL,58,0,95.7,0.0,95.7,0.0,11,9,4052,0.9987,C
90174,BUTTERFLY HAIR BAND,50,12,126.12,30.6,95.52,0.2426,32,4,4053,0.9987,C
35594,WOODEN CHRISTMAS TREE 3 HANGING,171,66,105.58,10.08,95.5,0.0955,39,18,4054,0.9987,C
84891B,GREEN WIRE GOBLET CANDLEHOLDER,12,4,95.4,0.0,95.4,0.0,6,5,4055,0.9987,C
90214R,"LETTER ""R"" BLING KEY RING",92,0,94.98,0.0,94.98,0.0,50,15,4056,0.9987,C
84967A,PINK KASHMIRI OCCASIONAL TABLE,3,3,174.9,79.95,94.95,0.4571,3,2,4057,0.9987,C
72606A,BROWN ANTIQUE CUBE CANDLE,226,45,94.92,0.0,94.92,0.0,18,18,4058,0.9987,C
90089,PINK CRYSTAL SKULL PHONE CHARM,116,0,94.18,0.0,94.18,0.0,26,11,4059,0.9987,C
90024C,NEW BAROQUE B'FLY NECKLACE GREEN,11,0,93.48,0.0,93.48,0.0,10,5,4060,0.9987,C
90026A,GLASS BEAD HOOP NECKLACE BLACK,11,29,93.47,0.0,93.47,0.0,9,6,4061,0.9987,C
84575A,PINK DOG CANNISTER,24,15,98.8,5.95,92.85,0.0602,13,13,4062,0.9987,C
17084A,TRANQUILITY MASALA INCENSE,442,32,92.82,0.0,92.82,0.0,18,14,4063,0.9987,C
90075,MONTANA DIAMOND CLUSTER NECKLACE,10,0,92.18,0.0,92.18,0.0,8,3,4064,0.9987,C
84753A,PINK EAU DE COLOGNE BOTTLE,97,1,92.17,0.0,92.17,0.0,24,14,4065,0.9987,C
90118,PINK DAISY BAG CHARM,42,6,107.39,15.3,92.09,0.1425,29,3,4066,0.9987,C
90177B,DROP DIAMANTE EARRINGS BLACK DIAMON,31,0,91.38,0.0,91.38,0.0,19,5,4067,0.9987,C
90177C,DROP DIAMANTE EARRINGS CRYSTAL,37,6,109.03,17.7,91.33,0.1623,24,6,4068,0.9987,C
20660,VIP LUGGAGE TAG,73,43,91.25,0.0,91.25,0.0,26,22,4069,0.9987,C
90112,PINK DOLLY HAIR CLIPS,84,50,91.25,0.0,91.25,0.0,20,13,4070,0.9988,C
84437A,S/6 PINK EASTER DECS IN BOX,106,1,90.95,0.0,90.95,0.0,18,17,4071,0.9988,C
90214D,"LETTER ""D"" BLING KEY RING",100,0,90.82,0.0,90.82,0.0,50,11,4072,0.9988,C
79026B,"S/4 ICON COASTER,ELVIS LIVES",70,23,90.5,0.0,90.5,0.0,37,17,4073,0.9988,C
72783,BLACK SIL'T SQU CANDLE PLATE,43,0,90.3,0.0,90.3,0.0,9,7,4074,0.9988,C
23574,PACKING CHARGE,14,2,105.0,15.0,90.0,0.1429,14,9,4075,0.9988,C
71406C,BLACK ORANGE SQUEEZER,210,0,89.92,0.0,89.92,0.0,35,21,4076,0.9988,C
20816,GOLD FLOWER CUSHION COVER,24,16,123.6,33.75,89.85,0.2731,7,5,4077,0.9988,C
47598,NEW ENGLAND EGG WARMER,138,51,89.12,0.0,89.12,0.0,32,17,4078,0.9988,C
84388,WISE MAN STAR SHAPE EGG PAN,72,2,92.34,3.3,89.04,0.0357,22,21,4079,0.9988,C
90162A,ANT SILVER TURQUOISE BOUDICCA RING,30,145,88.5,0.0,88.5,0.0,11,8,4080,0.9988,C
35638A,PINK AND BLACK STRING CURTAIN,39,40,88.05,0.0,88.05,0.0,6,6,4081,0.9988,C
84721,MANHATTAN CANVAS ART PICTURE,20,42,87.8,0.0,87.8,0.0,2,2,4082,0.9988,C
71495A,CD WALL TIDY BLUE OFFICE,225,1,87.96,0.42,87.54,0.0048,20,5,4083,0.9988,C
23442,12 HANGING EGGS HAND PAINTED,42,0,87.36,0.0,87.36,0.0,7,7,4084,0.9988,C
20835,FRENCH LATTICE CUSHION COVER,80,0,87.02,0.0,87.02,0.0,10,8,4085,0.9988,C
35822B,"ACRYLIC BEAD CHAIN, BLUE",229,0,87.02,0.0,87.02,0.0,1,1,4086,0.9988,C
35265,COLOURFUL FLOWER FRUIT BOWL,22,12,86.95,0.0,86.95,0.0,16,14,4087,0.9988,C
37462B,"PET MUG, BUDGIE",170,14,87.28,0.42,86.86,0.0048,32,4,4088,0.9988,C
90039C,FIRE POLISHED GLASS BRACELET BLACK,23,0,86.65,0.0,86.65,0.0,12,3,4089,0.9988,C
23614,SET 10 CARDS 12 DAYS WRAP  17058,26,0,86.58,0.0,86.58,0.0,11,0,4090,0.9988,C
84424A,FOUR PICTURE WHITE GLASS FRAME,23,2,86.25,0.0,86.25,0.0,10,10,4091,0.9988,C
35271S,GOLD PRINT PAPER BAG,420,120,85.97,0.0,85.97,0.0,20,17,4092,0.9989,C
90012B,BLACK DROP CRYSTAL NECKLACE,17,5,85.9,0.0,85.9,0.0,6,3,4093,0.9989,C
90162D,ANT SILVER PURPLE BOUDICCA RING,29,0,85.55,0.0,85.55,0.0,14,7,4094,0.9989,C
84454,WOBBLING METAL CHICKEN EASTER,93,332,85.53,0.0,85.53,0.0,18,11,4095,0.9989,C
35838B,S/6 SILVER ORNAMENETAL CANDLE,100,137,85.0,0.0,85.0,0.0,23,21,4096,0.9989,C
90026D,GLASS BEAD HOOP NECKLACE AMETHYST,10,3,85.0,0.0,85.0,0.0,8,6,4097,0.9989,C
90001D,ANTIQUE OLIVE GREEN FLOWER EARRINGS,20,0,84.96,0.0,84.96,0.0,11,7,4098,0.9989,C
17027A,INCENSE BAZAAR CANNABIS,228,378,84.84,0.0,84.84,0.0,2,1,4099,0.9989,C
46775B,BERRIES CHUNKY KNITTED THROW,5,17,84.75,0.0,84.75,0.0,4,3,4100,0.9989,C
16051,TEATIME PENCIL W STAMP ASST,941,378,84.69,0.0,84.69,0.0,4,3,4101,0.9989,C
81952B,ROUND BLUE CLOCK W/SUCKER,254,0,84.56,0.0,84.56,0.0,20,14,4102,0.9989,C
84450B,PINK/YELLOW RABBIT SAT EASTER,139,50,84.55,0.0,84.55,0.0,35,7,4103,0.9989,C
90214G,"LETTER ""G"" BLING KEY RING",100,7,93.18,8.75,84.43,0.0939,48,13,4104,0.9989,C
84251F,"GREETING CARD, RITA",341,92,83.97,0.0,83.97,0.0,50,26,4105,0.9989,C
90141C,TURQ PENDANT TRIPLE SHELL NECKLACE,16,0,83.69,0.0,83.69,0.0,13,4,4106,0.9989,C
90169,DAISY HAIR COMB,39,6,98.87,15.3,83.57,0.1547,23,3,4107,0.9989,C
22016,Dotcomgiftshop Gift Voucher £100.00,1,0,83.33,0.0,83.33,0.0,1,0,4108,0.9989,C
72779,SET/6 BLACK ROSE T-LIGHT CANDLES,49,0,82.81,0.0,82.81,0.0,15,14,4109,0.9989,C
90002B,FLOWER BURST SILVER RING ROSE,22,0,82.74,0.0,82.74,0.0,11,7,4110,0.9989,C
90189A,SILVER 2 STRAND NECKLACE-LEAF CHARM,11,0,82.64,0.0,82.64,0.0,8,5,4111,0.9989,C
84251B,"GREETING CARD, STICKY GORDON",319,72,84.84,2.28,82.56,0.0269,61,19,4112,0.9989,C
90130A,WHITE STONE/CRYSTAL EARRINGS,28,0,82.51,0.0,82.51,0.0,16,6,4113,0.9989,C
90069,RUBY GLASS CLUSTER NECKLACE,11,0,82.5,0.0,82.5,0.0,5,5,4114,0.999,C
21699,SET 5 MINI CHOCOLATE FRIDGE MAGNETS,108,152,82.44,0.0,82.44,0.0,3,2,4115,0.999,C
90183B,AMETHYST DROP EARRINGS W LONG BEADS,28,0,81.93,0.0,81.93,0.0,24,0,4116,0.999,C
35610C,WHITE CHRISTMAS FLOCK DROPLET,94,1121,81.56,0.0,81.56,0.0,8,6,4117,0.999,C
16201B,PASTEL BLUE PHOTO ALBUM,34,12,81.1,0.0,81.1,0.0,5,2,4118,0.999,C
84596I,WRAP SWEETS LIGHT PINK SMALL BOWL,72,0,80.62,0.0,80.62,0.0,10,9,4119,0.999,C
17011E,ORIGAMI OPIUM SCENT INCENSE+FLOWER,124,39,80.6,0.0,80.6,0.0,1,1,4120,0.999,C
DCGS0069,OOH LA LA DOGS COLLAR,5,5,80.31,0.0,80.31,0.0,5,0,4121,0.999,C
84415B,BLUE FLOCK CUSHION COVER,24,9,80.0,0.0,80.0,0.0,7,3,4122,0.999,C
90206A,GOLD DIAMANTE STAR BROOCH,16,0,79.6,0.0,79.6,0.0,12,5,4123,0.999,C
90049,IVORY GOLD METAL BAG CHARM,20,7,114.24,34.65,79.59,0.3033,6,3,4124,0.999,C
90125B,AQUA BERTIE GLASS BEAD BAG CHARM,44,0,79.57,0.0,79.57,0.0,17,6,4125,0.999,C
84795E,RIO PINK STRIPE HAMMOCK,10,0,79.5,0.0,79.5,0.0,5,3,4126,0.999,C
84548,CROCHET BEAR RED/BLUE  KEYRING,48,70,79.2,0.0,79.2,0.0,13,11,4127,0.999,C
90038B,GLASS AND PAINTED BEADS BRACELET OL,21,19,79.19,0.0,79.19,0.0,13,2,4128,0.999,C
90064A,WHITE VINTAGE CRYSTAL EARRINGS,20,0,79.14,0.0,79.14,0.0,12,4,4129,0.999,C
90039B,FIRE POLISHED GLASS BRACELET MONTAN,21,0,78.99,0.0,78.99,0.0,11,3,4130,0.999,C
84251C,"GREETING CARD, TWO SISTERS.",259,0,78.96,0.0,78.96,0.0,53,13,4131,0.999,C
84455,SET OF 3 RABBIT CARROTS EASTER,86,31,78.81,0.0,78.81,0.0,20,15,4132,0.999,C
90059E,DIAMANTE HAIR GRIP PACK/2 RUBY,53,6,88.31,9.9,78.41,0.1121,33,5,4133,0.999,C
35931,PINK STAR CHRISTMAS DECORATION,156,0,78.12,0.0,78.12,0.0,15,14,4134,0.999,C
90214H,"LETTER ""H"" BLING KEY RING",83,0,77.71,0.0,77.71,0.0,53,14,4135,0.999,C
90214N,"LETTER ""N"" BLING KEY RING",79,0,77.65,0.0,77.65,0.0,43,11,4136,0.999,C
21595,Dad's Cab Electronic Meter,9,0,76.95,0.0,76.95,0.0,9,0,4137,0.999,C
84593,CROCHET ROSE DES CLOTHES HANGER,26,5,76.7,0.0,76.7,0.0,7,7,4138,0.9991,C
84247H,PACK/12 DECOUPAGE CARD,42,11,109.13,32.45,76.68,0.2974,20,12,4139,0.9991,C
84425A,WHITE GLASS TV TRIPLE FRAME,18,8,76.6,0.0,76.6,0.0,9,8,4140,0.9991,C
90100,NECKLACE+BRACELET SET PINK DAISY,30,29,76.5,0.0,76.5,0.0,12,7,4141,0.9991,C
90020,FILIGREE DIAMANTE CHAIN,6,0,76.23,0.0,76.23,0.0,4,2,4142,0.9991,C
35815P,"ACRYLIC JEWEL SNOWFLAKE, PINK",168,63,75.88,0.0,75.88,0.0,7,7,4143,0.9991,C
84746,PINK EASTER HENS+FLOWER,24,66,75.81,0.0,75.81,0.0,16,6,4144,0.9991,C
90176D,DIAMANTE NECKLACE PURPLE,11,1,82.81,7.5,75.31,0.0906,7,6,4145,0.9991,C
37399,"ASS RETROSPOOF MUGS,SPORTS",143,113,75.0,0.0,75.0,0.0,6,6,4146,0.9991,C
90064B,BLACK VINTAGE  CRYSTAL EARRINGS,21,1,78.75,3.75,75.0,0.0476,12,8,4147,0.9991,C
16161E,WRAP BOUDOIR,750,245,75.0,0.0,75.0,0.0,9,8,4148,0.9991,C
84757,ENCHANTED GARDEN WROUGHT IRON TABLE,5,0,74.75,0.0,74.75,0.0,4,4,4149,0.9991,C
21267,VINTAGE PINK TINSEL REEL,24,22,74.6,0.0,74.6,0.0,10,3,4150,0.9991,C
90012A,MIDNIGHT BLUE DROP CRYSTAL NECKLACE,13,18,74.38,0.0,74.38,0.0,7,2,4151,0.9991,C
62043B,BLUE CHECK BAG W HANDLE 34X20CM,54,2,75.16,0.83,74.33,0.011,10,8,4152,0.9991,C
90202C,GREEN ENAMEL FLOWER HAIR TIE,31,6,91.46,17.7,73.76,0.1935,25,4,4153,0.9991,C
15030,FAN BLACK FRAME,254,0,73.66,0.0,73.66,0.0,26,23,4154,0.9991,C
90130C,GREEN STONE/CRYSTAL EARRINGS,25,0,73.62,0.0,73.62,0.0,24,2,4155,0.9991,C
79331,PINK FLOCK GLASS CANDLEHOLDER,60,3,73.6,0.0,73.6,0.0,9,8,4156,0.9991,C
84447,6 RABBIT CHAIN EASTER,70,54,73.27,0.0,73.27,0.0,19,7,4157,0.9991,C
90202A,PURPLE ENAMEL FLOWER HAIR TIE,31,6,90.9,17.7,73.2,0.1947,23,3,4158,0.9991,C
84899E,YELLOW + BROWN BEAR FELT PURSE KIT,53,27,73.93,1.25,72.68,0.0169,21,11,4159,0.9991,C
16151A,FLOWERS HANDBAG blue and orange,52,57,72.5,0.0,72.5,0.0,5,5,4160,0.9991,C
90214B,"LETTER ""B"" BLING KEY RING",75,0,72.33,0.0,72.33,0.0,40,13,4161,0.9991,C
84427B,BLACK GLASS TV DOUBLE P/FRAME 15X10,17,8,72.25,0.0,72.25,0.0,5,5,4162,0.9991,C
90027D,GLASS BEAD HOOP EARRINGS AMETHYST,23,9,72.18,0.0,72.18,0.0,16,6,4163,0.9991,C
90031,BILI NUT AND WOOD NECKLACE,52,0,71.9,0.0,71.9,0.0,9,5,4164,0.9992,C
21950,SET OF 6 DOTS CHOPSTICKS,211,271,263.63,192.05,71.58,0.7285,18,2,4165,0.9992,C
90038C,GLASS AND BEADS BRACELET IVORY,19,0,71.46,0.0,71.46,0.0,9,3,4166,0.9992,C
35937,CERISE+GOLD CHRISTMAS STOCKING DEC,188,31,71.44,0.0,71.44,0.0,17,16,4167,0.9992,C
90060D,FIRE POLISHED GLASS NECKL BRONZE,12,2,71.4,0.0,71.4,0.0,8,6,4168,0.9992,C
37509,NEW ENGLAND MUG W GIFT BOX,29,11,73.95,2.55,71.4,0.0345,14,14,4169,0.9992,C
84925C,FAIRY CAKES  WALL THERMOMETER,28,29,71.4,0.0,71.4,0.0,10,10,4170,0.9992,C
17007B,S/3 POT POURI CUSHIONS BLUE COLOURS,34,4,71.4,0.0,71.4,0.0,6,6,4171,0.9992,C
84415A,PINK FLOCK SUEDE CUSHION COVER,27,11,71.25,0.0,71.25,0.0,6,3,4172,0.9992,C
90037B,TINY CRYSTAL BRACELET GREEN,28,0,71.17,0.0,71.17,0.0,10,5,4173,0.9992,C
90179A,AMBER FINE BEAD NECKLACE W TASSEL,12,0,71.0,0.0,71.0,0.0,9,5,4174,0.9992,C
90187B,GREEN DROP EARRINGS W BEAD CLUSTER,21,0,70.6,0.0,70.6,0.0,15,2,4175,0.9992,C
20958,PORCELAIN HANGING BELL LARGE,38,101,70.5,0.0,70.5,0.0,10,9,4176,0.9992,C
47420,ASSORTED COLOUR SUCTION CUP HOOK,369,1000,70.11,0.0,70.11,0.0,31,23,4177,0.9992,C
90059F,DIAMANTE HAIR GRIP PACK/2 LT ROSE,48,6,79.87,9.9,69.97,0.124,27,5,4178,0.9992,C
84705A,ENGLISH ROSE PHOTO FRAME,15,9,69.75,0.0,69.75,0.0,7,5,4179,0.9992,C
90131,PINK/AMETHYST/GOLD NECKLACE,10,0,69.62,0.0,69.62,0.0,5,4,4180,0.9992,C
72140F,HAPPY ANNIVERSARY CANDLE LETTERS,175,5368,69.18,0.0,69.18,0.0,14,14,4181,0.9992,C
90037C,TINY CRYSTAL BRACELET BLUE,27,0,68.63,0.0,68.63,0.0,13,4,4182,0.9992,C
90176A,CLASSIC DIAMANTE NECKLACE JET,10,1,75.88,7.5,68.38,0.0988,7,3,4183,0.9992,C
71215,METAL BASE FOR CANDLES,177,0,68.1,0.0,68.1,0.0,12,10,4184,0.9992,C
84857A,SILVER MONTE CARLO HANDBAG,8,7,68.0,0.0,68.0,0.0,3,2,4185,0.9992,C
90121B,VINTAGE ROSE BEAD BRACELET BLUE,19,3,80.75,12.75,68.0,0.1579,9,8,4186,0.9992,C
DCGS0004,HAYNES CAMPER SHOULDER BAG,4,2,67.94,0.0,67.94,0.0,4,0,4187,0.9992,C
90140,PINK SWEETIE NECKLACE,9,0,67.9,0.0,67.9,0.0,7,2,4188,0.9992,C
84086B,YELLOW/BLUE RETRO RADIO,24,1,70.8,2.95,67.85,0.0417,12,7,4189,0.9992,C
90026C,GLASS BEAD HOOP NECKLACE GREEN,8,0,67.82,0.0,67.82,0.0,6,5,4190,0.9992,C
90026B,GLASS BEAD HOOP NECKLACE MONTANA,8,0,67.82,0.0,67.82,0.0,7,4,4191,0.9993,C
84864A,PINK PAISLEY PHOTO ALBUM,7,6,67.71,0.0,67.71,0.0,4,3,4192,0.9993,C
90078,PINK/WHITE GLASS DEMI CHOKER,9,0,67.64,0.0,67.64,0.0,5,4,4193,0.9993,C
90024F,NEW BAROQUE B'FLY NECKLACE CRYSTAL,8,0,67.61,0.0,67.61,0.0,6,2,4194,0.9993,C
47341B,BLUE TABLE RUN FLOWER,48,0,67.5,0.0,67.5,0.0,14,13,4195,0.9993,C
84926B,SCOTTS ROSES TILE COASTER,54,1,67.5,0.0,67.5,0.0,10,8,4196,0.9993,C
72045D,ROSES ON BLUE TEACUP CANDLE,539,504,918.65,851.76,66.89,0.9272,6,3,4197,0.9993,C
35819P,"ACRYLIC HANGING JEWEL,PINK",95,0,66.55,0.0,66.55,0.0,7,7,4198,0.9993,C
90037A,TINY CRYSTAL BRACELET RED,26,0,66.31,0.0,66.31,0.0,12,4,4199,0.9993,C
85072,OCCASIONS GIFT CARD ASSORTMENT,120,0,66.0,0.0,66.0,0.0,1,1,4200,0.9993,C
17136A,BLUE STONES ON WIRE FOR CANDLE,795,0,65.94,0.0,65.94,0.0,34,28,4201,0.9993,C
79329,PINK FLOCK GLASS CANDLEHOLDER,100,28,65.94,0.0,65.94,0.0,7,7,4202,0.9993,C
84340,LARGE FIBRE OPTIC CHRISTMAS TREE,21,61,65.76,0.0,65.76,0.0,11,5,4203,0.9993,C
84493,BLUE/PINK NEST STRIPE BOX,1142,632,111.12,45.36,65.76,0.4082,5,5,4204,0.9993,C
79406,FROSTED WHITE BASE,259,0,65.62,0.0,65.62,0.0,21,14,4205,0.9993,C
90088,CRYSTAL KEY+LOCK PHONE CHARM,101,48,86.7,21.25,65.45,0.2451,14,8,4206,0.9993,C
90179B,PURPLE FINE BEAD NECKLACE W TASSEL,11,0,65.31,0.0,65.31,0.0,9,5,4207,0.9993,C
47016,LIGHT DECORATION BATTERY OPERATED,31,23,65.1,0.0,65.1,0.0,5,4,4208,0.9993,C
16256C,HEARTS PENCIL/RUBBER+5 MINI PENCILS,169,419,70.98,5.88,65.1,0.0828,10,8,4209,0.9993,C
90177E,DROP DIAMANTE EARRINGS GREEN,28,6,82.71,17.7,65.01,0.214,22,3,4210,0.9993,C
90141B,IVORY PENDANT TRIPLE SHELL NECKLACE,13,0,64.94,0.0,64.94,0.0,9,2,4211,0.9993,C
90092,BLUE CRYSTAL BOOT PHONE CHARM,102,150,87.51,22.95,64.56,0.2623,10,6,4212,0.9993,C
84551,CROCHET DOG KEYRING,39,0,64.35,0.0,64.35,0.0,8,6,4213,0.9993,C
90074,BLACK DIAMOND CLUSTER NECKLACE,7,0,64.09,0.0,64.09,0.0,6,4,4214,0.9993,C
79534,MULTICOLOUR GLASS PLATE,116,0,63.8,0.0,63.8,0.0,16,14,4215,0.9993,C
84582,PINK CROCHET CAT WITH SCARF,15,4,63.75,0.0,63.75,0.0,11,9,4216,0.9993,C
85018A,S/6 PAPER BOXES ROMANTIC IMAGES,15,7,63.75,0.0,63.75,0.0,10,10,4217,0.9993,C
85018B,S/6 PAPER BOXES BLOSSOM IMAGES,15,2,63.75,0.0,63.75,0.0,10,10,4218,0.9993,C
35973,GERANIUM FOLKART HEART DECORATION,51,61,63.75,0.0,63.75,0.0,13,11,4219,0.9993,C
20905,VINTAGE KEEPSAKE BOX BEAUTY GIRL,10,12,63.5,0.0,63.5,0.0,4,3,4220,0.9994,C
90205A,LARGE MINT DIAMANTE HAIRSLIDE,38,0,63.46,0.0,63.46,0.0,22,6,4221,0.9994,C
37491D,PURPLE/BLUE CERAMIC CANDLE HOLDER,26,4,63.28,0.0,63.28,0.0,13,5,4222,0.9994,C
72709,IVORY SCULPTED RND CANDLE,74,50,62.9,0.0,62.9,0.0,13,10,4223,0.9994,C
84529B,BLUE KNITTED KID'S RUCKSACK,13,2,62.35,0.0,62.35,0.0,5,2,4224,0.9994,C
35607B,BLACK FEATHER CHRISTMAS DECORATION,312,186,62.3,0.0,62.3,0.0,17,15,4225,0.9994,C
47348A,FUSCHIA VOILE POINTY SHOE DEC,103,0,62.01,0.0,62.01,0.0,16,12,4226,0.9994,C
90176C,DIAMANTE NECKLACE,10,2,77.0,15.0,62.0,0.1948,6,4,4227,0.9994,C
72771B,BURG FLOCK GOLD CUP/CANDLE,129,87,61.94,0.0,61.94,0.0,8,6,4228,0.9994,C
20620,RED SPOTTY PASSPORT COVER,15,46,61.76,0.0,61.76,0.0,14,1,4229,0.9994,C
35817B,"ACRYLIC JEWEL SNOWFLAKE,BLUE",143,1,61.3,0.0,61.3,0.0,3,2,4230,0.9994,C
40002,WHITE BAMBOO RIBS LAMPSHADE,78,16,66.3,5.1,61.2,0.0769,1,1,4231,0.9994,C
35910B,PINK FLOWERS RABBIT EASTER,29,0,61.07,0.0,61.07,0.0,8,6,4232,0.9994,C
90188,DROP EARRINGS W FLOWER & LEAF,24,50,61.05,0.0,61.05,0.0,20,3,4233,0.9994,C
84875A,PINK SQUARE COMPACT MIRROR,16,45,60.0,0.0,60.0,0.0,12,10,4234,0.9994,C
23629,SET 10 CARDS DRESSING UP 17077,24,0,59.76,0.0,59.76,0.0,10,0,4235,0.9994,C
90021,LASER CUT MULTI STRAND NECKLACE,5,0,59.75,0.0,59.75,0.0,4,4,4236,0.9994,C
84292B,BLUE COL METAL FOLDING CHAIR,9,0,59.75,0.0,59.75,0.0,5,4,4237,0.9994,C
90171,DAISY RING,47,51,59.65,0.0,59.65,0.0,27,2,4238,0.9994,C
44241C,BLUE BUTTERFLY ON SPRING,70,16,59.5,0.0,59.5,0.0,8,7,4239,0.9994,C
35654,VINTAGE BEAD FILLED PINK CUSHION,12,5,59.4,0.0,59.4,0.0,5,4,4240,0.9994,C
90214P,"LETTER ""P"" BLING KEY RING",77,6,66.59,7.5,59.09,0.1126,33,13,4241,0.9994,C
90011B,BLACK CRYSTAL DROP EARRINGS,20,32,59.06,0.0,59.06,0.0,15,4,4242,0.9994,C
35909A,RABBIT EASTER DECORATION,20,0,59.0,0.0,59.0,0.0,5,5,4243,0.9994,C
17129C,SKY BLUE COLOUR GLASS GEMS IN BAG,87,30,58.83,0.0,58.83,0.0,11,7,4244,0.9994,C
81985A,"ICON ALARM CLOCK,FUSCHIA  PIN UP",23,11,58.65,0.0,58.65,0.0,7,7,4245,0.9994,C
84226,HEN HOUSE W FAMILY IN BARN & NEST,77,34,58.31,0.0,58.31,0.0,18,17,4246,0.9994,C
90059C,DIAMANTE HAIR GRIP PACK/2 MONTANA,41,6,68.18,9.9,58.28,0.1452,23,6,4247,0.9994,C
21343,GOLD JEWELERY BOX,20,15,92.0,33.9,58.1,0.3685,3,3,4248,0.9994,C
35816B,"ACRYLIC JEWEL ANGEL,BLUE",139,17,58.07,0.0,58.07,0.0,3,2,4249,0.9994,C
35821B,"JEWELLED DECORATION,BLUE",150,21,57.0,0.0,57.0,0.0,3,3,4250,0.9994,C
90002E,FLOWER BURST SILVER RING GREEN,18,38,67.77,11.25,56.52,0.166,11,7,4251,0.9995,C
90050,CRACKED GLAZE NECKLACE IVORY,10,2,70.16,13.9,56.26,0.1981,6,2,4252,0.9995,C
37477B,"FLOWER FAIRY MUG+COASTER,LAVENDER",16,12,60.0,3.75,56.25,0.0625,8,6,4253,0.9995,C
90212C,PURPLE LAS VEGAS BRACELET ROUND,15,0,56.25,0.0,56.25,0.0,7,5,4254,0.9995,C
85080,PADDED RED HEART DECORATION,114,61,56.18,0.0,56.18,0.0,22,19,4255,0.9995,C
47344B,BLUE FLOWER DES PURSE,54,16,56.16,0.0,56.16,0.0,10,10,4256,0.9995,C
85023C,PINK LARGE JEWELED PHOTOFRAME,23,8,58.65,2.55,56.1,0.0435,11,10,4257,0.9995,C
90033,IVORY SHELL HEART EARRINGS,22,0,55.88,0.0,55.88,0.0,18,2,4258,0.9995,C
84803B,WHITE ALLIUM  ARTIFICIAL FLOWER,42,9,70.98,15.21,55.77,0.2143,11,10,4259,0.9995,C
90214T,"LETTER ""T"" BLING KEY RING",57,0,55.57,0.0,55.57,0.0,24,9,4260,0.9995,C
22657,HEN & 2 CHICKS IN BASKET,65,0,55.25,0.0,55.25,0.0,7,7,4261,0.9995,C
85151,WELCOME METAL SIGN,44,0,55.0,0.0,55.0,0.0,8,8,4262,0.9995,C
90135A,ORANGE/FUSCHIA STONES NECKLACE,11,0,54.62,0.0,54.62,0.0,4,2,4263,0.9995,C
90142D,MOP PENDANT SHELL NECKLACE,11,0,54.59,0.0,54.59,0.0,5,4,4264,0.9995,C
90043,COPPER AND BRASS BAG CHARM,10,0,54.51,0.0,54.51,0.0,6,5,4265,0.9995,C
20953,PORCELAIN CHERUB BELL LARGE,33,7,54.45,0.0,54.45,0.0,9,7,4266,0.9995,C
90046,WHITE WITH METAL BAG CHARM,13,2,64.35,9.9,54.45,0.1538,7,6,4267,0.9995,C
20820,SILVER LOOKING MIRROR,11,146,54.45,0.0,54.45,0.0,8,6,4268,0.9995,C
46115B,GREEN POP ART MAO CUSHION COVER,286,2,54.34,0.0,54.34,0.0,22,19,4269,0.9995,C
84402B,PURPLE DRESS JEWELLERY STAND,63,0,54.09,0.0,54.09,0.0,4,4,4270,0.9995,C
85023A,CRYSTAL LARGE JEWELLED PHOTO FRAME,22,1,56.1,2.55,53.55,0.0455,10,9,4271,0.9995,C
90214I,"LETTER ""I"" BLING KEY RING",62,6,61.0,7.5,53.5,0.123,27,10,4272,0.9995,C
35001B,HAND OPEN SHAPE BLACK,17,2,59.33,5.9,53.43,0.0994,6,5,4273,0.9995,C
72798C,SET/4 GARDEN ROSE DINNER CANDLE,28,22,53.11,0.0,53.11,0.0,15,10,4274,0.9995,C
90202B,WHITE ENAMEL FLOWER HAIR TIE,24,6,70.49,17.7,52.79,0.2511,16,3,4275,0.9995,C
20870,OPULENT VELVET CANDLE IN BOX,30,30,54.3,2.1,52.2,0.0387,7,4,4276,0.9995,C
84845D,GERANIUM SQUARE HANDY TIN,41,8,51.25,0.0,51.25,0.0,11,11,4277,0.9995,C
35071,ASSORTED SANTA CHRISTMAS DECORATION,50,200,51.14,0.0,51.14,0.0,7,5,4278,0.9995,C
20964,POLYESTER FILLER PAD 60x40cm,20,0,51.0,0.0,51.0,0.0,6,6,4279,0.9995,C
84612B,SET/4 BLACK  BAROQUE FLOCK COASTER,20,162,51.0,0.0,51.0,0.0,4,4,4280,0.9995,C
90001B,ANTIQUE MID BLUE FLOWER EARRINGS,13,8,55.12,4.25,50.87,0.0771,10,4,4281,0.9995,C
90034,WHITE SILVER NECKLACE SHELL GLASS,5,0,50.48,0.0,50.48,0.0,5,2,4282,0.9995,C
72083A,STRAWBERY SWIRL FLARE CANDLE,24,0,50.4,0.0,50.4,0.0,7,7,4283,0.9995,C
90141E,ORANGE PENDANT TRIPLE SHELL NECKLAC,10,0,50.06,0.0,50.06,0.0,5,3,4284,0.9995,C
23603,SET 10 CARD KRAFT REINDEER 17084,20,0,49.8,0.0,49.8,0.0,14,0,4285,0.9995,C
72129,COLUMBIAN CANDLE ROUND,75,17,49.76,0.0,49.76,0.0,18,16,4286,0.9995,C
90052,CRACKED GLAZE NECKLACE BROWN,7,0,49.58,0.0,49.58,0.0,5,1,4287,0.9996,C
17013C,ORIGAMI LAVENDER INCENSE IN TUBE,213,899,89.46,40.32,49.14,0.4507,2,2,4288,0.9996,C
84537B,FAIRY CAKES GIFT BAG,117,21,49.14,0.0,49.14,0.0,11,10,4289,0.9996,C
35644,PAIR PINK/BLACK COATHANGERS,25,7,48.75,0.0,48.75,0.0,7,6,4290,0.9996,C
84845C,CARNATION SQUARE HANDY TIN,42,31,52.5,3.75,48.75,0.0714,14,14,4291,0.9996,C
90128A,PINK LEAVES AND BEADS PHONE CHARM,33,0,48.71,0.0,48.71,0.0,10,5,4292,0.9996,C
37489A,YELLOW/PINK FLOWER DESIGN BIG MUG,47,0,48.51,0.0,48.51,0.0,23,21,4293,0.9996,C
37491A,YELLOW/PINK CERAMIC CANDLE HOLDER,18,0,48.3,0.0,48.3,0.0,13,5,4294,0.9996,C
35603C,SET/16 WHITE SHINY & MATT BAUBLES,83,52,48.3,0.0,48.3,0.0,24,19,4295,0.9996,C
90083,CRYSTAL CZECH CROSS PHONE CHARM,52,0,48.08,0.0,48.08,0.0,15,6,4296,0.9996,C
21347,GOTHIC CARRIAGE LANTERN,8,18,47.6,0.0,47.6,0.0,4,4,4297,0.9996,C
85081,PADDED HOLLY CHRISTMAS DECORATION,107,38,47.43,0.0,47.43,0.0,21,20,4298,0.9996,C
20895,VINTAGE NOTEBOOK FRENCH LETTER,16,34,47.2,0.0,47.2,0.0,4,3,4299,0.9996,C
35909B,PINK FLOWERS RABBIT EASTER,16,0,47.2,0.0,47.2,0.0,6,6,4300,0.9996,C
90067B,BROWN VINTAGE VICTORIAN EARRINGS,16,0,47.12,0.0,47.12,0.0,6,2,4301,0.9996,C
84227,HEN HOUSE W CHICK IN NEST,112,2,47.04,0.0,47.04,0.0,13,13,4302,0.9996,C
90181C,BLACK GLASS/SHELL/PEARL NECKLACE,5,0,46.93,0.0,46.93,0.0,5,0,4303,0.9996,C
20988,TRELLIS FLOWER CHOPSTICKS SET/5,24,26,46.8,0.0,46.8,0.0,9,8,4304,0.9996,C
90001C,ANTIQUE OPAL WHITE FLOWER EARRINGS,11,11,46.7,0.0,46.7,0.0,10,5,4305,0.9996,C
90001A,ANTIQUE RASPBERRY FLOWER EARRINGS,11,0,46.6,0.0,46.6,0.0,10,3,4306,0.9996,C
84705F,RED PEONY PHOTO FRAME,10,3,46.5,0.0,46.5,0.0,5,4,4307,0.9996,C
16050,TEATIME PENCIL WITH RUBBER,151,843,46.45,0.0,46.45,0.0,8,4,4308,0.9996,C
47341A,FUSCHIA TABLE RUN FLOWER,29,7,46.25,0.0,46.25,0.0,7,7,4309,0.9996,C
72024U,LILAC VOTIVE CANDLE,220,106,46.2,0.0,46.2,0.0,11,10,4310,0.9996,C
84626,CANDY STRIPE ROSE QUILT,1,3,45.95,0.0,45.95,0.0,1,1,4311,0.9996,C
18097A,PINK TALL PORCELAIN T-LIGHT HOLDER,18,23,45.9,0.0,45.9,0.0,12,10,4312,0.9996,C
35611B,BLACK ASSORTED DROPLET DECORATION,62,231,45.76,0.0,45.76,0.0,3,2,4313,0.9996,C
16161C,WRAP SPEED DEMONS,450,632,45.0,0.0,45.0,0.0,2,2,4314,0.9996,C
35233,PASTA ENAMEL/BRASS CONTAINER,12,1,45.0,0.0,45.0,0.0,8,8,4315,0.9996,C
72724,SET/6 CHRISTMAS ICICLE T-LIGHTS,36,0,45.0,0.0,45.0,0.0,10,9,4316,0.9996,C
23625,SET 6 CARDS SPARKLY REINDEER 17262,9,0,44.91,0.0,44.91,0.0,4,0,4317,0.9996,C
90135,ORANGE/WHT/FUSCHIA STONES NECKLACE,9,0,44.75,0.0,44.75,0.0,3,1,4318,0.9996,C
37462E,"PET MUG, GOLDFISH",107,6,47.12,2.52,44.6,0.0535,28,9,4319,0.9996,C
90197D,AMBER GLASS BRACELET HEART CHARMS,9,11,44.55,0.0,44.55,0.0,4,4,4320,0.9996,C
72796B,S/3 FRENCH VANILLA SQU CANDLE,27,0,44.55,0.0,44.55,0.0,12,11,4321,0.9996,C
90011A,MIDNIGHT BLUE CRYSTAL DROP EARRINGS,15,10,44.28,0.0,44.28,0.0,15,2,4322,0.9996,C
84586L,"PINK ROSES/GINGHAM PATCH RABBIT 8""",15,0,44.25,0.0,44.25,0.0,9,9,4323,0.9996,C
35085E,IVORY ROSE LAMPSHADE,39,28,44.25,0.0,44.25,0.0,9,7,4324,0.9996,C
90084,PINK CRYSTAL GUITAR PHONE CHARM,64,17,54.4,10.2,44.2,0.1875,9,8,4325,0.9996,C
90125E,AMBER BERTIE GLASS BEAD BAG CHARM,18,0,44.19,0.0,44.19,0.0,17,2,4326,0.9996,C
35815B,"ACRYLIC JEWEL SNOWFLAKE,BLUE",95,10,43.94,0.0,43.94,0.0,3,2,4327,0.9996,C
17014C,ORIGAMI LAVENDER INCENSE CONES,97,96,43.75,0.0,43.75,0.0,2,1,4328,0.9997,C
79063C,"RETRO PILL BOX KEY CHAIN,THE KING",235,0,43.65,0.0,43.65,0.0,14,13,4329,0.9997,C
90042B,FRESHWATER PEARL BRACELET PINK,17,8,43.35,0.0,43.35,0.0,6,4,4330,0.9997,C
35822P,"ACRYLIC BEAD CHAIN, PINK",114,3,43.32,0.0,43.32,0.0,1,1,4331,0.9997,C
90054,CRACKED GLAZE EARRINGS RED,17,0,43.02,0.0,43.02,0.0,17,2,4332,0.9997,C
23038,T-LIGHT HOLDER SILVER SAUCER,44,0,42.92,0.0,42.92,0.0,8,4,4333,0.9997,C
84857B,BLUE MONTE CARLO HANDBAG,24,6,46.8,3.9,42.9,0.0833,1,1,4334,0.9997,C
21596,Hypochondriac Pill Stress Ball,10,0,42.64,0.0,42.64,0.0,9,0,4335,0.9997,C
90024A,NEW BAROQUE B'FLY NECKLACE BLACK,5,4,42.5,0.0,42.5,0.0,4,4,4336,0.9997,C
90126C,AMBER BERTIE MOBILE PHONE CHARM,21,0,42.1,0.0,42.1,0.0,5,2,4337,0.9997,C
72771C,BLACK FLOCK GOLD CANDLE,54,4,42.08,0.0,42.08,0.0,6,4,4338,0.9997,C
20860,GOLD COSMETICS BAG WITH BUTTERFLY,20,25,42.0,0.0,42.0,0.0,11,10,4339,0.9997,C
90060C,FIRE POLISHED GLASS NECKL SILVER,7,5,41.65,0.0,41.65,0.0,3,3,4340,0.9997,C
90060B,FIRE POLISHED GLASS NECKL GOLD,7,5,41.65,0.0,41.65,0.0,4,4,4341,0.9997,C
90152C,BLUE/NAT SHELL NECKLACE W PENDANT,7,0,41.65,0.0,41.65,0.0,4,4,4342,0.9997,C
23448,CREAM BUNNY EASTER EGG BASKET,25,0,41.25,0.0,41.25,0.0,3,3,4343,0.9997,C
90027C,GLASS BEAD HOOP EARRINGS GREEN,14,0,41.17,0.0,41.17,0.0,12,2,4344,0.9997,C
90183C,BLACK DROP EARRINGS W LONG BEADS,14,0,41.02,0.0,41.02,0.0,14,2,4345,0.9997,C
21119,Glow In The Dark Shot Glasses,3,1,41.01,0.0,41.01,0.0,3,0,4346,0.9997,C
84798C,WHITE FOXGLOVE ARTIIFCIAL FLOWER,16,0,40.8,0.0,40.8,0.0,3,3,4347,0.9997,C
44228,CANNABIS LEAF BEAD CURTAIN,48,57,40.8,0.0,40.8,0.0,3,3,4348,0.9997,C
90136,PALE PINK/AMETHYST STONE NECKLACE,4,0,40.47,0.0,40.47,0.0,3,2,4349,0.9997,C
90152A,SILVER/NAT SHELL NECKLACE W PENDANT,7,0,40.34,0.0,40.34,0.0,7,4,4350,0.9997,C
37468,HARDMAN MUG 3 ASSORTED,66,2,40.2,0.0,40.2,0.0,14,11,4351,0.9997,C
20994,JAZZ HEARTS SPIRAL NOTEPAD,47,26,39.95,0.0,39.95,0.0,12,12,4352,0.9997,C
47013A,WINE BOTTLE DRESSING LT.BLUE,141,2,39.87,0.0,39.87,0.0,25,21,4353,0.9997,C
35963,FOLKART ZINC CLIP ON ANGEL WINGS,104,10,39.52,0.0,39.52,0.0,11,10,4354,0.9997,C
47013C,WINE BOTTLE DRESSING DARK BLUE,147,12,40.52,1.44,39.08,0.0355,27,18,4355,0.9997,C
82545A,COGNAC AUX OEUFS METAL 1 HOOK,31,4,38.75,0.0,38.75,0.0,11,11,4356,0.9997,C
85184B,SET 4 EASTER DECOUPAGE OVAL BOXES,14,9,41.3,2.95,38.35,0.0714,7,7,4357,0.9997,C
90130D,RED STONE/CRYSTAL EARRINGS,13,0,38.31,0.0,38.31,0.0,8,1,4358,0.9997,C
90027B,GLASS BEAD HOOP EARRINGS MONTANA,13,0,38.28,0.0,38.28,0.0,10,3,4359,0.9997,C
90182C,BLACK 3 BEAD DROP EARRINGS,19,6,55.74,17.7,38.04,0.3175,13,2,4360,0.9997,C
90177A,CLASSIC DIAMANTE EARRINGS JET,19,6,55.69,17.7,37.99,0.3178,14,2,4361,0.9997,C
90176B,DIAMANTE NECKLACE BLACK,5,0,37.62,0.0,37.62,0.0,4,2,4362,0.9997,C
85115B,S/4 BLACK DISCO PARTITION PANEL,6,0,37.62,0.0,37.62,0.0,2,1,4363,0.9997,C
90039A,FIRE POLISHED GLASS BRACELET RED,10,0,37.61,0.0,37.61,0.0,5,2,4364,0.9997,C
90214F,"LETTER ""F"" BLING KEY RING",45,0,37.53,0.0,37.53,0.0,27,11,4365,0.9997,C
79413,GLASS WINE GLASS DECORATIONS,30,4,37.5,0.0,37.5,0.0,9,7,4366,0.9997,C
37112,YELLOW BIRDS FELT DES FOODCOVER,10,11,37.5,0.0,37.5,0.0,5,4,4367,0.9997,C
90126A,PINK BERTIE MOBILE PHONE CHARM,20,0,37.14,0.0,37.14,0.0,5,3,4368,0.9997,C
84251J,"GREETING CARD, THE BLACK CAT",74,28,37.04,0.0,37.04,0.0,17,4,4369,0.9997,C
16162M,THE KING GIFT BAG 25x24x12cm,88,84,36.96,0.0,36.96,0.0,13,10,4370,0.9997,C
72715,SPHERICAL IVORY CANDLE,88,32,36.96,0.0,36.96,0.0,13,8,4371,0.9997,C
17014E,ORIGAMI OPIUM INCENSE CONES,95,0,36.6,0.0,36.6,0.0,6,4,4372,0.9997,C
90141D,ROSE PENDANT TRIPLE SHELL NECKLACE,7,0,36.33,0.0,36.33,0.0,5,1,4373,0.9997,C
90037D,TINY CRYSTALS BRACELET BLACK,14,131,35.87,0.0,35.87,0.0,8,1,4374,0.9997,C
84745B,BLUE HANGING GINGHAM EASTER HEN,85,0,35.7,0.0,35.7,0.0,17,15,4375,0.9998,C
90132,LIGHT TOPAZ TEAL/AQUA COL NECKLACE,7,0,35.63,0.0,35.63,0.0,7,0,4376,0.9998,C
47504J,ENGLISH ROSE SET/3 GARDEN TOOLS,5,83,67.25,31.8,35.45,0.4729,4,2,4377,0.9998,C
79063D,"RETRO PILL BOX , REVOLUTIONARY",190,0,35.33,0.0,35.33,0.0,11,9,4378,0.9998,C
90011C,GREEN CRYSTAL DROP EARRINGS,12,0,35.33,0.0,35.33,0.0,7,1,4379,0.9998,C
90152B,BLUE/GREEN SHELL NECKLACE W PENDANT,6,0,35.26,0.0,35.26,0.0,5,4,4380,0.9998,C
90059B,DIAMANTE HAIR GRIP PACK/2 BLACK DIA,27,6,44.87,9.9,34.97,0.2206,16,4,4381,0.9998,C
DCGS0058,MISO PRETTY  GUM,42,0,34.82,0.0,34.82,0.0,30,0,4382,0.9998,C
90081B,LILY BROOCH WHITE/SILVER COLOUR,7,0,34.65,0.0,34.65,0.0,3,2,4383,0.9998,C
84546,CROCHET POODLE KEYRING,21,45,34.65,0.0,34.65,0.0,3,3,4384,0.9998,C
35955,SMALL FOLKART CHRISTMAS TREE DEC,135,200,34.62,0.0,34.62,0.0,4,4,4385,0.9998,C
44265,M/COLOUR POM-POM CURTAIN,8,5,34.0,0.0,34.0,0.0,4,4,4386,0.9998,C
90066A,PINK VINTAGE VICTORIAN CHOKER,5,1,33.75,0.0,33.75,0.0,2,2,4387,0.9998,C
85079,EMBROIDERED REINDEER DECORATION,24,12,33.1,0.0,33.1,0.0,8,6,4388,0.9998,C
DCGS0003,BOXED GLASS ASHTRAY,13,7,32.59,0.0,32.59,0.0,13,0,4389,0.9998,C
20952,PORCELAIN CHERUB BELL SMALL,330,388,151.14,119.16,31.98,0.7884,24,19,4390,0.9998,C
84608,ORNATE EDWARDIAN CANDLE HOLDER,6,20,47.7,15.9,31.8,0.3333,4,4,4391,0.9998,C
90214O,"LETTER ""O"" BLING KEY RING",36,0,31.42,0.0,31.42,0.0,18,11,4392,0.9998,C
23632,SET 10 CARDS CHEERFUL ROBIN 17065,15,0,31.2,0.0,31.2,0.0,10,0,4393,0.9998,C
84745A,PINK HANGING GINGHAM EASTER HEN,74,0,31.08,0.0,31.08,0.0,15,13,4394,0.9998,C
44091C,MULTICOLOUR CRUSOE CHECK LAMPSHADE,61,6,30.66,0.0,30.66,0.0,17,10,4395,0.9998,C
37348,SET OF 4 PASTEL STACKING MUGS,14,7,35.7,5.1,30.6,0.1429,7,5,4396,0.9998,C
21919,Electronic Talking Breath-A-Loser,6,1,30.47,0.0,30.47,0.0,5,0,4397,0.9998,C
90076,MONTANA DIAMOND CLUSTER EARRINGS,12,1,33.0,2.55,30.45,0.0773,7,1,4398,0.9998,C
37489B,BLUE/YELLOW FLOWER DESIGN BIG MUG,38,14,30.42,0.0,30.42,0.0,17,17,4399,0.9998,C
90214V,"LETTER ""V"" BLING KEY RING",39,0,30.23,0.0,30.23,0.0,24,7,4400,0.9998,C
90025F,BAROQUE BUTTERFLY EARRINGS CRYSTAL,8,0,30.23,0.0,30.23,0.0,8,2,4401,0.9998,C
18010,ASSORTED FRAGRANCE BATH CONFETTI,64,772,30.16,0.0,30.16,0.0,9,6,4402,0.9998,C
37491B,BLUE/YELLOW CERAMIC CANDLE HOLDER,14,7,30.08,0.0,30.08,0.0,8,5,4403,0.9998,C
47563B,WAVELINE SURF IRONING BOARD COVER,8,10,30.0,0.0,30.0,0.0,6,6,4404,0.9998,C
90176E,DIAMANTE NECKLACE GREEN,4,0,29.98,0.0,29.98,0.0,3,2,4405,0.9998,C
21767,FRENCH STYLE WIRE DOOR CABINET,1,1,29.95,0.0,29.95,0.0,1,1,4406,0.9998,C
21685,MEDINA STAMPED METAL TRAY,3,5,44.85,14.95,29.9,0.3333,2,2,4407,0.9998,C
79065A,TEATIME ROUND CAKE TINS,4,1,39.8,9.95,29.85,0.25,1,1,4408,0.9998,C
22351,DOTCOMGIFTSHOP TEA TOWEL,15,1400,29.81,0.0,29.81,0.0,3,1,4409,0.9998,C
35598A,DUSTY PINK CHRISTMAS TREE 60CM,10,0,29.5,0.0,29.5,0.0,3,3,4410,0.9998,C
10138,ASSORTED COLOUR JUMBO PEN,261,521,111.22,81.9,29.32,0.7364,21,14,4411,0.9998,C
78034B,BLUE NETTING STORAGE HANGER,15,0,29.25,0.0,29.25,0.0,9,9,4412,0.9998,C
40005B,BLUE ORGANDY ROUND LAMPSHADE W BEA,34,0,28.9,0.0,28.9,0.0,13,11,4413,0.9998,C
37489D,PINK/GREEN FLOWER DESIGN BIG MUG,46,12,28.86,0.0,28.86,0.0,20,20,4414,0.9998,C
44089C,LILAC GAUZE BUTTERFLY LAMPSHADE,68,0,28.56,0.0,28.56,0.0,18,14,4415,0.9998,C
21097,SET/6 GREEN SPRING  PAPER PLATE,33,31,28.05,0.0,28.05,0.0,7,5,4416,0.9998,C
37489C,GREEN/BLUE FLOWER DESIGN BIG MUG,28,11,28.01,0.0,28.01,0.0,12,10,4417,0.9998,C
17091F,SANDALWOOD INCENSE IN TIN,19,25,27.71,0.0,27.71,0.0,8,6,4418,0.9998,C
23613,SET 10 XMAS CARDS & BADGES 17070,11,0,27.39,0.0,27.39,0.0,6,0,4419,0.9998,C
23637,SET 10 CARDS OUT OF ORDER 17216,11,0,27.39,0.0,27.39,0.0,9,0,4420,0.9998,C
84030B,KNITTED POM POM HOT WATER BOTTLE,6,0,27.21,0.0,27.21,0.0,4,2,4421,0.9998,C
84867B,BLUE BABY BOY'S PHOTO ALBUM,2,7,27.14,0.0,27.14,0.0,1,0,4422,0.9998,C
90187A,BLUE DROP EARRINGS W BEAD CLUSTER,8,8,27.04,0.0,27.04,0.0,7,1,4423,0.9998,C
23702,High Resolution Image,4,0,27.0,0.0,27.0,0.0,3,3,4424,0.9998,C
17013F,ORIGAMI SANDLEWOOD INCENSE IN TUBE,62,10,26.7,0.0,26.7,0.0,5,4,4425,0.9998,C
90027A,GLASS BEAD HOOP EARRINGS BLACK,9,37,26.52,0.0,26.52,0.0,6,3,4426,0.9998,C
90025E,BAROQUE BUTTERFLY EARRINGS MONTANA,7,0,26.5,0.0,26.5,0.0,7,3,4427,0.9998,C
84876C,SILVER HEART COMPACT MIRROR,8,20,30.0,3.75,26.25,0.125,4,4,4428,0.9998,C
23636,SET 10 CARDS WISHING TREE 17116,9,0,26.19,0.0,26.19,0.0,7,0,4429,0.9998,C
90182A,AMBER 3 BEAD DROP EARRINGS,9,0,26.16,0.0,26.16,0.0,9,0,4430,0.9998,C
90041,PEARL AND CHERRY QUARTZ BRACLET,7,0,25.67,0.0,25.67,0.0,6,2,4431,0.9998,C
20954,*USB Office Mirror Ball,3,4,25.59,0.0,25.59,0.0,3,0,4432,0.9998,C
90142A,GREEN PENDANT SHELL NECKLACE,5,0,25.45,0.0,25.45,0.0,4,0,4433,0.9998,C
DCGS0070,CAMOUFLAGE DOG COLLAR,2,8,25.44,0.0,25.44,0.0,2,0,4434,0.9998,C
90214Y,"LETTER ""Y"" BLING KEY RING",68,0,25.34,0.0,25.34,0.0,10,4,4435,0.9998,C
90055,CRACKED GLAZE EARRINGS BROWN,10,0,25.28,0.0,25.28,0.0,10,1,4436,0.9998,C
35597D,PINK/WHITE CHRISTMAS TREE 30CM,58,2,25.28,0.0,25.28,0.0,7,7,4437,0.9998,C
90053,CRACKED GLAZE EARRINGS IVORY,10,0,25.23,0.0,25.23,0.0,10,0,4438,0.9998,C
90128C,GREEN LEAVES AND BEADS PHONE CHARM,17,27,25.04,0.0,25.04,0.0,6,3,4439,0.9999,C
23620,SET 10 CARDS PERFECT POST 17090,10,0,24.9,0.0,24.9,0.0,7,0,4440,0.9999,C
84550,CROCHET LILAC/RED BEAR KEYRING,15,0,24.75,0.0,24.75,0.0,5,4,4441,0.9999,C
35633B,BLUE TINSEL GARLAND,130,0,24.7,0.0,24.7,0.0,12,12,4442,0.9999,C
35596,WOOD XMAS TREE 9 FIG SHELVES,29,1,24.65,0.0,24.65,0.0,4,4,4443,0.9999,C
10124A,SPOTS ON RED BOOKCOVER TAPE,58,0,24.36,0.0,24.36,0.0,18,18,4444,0.9999,C
84575B,BROWN DOG CANNISTER W BONE,4,36,23.8,0.0,23.8,0.0,3,3,4445,0.9999,C
84611B,BLACK NEW BAROQUE FLOCK BOX,7,1433,41.65,17.85,23.8,0.4286,4,4,4446,0.9999,C
90128B,BLUE LEAVES AND BEADS PHONE CHARM,18,0,23.76,0.0,23.76,0.0,6,5,4447,0.9999,C
17014F,ORIGAMI SANDLEWOOD INCENSE CONES,61,40,23.7,0.0,23.7,0.0,4,4,4448,0.9999,C
90011E,AMBER CRYSTAL DROP EARRINGS,8,5,23.61,0.0,23.61,0.0,8,1,4449,0.9999,C
23623,SET 10 CARD CHRISTMAS WELCOME 17112,8,0,23.28,0.0,23.28,0.0,6,0,4450,0.9999,C
84456,SET OF 3 RABBIT EGG EASTER,37,12,33.15,10.2,22.95,0.3077,16,12,4451,0.9999,C
90095,NECKLACE+BRACELET SET PINK BLOSSOM,8,30,22.91,0.0,22.91,0.0,3,2,4452,0.9999,C
90025C,BAROQUE BUTTERFLY EARRINGS GREEN,6,230,22.56,0.0,22.56,0.0,6,2,4453,0.9999,C
90189B,GOLD 2 STRAND NECKLACE-LEAF CHARMS,3,0,22.5,0.0,22.5,0.0,2,2,4454,0.9999,C
35591T,TURQUOISE CHRISTMAS TREE,18,28,22.5,0.0,22.5,0.0,9,9,4455,0.9999,C
84450A,PINK RABBIT SITTING EASTER,52,40,24.18,1.68,22.5,0.0695,5,4,4456,0.9999,C
37477C,"FLOWER FAIRY MUG+COASTER,ROSE",6,31,22.5,0.0,22.5,0.0,1,1,4457,0.9999,C
85225,BLING KEY RING STAND,19,0,22.5,0.0,22.5,0.0,11,10,4458,0.9999,C
23640,SET 10 CARDS SCOTTIE DOG 17211,9,0,22.41,0.0,22.41,0.0,8,0,4459,0.9999,C
23645,SET 10 CHRISTMAS CARDS HOHOHO 16956,9,0,22.41,0.0,22.41,0.0,4,0,4460,0.9999,C
47552A,DOTS IRONING BOARD COVER,13,3,25.35,3.3,22.05,0.1302,11,11,4461,0.9999,C
35652,VINTAGE BEAD CHAISE LONG JEWEL BOX,18,1,21.5,0.0,21.5,0.0,2,2,4462,0.9999,C
90214Z,"LETTER ""Z"" BLING KEY RING",31,0,21.49,0.0,21.49,0.0,18,5,4463,0.9999,C
84387A,BIRD ON BRANCH CANVAS SCREEN,11,14,21.45,0.0,21.45,0.0,1,1,4464,0.9999,C
21387,IVORY HANGING DECORATION  RABBIT,25,19,21.25,0.0,21.25,0.0,4,4,4465,0.9999,C
44092C,PURPLE/COPPER HANGING LAMPSHADE,25,0,21.25,0.0,21.25,0.0,10,6,4466,0.9999,C
90128D,PURPLE LEAVES AND BEADS PHONE CHAR,13,17,21.24,0.0,21.24,0.0,7,2,4467,0.9999,C
21594,Dr. Jam's Arouzer Stress Ball,5,1,21.06,0.0,21.06,0.0,5,0,4468,0.9999,C
23692,WRAP A PRETTY THANK YOU,50,0,21.0,0.0,21.0,0.0,2,2,4469,0.9999,C
84868B,BLUE BABY BOY'S MEMORY BOX,5,13,34.75,13.9,20.85,0.4,4,4,4470,0.9999,C
DCGS0072,CAT CAMOUFLAGUE COLLAR,4,1,20.68,0.0,20.68,0.0,3,0,4471,0.9999,C
10002R,ROBOT PENCIL SHARPNER,4,0,20.57,0.0,20.57,0.0,3,0,4472,0.9999,C
79172D,PURPLE TINT ACRYLIC FLOWER VASE,24,11,20.4,0.0,20.4,0.0,4,4,4473,0.9999,C
90082C,DIAMANTE BOW BROOCH WHITE COLOUR,3,0,19.93,0.0,19.93,0.0,3,1,4474,0.9999,C
23601,SET 10 CARDS SNOWY SNOWDROPS  17100,8,0,19.92,0.0,19.92,0.0,4,0,4475,0.9999,C
23646,SET 10 CARDS JINGLE BELLS 16957,8,0,19.92,0.0,19.92,0.0,5,0,4476,0.9999,C
90127A,PINK BEADS+HAND PHONE CHARM,14,0,19.92,0.0,19.92,0.0,2,1,4477,0.9999,C
23616,SET 10 CARDS JINGLE BELLS 17217,8,0,19.92,0.0,19.92,0.0,7,0,4478,0.9999,C
84570B,WHITE SATIN DRESS JEWEL STAND,4,0,19.8,0.0,19.8,0.0,2,2,4479,0.9999,C
37487B,YELLOW/ORANGE FLOWER DESIGN PLATE,68,15,19.72,0.0,19.72,0.0,2,2,4480,0.9999,C
20680,PINK FLOWERS CHILDS UMBRELLA,6,26,19.5,0.0,19.5,0.0,4,4,4481,0.9999,C
79062D,"RETRO TIN ASHTRAY,REVOLUTIONARY",52,0,19.4,0.0,19.4,0.0,4,4,4482,0.9999,C
81950V,FLOWER PURPLE CLOCK W/SUCKER,33,1,19.09,0.0,19.09,0.0,10,10,4483,0.9999,C
90025D,BAROQUE BUTTERFLY EARRINGS PINK,5,15,18.69,0.0,18.69,0.0,5,2,4484,0.9999,C
84732B,CUTE BIRD CEATURE SCREEN,28,0,18.48,0.0,18.48,0.0,6,6,4485,0.9999,C
84311,CAMOFLAGE CUSHION COVER,11,22,18.15,0.0,18.15,0.0,1,1,4486,0.9999,C
72796A,S/3 ENGLISH LAVENDER SQU CANDLE,11,21,18.15,0.0,18.15,0.0,5,5,4487,0.9999,C
18097B,BLUE TALL PORCELAIN T-LIGHT HOLDER,7,5,17.85,0.0,17.85,0.0,3,3,4488,0.9999,C
84614C,BLUE BAROQUE FLOCK CANDLE HOLDER,3,64,17.85,0.0,17.85,0.0,1,1,4489,0.9999,C
71050,SMALL SINGLE FLAME CANDLE HOLDER,51,0,17.85,0.0,17.85,0.0,8,7,4490,0.9999,C
21450,DISTRESSED CANDLE STICK WHITE,13,41,77.35,59.5,17.85,0.7692,3,3,4491,0.9999,C
90182B,AMETHYST 3 BEAD DROP EARRINGS,6,0,17.53,0.0,17.53,0.0,6,0,4492,0.9999,C
23627,SET 10 CARDS XMAS GRAPHIC  17218,7,0,17.43,0.0,17.43,0.0,2,0,4493,0.9999,C
DCGS0066N,NAVY CUDDLES DOG HOODIE,2,0,17.3,0.0,17.3,0.0,2,0,4494,0.9999,C
DCGS0068,DOGS NIGHT COLLAR,2,10,17.12,0.0,17.12,0.0,2,0,4495,0.9999,C
21120,*Boombox Ipod Classic,1,6,16.98,0.0,16.98,0.0,1,0,4496,0.9999,C
72805,VANILLA CANDLE IN EMBOSSED ZINC POT,10,3,16.9,0.0,16.9,0.0,3,3,4497,0.9999,C
37488A,YELLOW PINK FLOWER DESIGN BIG BOWL,31,2,19.77,2.95,16.82,0.1492,5,4,4498,0.9999,C
72785A,S/4 CONTEMPORY PINK ROSEBUD CANDLES,8,15,16.8,0.0,16.8,0.0,4,4,4499,0.9999,C
44089A,PINK GAUZE BUTTERFLY LAMPSHADE,40,0,16.8,0.0,16.8,0.0,13,11,4500,0.9999,C
21511,VINTAGE COLLAGE  GREETING  CARD,40,9,16.8,0.0,16.8,0.0,2,1,4501,0.9999,C
23644,SET 10 CARDS CHRISTMAS TREE 16955,5,0,16.65,0.0,16.65,0.0,5,0,4502,0.9999,C
90102,WHITE FRANGIPANI HAIR CLIP,19,57,16.11,0.0,16.11,0.0,4,3,4503,0.9999,C
62074B,ELEPHANT CLIP W SUCTION CUP,38,0,15.96,0.0,15.96,0.0,12,8,4504,0.9999,C
84630,FLOWERS AND BIRDS WALL PLAQUE,2,38,15.9,0.0,15.9,0.0,1,1,4505,0.9999,C
84250M,"GREETING CARD, BLACKPOOL ROCK",28,52,15.9,0.0,15.9,0.0,13,1,4506,0.9999,C
35932,PINK CHRISTMAS TREE DECORATION,37,0,15.63,0.0,15.63,0.0,10,10,4507,0.9999,C
21560,TOADSTOOL  LUNCHBOX WITH CUTLERY,4,0,15.44,0.0,15.44,0.0,4,0,4508,0.9999,C
21853,GUMBALL CUSTOM CARS TOP TRUMPS GAME,3,3,15.4,0.0,15.4,0.0,3,0,4509,0.9999,C
37481,CUBIC MUG TEATIME CAKES,6,0,15.3,0.0,15.3,0.0,1,1,4510,0.9999,C
79323B,BLACK CHERRY LIGHTS,243,2046,1572.45,1557.2,15.25,0.9903,58,35,4511,0.9999,C
17174,ASSTD RASTA KEY-CHAINS,36,0,15.12,0.0,15.12,0.0,7,7,4512,0.9999,C
84206A,3 BLACK CATS W HEARTS BLANK CARD,79,0,15.01,0.0,15.01,0.0,9,9,4513,0.9999,C
90068,"RUBY GLASS NECKLACE 42""",2,0,15.0,0.0,15.0,0.0,2,0,4514,0.9999,C
23449,SET OF 6 EASTER RAINBOW CHICKS,12,0,15.0,0.0,15.0,0.0,1,1,4515,0.9999,C
23621,SET 10 CARDS DAVID'S MADONNA 17074,6,0,14.94,0.0,14.94,0.0,4,0,4516,0.9999,C
35650,VINTAGE BEAD PINK JEWEL STAND,3,24,14.85,0.0,14.85,0.0,3,3,4517,0.9999,C
84567,FROSTED GLASS WITH SILVER SURROUND,9,1,14.85,0.0,14.85,0.0,1,1,4518,0.9999,C
SP1002,KID'S CHALKBOARD/EASEL,5,27,14.75,0.0,14.75,0.0,2,2,4519,0.9999,C
90011D,PURPLE CRYSTAL DROP EARRINGS,5,9,14.75,0.0,14.75,0.0,5,0,4520,0.9999,C
23634,SET 10 CARDS XMAS CHOIR 17068,5,0,14.55,0.0,14.55,0.0,5,0,4521,0.9999,C
90077,BLACK DIAMOND CLUSTER EARRINGS,5,0,14.4,0.0,14.4,0.0,5,1,4522,0.9999,C
10124G,ARMY CAMO BOOKCOVER TAPE,33,0,14.28,0.0,14.28,0.0,10,9,4523,0.9999,C
84868A,PINK BABY GIRL'S MEMORY BOX,2,13,13.9,0.0,13.9,0.0,2,2,4524,0.9999,C
21852,EMPIRE TEDDY,2,0,13.9,0.0,13.9,0.0,2,1,4525,0.9999,C
16245A,PINK MINI STATIONERY SET W CASE,11,15,13.75,0.0,13.75,0.0,7,7,4526,0.9999,C
35936,CERISE+GOLD CHRISTMAS TREE DEC,36,23,13.68,0.0,13.68,0.0,9,8,4527,0.9999,C
84814B,RHOMBUS CRYSTAL PERFUME BOTTLE,7,0,13.65,0.0,13.65,0.0,3,2,4528,0.9999,C
35443,RASTA IN BATH W SPLIFF ASHTRAY,16,0,13.6,0.0,13.6,0.0,10,9,4529,0.9999,C
62097B,BLUE STRIPES SHOULDER BAG,11,14,13.37,0.0,13.37,0.0,4,3,4530,0.9999,C
23639,SET 10 CARDS MAGICAL TREE 17086,4,0,13.32,0.0,13.32,0.0,4,0,4531,0.9999,C
23607,SET 10 CARDS HATS & STOCKINGS 17081,8,0,13.28,0.0,13.28,0.0,7,0,4532,0.9999,C
79149B,SILICON STAR BULB  BLUE,31,0,13.02,0.0,13.02,0.0,12,11,4533,0.9999,C
16192,PINK BALLET OPENING CUBE BOX,3,4,12.9,0.0,12.9,0.0,1,0,4534,0.9999,C
78056,CAMOUFLAGE BACKPACK ON WHEELS,3,2,29.85,17.0,12.85,0.5695,2,1,4535,0.9999,C
84247J,PACK/12 RUSSIAN DOLL CARDS,10,0,12.78,0.0,12.78,0.0,9,2,4536,0.9999,C
72752B,"F.FAIRY,CANDLE IN GLASS,LAVENDER",3,21,12.75,0.0,12.75,0.0,2,2,4537,0.9999,C
84648,NEW BAROQUE WALL MIRROR,1,1,12.75,0.0,12.75,0.0,1,1,4538,0.9999,C
44092B,BLUE WHITE PLASTIC RINGS LAMPSHADE,15,0,12.75,0.0,12.75,0.0,6,4,4539,0.9999,C
20812,EMBOSSED FLOWER TRELLIS PHOTO FRAME,5,12,12.75,0.0,12.75,0.0,3,3,4540,0.9999,C
21772,VINTAGE METAL CAKE STAND CREAM,1,7,12.75,0.0,12.75,0.0,1,1,4541,0.9999,C
DCGS0075,CAMOUFLAGUE DOG LEAD,1,0,12.72,0.0,12.72,0.0,1,0,4542,0.9999,C
DCGS0037,KEY-RING CORKSCREW,1,1,12.72,0.0,12.72,0.0,1,0,4543,0.9999,C
85157,SET OF 2 CHESTS CHOCOLAT AU LAIT,1,0,12.72,0.0,12.72,0.0,1,0,4544,0.9999,C
35751C,PURPLE CURRENT CANDLE RING,31,0,12.61,0.0,12.61,0.0,2,2,4545,1.0,C
84743C,ORANGE FELT VASE + FLOWERS,10,85,12.5,0.0,12.5,0.0,5,5,4546,1.0,C
35597A,DUSTY PINK CHRISTMAS TREE 30CM,10,14,12.5,0.0,12.5,0.0,4,4,4547,1.0,C
23635,SET 10 CARDS CHRISTMAS HOLLY  17259,3,0,12.48,0.0,12.48,0.0,3,0,4548,1.0,C
23654,SET 10 CARD SNOWMAN 16965,5,0,12.45,0.0,12.45,0.0,4,0,4549,1.0,C
90000C,OPAL WHITE/SILVER FLOWER NECKLACE,2,8,12.32,0.0,12.32,0.0,2,1,4550,1.0,C
44242A,LILAC FEATHERS CURTAIN,14,0,11.98,0.0,11.98,0.0,2,2,4551,1.0,C
22206,"MUG , DOTCOMGIFTSHOP.COM",14,0,11.82,0.0,11.82,0.0,10,0,4552,1.0,C
23605,SET 10 CARDS 12 DAYS OF XMAS 17059,4,0,11.64,0.0,11.64,0.0,1,0,4553,1.0,C
23608,SET 10 CARDS RUDOLPHS NOSE 17097,4,0,11.64,0.0,11.64,0.0,3,0,4554,1.0,C
90025B,BAROQUE BUTTERFLY EARRINGS RED,3,42,11.29,0.0,11.29,0.0,3,1,4555,1.0,C
79070B,ENGLISH ROSE SQUARE CAKE TINS,1,3,11.26,0.0,11.26,0.0,1,0,4556,1.0,C
51012L,"FEATHER DUSTER, LIGHT PINK",10,46,12.5,1.25,11.25,0.1,6,5,4557,1.0,C
35918B,BLUE FLORIBUNDA EGG WARMER,10,26,12.5,1.25,11.25,0.1,5,5,4558,1.0,C
84366,VENDETTA CANVAS PICTURE,3,0,11.25,0.0,11.25,0.0,3,2,4559,1.0,C
17011B,ORIGAMI JASMINE INCENSE+FLOWER,19,37,11.1,0.0,11.1,0.0,2,2,4560,1.0,C
72785B,S/4 CONTEMPORY RED ROSEBUD CANDLES,9,0,10.9,0.0,10.9,0.0,3,3,4561,1.0,C
84732D,CUTE RABBIT CEATURE SCREEN,15,0,10.89,0.0,10.89,0.0,6,6,4562,1.0,C
17084G,MOON INCENSE,50,95,10.5,0.0,10.5,0.0,2,2,4563,1.0,C
16169A,WRAP CHRISTMAS DECOUPAGE,25,23,10.5,0.0,10.5,0.0,1,1,4564,1.0,C
16169G,WRAP ROMANTIC DECOUPAGE,25,75,10.5,0.0,10.5,0.0,1,1,4565,1.0,C
21857,STAR WARS TOP TRUMPS GAME,2,1,10.23,0.0,10.23,0.0,2,0,4566,1.0,C
21858,HIGH SCHOOL MUSICAL 3 TOP TRUMPS,2,16,10.23,0.0,10.23,0.0,2,0,4567,1.0,C
20939,ORANGE CANDLE,12,17,10.2,0.0,10.2,0.0,1,1,4568,1.0,C
90214W,"LETTER ""W"" BLING KEY RING",19,0,10.17,0.0,10.17,0.0,8,3,4569,1.0,C
23615,SET 10 CARDS PRINTED GRAPHIC 17219,4,0,9.96,0.0,9.96,0.0,4,0,4570,1.0,C
23619,SET 10 CARDS POINSETTIA 17093,4,0,9.96,0.0,9.96,0.0,2,0,4571,1.0,C
23650,SET 10 CARDS FILIGREE BAUBLE 16961,4,0,9.96,0.0,9.96,0.0,4,0,4572,1.0,C
23624,SET 10 CARD PERFECT NATIVITY 17089,4,0,9.96,0.0,9.96,0.0,4,0,4573,1.0,C
81953P,ROUND ARTICULATED PINK CLOCK W/SUCK,33,7,9.57,0.0,9.57,0.0,6,5,4574,1.0,C
72708,SCULPTED ROUND IVORY CANDLE,44,0,9.24,0.0,9.24,0.0,5,5,4575,1.0,C
23441,HAND PAINTED HANGING EASTER EGG,22,0,9.24,0.0,9.24,0.0,3,3,4576,1.0,C
20882,MODERN CHRISTMAS TREE CANDLE,3,22,8.85,0.0,8.85,0.0,2,1,4577,1.0,C
62097A,PINK STRIPES SHOULDER BAG,3,1,8.85,0.0,8.85,0.0,3,1,4578,1.0,C
35598C,WHITE CHRISTMAS TREE 60CM,3,0,8.85,0.0,8.85,0.0,3,3,4579,1.0,C
18098B,BLUE PORCELAIN B'FLY OIL BURNER,3,3,8.85,0.0,8.85,0.0,3,3,4580,1.0,C
71496B,A4 WALL TIDY RED FLOWERS,15,0,8.67,0.0,8.67,0.0,6,6,4581,1.0,C
21406,SPOTTY CAT DOORSTOP,1,8,8.65,0.0,8.65,0.0,1,0,4582,1.0,C
20739,*USB Office Glitter Lamp,1,0,8.65,0.0,8.65,0.0,1,0,4583,1.0,C
90013E,AMBER VINTAGE EARRINGS,2,5,8.57,0.0,8.57,0.0,2,0,4584,1.0,C
84572,6 HOOK JEWEL STAND LILAC DRESS,1,1,8.49,0.0,8.49,0.0,1,1,4585,1.0,C
90126B,BLUE BERTIE MOBILE PHONE CHARM,3,0,8.48,0.0,8.48,0.0,3,0,4586,1.0,C
44091A,BLUE CRUSOE CHECK LAMPSHADE,20,4,8.4,0.0,8.4,0.0,6,6,4587,1.0,C
90111,BLUE HIBISCUS  HAIR CLIP,8,29,8.4,0.0,8.4,0.0,6,6,4588,1.0,C
23612,SET 10 MINICARDS CUTE SNOWMAN 17071,5,0,8.3,0.0,8.3,0.0,2,0,4589,1.0,C
46037A,PINK CANVAS DES CUSHION COVER,6,5,7.5,0.0,7.5,0.0,2,2,4590,1.0,C
90025A,BAROQUE BUTTERFLY EARRINGS BLACK,2,6,7.5,0.0,7.5,0.0,2,2,4591,1.0,C
82011E,"BATHROOM SCALES, FAG BREAK",2,0,7.5,0.0,7.5,0.0,2,2,4592,1.0,C
37438,FUNKY FLOWER COFFEE POT,2,4,7.5,0.0,7.5,0.0,1,1,4593,1.0,C
23633,SET 10 CARDS WORLD CHILDREN 17067,3,0,7.47,0.0,7.47,0.0,3,0,4594,1.0,C
84201B,HAPPY BIRTHDAY CARD STRIPEY TEDDY,39,0,7.41,0.0,7.41,0.0,8,6,4595,1.0,C
85230C,ROSE SCENTED VOTIVE CANDLE,24,0,6.96,0.0,6.96,0.0,1,1,4596,1.0,C
85230D,VANILLA SCENTED VOTIVE CANDLE,24,0,6.96,0.0,6.96,0.0,1,1,4597,1.0,C
37409,ASSORTED DESIGN FLOWER MUGS,8,7,6.8,0.0,6.8,0.0,3,3,4598,1.0,C
37484,ENGLISH ROSE TEA FOR ONE GIFT BOX,1,0,6.75,0.0,6.75,0.0,1,1,4599,1.0,C
48173A,DOOR MAT BLUE FLOCK,1,2,6.75,0.0,6.75,0.0,1,1,4600,1.0,C
85185E,DUCK SOCK PUPPET,4,39,11.8,5.1,6.7,0.4322,2,2,4601,1.0,C
23604,SET 10 MINI SANTA & SNOWMAN  17087,4,0,6.64,0.0,6.64,0.0,2,0,4602,1.0,C
20678,LARGE BLACK DIAMANTE HAIRSLIDE,4,0,6.6,0.0,6.6,0.0,1,1,4603,1.0,C
20858,SILVER PURSE GOLD PINK BUTTERFLY,4,28,6.6,0.0,6.6,0.0,1,1,4604,1.0,C
20884,MODERN CHRISTMAS TREE CANDLE,3,5,6.3,0.0,6.3,0.0,3,2,4605,1.0,C
79140,ASS WINDPROOF MARIJUANA LIGHTERS,15,51,6.3,0.0,6.3,0.0,2,2,4606,1.0,C
20673,STRAWBERRIES PRINT BOWL,5,0,6.25,0.0,6.25,0.0,2,2,4607,1.0,C
20942,SET/6 GINGERBREAD TREE T-LIGHTS,6,9,7.5,1.25,6.25,0.1667,4,4,4608,1.0,C
82072,WHITE WOOD SINGLE P/FRAME,5,0,6.25,0.0,6.25,0.0,3,3,4609,1.0,C
37408,ASSORTED DESIGN GEISHA GIRL MUGS,5,15,6.25,0.0,6.25,0.0,1,1,4610,1.0,C
23610,SET 10 CARDS CHRISTMAS ROBIN 17095,3,0,6.24,0.0,6.24,0.0,3,0,4611,1.0,C
85123B,ZINC HANGING HEART T-LITE HLDR,1,0,6.04,0.0,6.04,0.0,1,0,4612,1.0,C
72751A,"F.FAIRY S/3 SML CANDLE,LILY/VALLEY",1,11,5.95,0.0,5.95,0.0,1,1,4613,1.0,C
72751B,"F.FAIRY S/3 SML CANDLE, LAVENDER",1,13,5.95,0.0,5.95,0.0,1,1,4614,1.0,C
72751C,"F.FAIRY S/3 SML CANDLE, ROSE",1,21,5.95,0.0,5.95,0.0,1,1,4615,1.0,C
85077,KISSING REINDEER TABLE RUNNER,1,2,5.95,0.0,5.95,0.0,1,0,4616,1.0,C
18098A,PINK PORCELAIN B'FLY OIL BURNER,2,21,5.9,0.0,5.9,0.0,2,2,4617,1.0,C
35823P,"ACRYLIC BEAD GARLAND,PINK",2,12,5.9,0.0,5.9,0.0,2,2,4618,1.0,C
79303A,WHITE ROHMBIC BLOCK TABLE LAMP,2,5,5.9,0.0,5.9,0.0,1,1,4619,1.0,C
35821P,"JEWELLED DECORATION,PINK",2,0,5.9,0.0,5.9,0.0,2,2,4620,1.0,C
85186B,BUNNY BUNCH OF FLOWERS,14,105,5.88,0.0,5.88,0.0,2,2,4621,1.0,C
35051B,PINK BEADED CONE CHRISTMAS,14,0,5.88,0.0,5.88,0.0,2,2,4622,1.0,C
37326,FAIRY DESIGN MUGS,3,5,5.86,0.0,5.86,0.0,2,1,4623,1.0,C
23617,SET 10 CARDS SWIRLY XMAS TREE 17104,2,0,5.82,0.0,5.82,0.0,1,0,4624,1.0,C
23638,SET 10 CARDS ROBIN WATERPUMP  17096,2,0,5.82,0.0,5.82,0.0,2,0,4625,1.0,C
23652,SET 10 CARD CHRISTMAS STAMPS 16963,2,0,5.82,0.0,5.82,0.0,1,0,4626,1.0,C
35537,CANDLE RING W/CLEAR BEADS,13,31,5.46,0.0,5.46,0.0,3,3,4627,1.0,C
21838,DADDY MOUSE RED GINGHAM BOW TIE,1,21,5.45,0.0,5.45,0.0,1,1,4628,1.0,C
35751D,PINK CURRENT CANDLE RING,28,0,5.32,0.0,5.32,0.0,1,1,4629,1.0,C
16215,FUNKY GIRLZ MAGNETIC TO DO LIST,8,86,5.2,0.0,5.2,0.0,3,3,4630,1.0,C
21854,EURO FOOTBALL STARS TOP TRUMPS GAME,1,2,5.17,0.0,5.17,0.0,1,0,4631,1.0,C
21860,DR WHO TOP TRUMPS GAME,1,0,5.17,0.0,5.17,0.0,1,0,4632,1.0,C
71434B,"BLACK RND BULLET""KEEP CLEAN"" BIN",2,13,5.1,0.0,5.1,0.0,2,1,4633,1.0,C
71101A,ANGEL ON KNEES METAL POLE 100CM H,6,43,5.1,0.0,5.1,0.0,1,1,4634,1.0,C
90142C,ROSE PINK PENDANT SHELL NECKLACE,1,0,5.09,0.0,5.09,0.0,1,0,4635,1.0,C
90142B,IVORY PENDANT SHELL NECKLACE,1,0,5.09,0.0,5.09,0.0,1,0,4636,1.0,C
84942,KASHMIR FOLKART HEART DISHES,3,7,5.07,0.0,5.07,0.0,3,3,4637,1.0,C
72740B,LARGE WHITE CHOCOLATE CANDLE,1,76,5.06,0.0,5.06,0.0,1,0,4638,1.0,C
DCGS0041,HAYNES MINI-COOPER PLAYING CARDS,1,0,5.06,0.0,5.06,0.0,1,0,4639,1.0,C
20877,MODERN CHRISTMAS BAUBLE CANDLE,12,34,5.04,0.0,5.04,0.0,5,3,4640,1.0,C
23649,SET 10 CARDS DECK THE HALLS 16960,2,0,4.98,0.0,4.98,0.0,2,0,4641,1.0,C
85232C,RUSSIAN FOLKART STACKING TINS,1,0,4.95,0.0,4.95,0.0,1,1,4642,1.0,C
90214U,"LETTER ""U"" BLING KEY RING",13,0,4.73,0.0,4.73,0.0,2,2,4643,1.0,C
45014,FOLDING SHIRT TIDY,1,0,4.65,0.0,4.65,0.0,1,1,4644,1.0,C
81953B,ROUND BLUE CLOCK WITH SUCKER,14,6,4.64,0.0,4.64,0.0,6,5,4645,1.0,C
79151B,"SILICON CUBE 25W, BLUE",11,0,4.62,0.0,4.62,0.0,2,2,4646,1.0,C
21409,SPOTTY COCKEREL DOORSTOP,1,0,4.25,0.0,4.25,0.0,1,1,4647,1.0,C
79157V,UBO-LIGHT TRIOBASE PURPLE,5,0,4.25,0.0,4.25,0.0,3,3,4648,1.0,C
79157B,UBO-LIGHT TRIOBASE BLUE,5,0,4.25,0.0,4.25,0.0,3,3,4649,1.0,C
72752A,"F.FAIRY,CANDLE IN GLASS,LILY/VALLEY",1,18,4.25,0.0,4.25,0.0,1,1,4650,1.0,C
84255A,PINK GLASS COCKTAIL LAMP,2,0,4.2,0.0,4.2,0.0,2,2,4651,1.0,C
37432,MUG PINK AND PURPLE ARABIC DESIGN,6,2,3.9,0.0,3.9,0.0,1,1,4652,1.0,C
72084B,CHOCOLATE ICE CREAM CANDLE,2,71,3.9,0.0,3.9,0.0,1,1,4653,1.0,C
16010,FOLDING CAMPING SCISSOR W/KNIF & S,32,7,3.84,0.0,3.84,0.0,4,4,4654,1.0,C
35995,SET/6 BLACK GLITTER REINDEER CANDLE,5,10,3.78,0.0,3.78,0.0,5,4,4655,1.0,C
90004A,JADE GREEN PAIR ENAMEL HAIR SLIDES,1,0,3.75,0.0,3.75,0.0,1,1,4656,1.0,C
35974,S/6 CHRISTMAS TREE PLACE SETTING,1,6,3.75,0.0,3.75,0.0,1,1,4657,1.0,C
40046C,PINK BUTTERFLY PAPER LAMPSHADE,3,1,3.75,0.0,3.75,0.0,3,3,4658,1.0,C
84731,3 BIRDS CANVAS SCREEN,3,0,3.69,0.0,3.69,0.0,3,3,4659,1.0,C
35001P,HAND OPEN SHAPE PINK,2,1,6.98,3.49,3.49,0.5,2,2,4660,1.0,C
35818C,"ACRYLIC JEWEL ICICLE, CLEAR",1,1,3.43,0.0,3.43,0.0,1,0,4661,1.0,C
21081,SET/20 POSIES PAPER NAPKINS,4,5,3.4,0.0,3.4,0.0,4,4,4662,1.0,C
23643,SET 10 CARDS CHRISTMAS BAUBLE 16954,1,0,3.33,0.0,3.33,0.0,1,0,4663,1.0,C
20683,RAIN GIRL CHILDS UMBRELLA,1,44,3.25,0.0,3.25,0.0,1,1,4664,1.0,C
23602,SET 10 CARDS 3 WISE MEN 17107,1,0,2.91,0.0,2.91,0.0,1,0,4665,1.0,C
23609,SET 10 CARDS SNOWY ROBIN 17099,1,0,2.91,0.0,2.91,0.0,1,0,4666,1.0,C
23628,SET 10 CARDS TRIANGLE ICONS  17220,1,0,2.91,0.0,2.91,0.0,1,0,4667,1.0,C
DCGS0044,HANDZ-OFF CAR FRESHENER,1,0,2.57,0.0,2.57,0.0,1,0,4668,1.0,C
85171,S/2 HYACINTH BULB CANDLES,1,2,2.55,0.0,2.55,0.0,1,1,4669,1.0,C
47556,SET/2 SPOTTY + ROSE TEA TOWELS,1,0,2.55,0.0,2.55,0.0,1,1,4670,1.0,C
47554,S/3 COLOURS FLOCK TEA TOWELS,1,4,2.55,0.0,2.55,0.0,1,1,4671,1.0,C
90091,CRYSTAL DRAGONFLY PHONE CHARM,3,1,2.55,0.0,2.55,0.0,2,2,4672,1.0,C
21036,SET/2 TEA TOWELS MODERN VINTAGE,1,12,2.55,0.0,2.55,0.0,1,1,4673,1.0,C
35999,S/6 SCANDINAVIAN HEART T-LIGHT,1,0,2.55,0.0,2.55,0.0,1,1,4674,1.0,C
20881,MODERN CHRISTMAS TREE CANDLE,3,13,2.55,0.0,2.55,0.0,2,1,4675,1.0,C
17028J,INCENSE BAZAAR PEACH,6,0,2.52,0.0,2.52,0.0,1,1,4676,1.0,C
DCGS0062,ROAD-RAGE CAR FRESHENER,1,1,2.51,0.0,2.51,0.0,1,0,4677,1.0,C
21008,ETCHED GLASS HEART TREE DECORATION,1,19,2.51,0.0,2.51,0.0,1,0,4678,1.0,C
90127B,BLUE BEADS+HAND PHONE CHARM,2,0,2.5,0.0,2.5,0.0,2,2,4679,1.0,C
21225,POCKET MIRROR BUTTERFLY,2,17,2.5,0.0,2.5,0.0,2,2,4680,1.0,C
21290,LARGE SPOTTY CHOCOLATE GIFT BAG,2,17,2.5,0.0,2.5,0.0,1,0,4681,1.0,C
23630,SET 10 CARDS HANGING BAUBLES 17080,2,1,5.48,2.99,2.49,0.5456,2,1,4682,1.0,C
17061,ASSORTED SHAPED STENCIL FOR HENNA,52,1198,2.08,0.0,2.08,0.0,1,1,4683,1.0,C
84814A,HEXAGONAL CRYSTAL PERFUME BOTTLE,1,14,1.95,0.0,1.95,0.0,1,1,4684,1.0,C
85192S,HANGING SPRING FLOWER HEART SMALL,3,63,1.95,0.0,1.95,0.0,2,2,4685,1.0,C
46138D,GREEN CHENILLE SHAGGY C/COVER,1,0,1.95,0.0,1.95,0.0,1,1,4686,1.0,C
35945,GOLD CHRISTMAS STOCKING DECORATION,1,0,1.95,0.0,1.95,0.0,1,1,4687,1.0,C
84206C,CHAMPAGNE TRAY BLANK CARD,10,0,1.9,0.0,1.9,0.0,4,4,4688,1.0,C
84201C,HAPPY BIRTHDAY CARD TEDDY/CAKE,10,0,1.9,0.0,1.9,0.0,3,3,4689,1.0,C
84206B,CAT WITH SUNGLASSES BLANK CARD,9,0,1.71,0.0,1.71,0.0,2,2,4690,1.0,C
30086C,ASSORTED FRUIT STRAWS,1,0,1.7,0.0,1.7,0.0,1,0,4691,1.0,C
20737,RED MINI TAPE MEASURE,1,0,1.7,0.0,1.7,0.0,1,0,4692,1.0,C
35837,SET OF SIX SILVER+RED FLOCK BAUBLES,2,15,1.7,0.0,1.7,0.0,1,1,4693,1.0,C
72754D,F FAIRY POTPOURRI CUSHIONS SUMMER,1,107,1.69,0.0,1.69,0.0,1,1,4694,1.0,C
10109,BENDY COLOUR PENCILS,4,4,1.68,0.0,1.68,0.0,1,1,4695,1.0,C
85024A,CRYSTAL SMALL JEWELLED PHOTOFRAME,1,0,1.65,0.0,1.65,0.0,1,1,4696,1.0,C
23664,FLOWER SHOP DESIGN MUG,1,0,1.65,0.0,1.65,0.0,1,1,4697,1.0,C
21585,SWALLOW SMALL TUBE MATCHES,1,43,1.65,0.0,1.65,0.0,1,1,4698,1.0,C
72796C,S/3 ROSE GARDEN SCENT SQU CANDLE,1,4,1.65,0.0,1.65,0.0,1,1,4699,1.0,C
35980B,RED TOP SCANDINAVIAN HEART,4,17,1.52,0.0,1.52,0.0,2,2,4700,1.0,C
35950,FOLKART HEART CHRISTMAS DECORATIONS,1,101,1.25,0.0,1.25,0.0,1,1,4701,1.0,C
84845A,HOLLYHOCK SQUARE HANDY TIN,1,2,1.25,0.0,1.25,0.0,1,1,4702,1.0,C
20721,OWLS CHARLOTTE BAG,1,0,0.85,0.0,0.85,0.0,1,1,4703,1.0,C
35930,PINK HEART CHRISTMAS DECORATION,1,9,0.38,0.0,0.38,0.0,1,1,4704,1.0,C
84205C,HAPPY BIRTHDAY GINGER CAT CARD,2,0,0.38,0.0,0.38,0.0,1,1,4705,1.0,C
