customer_id,frequency,monetary,recency_days,customer_tenure_days,avg_order_value,return_rate,churned
12346,12,-64.67999999999302,142,400,6463.038333333334,0.9992999932691661,1
12347,5,2817.48,0,220,563.496,0.0,0
12348,4,1709.3999999999999,65,189,427.34999999999997,0.0,0
12350,1,334.4,127,0,334.4,0.0,1
12352,7,944.9799999999998,79,130,272.22999999999996,0.1493212669683258,0
12353,2,406.76,21,204,203.38,0.0,1
12354,1,1079.4,49,0,1079.4,0.0,1
12355,2,947.6099999999999,31,353,473.80499999999995,0.0,1
12356,5,6315.33,62,179,1263.066,0.0,0
12359,9,5929.29,6,544,673.2322222222223,0.10501193317422435,0
12360,6,2634.41,17,455,445.73499999999996,0.0005787037037037037,0
12361,4,511.25,104,394,127.8125,0.0,1
12362,3,1099.44,42,512,368.1133333333334,0.0039603960396039604,0
12363,1,299.1,59,0,299.1,0.0,0
12365,2,320.69,108,0,320.69,0.005747126436781609,1
12370,6,3581.0299999999997,91,394,596.8383333333333,0.0,0
12372,2,914.9200000000001,29,83,457.46000000000004,0.0,0
12373,3,1127.65,128,362,375.8833333333334,0.0,1
12377,4,3426.32,132,274,856.58,0.0,1
12380,8,5774.99,2,476,944.88,0.011503371677905593,0
12383,5,1839.31,1,167,370.11199999999997,0.0019582245430809398,1
12386,2,401.90000000000003,154,29,200.95000000000002,0.0,1
12388,5,1886.7,92,307,377.34000000000003,0.0,0
12393,5,1855.2499999999998,62,182,375.59,0.0058997050147492625,0
12394,1,381.08,34,0,381.08,0.0,0
12395,9,3254.46,28,390,363.58444444444444,0.0015515903801396431,0
12399,6,1752.68,0,461,292.11333333333334,0.0,0
12401,1,84.3,120,0,84.3,0.0,1
12402,6,1244.15,140,347,209.48333333333335,0.0017123287671232876,1
12406,4,4412.709999999999,0,513,1149.0774999999999,0.010037641154328732,0
12407,2,495.9599999999999,52,28,247.97999999999996,0.0,0
12408,5,2245.33,77,238,457.962,0.03486394557823129,0
12410,3,1001.46,125,193,337.90333333333336,0.005865102639296188,1
12413,3,741.3,53,166,268.4166666666667,0.01680672268907563,0
12414,6,692.4100000000001,34,246,158.735,0.39191919191919194,1
12415,14,69834.04000000001,20,324,5030.552857142858,0.004558083000520924,0
12417,16,4977.33,4,546,316.63,0.01131333005410723,0
12421,3,444.01,136,186,149.67,0.014705882352941176,0
12422,15,3554.29,141,396,311.116,0.0021376656690893546,0
12423,8,2214.77,8,273,276.84625,0.0,0
12426,2,1311.41,11,468,672.605,0.011986301369863013,1
12428,6,6236.23,59,41,1051.7566666666667,0.01153984853948792,0
12429,6,4123.09,44,318,695.5816666666666,0.060453400503778336,0
12431,19,7070.400000000001,17,493,377.41052631578947,0.010745466756212223,0
12434,2,542.5899999999999,77,120,291.77,0.09767441860465116,0
12435,5,10075.029999999999,84,469,2015.0059999999999,0.0,0
12437,29,9418.53,15,538,334.7268965517241,0.011002829298962591,0
12447,1,476.49,60,0,476.49,0.0,1
12449,3,1627.53,4,251,542.51,0.0,0
12451,5,8920.83,35,311,1788.4360000000001,0.0018870663376397154,0
12455,7,5376.39,6,531,768.0557142857143,0.0,0
12456,1,940.17,71,0,940.17,0.0,0
12457,4,1396.88,50,201,424.9825,0.17592592592592593,0
12458,3,1272.01,101,203,424.00333333333333,0.0,0
12462,1,741.3100000000001,120,0,762.11,0.013937282229965157,0
12463,2,636.5500000000001,23,34,323.975,0.01680672268907563,0
12464,4,544.8499999999999,17,108,136.21249999999998,0.0,0
12468,5,3630.0499999999997,4,495,734.1479999999999,0.0068150840527033164,1
12471,62,26963.730000000003,27,521,460.2751612903226,0.02781807321443809,0
12472,15,11995.17,84,458,848.4013333333334,0.04643078833022967,0
12473,1,595.73,8,0,672.19,0.1310592459605027,0
12474,21,7472.39,17,466,369.8947619047619,0.022855944642482702,0
12476,17,9521.49,35,283,573.1817647058824,0.00934809348093481,0
12477,5,11629.4,56,383,2326.7200000000003,0.0005217845030002609,0
12480,5,3740.74,84,240,754.098,0.002491280518186348,0
12481,12,9561.88,21,402,808.8533333333334,0.023760330578512397,0
12483,16,3777.35,0,493,246.888125,0.011235955056179775,0
12484,7,2910.7500000000005,153,344,423.8714285714286,0.005847953216374269,0
12489,1,334.93,153,0,334.93,0.0,1
12490,13,5596.43,31,523,430.8792307692308,0.0011254924029262803,0
12493,1,215.55,14,0,232.5,0.011363636363636364,0
12494,6,1231.1599999999999,13,379,214.135,0.03590664272890485,0
12500,12,2876.24,83,406,242.29916666666665,0.006222775357809583,0
12501,1,2089.68,153,0,2169.39,0.034212002243409985,1
12502,3,1842.65,34,91,614.2166666666667,0.0,0
12506,1,73.5,49,0,73.5,0.0,1
12507,2,985.41,115,286,492.705,0.0,0
12509,1,176.5,101,0,176.5,0.0,1
12510,8,3387.81,142,410,609.5625,0.015577889447236181,0
12514,2,1597.7600000000002,84,374,798.8800000000001,0.0,1
12515,1,383.7,170,0,383.7,0.0,1
12517,1,766.95,7,0,766.95,0.0,0
12520,3,1645.81,21,68,565.8533333333334,0.009523809523809525,0
12523,16,2975.47,69,479,192.66062499999998,0.013682331945270671,0
12524,14,9439.02,21,464,676.6978571428572,0.0008925383791503035,0
12527,4,671.72,111,234,167.93,0.0,0
12528,2,765.4599999999999,93,36,385.83,0.00558659217877095,0
12530,7,2871.23,50,408,414.56857142857143,0.0009402914903620122,0
12535,1,371.45,3,0,371.45,0.0,0
12539,6,8448.24,79,454,1694.015,0.00024455857177794083,0
12540,23,15235.07,3,545,667.685652173913,0.001089621356578589,0
12541,1,312.4,97,0,312.4,0.0,0
12545,1,628.15,76,0,628.15,0.0,0
12547,3,383.58,14,302,127.86,0.0,1
12551,1,168.0,174,0,168.0,0.0,1
12553,7,2594.8900000000003,21,218,378.7271428571429,0.030642750373692077,0
12557,6,10959.800000000001,73,466,1826.6333333333334,0.0,0
12559,2,536.21,127,8,280.855,0.007067137809187279,1
12561,1,238.85,119,0,238.85,0.0,1
12562,3,1630.14,15,236,543.38,0.0,0
12564,1,456.9,78,0,456.9,0.0,1
12565,1,131.17,105,0,145.92,0.0625,1
12567,11,6507.16,1,481,620.290909090909,0.07245430809399478,0
12569,6,1282.76,0,68,217.74333333333334,0.010507880910683012,0
12573,5,717.4100000000001,44,237,143.48200000000003,0.0,1
12574,1,218.45,132,0,218.45,0.0,1
12576,5,1198.54,35,308,249.708,0.014251781472684086,0
12577,6,1191.84,176,376,198.64,0.0,0
12578,3,3386.6,147,113,1152.2,0.023809523809523808,0
12580,2,1052.9,63,329,526.45,0.0,1
12582,4,1980.4,55,338,495.1,0.0,1
12583,17,9326.09,17,532,550.1523529411764,0.0003636363636363636,0
12584,2,612.84,2,94,311.37,0.017391304347826087,0
12585,2,1982.81,51,117,1020.05,0.01641907740422205,1
12590,2,9853.48,28,0,4932.13,0.0014008872285780996,1
12591,3,1352.15,134,91,450.7166666666667,0.0,1
12592,4,946.8200000000002,30,305,594.215,0.0017142857142857142,0
12593,1,236.0,35,0,236.0,0.0,0
12594,12,3514.2400000000002,0,462,296.65333333333336,0.013089005235602094,0
12596,1,269.95,59,0,269.95,0.0,0
12597,2,1428.81,0,85,714.405,0.0,0
12598,6,2677.33,37,428,466.125,0.04054054054054054,0
12599,9,1728.0,25,369,192.0,0.0,0
12600,17,3596.21,21,528,216.7258823529412,0.009523809523809525,0
12601,6,673.76,6,214,113.54333333333334,0.0034482758620689655,1
12604,1,178.5,78,0,178.5,0.0,0
12609,8,3091.74,3,533,388.7175,0.0007027406886858749,0
12613,9,4835.06,14,527,550.3566666666667,0.021964612568639415,0
12614,1,315.6,94,0,315.6,0.0,1
12616,2,617.5,114,91,336.7,0.04487179487179487,0
12619,3,771.8,51,326,257.26666666666665,0.0,0
12620,1,561.66,21,0,561.66,0.0,0
12621,25,17846.899999999998,17,468,719.0939999999999,0.002875842919476398,0
12622,1,180.1,49,0,180.1,0.0,1
12623,7,3639.84,93,420,535.4057142857143,0.0030441400304414,1
12625,4,5095.38,28,384,1291.22,0.010577213659715926,1
12626,2,1166.55,133,10,637.05,0.07391304347826087,0
12633,5,5160.78,13,328,1048.7459999999999,0.010309278350515464,0
12637,8,4641.51,56,304,588.77,0.005069708491761723,0
12639,3,1312.37,55,389,437.45666666666665,0.0,1
12643,9,5948.18,37,390,713.0777777777778,0.07956600361663653,0
12645,6,2542.62,36,449,427.17,0.0158311345646438,0
12647,31,15293.480000000001,16,495,501.1303225806452,0.012407780013413815,0
12649,6,2009.99,29,483,341.02333333333337,0.01077996195307546,0
12651,4,365.3,151,130,94.4375,0.011320754716981131,1
12652,2,1011.5799999999999,148,102,508.515,0.005597014925373134,1
12653,2,2730.08,113,230,1365.04,0.0,0
12654,3,337.75,14,97,112.58333333333333,0.0,0
12656,5,3959.4100000000003,20,359,803.2520000000001,0.0038674033149171273,0
12662,14,4675.99,4,430,336.7742857142857,0.008771929824561403,0
12664,4,2491.7400000000002,49,494,622.9350000000001,0.0,0
12665,3,301.45000000000005,141,344,104.53333333333335,0.048484848484848485,1
12668,9,10527.2,76,417,1173.5555555555557,0.005025125628140704,0
12669,2,1136.3,65,7,1136.3,0.001177856301531213,0
12670,4,1790.63,16,466,447.6575,0.0,0
12672,2,410.5,146,265,218.525,0.050724637681159424,1
12673,2,840.4,143,75,420.2,0.0,0
12674,1,586.74,24,0,586.74,0.0,0
12676,8,2270.65,7,293,292.58125,0.0012437810945273632,0
12678,15,22154.230000000003,4,513,1502.9386666666667,0.007587754024808656,0
12679,2,869.1299999999999,22,77,453.18999999999994,0.036855036855036855,0
12681,36,24552.99,4,538,688.9461111111111,0.006141820212171971,0
12682,32,15859.59,9,546,498.3653125,0.0012515644555694619,0
12683,16,8149.61,1,541,515.25375,0.0017622870569806149,0
12684,3,917.1,14,16,305.7,0.0,0
12690,1,389.01,22,0,389.01,0.0,1
12691,4,540.8,135,102,135.2,0.0,0
12693,6,1425.23,28,310,246.31333333333336,0.021912350597609563,0
12694,2,1409.2799999999997,0,237,706.5899999999999,0.001710863986313088,0
12695,4,914.27,27,454,228.5675,0.0,0
12700,1,1056.43,32,0,1092.43,0.0025673940949935813,0
12701,5,1985.78,59,390,397.156,0.0,0
12705,8,7866.61,18,332,1007.23875,0.014613354982748123,0
12707,1,603.42,108,0,603.42,0.0,1
12708,13,3593.82,17,520,287.91692307692307,0.021808510638297873,0
12709,27,25427.87,7,539,962.4907407407408,0.011779448621553884,0
12710,1,700.51,18,0,718.96,0.0051813471502590676,0
12712,16,4418.13,17,530,287.14875,0.024929178470254956,0
12714,9,11146.77,23,528,1238.53,0.0,0
12717,2,887.6700000000001,62,344,443.83500000000004,0.0,0
12720,15,4179.03,9,314,289.8213333333333,0.020571077678845563,0
12721,6,2976.6099999999997,0,288,509.30999999999995,0.01038819026790596,0
12724,4,1441.01,149,203,360.2525,0.0,0
12726,9,2872.8199999999997,1,439,319.2022222222222,0.0,0
12727,8,4466.23,4,467,562.40375,0.005550811272416738,0
12728,4,851.15,74,126,212.7875,0.0,0
12731,11,15023.89,29,435,1373.6263636363635,0.008366479220957344,0
12733,4,2326.8199999999997,51,455,606.2175,0.012276785714285714,1
12734,3,639.65,169,39,213.21666666666667,0.0,1
12735,2,779.5699999999999,132,21,389.78499999999997,0.0,1
12736,1,234.0,149,0,234.0,0.0,1
12744,8,8209.58,65,342,1787.5525,0.0011811953697141507,0
12747,21,6701.42,15,533,324.44619047619045,0.01200192030724916,0
12748,218,28691.170000000002,1,550,141.7101376146789,0.041391820580474935,0
12749,5,3242.39,30,308,733.116,0.04691572545612511,0
12753,4,12701.85,65,114,3235.1275,0.013565614736541482,0
12754,3,2949.12,52,72,1003.5799999999999,0.00030859435272334514,1
12755,11,2611.95,97,413,476.0236363636364,0.5494984736153511,1
12757,6,831.0299999999997,2,25,740.9050000000001,0.010845986984815618,0
12758,6,8557.6,93,461,1446.9733333333334,0.012478065899785533,0
12759,6,3934.1,92,459,655.6833333333333,0.0,0
12764,1,1693.88,133,0,1693.88,0.0,1
12766,6,5903.219999999999,57,167,990.8449999999999,0.00585335797905114,0
12769,1,1143.6,55,0,1143.6,0.0,1
12770,2,2975.95,27,245,1623.225,0.03906673901247965,1
12775,6,1429.96,6,219,244.12666666666667,0.02536997885835095,0
12778,7,1445.51,0,419,206.50142857142856,0.0,0
12779,13,5196.01,6,547,422.4738461538461,0.05625436757512229,0
12781,1,491.75,101,0,549.26,0.11271676300578035,0
12782,9,3758.07,70,265,427.8077777777778,0.020846905537459284,0
12785,3,1085.5500000000002,181,366,366.8,0.006622516556291391,1
12787,2,553.62,9,220,278.31,0.0031847133757961785,0
12790,2,563.4499999999999,9,218,295.92499999999995,0.0196078431372549,1
12792,2,813.88,73,278,413.505,0.0025380710659898475,1
12793,3,885.53,151,66,295.1766666666667,0.0,1
12802,7,2350.42,3,377,345.20285714285717,0.009127789046653144,1
12808,4,574.4,1,278,143.6,0.0,0
12811,5,1033.9,77,166,206.78000000000003,0.0,1
12815,1,615.36,15,0,615.36,0.0,0
12817,3,690.98,98,153,230.32666666666668,0.0,1
12818,1,1542.08,78,0,1542.08,0.0,1
12820,8,1876.06,143,407,239.70499999999998,0.027377521613832854,0
12821,2,220.79999999999998,31,397,110.39999999999999,0.0,1
12823,16,5736.5,71,424,358.53125,0.0,0
12826,8,2002.67,133,405,252.89125,0.0013605442176870747,0
12829,3,345.35,153,213,128.43333333333334,0.0018181818181818182,1
12831,3,451.11,79,200,150.37,0.0,1
12834,1,312.38,99,0,312.38,0.0,1
12836,13,5595.01,36,519,433.3969230769231,0.0021333333333333334,0
12839,17,5638.67,0,549,339.8864705882353,0.024195624195624196,0
12840,5,2865.07,31,459,578.634,0.008695652173913044,0
12841,27,4969.35,39,296,184.20740740740743,0.0002800336040324839,0
12842,3,1109.73,125,429,369.91,0.0,0
12843,26,5736.36,3,540,229.14076923076922,0.03748180494905386,0
12845,4,354.09000000000003,84,22,88.52250000000001,0.0,1
12849,5,2744.17,85,322,548.8340000000001,0.0,0
12852,1,299.75,111,0,311.55,0.026845637583892617,1
12853,8,2709.4,56,433,354.425,0.01423785594639866,0
12854,6,2408.24,58,487,413.315,0.014685314685314685,0
12857,6,3684.25,27,472,614.6666666666666,0.0007042253521126761,1
12866,3,1227.35,100,219,409.1166666666666,0.0,1
12867,10,5606.76,31,508,561.501,0.0008849557522123894,0
12868,8,2043.76,2,207,255.47,0.0,1
12871,2,495.38,24,232,247.69,0.0,0
12872,12,3299.81,143,409,275.58,0.0018159806295399517,1
12873,3,2027.3,99,399,675.7666666666667,0.0,1
12875,4,1307.52,179,334,326.88,0.0,0
12876,3,2577.0,13,394,863.4,0.004553215708594195,0
12877,15,2101.44,17,489,140.096,0.0,0
12878,2,854.99,53,29,427.495,0.0,1
12881,1,298.0,92,0,298.0,0.0,1
12886,1,747.69,36,0,775.0,0.021634615384615384,0
12888,2,313.77,31,41,177.06,0.10526315789473684,1
12891,11,819.5,2,473,76.4090909090909,0.021505376344086023,1
12897,4,514.25,21,339,128.5625,0.0,1
12901,12,7842.4400000000005,1,86,671.8166666666667,0.1582224392626053,0
12902,1,138.68,81,0,138.68,0.0,1
12908,4,954.0,129,317,336.0,0.25,0
12909,6,2391.8599999999997,18,451,408.815,0.008940852819807428,0
12910,8,3814.48,14,423,482.9975,0.01156515034695451,0
12913,11,4666.0,99,455,424.1818181818182,0.0,0
12916,6,3936.8499999999995,18,482,660.1083333333332,0.005294506949040371,0
12921,52,23502.93,1,553,475.33596153846156,0.026334292106104187,0
12924,11,2144.72,15,532,199.1790909090909,0.008964955175224124,0
12928,9,3022.23,58,308,335.80333333333334,0.0,0
12929,1,117.85,128,0,117.85,0.0,1
12931,49,41675.56,20,534,1106.3689795918367,0.26548255265639736,0
12933,6,1130.5,100,445,198.375,0.10476190476190476,0
12935,10,2887.54,20,403,294.93899999999996,0.01568825910931174,0
12937,7,2021.57,14,538,288.79571428571427,0.0,0
12939,15,20911.32,90,423,1394.088,0.0,0
12942,2,396.52,14,168,198.26,0.0,0
12944,1,286.95,171,0,286.95,0.0,0
12945,2,900.11,105,367,450.055,0.0,1
12947,4,1159.1399999999999,0,189,334.72249999999997,0.006776379477250726,0
12948,5,1138.74,31,522,227.748,0.0,0
12949,17,13474.48,23,529,800.5988235294118,0.005048380311316786,0
12951,13,2738.73,21,494,213.42538461538464,0.006983240223463687,0
12955,3,697.42,20,64,232.47333333333333,0.0,0
12956,4,521.89,123,417,130.4725,0.0,1
12957,9,6348.820000000001,3,542,711.6355555555556,0.005317577548005908,0
12967,3,2908.5699999999997,175,25,979.5066666666665,0.0010964912280701754,1
12970,8,1096.53,139,413,137.06625,0.0,0
12971,71,9104.130000000001,7,533,132.02859154929578,0.1741724178266464,0
12974,2,408.95,14,367,204.475,0.0,1
12976,8,3156.38,28,453,394.5475,0.0,1
12980,19,14133.27,4,549,754.2031578947368,0.014838709677419355,0
12982,8,2562.12,59,363,343.10125,0.03701561596298438,1
12987,4,1044.11,14,491,264.4525,0.004219409282700422,0
12988,1,535.32,109,0,535.32,0.0,1
12989,25,9313.93,17,529,398.2232,0.026730135481508606,0
12990,6,809.9,2,434,134.98333333333332,0.0,0
12993,6,951.8000000000001,24,451,170.02833333333334,0.17081260364842454,0
12994,1,316.40000000000003,85,0,352.6,0.04216867469879518,0
12997,6,1450.44,53,376,248.74833333333333,0.024330900243309004,0
12999,3,455.88,13,49,151.96,0.0,1
13000,3,888.68,76,465,318.72666666666663,0.02100840336134454,0
13001,30,22162.58,1,551,739.9543333333334,0.0016775842786387603,0
13002,3,414.13,135,116,138.04333333333332,0.0,1
13003,1,59.05,31,0,59.05,0.0,0
13004,26,8259.98,0,540,336.7676923076923,0.047975077881619935,0
13005,3,742.98,63,211,269.21,0.01647058823529412,0
13008,3,543.28,140,399,204.04333333333332,0.17678100263852242,1
13012,6,1981.8500000000001,30,378,336.3966666666667,0.017110266159695818,0
13013,20,8658.779999999999,29,513,432.93899999999996,0.0,0
13014,4,3148.38,37,212,810.7075,0.012987012987012988,0
13015,10,4882.4800000000005,14,405,500.31800000000004,0.02744948532215021,0
13018,18,6139.07,13,452,342.19,0.0012584948401711553,0
13021,11,2960.23,32,519,275.98727272727274,0.014857881136950904,0
13026,6,997.69,37,505,166.90666666666667,0.0008375209380234506,0
13027,16,14076.0,50,454,891.45,0.006864406779661017,0
13029,3,1062.3,170,170,354.09999999999997,0.0,0
13033,2,220.55,174,72,110.275,0.0,1
13035,2,775.3199999999999,77,170,387.65999999999997,0.0,0
13037,11,3538.7999999999997,36,516,328.29090909090905,0.012543903662819869,0
13038,2,591.76,0,106,295.88,0.0,0
13043,1,471.56999999999994,90,0,516.42,0.011811023622047244,1
13044,11,4824.2,108,409,441.26363636363635,0.0007833920877399138,1
13046,2,517.66,83,190,258.83,0.0,0
13047,20,6674.67,36,504,343.1335,0.015278838808250574,0
13048,7,3169.17,55,443,455.46000000000004,0.002347417840375587,0
13049,3,881.24,135,83,301.78000000000003,0.03255813953488372,0
13050,28,9173.150000000001,2,538,344.2425,0.011092310584696372,0
13052,7,3168.5299999999997,29,442,452.6471428571428,0.0,1
13055,2,1435.4099999999999,30,216,725.78,0.01102629346904156,0
13059,10,2272.62,66,368,230.317,0.005787037037037037,1
13060,1,307.53,70,0,307.53,0.0,1
13062,1,346.98,8,0,346.98,0.0,1
13064,3,764.55,144,264,254.85,0.0,0
13068,1,165.0,136,0,165.0,0.0,0
13069,29,6966.25,6,353,261.99827586206897,0.04610290371879776,0
13070,4,743.9000000000001,9,539,187.925,0.010752688172043012,1
13072,1,177.15,83,0,177.15,0.0,1
13077,10,2574.62,107,438,259.912,0.027403414195867025,0
13078,41,20281.27,17,538,508.7141463414634,0.013389441469013007,0
13081,24,42195.95,34,513,1790.1875,0.01007029589668138,0
13082,17,5615.47,52,481,334.2529411764706,0.0075942112050437025,0
13085,7,1321.48,112,443,327.90000000000003,0.12111111111111111,0
13089,160,80879.56,2,551,526.3270625,0.02122922978059304,0
13090,17,7011.06,55,255,429.1452941176471,0.021052631578947368,0
13092,11,1969.2499999999998,28,456,191.1090909090909,0.13125,0
13093,55,53274.33,92,460,984.4409090909091,0.006622771552885911,1
13094,9,1362.4799999999998,8,197,152.79999999999998,0.010638297872340425,0
13097,23,9963.77,50,505,451.4373913043478,0.006052141527001862,0
13098,9,7559.88,2,131,859.4411111111111,0.0078089113458888375,0
13101,4,695.4,51,446,173.85,0.0,1
13102,28,8468.37,15,383,311.61321428571426,0.014160051491096332,0
13104,5,824.34,84,385,164.868,0.0,0
13107,6,4144.84,150,340,714.715,0.017473503294185046,0
13110,8,2139.99,74,481,275.16125,0.010344827586206896,0
13113,29,13595.49,9,428,512.5158620689655,0.05433526011560694,0
13115,7,4027.8700000000003,1,415,582.6385714285715,0.00535475234270415,0
13117,16,2020.42,34,405,126.38250000000001,0.0013175230566534915,0
13118,7,1995.3899999999999,25,230,288.18571428571425,0.015759312320916905,0
13120,1,30.6,55,0,30.6,0.0,1
13121,1,254.73000000000002,86,0,283.73,0.0992063492063492,1
13122,1,903.67,57,0,903.67,0.0,0
13124,3,3490.24,69,132,1163.4133333333332,0.0,0
13126,10,2676.76,70,394,275.259,0.012228260869565218,0
13131,5,2565.37,4,481,513.074,0.0,0
13132,1,77.3,78,0,77.3,0.0,1
13133,3,200.45,90,185,66.81666666666666,0.0,1
13134,5,1531.44,0,232,313.478,0.01732283464566929,0
13135,2,3371.45,13,294,1685.725,0.0,1
13136,9,4105.23,29,518,471.2677777777778,0.027224112785610113,0
13137,10,4926.13,69,249,492.613,0.0,0
13138,3,685.72,57,155,232.82333333333335,0.0031545741324921135,0
13139,3,4308.0599999999995,32,222,1436.0199999999998,0.0,0
13141,16,6548.910000000001,31,516,417.55375000000004,0.007670392285776901,0
13144,2,135.35,149,98,67.675,0.0,1
13148,20,6372.089999999999,49,499,335.65099999999995,0.04513686662783926,0
13149,1,376.74,106,0,376.74,0.0,0
13151,3,2511.6899999999996,112,332,860.2466666666666,0.008413461538461538,1
13155,4,967.92,143,165,241.98,0.0,0
13157,7,4424.43,58,400,634.8685714285714,0.00237029233605478,0
13158,2,563.53,135,69,281.765,0.0,0
13161,2,478.88,130,187,239.44,0.0,1
13162,15,8734.09,1,551,592.8426666666667,0.015998528870908423,0
13165,2,784.3199999999999,168,61,392.15999999999997,0.0,0
13166,2,881.6800000000001,100,131,442.09000000000003,0.003795066413662239,1
13168,4,1519.73,16,342,382.195,0.0025412960609911056,0
13169,2,632.4,69,309,316.2,0.0,0
13171,1,140.35,116,0,140.35,0.0,0
13174,11,7370.11,133,418,670.01,0.0,0
13178,15,10991.62,20,519,736.8613333333334,0.004257818235207752,0
13183,9,4580.18,25,427,511.72,0.009506398537477149,0
13184,5,897.47,1,105,183.994,0.006369426751592357,0
13185,1,71.4,84,0,71.4,0.0,1
13187,4,348.31,154,287,91.7525,0.058666666666666666,1
13192,5,2096.91,22,481,422.192,0.008258258258258258,0
13196,4,1773.99,79,355,445.7975,0.0018148820326678765,0
13198,5,3604.99,66,184,732.1479999999999,0.0036275695284159614,0
13199,45,9872.5,14,537,219.71666666666667,0.000604814322003145,0
13203,7,1926.8,59,480,277.7857142857143,0.0034129692832764505,0
13208,6,1464.81,23,529,244.135,0.0,0
13209,8,4925.04,44,456,622.5425,0.004718372161604247,0
13211,8,1620.15,178,372,205.32500000000002,0.004708097928436911,0
13213,9,2867.7200000000003,0,385,320.2744444444445,0.0036325895173845357,0
13216,1,333.74,84,0,333.74,0.0,1
13220,4,1243.29,2,390,310.8225,0.0,0
13221,2,847.4100000000001,57,119,423.70500000000004,0.0,1
13223,6,969.12,17,464,161.52,0.0,1
13225,13,13157.310000000001,13,526,1041.393076923077,0.010934563471723903,0
13226,2,312.46000000000004,90,120,156.23000000000002,0.0,1
13227,1,257.7,18,0,257.7,0.0,1
13229,1,160.95,42,0,160.95,0.0,1
13230,25,5259.84,18,429,210.3936,0.0,0
13232,3,691.9,13,46,230.63333333333333,0.0,0
13233,3,875.5799999999999,153,358,291.85999999999996,0.0,0
13235,1,101.16999999999996,29,0,1031.07,0.0022675736961451248,1
13238,3,397.05,177,229,132.35,0.0,0
13239,5,1579.8400000000001,78,240,318.938,0.0026064291920069507,1
13240,6,1215.8600000000001,74,395,215.535,0.02047244094488189,0
13242,6,533.0,30,454,88.83333333333333,0.0,0
13243,5,1278.04,20,428,255.608,0.0,1
13246,9,3004.1,23,318,338.7388888888889,0.00823529411764706,0
13248,1,387.46999999999997,6,0,387.46999999999997,0.0,0
13249,7,1189.3600000000001,78,423,169.90857142857143,0.0,0
13253,3,2397.19,156,364,799.0633333333334,0.0,0
13258,3,561.22,22,195,187.07333333333335,0.0,0
13261,2,944.1,85,17,472.05,0.0,1
13262,3,573.45,80,337,191.15,0.0,1
13263,19,4703.24,8,221,247.53894736842105,0.0,0
13265,3,1465.6599999999999,0,89,488.5533333333333,0.0,0
13266,13,4002.3,2,537,317.47769230769234,0.026981802970089938,0
13267,28,6917.91,16,532,254.2307142857143,0.017088174982911826,0
13268,5,1798.9300000000003,15,68,367.55600000000004,0.009472259810554804,0
13269,18,5213.62,35,519,291.2372222222222,0.0007158196134574087,0
13280,6,2181.63,133,328,367.855,0.0014035087719298245,0
13282,2,523.2,37,185,262.875,0.0053475935828877,0
13283,3,305.20000000000005,2,454,101.73333333333335,0.0,0
13284,1,196.15,147,0,201.19,0.13186813186813187,1
13285,4,1828.74,43,397,457.185,0.0,0
13292,4,658.42,101,242,166.285,0.05063291139240506,0
13294,3,1689.53,6,456,563.1766666666666,0.0,1
13295,4,1061.27,176,217,275.4925,0.04638472032742155,1
13299,3,1173.3,85,260,406.23333333333335,0.019230769230769232,1
13301,2,327.77,39,69,163.885,0.0,0
13304,4,1120.79,168,318,304.4975,0.03910614525139665,1
13305,10,2257.8999999999996,62,393,225.78999999999996,0.0,0
13308,2,1081.9099999999999,20,393,549.905,0.004005340453938585,0
13309,3,796.22,23,186,265.4066666666667,0.0,0
13310,4,1195.02,23,195,306.705,0.01282051282051282,0
13313,9,2477.6899999999996,32,521,277.74888888888887,0.0050335570469798654,0
13316,7,8551.68,71,385,1262.3314285714284,0.0029747450218552698,0
13317,18,5121.330999999999,15,527,307.0217222222222,0.036725325172149964,0
13319,45,15229.32,3,546,344.1682222222222,0.008155583437892095,0
13320,4,1135.86,30,265,297.0025,0.02944640753828033,0
13324,15,7114.71,20,360,479.36733333333336,0.0027991602519244225,0
13327,17,7250.8099999999995,2,535,434.0623529411764,0.005473926822241429,0
13328,1,1308.48,133,0,1308.48,0.0,1
13330,5,2393.47,2,469,478.69399999999996,0.0,0
13334,4,5452.02,7,461,1364.6925,0.00035676061362825543,0
13339,1,860.12,17,0,860.12,0.0,1
13340,6,15042.11,93,378,2507.0183333333334,0.0,0
13341,1,775.85,77,0,775.85,0.0,1
13344,1,1656.15,94,0,1656.15,0.0,0
13345,1,377.6,104,0,389.5,0.014184397163120567,1
13357,5,3838.36,74,369,767.672,0.0,1
13358,1,439.03,85,0,439.03,0.0,1
13362,5,3853.61,62,179,776.972,0.004928806133625411,0
13365,1,673.7,34,0,700.6,0.0049504950495049506,0
13368,4,1086.1,73,166,280.375,0.019801980198019802,1
13373,4,5262.64,93,457,1315.66,0.0,0
13376,2,770.0,20,30,385.0,0.0,0
13381,8,5629.5599999999995,24,531,707.05125,0.004061738424045491,0
13382,5,1387.58,97,451,277.51599999999996,0.0,1
13385,1,534.57,146,0,534.57,0.0,1
13389,1,257.89,49,0,257.89,0.0,0
13391,1,59.8,20,0,59.8,0.0,1
13394,14,4946.41,31,524,359.7864285714286,0.0054333061668024995,0
13395,3,1180.23,2,236,393.41,0.0,1
13396,1,370.91999999999996,136,0,387.27,0.02158273381294964,0
13397,8,2535.4,0,505,328.52625,0.006633499170812604,0
13398,2,670.34,9,256,335.17,0.0,1
13404,1,217.81,29,0,217.81,0.0,0
13405,5,1181.56,21,520,239.762,0.008206330597889801,0
13408,70,33246.572,7,545,479.46645714285717,0.0036877369760556795,0
13410,7,1722.79,4,544,249.1342857142857,0.008771929824561403,0
13414,4,1481.74,113,306,373.41,0.0011574074074074073,0
13417,5,1189.0600000000002,22,464,252.93200000000002,0.05429864253393665,0
13418,22,8540.130000000001,21,524,401.0695454545455,0.007915057915057915,0
13421,7,3062.7799999999997,107,373,439.5828571428571,0.0017301038062283738,0
13425,3,2153.29,111,284,726.9966666666666,0.003893575600259572,0
13426,16,5811.08,55,491,363.1925,0.0,0
13427,4,638.4300000000001,32,507,159.60750000000002,0.0,0
13435,3,1109.06,6,311,369.68666666666667,0.0,0
13437,1,1440.9,7,0,1440.9,0.0,0
13439,3,986.61,72,270,328.87,0.0,1
13448,11,5917.43,35,514,607.3454545454546,0.005754088431253785,0
13450,9,2752.36,21,398,306.09555555555556,0.0006863417982155113,0
13451,9,5796.2,28,417,651.9055555555556,0.002130681818181818,0
13452,3,729.8,76,213,243.26666666666665,0.0,1
13453,2,587.01,106,112,304.855,0.007067137809187279,0
13456,1,178.76,24,0,207.66,0.09,0
13458,9,8504.83,6,198,952.5311111111112,0.007848661702555847,0
13462,5,1145.6,69,473,230.76999999999998,0.0014347202295552368,1
13466,5,962.1999999999999,1,444,202.67,0.016666666666666666,1
13468,56,10435.25,18,535,190.97196428571428,0.011936339522546418,0
13473,7,2229.6,149,391,353.7685714285714,0.04721030042918455,0
13474,3,663.79,53,258,221.26333333333332,0.0,1
13475,4,1431.78,8,107,357.945,0.0,1
13476,4,1404.8999999999999,98,363,387.65,0.006521739130434782,0
13477,7,1882.57,28,472,270.80285714285714,0.0022371364653243847,0
13479,4,808.5,17,276,212.8425,0.0111731843575419,1
13481,8,2992.52,9,543,375.65875,0.001936733376371853,0
13482,2,336.09,49,395,168.045,0.0,1
13484,3,767.32,58,398,263.5733333333333,0.05357142857142857,1
13485,11,2957.92,50,503,274.4745454545455,0.0055617352614015575,1
13487,4,680.27,30,521,170.0675,0.0,0
13488,16,10743.73,13,487,673.005,0.002412321395435146,0
13489,2,235.68,106,5,117.84,0.0,0
13491,25,4283.47,64,485,171.33880000000002,0.0,0
13492,1,315.3,31,0,315.3,0.0,0
13493,2,618.63,92,11,309.315,0.0,1
13494,1,316.26,128,0,316.26,0.0,1
13495,8,3817.97,49,500,486.35875,0.010372465818010372,0
13496,1,465.61,176,0,501.01,0.05240174672489083,0
13497,6,1139.83,99,386,194.47166666666666,0.007619047619047619,1
13499,2,454.59,42,44,231.89499999999998,0.022641509433962263,0
13501,3,2840.2599999999998,105,282,961.7033333333333,0.011971268954509178,1
13502,4,671.76,91,273,169.415,0.005952380952380952,0
13505,2,1873.2900000000002,9,40,958.0450000000001,0.004689331770222743,0
13506,5,1308.53,133,144,267.616,0.006369426751592357,1
13508,2,287.04999999999995,60,399,143.52499999999998,0.0,1
13509,4,785.02,71,253,196.255,0.0,0
13510,8,3288.55,0,534,419.00625,0.008658008658008658,0
13512,4,713.39,77,322,178.3475,0.0,1
13515,3,578.1,64,396,192.70000000000002,0.0,0
13516,2,441.85,55,179,220.925,0.0,0
13520,9,4981.4800000000005,1,537,563.7366666666667,0.023447141094199916,0
13523,4,2938.9300000000003,16,202,734.7325000000001,0.0,0
13524,1,159.2,36,0,159.2,0.0,0
13525,1,282.88,65,0,282.88,0.0,0
13527,7,2971.92,18,485,425.9814285714286,0.0007692307692307692,0
13529,1,181.1,21,0,181.1,0.0,0
13531,6,1433.07,22,531,238.845,0.0,1
13533,2,146.64000000000001,84,0,73.32000000000001,0.0,0
13534,27,4506.62,3,333,177.92222222222222,0.04903172641120725,0
13538,8,2451.38,0,492,306.4225,0.0,0
13539,6,1215.5700000000002,57,350,208.94500000000002,0.01932367149758454,0
13544,5,652.0,57,404,132.1,0.0032679738562091504,0
13546,3,653.31,17,223,217.76999999999998,0.0,0
13548,2,507.59,60,227,253.795,0.0,0
13549,4,598.0699999999999,9,194,150.0375,0.0024813895781637717,0
13551,2,244.20000000000002,136,346,122.10000000000001,0.0,1
13552,15,4788.6,22,453,340.00933333333336,0.03114754098360656,0
13555,11,6347.11,18,487,585.4509090909091,0.006260296540362438,0
13557,12,2636.7000000000003,97,450,224.07333333333335,0.018304431599229287,0
13561,11,1820.72,32,433,165.52,0.0,1
13562,6,3642.12,62,448,607.02,0.0,0
13564,36,15797.36,171,383,448.8586111111111,0.01134089392928619,1
13565,2,284.76,151,76,142.38,0.0,0
13570,1,239.49,60,0,239.49,0.0,1
13571,18,2961.5299999999997,1,546,164.52944444444444,0.0,0
13572,1,1384.25,22,0,1384.25,0.0,1
13573,5,653.84,70,383,130.768,0.0,0
13576,18,7589.06,4,543,423.40333333333336,0.003903708523096942,0
13577,8,2045.07,58,483,269.80375,0.028971028971028972,0
13581,2,280.53,126,104,140.265,0.0,1
13584,3,347.15000000000003,123,369,130.8166666666667,0.2396694214876033,1
13588,1,113.3,72,0,113.3,0.0,0
13590,15,5234.2,16,538,351.97999999999996,0.001887237556027365,0
13591,6,1740.29,21,520,292.17333333333335,0.0015923566878980893,0
13592,3,205.51,22,58,68.50333333333333,0.0,0
13593,12,4461.08,80,383,375.7966666666666,0.01530891197375615,0
13599,19,6340.219999999999,15,540,350.8831578947368,0.04433261442607237,0
13600,2,518.42,129,321,259.21,0.0,1
13601,3,865.02,28,335,288.34,0.0,0
13606,2,250.42000000000002,60,68,125.21000000000001,0.0,0
13610,10,1495.1200000000001,4,515,151.83700000000002,0.011326860841423949,0
13611,8,2425.98,176,377,306.36,0.006342494714587738,0
13614,3,954.48,147,220,318.16,0.0,0
13615,8,6212.23,135,361,784.06625,0.006529209621993127,1
13623,9,2305.94,27,527,263.40333333333336,0.009101251422070534,0
13626,2,689.49,69,126,353.52,0.007537688442211055,1
13627,4,1199.4499999999998,21,435,303.3375,0.0024937655860349127,0
13629,12,8466.5,27,455,705.5416666666666,0.0,0
13630,3,1037.44,1,101,350.6133333333334,0.004219409282700422,0
13631,4,1330.0,18,65,332.5,0.0,0
13632,5,2130.71,50,378,427.98199999999997,0.0023781212841854932,0
13634,13,3569.8,59,456,317.20923076923077,0.09483282674772037,0
13636,3,533.95,69,32,180.48333333333335,0.019801980198019802,0
13637,2,684.85,4,39,342.425,0.0,0
13642,4,501.97,32,217,128.68,0.003952569169960474,1
13643,8,1680.63,2,545,215.65375,0.011611030478955007,0
13647,5,1818.1999999999998,51,368,363.64,0.0,0
13649,6,1481.08,73,270,246.84666666666666,0.0,1
13650,6,2007.6799999999998,24,475,366.19666666666666,0.06498194945848375,0
13652,4,1805.21,73,395,451.3025,0.0,0
13654,8,4773.51,18,535,596.68875,0.0,0
13655,5,1709.98,58,349,346.238,0.017687074829931974,0
13656,3,836.4,154,258,287.3,0.006185567010309278,0
13657,1,152.34,18,0,152.34,0.0,0
13658,5,4233.2,21,468,863.926,0.014462809917355372,0
13659,12,4716.63,22,455,407.9066666666667,0.013784954706577392,1
13662,10,1819.96,29,446,188.529,0.026026026026026026,0
13666,4,107.30000000000001,104,448,26.825000000000003,0.0,0
13668,26,10559.75,4,540,414.8934615384615,0.012992369560734173,0
13672,3,162.07,118,429,139.97333333333333,0.42028985507246375,1
13675,1,308.44,101,0,308.44,0.0,0
13680,10,8584.73,154,397,1010.484,0.14830414542230105,0
13682,1,59.5,4,0,59.5,0.0,1
13684,4,546.52,102,335,149.245,0.05106382978723404,1
13692,4,2399.71,30,206,624.415,0.007453416149068323,0
13694,120,156686.24000000002,0,552,1348.5644166666668,0.021307512041897767,0
13695,6,892.52,6,388,148.75333333333333,0.0,0
13700,8,1264.75,57,430,161.5,0.006765067650676507,0
13703,2,99.50000000000006,135,96,212.78,0.921875,1
13706,2,631.1700000000001,119,324,315.58500000000004,0.0,1
13707,5,3365.8599999999997,84,269,673.1719999999999,0.0,1
13708,1,296.88,88,0,296.88,0.0,1
13709,6,1738.4,132,382,289.73333333333335,0.0,0
13711,9,1632.61,35,505,199.14,0.028083028083028084,1
13712,2,766.4200000000001,63,364,383.21000000000004,0.0,1
13715,17,8165.69,98,357,482.9788235294117,0.003107520198881293,1
13716,1,138.28,86,0,138.28,0.0,1
13717,4,873.6300000000001,57,244,222.22000000000003,0.003416856492027335,0
13718,2,306.55,63,49,153.275,0.0,1
13719,8,2112.31,22,365,264.03875,0.0,0
13720,2,432.1,55,16,216.05,0.0,0
13722,8,4723.469999999999,99,363,590.4337499999999,0.0,0
13723,6,1209.2,34,394,201.53333333333333,0.0,1
13725,6,1714.0,42,83,291.93333333333334,0.011494252873563218,0
13728,13,2332.96,15,531,179.45846153846153,0.0,0
13731,2,610.5899999999999,36,27,305.29499999999996,0.0,1
13735,10,7621.64,51,492,786.313,0.012454005094820267,0
13736,6,2340.6400000000003,77,473,398.64000000000004,0.009353078721745909,0
13737,1,339.6,17,0,339.6,0.0,1
13740,5,1597.77,57,496,319.554,0.0,1
13741,2,361.03,0,33,181.565,0.006993006993006993,0
13742,8,2136.12,1,135,269.5025,0.0025157232704402514,0
13743,2,353.15999999999997,34,41,176.57999999999998,0.0,0
13744,1,893.16,109,0,893.16,0.0,0
13748,7,1696.95,49,505,242.42142857142858,0.0,0
13750,8,2605.14,113,320,330.465,0.009140767824497258,0
13751,1,296.25,105,0,296.25,0.0,1
13752,5,1295.98,1,343,259.196,0.0,0
13753,4,2094.57,104,449,523.6425,0.0,1
13754,2,320.45,134,119,160.225,0.0,0
13756,14,5181.09,0,540,371.2135714285714,0.0006720430107526882,0
13758,13,7705.26,18,537,604.5461538461539,0.0020852641334569047,0
13760,4,1206.94,73,336,302.985,0.007662835249042145,0
13762,5,2165.76,35,479,494.496,0.10429447852760736,1
13764,4,1931.3899999999999,154,305,482.84749999999997,0.0,0
13767,58,23684.8,20,535,412.4913793103448,0.005719825496849249,0
13769,15,4112.0199999999995,24,515,275.308,0.0057833859095688745,0
13771,7,4559.22,16,453,651.3171428571429,0.0,0
13772,6,2191.0099999999998,56,414,368.4183333333333,0.02208835341365462,0
13777,49,34624.13,1,553,714.6412244897958,0.009062303335431088,0
13781,3,770.88,67,470,259.61,0.0033333333333333335,1
13782,9,1235.07,51,499,138.11333333333334,0.002304147465437788,0
13784,9,1462.82,2,264,163.98555555555555,0.002875215641173088,0
13787,5,971.0600000000001,181,330,203.972,0.015341701534170154,0
13792,2,263.0,104,135,131.5,0.0,0
13798,86,58923.439999999995,3,544,710.1946511627907,0.022525916495622127,0
13799,8,1692.6599999999999,111,349,307.05125,0.1368102796674225,0
13800,3,1679.56,126,427,559.8533333333334,0.0,1
13802,18,24548.2,71,407,1377.263888888889,0.0036701370683843906,0
13803,3,1319.11,72,363,446.3033333333333,0.01444043321299639,1
13804,3,1296.3600000000001,106,146,432.12000000000006,0.0,0
13809,3,679.7,122,155,226.5666666666667,0.0,1
13811,3,591.75,0,55,271.5,0.014705882352941176,1
13815,5,4282.89,135,347,892.0780000000001,0.0058326042578011085,0
13817,1,128.7,168,0,128.7,0.0,0
13819,6,2631.1,118,436,440.39166666666665,0.0030316154179298397,1
13821,5,1271.54,78,442,259.048,0.013636363636363636,0
13824,10,2807.4,20,433,284.88,0.006711409395973154,0
13831,15,5496.18,17,528,367.372,0.0019540791402051783,0
13835,4,538.6999999999999,32,430,147.2875,0.029787234042553193,0
13837,2,271.24,28,105,135.62,0.0,1
13841,1,85.0,69,0,85.0,0.0,1
13842,15,3737.2400000000002,16,461,250.81266666666667,0.0041741204531902205,0
13846,3,1089.21,59,157,368.8866666666667,0.0075528700906344415,0
13848,7,2695.0,114,432,385.0,0.0,0
13851,6,2111.6200000000003,105,391,366.8866666666667,0.006185567010309278,0
13854,30,8898.83,13,504,299.8193333333333,0.007276507276507277,0
13856,10,914.48,0,435,97.253,0.010285714285714285,0
13859,2,515.86,143,203,257.93,0.0,1
13862,5,1477.19,4,202,299.848,0.0057251908396946565,0
13863,4,1217.6299999999999,64,345,309.8875,0.012658227848101266,1
13865,2,282.52,3,102,141.26,0.0,0
13867,1,138.85,35,0,138.85,0.0,0
13869,9,6591.58,79,428,732.3977777777777,0.0,0
13870,8,3482.62,104,381,435.64625,0.00039872408293460925,0
13871,9,3810.88,23,512,430.92555555555555,0.02002288329519451,0
13873,7,871.82,35,427,125.67428571428572,0.005025125628140704,0
13874,7,1989.2,175,314,292.7357142857143,0.015046296296296295,1
13875,12,4095.46,1,538,341.28833333333336,0.0,0
13880,10,2413.66,3,375,241.36599999999999,0.0,0
13881,27,30972.440000000002,30,431,1169.9644444444446,0.011631052204490127,0
13883,14,5447.19,35,512,402.0228571428571,0.027522935779816515,0
13884,8,1261.0300000000002,94,192,162.14125,0.012455516014234875,0
13885,2,506.79999999999995,6,11,253.39999999999998,0.0,1
13887,1,349.55,21,0,349.55,0.0,1
13888,6,1802.94,35,357,300.49,0.0,0
13890,5,1183.12,175,374,246.78399999999996,0.03669724770642202,0
13892,3,689.2,63,329,229.73333333333335,0.0,0
13893,1,821.1,114,0,821.1,0.0,1
13894,1,150.95,127,0,160.85,0.05714285714285714,0
13898,2,686.4000000000001,142,85,343.20000000000005,0.0,1
13899,1,298.5,91,0,298.5,0.0,0
13900,6,1608.09,0,441,268.4316666666667,0.0021321961620469083,1
13901,12,3380.44,73,447,288.12,0.009409304756926294,0
13904,1,201.12,111,0,201.12,0.0,0
13908,2,808.61,31,61,415.555,0.014336917562724014,0
13911,17,3323.04,14,451,197.52882352941174,0.0034150884818379386,0
13917,1,65.38,8,0,65.38,0.0,0
13918,1,198.2,70,0,198.2,0.0,0
13922,3,824.7,168,115,288.40000000000003,0.029978586723768737,1
13929,10,2888.3,143,368,306.43,0.010914051841746248,0
13931,10,4398.0599999999995,97,455,439.8059999999999,0.0,0
13932,1,307.4,111,0,307.4,0.0,1
13934,1,922.1,80,0,922.1,0.0,1
13939,5,1149.61,128,300,235.38199999999998,0.008307372793354102,0
13941,12,6957.58,114,425,586.0983333333334,0.01059446733372572,0
13946,5,1669.8300000000002,18,534,360.12600000000003,0.008998875140607425,0
13948,4,536.86,177,374,137.19,0.008064516129032258,1
13950,1,179.31,63,0,179.31,0.0,0
13951,2,516.05,53,57,258.025,0.0,0
13952,14,12790.891,34,505,915.9657857142856,0.0015133680847486128,1
13953,8,4875.0,27,517,609.375,0.0,0
13955,2,427.31,122,69,213.655,0.0,0
13956,2,293.66999999999996,60,28,146.83499999999998,0.0,0
13959,5,815.4200000000001,98,230,163.084,0.0,0
13962,2,310.85,62,190,155.425,0.0,0
13963,17,2748.32,125,288,168.26882352941178,0.003487792725460887,1
13969,24,5906.95,0,441,249.70000000000002,0.0009296560272699101,0
13971,9,2818.39,31,468,320.42555555555555,0.015151515151515152,0
13972,1,145.9,18,0,145.9,0.0,0
13973,1,264.7,104,0,264.7,0.0,1
13975,8,3762.62,32,459,474.27125,0.00288496213487198,0
13976,4,1192.3600000000001,23,461,298.09000000000003,0.0,1
13982,7,3032.88,143,361,435.56857142857143,0.004201680672268907,0
13983,17,5754.650000000001,4,543,344.5129411764706,0.028474767409078096,0
13984,10,1690.52,66,482,169.052,0.0,1
13985,10,4123.08,1,483,412.60299999999995,0.0004880429477794046,0
13988,4,1959.2699999999998,17,424,491.47999999999996,0.0009009009009009009,0
13989,4,1656.65,56,324,414.1625,0.0,0
13990,1,311.3,30,0,311.3,0.0,1
13993,14,4769.27,22,531,343.01214285714286,0.004878048780487805,0
13995,10,2753.02,62,475,281.877,0.021046301864101023,0
13999,21,6819.570000000001,31,520,326.0604761904762,0.0021615779519048904,0
14000,5,1877.5900000000001,28,526,409.26800000000003,0.014689880304679,1
14001,8,3494.91,49,260,436.86375,0.0,0
14004,5,2575.83,105,146,515.1659999999999,0.0,0
14005,1,187.16,32,0,187.16,0.0,0
14006,6,1896.57,58,411,316.09499999999997,0.0,0
14009,3,1090.2299999999998,15,264,366.6366666666666,0.004206098843322818,1
14012,1,328.8,94,0,328.8,0.0,1
14013,3,651.6999999999999,92,347,243.35,0.022332506203473945,0
14016,10,10415.88,24,492,1042.683,0.0001990049751243781,0
14021,6,1586.3799999999999,28,381,264.39666666666665,0.0,0
14022,2,792.15,42,261,396.075,0.0,1
14023,1,273.14,67,0,273.14,0.0,0
14030,17,6544.0199999999995,60,485,391.80705882352936,0.015771028037383176,0
14031,36,28161.55,13,540,825.4666666666667,0.03155515370705244,0
14032,10,3048.04,23,519,310.639,0.012513407222023596,0
14035,6,2125.0299999999997,84,344,354.87999999999994,0.0028462998102466793,0
14036,1,626.65,101,0,626.65,0.0,1
14037,5,720.55,181,368,160.31,0.04671280276816609,0
14038,3,2156.8700000000003,24,466,741.94,0.008842443729903537,0
14040,29,10867.66,0,555,378.8520689655172,0.004930734914299131,0
14041,1,141.41,83,0,141.41,0.0,1
14044,7,2627.07,126,374,377.71714285714285,0.0005282620179609086,0
14045,15,8926.23,154,362,705.242,0.07708002720471549,0
14046,1,154.99,101,0,154.99,0.0,1
14047,12,3208.42,16,477,274.61833333333334,0.00948905109489051,0
14048,3,713.8900000000001,122,77,249.56333333333336,0.029978586723768737,1
14049,11,10471.32,17,416,965.07,0.0061992619926199265,0
14051,25,11704.17,30,523,481.34680000000003,0.015655577299412915,0
14056,11,3687.3700000000003,1,100,335.9381818181818,0.0014619883040935672,0
14057,13,4796.849999999999,16,537,374.41615384615386,0.04048192771084337,0
14059,1,183.6,83,0,183.6,0.0,1
14060,22,6142.02,0,455,279.6781818181818,0.0003791469194312796,0
14062,18,19804.61,56,490,1109.6655555555556,0.01017632241813602,0
14064,13,2538.07,28,475,216.98769230769233,0.15011481056257175,0
14066,1,152.55,83,0,152.55,0.0,1
14068,4,1504.9699999999998,137,357,382.0925,0.023391812865497075,1
14071,2,225.4,77,4,178.405,0.3220338983050847,0
14075,4,1100.53,78,280,275.1325,0.0,0
14077,3,315.27,42,169,105.08999999999999,0.0,0
14078,8,1334.93,1,436,166.86625,0.0,0
14081,10,4826.53,119,426,494.658,0.005780346820809248,1
14082,2,413.36,181,27,206.68,0.0,1
14083,7,568.7600000000001,16,522,81.25142857142859,0.0,0
14085,25,8148.04,15,533,326.4316,0.00020234722784297855,0
14088,6,27339.37,7,230,4816.638333333333,0.003980257920713263,0
14090,1,76.32,141,0,76.32,0.0,1
14092,16,4940.360000000001,13,526,309.375625,0.0012300123001230013,0
14099,14,3929.0,35,511,284.5,0.0029293299157817647,0
14101,11,8124.73,14,423,740.4118181818181,0.0012698412698412698,0
14105,5,5709.88,56,482,1197.766,0.013865308432371251,1
14107,8,3625.55,37,509,456.14375,0.002886002886002886,0
14110,23,8975.97,37,518,391.5791304347826,0.0028776978417266188,0
14111,1,94.2,58,0,94.2,0.0,0
14112,9,3819.84,20,450,452.4377777777778,0.03828125,0
14113,13,4753.580000000001,171,377,437.3607692307693,0.12374821173104435,0
14114,7,1364.09,90,332,194.86999999999998,0.0,1
14127,5,1642.6,73,169,328.52,0.0,0
14128,2,577.4,72,295,296.125,0.005780346820809248,0
14129,5,1826.3799999999999,77,318,365.27599999999995,0.0,0
14130,4,1882.67,136,408,470.6675,0.0,1
14132,1,306.86,0,0,306.86,0.0,0
14133,2,608.2,132,417,311.75,0.0297029702970297,0
14135,18,6551.95,3,551,366.15666666666664,0.003095141972816579,0
14145,4,4986.45,34,393,1246.6125,0.0,0
14146,9,5921.6,71,440,795.8922222222222,0.1326432354357246,0
14147,8,1733.6999999999998,102,354,286.2,0.1574973031283711,0
14148,2,466.28999999999996,50,180,233.14499999999998,0.0,1
14149,1,259.43,37,0,446.62,0.40825688073394495,1
14150,1,306.18,176,0,306.18,0.0,0
14152,6,1668.6599999999999,51,425,281.76,0.011984021304926764,0
14154,8,6263.599999999999,56,456,807.5875,0.00558659217877095,1
14155,1,118.75,83,0,118.75,0.0,1
14156,120,225169.95,3,552,2009.2490833333334,0.014900727344210734,0
14157,4,814.6199999999999,102,360,211.76749999999998,0.024175824175824177,0
14159,12,4008.2,4,549,363.3016666666667,0.06773162939297124,0
14161,7,3035.73,32,510,433.67571428571426,0.0,1
14162,1,177.68,109,0,177.68,0.0,0
14163,3,898.5,16,262,299.5,0.0,0
14165,1,122.53999999999999,92,0,122.53999999999999,0.0,1
14167,6,980.65,80,417,163.44166666666666,0.0,0
14173,3,230.14999999999998,36,511,83.06666666666666,0.03571428571428571,0
14175,6,4505.36,146,298,796.5266666666666,0.04573170731707317,0
14176,5,753.5600000000001,114,83,151.292,0.007547169811320755,1
14180,24,4594.1,2,362,200.10833333333335,0.022116903633491312,0
14185,1,197.65,148,0,197.65,0.0,1
14188,2,760.9,31,95,380.45,0.0,0
14189,9,2985.49,17,188,333.90444444444444,0.00387263339070568,0
14191,5,815.35,1,543,183.92000000000002,0.031982942430703626,0
14193,2,779.34,86,126,389.67,0.0,0
14194,22,10568.54,13,505,487.6790909090909,0.014312173766627379,0
14195,6,2381.24,18,432,435.93333333333334,0.13992537313432835,1
14198,6,1037.48,56,464,175.27166666666668,0.016018306636155607,0
14199,4,916.4999999999998,35,312,272.92499999999995,0.09448818897637795,1
14201,7,797.8,3,402,122.45714285714284,0.023166023166023165,0
14205,8,1912.5,81,378,271.3,0.08386075949367089,0
14206,3,1145.21,56,163,395.00333333333333,0.004301075268817204,1
14209,12,3947.0899999999997,30,472,333.5825,0.008676789587852495,0
14210,15,5208.13,14,505,350.0253333333333,0.002926421404682274,0
14211,14,2974.23,24,522,219.36285714285714,0.012568306010928962,0
14214,1,634.5,94,0,638.65,0.009584664536741214,0
14215,7,2547.0799999999995,3,545,365.55428571428564,0.0028328611898017,0
14217,14,2129.46,1,342,163.0614285714286,0.01873536299765808,0
14220,4,1515.0,64,321,378.75,0.0,1
14221,12,4727.620000000001,7,422,394.8766666666667,0.0008113590263691683,0
14223,1,289.0,81,0,304.9,0.015384615384615385,0
14224,7,1343.1,32,329,191.87142857142857,0.0,0
14226,3,2444.99,27,230,826.5799999999999,0.005980066445182724,0
14227,12,5400.620000000001,13,473,451.4391666666667,0.0025662959794696323,0
14229,6,1683.92,108,179,301.495,0.03668261562998405,0
14231,4,1211.87,0,267,308.905,0.00819672131147541,1
14232,2,1001.4799999999999,3,77,501.98499999999996,0.003708281829419036,0
14233,6,2278.55,28,432,400.10833333333335,0.026236125126135216,0
14235,6,2837.6800000000003,43,392,472.9466666666667,0.0,0
14238,3,434.23,143,408,144.74333333333334,0.0,1
14239,16,3117.9100000000003,17,533,198.585,0.006015037593984963,0
14240,2,584.0,42,197,292.0,0.0,0
14241,2,333.70000000000005,0,512,166.85000000000002,0.0,1
14242,2,280.54999999999995,51,91,140.27499999999998,0.0,1
14243,12,6114.25,62,230,511.83750000000003,0.0026084121291164004,0
14245,2,1681.6000000000001,36,43,846.725,0.0030737704918032786,1
14246,1,449.64,62,0,449.64,0.0,0
14247,5,769.7099999999999,95,273,154.53199999999998,0.002617801047120419,1
14248,3,1032.95,135,197,344.31666666666666,0.0,1
14256,5,2397.34,77,434,494.79800000000006,0.007685738684884714,1
14257,6,3885.3199999999997,1,463,647.5533333333333,0.0,0
14258,22,25985.09,16,536,1226.780909090909,0.015905763343537868,0
14262,1,240.0,57,0,240.0,0.0,0
14264,5,1257.59,62,365,259.818,0.015968063872255488,0
14267,2,789.11,77,0,418.18,0.05357142857142857,0
14270,1,492.65,148,0,492.65,0.0,1
14271,2,219.13,42,183,109.565,0.0,1
14272,3,614.94,71,327,204.98000000000002,0.0,0
14273,2,218.70000000000002,34,24,109.35000000000001,0.0,0
14276,5,1174.83,106,370,264.828,0.06036446469248292,0
14277,7,2004.8999999999996,29,513,2092.4342857142856,0.9873039497570161,0
14280,1,134.04,13,0,134.04,0.0,1
14282,15,5353.5,20,459,357.23333333333335,0.0010663822980538523,0
14286,5,5850.97,59,492,1180.218,0.010534469403563129,0
14287,2,83.28,15,0,41.64,0.0,0
14288,1,413.85,30,0,426.6,0.005319148936170213,1
14289,3,594.22,16,90,198.07333333333335,0.0,0
14290,4,2671.8399999999997,178,369,744.8675,0.09502762430939227,0
14291,15,5584.5599999999995,27,519,375.62066666666664,0.0011706860220088973,0
14292,9,5155.88,21,426,608.8366666666666,0.02243158366980709,0
14293,7,2270.87,122,424,337.78142857142853,0.12961296129612962,0
14297,1,232.6,91,0,232.6,0.0,0
14298,68,70120.85999999999,7,537,1031.7820588235293,0.0012308796943315426,0
14299,22,10279.869999999999,135,419,530.4804545454546,0.024648443671986094,0
14304,3,1523.81,39,348,575.0033333333333,0.1135483870967742,1
14307,7,2979.2300000000005,36,512,426.74000000000007,0.0005162622612287042,0
14309,7,2527.9900000000002,0,367,365.8342857142857,0.007900677200902935,0
14311,2,435.90000000000003,59,324,258.225,0.08936170212765958,1
14312,9,2333.29,3,317,259.25444444444446,0.0,0
14315,4,1567.9399999999998,8,443,393.22249999999997,0.0014144271570014145,0
14320,5,1204.12,23,480,269.35,0.12201963534361851,1
14321,3,994.65,150,139,338.04333333333335,0.002642007926023778,0
14323,1,269.02,55,0,299.82,0.04504504504504504,0
14326,3,923.98,59,290,313.66,0.006993006993006993,1
14329,10,6892.78,90,449,703.798,0.0063355296502787635,0
14334,9,3419.0,20,365,382.72222222222223,0.0008326394671107411,0
14336,3,1114.3899999999999,15,77,371.4633333333333,0.0,0
14338,2,891.8000000000001,13,340,459.925,0.008051529790660225,0
14339,2,600.66,59,186,310.135,0.039473684210526314,1
14340,1,134.7,35,0,134.7,0.0,1
14341,14,2964.34,32,523,213.44214285714287,0.0016357688113413304,0
14342,3,483.78000000000003,27,262,186.49333333333334,0.04710144927536232,0
14344,18,2749.0,23,419,152.72222222222223,0.0,0
14346,4,1556.61,114,200,389.1525,0.0,0
14348,1,409.57,77,0,409.57,0.0,1
14350,3,947.8,91,155,324.01,0.03130755064456722,1
14352,2,845.3199999999999,51,38,422.65999999999997,0.0,0
14353,3,376.5,32,216,125.5,0.0,1
14364,4,2161.85,4,23,540.4625,0.0,0
14367,8,4061.7699999999995,1,91,518.1899999999999,0.01326963906581741,0
14368,1,155.0,136,0,155.0,0.0,1
14371,1,100.5,112,0,100.5,0.0,1
14373,1,76.55,175,0,76.55,0.0,1
14375,3,1132.99,2,355,377.66333333333336,0.0,1
14377,2,617.05,8,70,308.525,0.0,1
14379,3,1031.79,112,184,343.93,0.0,0
14386,1,142.4,113,0,142.4,0.0,1
14388,11,4277.650000000001,20,485,395.32272727272726,0.005344021376085505,0
14389,4,1119.95,7,399,291.4225,0.04245283018867924,0
14390,7,2543.24,28,214,365.6271428571428,0.002654867256637168,0
14393,1,67.95,35,0,67.95,0.0,1
14395,16,5996.21,39,377,376.0975,0.0009897723523589574,0
14397,2,242.24,15,15,121.12,0.0,0
14401,11,3215.54,132,410,299.68545454545455,0.00846740050804403,0
14403,4,1322.96,34,422,345.1775,0.017713365539452495,0
14404,10,1915.8899999999999,76,459,201.48899999999998,0.018779342723004695,0
14407,2,972.98,22,71,501.34000000000003,0.004807692307692308,0
14408,7,2585.03,6,542,369.29,0.0,0
14409,6,1882.74,135,248,338.99,0.05056179775280899,0
14410,8,2255.8700000000003,23,230,290.60875000000004,0.015570934256055362,1
14411,1,1063.0,127,0,1063.0,0.0,1
14413,4,770.37,179,326,192.5925,0.0,1
14414,2,1119.55,175,16,559.775,0.0,0
14415,15,8472.77,15,525,572.7046666666666,0.006136363636363636,0
14419,3,510.40999999999997,69,130,170.13666666666666,0.0,0
14421,5,2098.69,28,479,422.288,0.0008539709649871904,0
14422,14,6338.589999999999,84,455,457.7992857142857,0.002398081534772182,0
14423,3,914.96,35,476,305.5366666666667,0.002386634844868735,1
14426,10,8656.4,93,369,874.1850000000001,0.002129307007355788,0
14428,2,326.38,56,85,165.31,0.027586206896551724,0
14431,4,2541.6,119,384,653.55,0.0066555740432612314,1
14438,1,131.9,123,0,131.9,0.0,1
14439,5,9443.04,136,367,1888.6080000000002,0.0,1
14440,10,4698.160000000001,133,420,481.00600000000003,0.007363770250368188,0
14441,8,3085.69,72,435,406.955,0.01193058568329718,0
14442,7,5276.2699999999995,21,485,766.7171428571428,0.0069881201956673656,1
14443,3,1251.8500000000001,127,69,423.72333333333336,0.009138381201044387,0
14446,2,504.77,63,140,252.385,0.0,0
14447,3,1149.53,13,204,383.1766666666667,0.0,0
14448,1,102.35000000000001,181,0,102.35000000000001,0.0,0
14449,6,1766.76,63,189,294.46,0.0,0
14450,6,914.64,60,367,152.44,0.0,0
14451,11,2963.0000000000005,11,497,273.28909090909093,0.021628498727735368,0
14453,1,119.93,7,0,119.93,0.0,1
14457,1,113.64,127,0,113.64,0.0,1
14460,7,515.26,127,413,98.45142857142856,0.11545988258317025,0
14461,11,5370.77,78,428,489.6972727272727,0.0007880220646178094,0
14462,8,1372.54,2,246,175.83875,0.05016181229773463,0
14463,2,372.87,22,294,186.435,0.0,0
14465,11,3946.03,63,454,358.73,0.0,1
14466,10,3340.45,4,539,334.04499999999996,0.0,0
14467,9,1753.93,129,424,194.88111111111112,0.0,0
14470,2,548.49,104,142,274.245,0.0,0
14472,6,1821.01,4,501,303.50166666666667,0.0,0
14473,1,85.0,99,0,85.0,0.0,0
14475,3,820.94,3,222,282.49,0.026706231454005934,0
14476,1,215.7,74,0,215.7,0.0,1
14477,5,1175.8,1,519,236.6,0.005714285714285714,0
14479,4,1124.71,70,479,281.1775,0.0,1
14481,4,1601.67,104,390,494.46000000000004,0.0007524454477050414,0
14482,7,2362.2000000000003,56,231,361.1228571428572,0.06342182890855458,0
14483,2,257.1,98,455,128.55,0.0,1
14489,4,1574.93,24,405,393.7325,0.0,1
14496,7,2341.54,128,321,337.6985714285714,0.012154696132596685,1
14497,2,679.16,126,364,348.53,0.006024096385542169,1
14498,7,2267.19,3,363,323.88428571428574,0.0,0
14499,5,1431.3200000000002,95,190,289.934,0.010948905109489052,0
14500,1,284.85,6,0,284.85,0.0,0
14501,2,251.21,0,136,125.605,0.0,1
14502,6,971.98,51,78,178.37166666666667,0.024830699774266364,0
14504,3,542.71,60,35,180.90333333333334,0.0,0
14505,16,9047.419999999998,21,525,580.56,0.017375975824729287,0
14506,4,1575.6599999999999,100,316,393.91499999999996,0.0,0
14507,8,2404.62,32,513,314.57,0.03380503144654088,0
14512,7,1223.47,4,544,174.78142857142856,0.0,1
14513,5,632.67,23,361,129.954,0.014962593516209476,0
14514,8,3942.49,18,525,493.3425,0.0004807692307692308,0
14515,8,2382.46,8,359,301.6025,0.008665511265164644,0
14520,1,165.0,107,0,165.0,0.0,0
14522,5,1062.71,15,486,212.542,0.0,0
14524,8,1843.61,53,180,230.45125,0.0,0
14525,13,5893.08,2,540,457.02923076923076,0.0038314176245210726,0
14527,94,20823.829999999998,1,553,237.5373404255319,0.03340062396770049,0
14530,13,4712.08,2,502,371.7176923076923,0.006578947368421052,0
14532,11,3846.4300000000003,53,462,350.8345454545455,0.0008968609865470852,1
14533,5,1806.0,169,257,390.03000000000003,0.005080109417741305,0
14534,17,3569.5200000000004,3,447,216.83882352941177,0.009495548961424332,0
14535,7,3885.51,65,404,574.3585714285715,0.010689470871191877,0
14536,1,171.8,76,0,171.8,0.0,1
14538,4,1089.0900000000001,73,426,272.27250000000004,0.0,0
14540,9,2985.08,126,423,332.77555555555557,0.0015151515151515152,0
14541,12,2051.7799999999997,31,487,170.98166666666665,0.0,0
14542,1,103.25,2,0,103.25,0.0,1
14543,32,11176.279999999999,7,548,429.1246875,0.2296,0
14544,2,2079.9,178,108,1039.95,0.0,0
14546,8,3371.52,18,531,436.83625,0.027127659574468086,0
14548,8,2301.09,134,415,287.63625,0.0,0
14549,4,916.5500000000001,128,425,229.13750000000002,0.0,1
14551,6,797.79,21,477,136.54,0.024608501118568233,0
14553,6,1269.09,35,290,215.765,0.0024125452352231603,0
14555,5,2180.2799999999997,119,419,437.88599999999997,0.003667481662591687,0
14560,31,5098.31,13,541,164.7825806451613,0.00028129395218002813,0
14561,1,222.07,1,0,222.07,0.0,0
14562,12,2786.12,0,487,232.17666666666665,0.0,0
14565,3,2627.15,22,268,879.2166666666667,0.003849114703618168,0
14570,3,613.75,97,162,204.58333333333334,0.0,1
14572,7,3832.5699999999997,71,367,551.4671428571428,0.001015744032503809,0
14573,11,1884.1,17,499,175.79999999999998,0.009787928221859706,0
14577,5,982.5500000000001,49,495,196.51000000000002,0.0,0
14583,5,1042.81,2,435,208.56199999999998,0.0,0
14584,7,1534.46,0,477,219.20857142857145,0.0,0
14586,1,134.16,93,0,237.35999999999999,0.46846846846846846,1
14587,8,1470.6299999999999,1,147,184.19125,0.0027472527472527475,0
14591,1,250.22,30,0,250.22,0.0,0
14593,11,3336.7699999999995,15,531,312.1463636363636,0.007826610475617099,0
14595,3,587.65,130,374,195.88333333333333,0.0,0
14597,5,1483.49,8,245,296.698,0.0,0
14600,2,865.17,122,87,432.585,0.0,1
14603,1,660.0,91,0,660.0,0.0,1
14606,150,24752.010000000002,0,553,168.02373333333335,0.0101793125048939,0
14607,9,7899.46,78,463,895.9033333333333,0.026948288419519302,0
14608,8,1692.29,179,371,221.47375,0.01858736059479554,0
14609,7,908.6399999999999,113,372,146.9485714285714,0.2965159377316531,0
14616,5,527.78,59,306,105.556,0.0,1
14618,5,968.8800000000001,154,209,200.13600000000002,0.007518796992481203,0
14619,2,1276.31,62,295,645.62,0.011784511784511785,1
14620,2,393.28,22,78,206.39,0.12149532710280374,1
14621,6,1748.82,4,496,308.08666666666664,0.02914572864321608,0
14622,1,320.58,1,0,320.58,0.0,1
14623,7,1559.3400000000001,3,415,224.02714285714288,0.003592814371257485,0
14625,11,4429.18,13,527,408.89818181818185,0.005104408352668214,1
14626,8,3187.1000000000004,50,495,400.81875,0.006931608133086876,0
14628,4,1657.62,59,441,414.405,0.0,0
14631,5,1646.27,52,252,329.758,0.010554089709762533,0
14632,1,114.56,79,0,114.56,0.0,1
14633,1,344.9,83,0,344.9,0.0,1
14636,1,300.19,85,0,300.19,0.0,0
14639,5,3197.45,108,370,645.92,0.0020134228187919465,0
14640,5,1818.68,44,458,391.086,0.04343220338983051,0
14643,4,1318.82,175,370,336.005,0.06329113924050633,0
14644,6,1484.51,115,437,267.41,0.015570934256055362,0
14645,2,483.25,92,358,259.95,0.045774647887323945,0
14646,105,359943.97,8,545,3471.737333333333,0.0073200746298281135,0
14647,2,519.97,18,322,259.985,0.0,1
14649,7,2921.0899999999997,29,476,420.32,0.0016703786191536749,0
14651,8,1795.84,28,420,224.48,0.0,0
14653,6,2011.8,155,399,335.3,0.0,0
14655,4,2709.6400000000003,39,374,689.21,0.008455467869222097,0
14656,4,656.71,100,320,164.1775,0.0,0
14657,4,1127.1,99,152,284.2625,0.0014492753623188406,0
14659,5,1328.26,4,128,276.352,0.015384615384615385,0
14662,6,1170.02,51,501,195.00333333333333,0.0,0
14665,5,1627.8100000000002,113,295,329.122,0.002976190476190476,0
14667,40,15235.490000000002,31,523,386.05100000000004,0.007096011181593377,0
14669,7,3243.93,58,495,463.4185714285714,0.0,1
14670,3,602.0,97,452,200.66666666666666,0.0,1
14672,4,1113.1399999999999,51,445,278.28499999999997,0.0,1
14676,9,6885.7699999999995,24,432,773.0077777777777,0.0065111231687466084,0
14680,51,40564.07,15,536,813.9541176470588,0.01912704754294846,0
14681,4,770.15,28,442,192.5375,0.0,0
14682,6,1514.81,4,484,252.46833333333333,0.0,1
14684,3,751.53,32,174,250.51,0.0,0
14688,17,4406.3099999999995,15,257,260.3176470588235,0.0025195968645016797,0
14689,1,112.8,25,0,112.8,0.0,1
14691,1,439.6,29,0,439.6,0.0,0
14692,11,1624.3400000000001,52,382,148.5309090909091,0.011507479861910242,0
14693,7,1139.8600000000001,81,261,166.48000000000002,0.005154639175257732,1
14696,5,1557.74,4,234,313.144,0.004048582995951417,0
14697,2,188.61,35,0,94.305,0.0,1
14699,4,702.5999999999999,31,311,175.64999999999998,0.0,1
14700,4,2438.56,6,295,609.64,0.0,0
14701,11,3706.7700000000004,64,437,342.1336363636364,0.014035087719298246,0
14702,18,4348.53,98,447,242.52944444444444,0.0010822510822510823,0
14705,1,179.0,15,0,179.0,0.0,1
14709,17,5888.48,4,546,347.5488235294118,0.0011641443538998836,0
14711,6,1573.39,2,76,267.33166666666665,0.017673048600883652,0
14713,17,3856.7999999999997,3,549,229.6,0.004273504273504274,0
14715,6,1220.52,115,391,203.42,0.0,0
14719,1,223.46,66,0,223.46,0.0,0
14723,8,1154.82,175,377,144.3525,0.0,0
14727,3,291.13,91,272,155.97666666666666,0.8376068376068376,1
14730,3,555.6,49,43,185.20000000000002,0.0,0
14731,2,251.01999999999998,22,6,125.50999999999999,0.0,0
14732,15,4044.3799999999997,3,544,273.1853333333333,0.006840796019900498,0
14733,11,12579.400000000001,21,197,1152.42,0.005838041431261771,0
14735,41,8399.429999999998,13,539,212.92390243902437,0.03695372750642673,0
14737,2,2823.62,170,47,1411.81,0.0,0
14738,6,999.3899999999999,16,533,172.18999999999997,0.013333333333333334,0
14739,21,8964.21,36,517,427.5695238095238,0.0007194244604316547,0
14740,11,4068.8600000000006,14,455,378.27818181818185,0.010571840461316675,1
14741,3,808.05,178,56,269.34999999999997,0.0,0
14744,12,3424.07,114,272,290.6775,0.0013094718463553033,0
14745,9,1852.8700000000001,1,452,214.8022222222222,0.01702127659574468,0
14747,1,294.3,66,0,328.2,0.023809523809523808,1
14748,8,1557.21,29,432,254.66,0.23893805309734514,0
14754,5,1136.5,112,395,228.14000000000001,0.0028653295128939827,0
14755,18,6703.679999999999,24,528,379.15444444444444,0.011900714042842571,0
14758,6,2587.85,22,405,431.30833333333334,0.0,0
14759,1,572.25,49,0,572.25,0.0,0
14760,1,53.800000000000004,114,0,89.2,0.3,1
14761,2,289.52,151,109,144.76,0.0,0
14762,2,417.57,80,362,208.785,0.0,1
14766,8,4994.719999999999,30,338,633.57125,0.010641442506650901,0
14769,13,10882.27,18,522,841.1138461538461,0.003358739180984369,0
14770,8,3624.8900000000003,49,419,454.70500000000004,0.0006257822277847309,1
14776,7,2218.04,35,228,320.65714285714284,0.002828854314002829,0
14778,1,334.05,125,0,334.05,0.0,0
14779,3,386.15,97,43,128.71666666666667,0.0,1
14782,1,200.1,136,0,200.1,0.0,1
14784,2,274.62,140,65,137.31,0.0,0
14790,7,1933.72,70,474,276.2457142857143,0.0,0
14794,7,1262.68,20,283,187.64714285714285,0.007125890736342043,0
14796,19,5546.080000000001,34,507,298.66789473684213,0.015219842164599774,0
14798,6,617.05,127,338,104.375,0.003795066413662239,0
14800,12,5918.22,8,243,522.7333333333333,0.02192273135669362,0
14803,2,730.79,92,16,365.395,0.0,0
14805,4,659.24,130,307,164.81,0.0,0
14810,10,1547.4,15,230,154.74,0.0,0
14816,1,271.85,14,0,271.85,0.0,1
14817,7,3889.2099999999996,17,427,565.6942857142857,0.006904955320877335,1
14818,4,630.86,70,393,157.715,0.0,0
14819,3,282.80999999999995,9,525,94.26999999999998,0.0,0
14823,2,210.65,11,0,105.325,0.0,0
14825,17,3501.14,21,408,208.23176470588237,0.0031861629494765588,0
14828,13,9803.46,13,535,756.8815384615384,0.004939287919324964,1
14829,6,1237.05,1,252,214.99166666666667,0.04372842347525892,0
14834,2,715.0999999999999,57,166,364.775,0.0091324200913242,0
14837,6,2296.88,18,483,383.84666666666664,0.0010351966873706005,0
14840,2,340.21000000000004,84,271,181.35500000000002,0.0335195530726257,1
14841,11,5649.09,91,462,513.5536363636364,0.0,0
14842,2,1381.23,8,116,844.24,0.004739336492890996,0
14844,7,4373.17,58,365,626.7385714285714,0.0012828736369467607,0
14849,28,9688.529999999999,30,485,353.2135714285714,0.014968111414811922,0
14850,7,1622.8100000000002,128,256,256.2871428571429,0.011363636363636364,1
14851,2,524.19,73,374,262.095,0.0,0
14852,13,3777.3399999999997,69,391,292.37615384615384,0.0016711229946524064,0
14853,4,1102.8200000000002,28,394,278.89250000000004,0.003367003367003367,0
14854,7,2743.6099999999997,44,459,393.47999999999996,0.0016216216216216215,0
14859,2,647.06,21,350,324.38,0.004694835680751174,0
14867,16,2910.41,2,548,184.50375,0.0030120481927710845,1
14868,5,1669.75,50,186,333.95,0.0,0
14870,6,1794.6000000000001,78,422,306.4916666666667,0.010351966873706004,1
14871,7,985.19,72,483,140.74142857142857,0.0,0
14873,2,854.1299999999999,27,423,427.06499999999994,0.0,1
14875,2,1750.9299999999998,79,179,879.54,0.003432494279176201,0
14878,20,3178.42,18,455,173.572,0.11740139211136891,0
14880,2,363.27,2,103,181.635,0.0,0
14883,1,310.56,28,0,310.56,0.0,0
14886,1,364.8,69,0,364.8,0.0,1
14888,1,369.2,24,0,369.2,0.0,1
14889,1,135.9,153,0,135.9,0.0,1
14890,3,817.25,70,406,272.4166666666667,0.0,1
14891,3,1001.73,4,248,333.91,0.0,0
14895,21,17342.690000000002,21,524,852.4100000000001,0.006513773917763604,0
14896,8,1716.25,21,528,229.4,0.01822079314040729,1
14897,5,1909.86,113,427,389.93199999999996,0.004901960784313725,0
14898,12,2593.3700000000003,57,495,226.39333333333335,0.012883435582822086,0
14901,6,996.71,177,138,167.16833333333332,0.004651162790697674,0
14903,3,1740.03,17,78,600.0766666666667,0.047619047619047616,0
14905,7,1648.34,50,502,237.68428571428572,0.010428736964078795,0
14907,12,2957.21,177,241,250.60916666666665,0.02388535031847134,0
14911,263,171920.69,0,555,726.7135741444866,0.041473826106492924,0
14912,5,389.85000000000014,63,435,300.838,0.01160092807424594,0
14913,7,3762.8500000000004,0,302,537.5500000000001,0.0,0
14915,10,1636.1,94,458,164.605,0.0014903129657228018,0
14916,5,1918.42,141,293,413.804,0.02102496714848883,0
14920,3,1607.17,29,352,535.7233333333334,0.0,1
14921,1,903.01,18,0,903.01,0.0,0
14924,3,931.01,62,393,310.33666666666664,0.0,1
14930,4,3867.91,91,332,994.475,0.004036908881199538,0
14931,2,293.0,23,34,293.0,0.01020408163265306,0
14934,4,1384.1000000000001,99,158,610.35,0.43045484508899146,0
14935,2,2849.83,114,322,1424.915,0.0,1
14936,5,5837.4,92,307,1170.03,0.0003191828917969997,0
14944,12,5624.4,3,474,476.37083333333334,0.00819672131147541,0
14948,1,278.4,36,0,278.4,0.0,0
14952,28,12839.77,23,529,466.58821428571434,0.016269180994638564,0
14957,2,333.28999999999996,70,391,166.64499999999998,0.0,1
14958,5,850.54,2,551,170.108,0.0,0
14959,2,422.38,32,80,211.19,0.0,0
14961,18,12463.880000000001,49,503,696.9516666666667,0.005817610062893081,0
14962,4,366.91,87,313,91.7275,0.0,1
14963,8,1965.03,0,341,246.35999999999999,0.0022935779816513763,0
14964,1,206.21,64,0,206.21,0.0,1
14970,10,2783.59,69,410,410.954,0.2585596221959858,0
14973,1,654.6,42,0,654.6,0.0,0
14976,3,425.26,13,130,150.08666666666667,0.034782608695652174,0
14978,9,2712.2,52,355,305.3333333333333,0.006329113924050633,0
14981,2,313.52000000000004,63,177,186.46,0.04979253112033195,1
14985,2,296.75,15,159,148.375,0.0,1
14988,7,2066.6,28,390,295.2285714285714,0.0,1
14995,1,119.31,97,0,119.31,0.0,0
14998,3,524.5,58,364,174.83333333333334,0.0,0
15002,8,3691.46,113,399,461.4325,0.0,0
15005,41,10220.7,4,551,256.5426829268293,0.01397712833545108,0
15018,2,251.39000000000004,69,114,145.67000000000002,0.010638297872340425,0
15019,1,266.0,83,0,266.0,0.0,1
15021,6,1293.46,35,279,224.74333333333334,0.036303630363036306,0
15023,13,7726.16,35,455,597.3115384615385,0.0019514914970727628,0
15024,9,2611.05,113,127,290.1166666666667,0.0,0
15026,4,823.39,57,208,205.8475,0.0,0
15027,8,2562.01,36,405,347.94625,0.22052651659671882,0
15030,7,1599.14,85,376,230.62714285714287,0.0019821605550049554,0
15031,11,2340.06,99,449,239.93363636363637,0.13973458235753317,0
15032,8,10515.05,73,472,1376.25625,0.04544765944553855,1
15033,3,1169.1399999999999,25,120,389.7133333333333,0.0,0
15034,11,6660.37,49,344,606.329090909091,0.0013517166801838335,0
15038,7,995.39,4,237,142.19857142857143,0.0,0
15039,73,33339.579999999994,1,544,460.2502739726027,0.00794219126358961,0
15042,2,315.45,16,396,157.725,0.0,1
15044,29,12656.58,24,515,448.6010344827586,0.004940197607904316,0
15045,1,286.9,74,0,388.9,0.21052631578947367,0
15046,18,4836.83,11,499,273.11555555555555,0.010900282599919257,0
15047,1,343.62,86,0,343.62,0.0,1
15048,2,256.45,37,147,128.225,0.0,0
15049,1,121.17000000000002,90,0,121.17000000000002,0.0,1
15052,1,215.78,136,0,215.78,0.0,1
15053,1,222.65,98,0,222.65,0.0,0
15057,5,3184.56,92,458,651.192,0.00860832137733142,1
15058,11,2263.5,0,470,208.7590909090909,0.0027906976744186047,0
15059,14,2663.87,32,518,196.77642857142857,0.014504431909750202,0
15061,109,101829.06,1,553,946.197247706422,0.010025143969502798,0
15062,7,2411.8,34,392,344.54285714285714,0.0,0
15063,1,370.79999999999995,30,0,370.79999999999995,0.0,1
15065,3,1552.98,44,183,525.0433333333334,0.03571428571428571,0
15067,3,2968.42,99,324,993.7233333333334,0.0006476683937823834,0
15068,3,863.45,73,365,287.81666666666666,0.0,0
15071,3,1062.16,92,294,354.05333333333334,0.0,0
15073,7,2175.59,2,496,372.3671428571429,0.1588715664439495,0
15078,35,11556.480000000001,7,544,335.0794285714286,0.013802622498274672,0
15079,11,3544.8,29,519,329.58181818181816,0.013708019191226868,1
15081,9,1580.37,25,327,177.53555555555556,0.002976190476190476,0
15083,1,88.2,73,0,88.2,0.0,1
15087,1,306.94,98,0,306.94,0.0,1
15090,1,381.32,125,0,381.32,0.0,1
15092,3,773.1600000000001,32,247,258.82,0.008695652173913044,1
15093,21,11833.81,23,524,595.3352380952381,0.012757408337518835,0
15095,7,2535.64,20,484,363.07714285714286,0.0010758472296933835,0
15100,7,1750.0999999999995,150,367,313.41428571428565,0.16296296296296298,1
15101,5,1088.24,176,230,252.538,0.04477611940298507,0
15104,2,1027.44,13,85,513.72,0.0,1
15106,2,778.45,28,57,389.225,0.0,0
15107,9,740.26,128,140,91.59444444444445,0.030303030303030304,1
15108,3,623.45,3,41,207.8166666666667,0.0,0
15109,3,961.8999999999999,62,489,327.7,0.015503875968992248,1
15110,3,670.9,135,166,226.46666666666667,0.00625,0
15114,5,1357.47,34,203,271.494,0.0,0
15116,1,479.65,21,0,479.65,0.0,0
15117,4,1246.59,32,418,311.6475,0.0,0
15119,1,266.4,62,0,266.4,0.0,1
15121,1,295.15,105,0,295.15,0.0,0
15122,10,3760.3500000000004,21,415,379.43,0.014351320321469576,0
15123,4,3526.33,23,427,881.5825,0.0,0
15124,3,357.38,8,459,119.12666666666667,0.0,0
15125,13,12220.310000000001,24,410,985.1623076923078,0.025467440361057383,0
15128,2,761.72,36,210,398.19,0.015,0
15129,16,4533.16,27,399,283.3225,0.0,0
15132,2,489.87,16,62,244.935,0.0,0
15133,4,1482.3799999999999,74,262,370.59499999999997,0.0,0
15134,4,447.75,30,209,111.9375,0.0,0
15135,2,293.78000000000003,56,317,152.84,0.023809523809523808,1
15139,2,178.95999999999998,56,96,89.47999999999999,0.0,1
15140,4,2012.64,15,243,504.2225,0.0037341299477221808,0
15143,2,563.63,42,206,281.815,0.0,1
15144,17,7121.09,34,509,427.93470588235294,0.01533844614871624,0
15145,2,724.03,44,21,362.015,0.0,0
15146,1,820.72,108,0,834.22,0.015317286652078774,0
15147,1,608.65,57,0,623.5,0.00819672131147541,1
15150,5,5004.68,3,357,1000.936,0.0,0
15152,2,1269.83,4,514,637.12,0.0013908205841446453,0
15157,3,1773.26,175,370,601.1666666666666,0.03345724907063197,0
15159,18,9124.89,1,247,508.4216666666667,0.0012839717526214422,0
15160,4,589.27,174,63,147.3175,0.0,1
15163,1,155.0,9,0,155.0,0.0,0
15164,8,1577.1499999999999,25,481,199.25625,0.0028011204481792717,0
15167,5,1659.67,137,352,331.934,0.0,1
15171,1,1034.5,148,0,1289.5,0.3448275862068966,1
15172,2,526.2,13,39,263.1,0.0,0
15174,2,481.46,139,87,240.73,0.0,1
15178,1,40.5,77,0,40.5,0.0,1
15179,11,6679.24,50,502,612.7354545454546,0.010896898575020955,0
15181,3,563.9200000000001,86,461,270.24,0.2604166666666667,0
15182,10,2690.382,85,388,274.65819999999997,0.011142061281337047,0
15184,3,518.4200000000001,7,533,172.8066666666667,0.0,0
15187,1,431.6,29,0,431.6,0.0,0
15189,22,6427.93,1,325,310.41818181818184,0.03765060240963856,0
15192,4,1360.06,8,488,340.015,0.0,0
15194,22,7839.43,15,537,366.6445454545455,0.01307639366827254,0
15197,5,1125.25,69,475,314.23,0.021491782553729456,0
15199,8,2510.85,52,340,313.85625,0.0,0
15201,4,1188.55,21,407,302.17,0.013525698827772768,0
15203,11,3265.2799999999997,15,532,296.84363636363634,0.0,0
15204,1,316.58,174,0,316.58,0.0,1
15206,1,17.7,92,0,17.7,0.0,0
15208,2,165.8,170,70,82.9,0.0,0
15210,3,1176.19,42,350,392.06333333333333,0.0,1
15212,2,195.42999999999998,58,135,104.13999999999999,0.03571428571428571,1
15213,2,325.04999999999995,135,11,164.17499999999998,0.007352941176470588,1
15214,2,651.6299999999999,0,58,325.81499999999994,0.0,0
15218,14,7456.370000000001,34,464,536.9242857142857,0.007874015748031496,0
15220,3,838.1500000000001,20,77,286.06333333333333,0.020434227330779056,0
15222,11,3415.66,135,404,322.81,0.07110812023328847,1
15223,5,1117.1000000000001,42,509,283.59000000000003,0.2987012987012987,1
15224,5,837.2599999999999,175,334,174.272,0.045146726862302484,1
15225,1,409.4,51,0,409.4,0.0,1
15226,1,154.41,127,0,154.41,0.0,1
15227,7,2145.91,32,418,306.5585714285714,0.0,0
15228,3,3098.41,111,204,1032.8033333333333,0.0,0
15230,2,429.59999999999997,56,1,214.79999999999998,0.0,1
15234,1,197.0,93,0,197.0,0.0,1
15235,16,2772.76,34,170,173.2975,0.0,1
15236,1,321.05,115,0,321.05,0.0,1
15237,2,1093.6499999999999,20,23,546.8249999999999,0.0,0
15238,1,300.14,1,0,300.14,0.0,0
15240,10,3659.2599999999998,8,542,379.879,0.022692307692307692,0
15241,7,2341.23,0,470,337.01142857142855,0.0012067578439259854,0
15244,2,516.5500000000001,65,418,289.225,0.006514657980456026,0
15245,7,3832.7200000000003,4,407,547.5314285714286,0.0,0
15246,3,780.4,55,317,260.1333333333333,0.0,1
15249,10,5322.71,13,426,541.891,0.005637773079633545,0
15251,12,13814.26,27,468,1161.2725,0.01036691904484566,0
15252,4,1612.83,0,428,415.79499999999996,0.014895729890764648,0
15257,2,600.9,100,130,342.95,0.014084507042253521,1
15258,1,315.66,34,0,315.66,0.0,0
15260,23,8167.59,3,547,357.71478260869566,0.0030915576694411414,0
15262,3,418.82,140,164,139.60666666666665,0.0,1
15265,3,2551.7599999999998,52,502,850.5866666666666,0.0,0
15266,5,841.7,155,363,170.442,0.00423728813559322,1
15270,18,6168.139999999999,55,483,414.3955555555556,0.10549589387239419,0
15271,14,2777.33,21,287,201.88071428571428,0.02012987012987013,0
15279,5,1554.84,171,321,316.108,0.0798004987531172,1
15281,13,7912.88,14,229,626.0638461538462,0.01034414163517008,0
15288,8,3034.96,17,464,379.37,0.0,0
15289,3,1011.06,66,372,342.92,0.0063025210084033615,0
15290,16,4537.7300000000005,20,450,286.601875,0.011878712097530478,0
15291,34,11142.429999999998,64,488,339.0897058823529,0.0949367088607595,0
15292,1,180.94,18,0,180.94,0.0,1
15296,9,8691.21,0,503,971.951111111111,0.0035145751498862933,0
15298,16,5961.53,4,543,377.441875,0.006652411499168448,0
15299,7,3384.6099999999997,80,433,583.5042857142856,0.003015075376884422,0
15301,11,4635.63,4,263,421.4209090909091,0.0,0
15303,3,1178.7799999999997,107,393,408.05999999999995,0.007782101167315175,1
15304,6,478.65000000000003,35,202,80.60000000000001,0.017857142857142856,0
15308,1,302.27,91,0,310.46999999999997,0.011428571428571429,1
15311,162,85599.73000000001,2,553,543.8598765432099,0.018691067343636666,0
15312,10,2599.54,32,508,261.32399999999996,0.0026367831245880024,0
15314,3,800.6500000000001,16,228,273.48333333333335,0.016,1
15316,1,165.0,143,0,165.0,0.0,1
15319,1,204.5,100,0,204.5,0.0,1
15321,10,5069.389999999999,108,383,512.0889999999999,0.0069605568445475635,0
15326,5,1529.82,150,404,340.104,0.0229459659511473,1
15333,1,1028.56,25,0,1028.56,0.0,1
15339,6,1334.42,135,350,251.94500000000002,0.046275395033860044,0
15346,3,591.65,149,98,198.70666666666668,0.011538461538461539,1
15349,1,366.11,4,0,366.11,0.0,0
15353,7,2842.4,71,483,409.1857142857143,0.0014084507042253522,1
15356,8,1750.04,35,204,218.755,0.0,0
15358,31,12239.47,24,524,401.34612903225803,0.013327601031814273,0
15361,4,689.07,178,181,172.2675,0.0,1
15364,1,331.8,71,0,331.8,0.0,0
15365,7,2451.42,132,357,350.20285714285717,0.0,0
15366,6,1892.11,175,293,315.35166666666663,0.0,0
15367,9,4544.32,62,483,513.3244444444445,0.0030337504740235114,0
15370,4,2480.9,20,206,620.225,0.0,0
15373,11,1660.13,27,376,169.35727272727274,0.05106382978723404,0
15376,1,654.17,39,0,654.17,0.0,0
15379,7,4675.64,3,214,678.1485714285715,0.004051316677920324,0
15381,5,1887.62,30,369,378.114,0.0012468827930174563,1
15382,10,9833.009999999998,1,550,990.4959999999999,0.0058875478363261706,0
15384,3,1682.2999999999997,176,232,562.9833333333332,0.0021141649048625794,0
15386,1,394.14,3,0,394.14,0.0,1
15388,1,140.54,87,0,140.54,0.0,1
15392,4,1695.27,177,71,428.7675,0.009456264775413711,0
15393,4,783.58,98,442,195.895,0.0,0
15394,9,4504.3,21,519,504.4111111111111,0.00199203187250996,0
15395,1,107.45,142,0,107.45,0.0,1
15397,1,94.0,106,0,94.0,0.0,1
15400,5,1044.9,1,376,208.98000000000002,0.0,0
15402,5,1630.86,13,395,328.952,0.001129305477131564,0
15405,2,659.84,6,386,329.92,0.0,1
15406,3,717.4499999999999,118,152,239.14999999999998,0.0,0
15407,3,740.73,0,121,246.91,0.0,0
15408,1,267.18,81,0,267.18,0.0,1
15410,6,3035.77,20,396,505.96166666666664,0.0,0
15414,1,36.2,59,0,36.2,0.0,0
15415,1,572.81,130,0,572.81,0.0,1
15416,5,2854.7100000000005,56,436,572.586,0.0006105006105006105,0
15421,9,3594.34,32,516,399.37111111111113,0.0,0
15422,7,1615.02,140,347,231.42428571428573,0.0014084507042253522,1
15424,3,597.78,71,208,199.26,0.0,1
15426,6,1414.61,74,329,236.59333333333333,0.0015337423312883436,0
15433,2,533.3,30,53,266.65,0.0,1
15434,7,1782.59,17,483,261.7914285714286,0.010256410256410256,0
15436,1,489.05,51,0,489.05,0.0,0
15437,2,393.45,79,378,196.725,0.0,1
15440,1,125.8,25,0,125.8,0.0,0
15442,1,594.0,65,0,594.0,0.0,1
15443,8,2341.69,137,322,297.09125,0.028708133971291867,0
15445,2,284.5,81,326,142.25,0.0,1
15447,5,484.93,147,294,98.576,0.0043859649122807015,1
15448,2,788.81,129,361,394.405,0.0,1
15449,2,646.0500000000001,2,76,323.85,0.001937984496124031,0
15452,4,1507.63,81,247,376.9075,0.0,0
15453,1,197.09,4,0,197.09,0.0,0
15454,2,307.69,179,256,153.845,0.0,1
15456,10,2119.27,100,448,211.927,0.0,1
15457,1,237.07,79,0,237.07,0.0,1
15460,1,216.76,171,0,216.76,0.0,1
15462,2,607.45,4,258,303.725,0.0,0
15464,1,1048.85,155,0,1048.85,0.0,1
15465,26,9587.69,50,496,381.87461538461537,0.014432029795158287,0
15482,10,2976.55,67,486,497.504,0.0005122950819672131,0
15483,7,743.24,83,417,106.17714285714285,0.0,0
15485,6,3378.05,153,401,587.5083333333333,0.018983050847457626,0
15489,6,1585.5900000000001,28,481,272.26500000000004,0.0273972602739726,0
15491,3,1644.92,35,17,548.3066666666667,0.0,0
15493,6,3251.68,66,405,544.0716666666666,0.001040582726326743,0
15497,8,8351.859999999999,136,401,1045.7237499999999,0.0017599436818021823,0
15498,30,17614.780000000002,6,533,629.6436666666667,0.0031509295242096416,0
15502,6,4807.9800000000005,92,279,886.6,0.0266374177373864,0
15503,2,267.15,179,363,133.575,0.0,1
15508,6,1000.27,6,46,166.71166666666667,0.0,1
15510,1,250.0,147,0,250.0,0.0,1
15512,3,311.78,176,316,103.92666666666666,0.0,0
15513,28,17347.690000000002,16,496,633.8675000000001,0.027229786051681023,0
15514,13,3844.7599999999998,42,509,386.2330769230769,0.11175045427013931,0
15517,1,267.03,50,0,267.03,0.0,1
15518,11,3164.81,32,504,296.7327272727273,0.020861074123391034,0
15521,12,5642.57,29,491,481.1891666666666,0.0013962580284836638,0
15527,18,3593.0,36,504,224.77222222222224,0.07730986800754243,0
15528,1,229.33,71,0,229.33,0.0,1
15529,8,2753.27,27,183,344.15875,0.0,0
15530,2,864.5,63,266,432.25,0.0,0
15532,7,2547.3199999999997,175,191,363.9028571428571,0.0,0
15535,5,873.5600000000001,53,212,192.562,0.05263157894736842,0
15543,2,242.84,105,171,121.42,0.0,1
15544,15,5996.54,28,469,401.37666666666667,0.0017956903431763766,0
15547,19,7590.58,11,539,400.21473684210525,0.0004052684903748733,0
15549,6,1557.3,133,381,265.8,0.015625,0
15550,9,1557.87,118,434,197.89666666666665,0.008465608465608466,0
15552,2,252.52,34,405,126.26,0.0,1
15554,1,217.2,94,0,217.2,0.0,1
15555,26,7919.78,7,543,318.15,0.05304411228581845,0
15561,5,1399.55,32,447,279.90999999999997,0.0,0
15562,3,673.38,168,374,224.46,0.0,1
15563,5,2197.14,17,480,440.436,0.005309734513274336,0
15569,6,2499.14,149,317,416.5233333333333,0.0,0
15570,21,7089.24,23,415,340.6328571428571,0.003351206434316354,0
15572,6,2391.85,65,355,398.64166666666665,0.0,0
15574,5,988.95,175,105,206.19,0.1375515818431912,0
15577,3,168.75,122,420,56.25,0.0,0
15579,4,1118.25,130,118,288.375,0.11532625189681335,0
15581,33,2730.43,43,511,135.67393939393938,0.021290751829673986,0
15582,1,303.61,37,0,303.61,0.0,0
15587,4,953.28,168,140,238.32,0.0,0
15589,3,456.58,72,54,159.51,0.00411522633744856,1
15594,1,263.66,51,0,267.91,0.006896551724137931,0
15596,8,2604.3700000000003,31,284,338.8525,0.019071310116086235,0
15599,2,937.15,21,241,468.575,0.0,0
15601,25,12146.87,20,534,486.55080000000004,0.000887705281846427,0
15602,12,2141.25,17,537,198.58666666666667,0.10333333333333333,0
15605,7,1230.5,69,441,176.27142857142857,0.008583690987124463,0
15606,14,4137.18,39,424,295.5128571428572,0.0,0
15607,9,1578.57,153,364,189.88555555555556,0.024489795918367346,1
15609,1,298.48,1,0,298.48,0.0,1
15611,17,1706.18,8,492,108.11352941176472,0.07167235494880546,0
15615,36,16112.79,0,553,449.8941666666667,0.003674086881348606,0
15620,3,1239.5900000000001,37,188,421.3966666666667,0.019271948608137045,0
15622,13,6594.55,14,448,518.85,0.006315211422295442,0
15624,2,311.4,23,49,155.7,0.0,0
15625,6,2394.0200000000004,52,306,399.5783333333334,0.0021321961620469083,0
15626,2,655.4499999999999,146,91,336.79999999999995,0.007309941520467836,0
15628,10,3109.5499999999997,72,471,315.385,0.004766444232602479,0
15630,2,685.96,21,439,345.95500000000004,0.0021413276231263384,0
15632,3,1226.6,42,49,414.1666666666667,0.0029069767441860465,0
15636,3,1026.52,99,287,342.17333333333335,0.0,0
15640,22,17825.87,2,539,813.1099999999999,0.002308199604308639,0
15641,11,4763.73,77,472,433.0663636363636,0.0,0
15643,3,655.7,8,90,221.33333333333334,0.008130081300813009,1
15644,3,423.19,73,4,141.06333333333333,0.0,0
15646,4,654.71,63,163,169.3025,0.0075282308657465494,0
15648,2,599.9,21,62,328.675,0.03619909502262444,1
15649,4,1660.35,153,50,415.0875,0.0,1
15651,3,840.0799999999999,77,335,280.02666666666664,0.0,0
15655,1,511.31999999999994,60,0,560.67,0.015432098765432098,1
15656,2,306.86,37,63,153.43,0.0,0
15658,8,1964.1399999999999,7,546,264.65875,0.046251993620414676,1
15660,10,1696.75,21,467,174.185,0.008598452278589854,0
15661,8,1215.95,134,261,151.99375,0.0,1
15665,4,3249.33,60,392,812.3325,0.0,0
15668,1,76.32,34,0,76.32,0.0,1
15669,1,198.8,80,0,198.8,0.0,0
15670,2,315.20000000000005,113,259,162.60000000000002,0.06060606060606061,1
15671,3,1016.1300000000001,59,28,344.3766666666667,0.0035650623885918,0
15673,7,5314.55,31,440,759.9285714285714,0.00036886757654002215,0
15674,12,5150.91,30,517,490.1075,0.06802267422474158,0
15675,2,263.35,97,124,131.675,0.0,0
15676,1,877.4,100,0,897.8,0.007207207207207207,0
15681,12,2237.0600000000004,0,381,188.89666666666668,0.005847953216374269,0
15687,5,1667.85,3,143,335.89,0.0030441400304414,0
15689,2,370.43,178,256,185.215,0.0,0
15691,4,511.79999999999995,69,480,142.825,0.04716981132075472,1
15694,18,6256.429999999999,4,544,361.15444444444444,0.029840388619014575,0
15695,4,1131.04,83,414,282.76,0.0,1
15696,11,2663.8599999999997,37,463,255.27363636363634,0.013774104683195593,0
15703,1,211.5,81,0,211.5,0.0,1
15704,4,2957.8799999999997,4,395,757.915,0.018422991893883568,0
15705,1,143.1,18,0,143.1,0.0,1
15708,7,2703.98,39,203,390.3,0.006647673314339981,0
15709,2,327.85,100,305,163.925,0.0,1
15712,9,2853.7500000000005,0,555,317.6333333333334,0.001034126163391934,0
15716,10,2293.34,18,531,229.334,0.0,0
15717,5,607.0,51,358,121.4,0.0,1
15719,25,7521.37,16,538,304.3368,0.003556007112014224,0
15722,8,3668.14,4,452,475.77375,0.012861736334405145,0
15723,4,947.65,181,209,236.9125,0.0,1
15724,3,299.8,18,199,103.61666666666667,0.02564102564102564,1
15727,12,7517.42,15,486,626.4516666666667,0.0,0
15729,3,154.70000000000002,29,190,64.18333333333334,0.14893617021276595,1
15730,3,1054.73,23,224,357.71000000000004,0.011661807580174927,0
15732,10,1499.42,29,461,154.397,0.007120253164556962,1
15733,1,162.3,99,0,162.3,0.0,1
15734,3,1502.5,17,347,500.8333333333333,0.0,0
15737,4,657.13,3,56,182.4325,0.026954177897574125,0
15738,35,11132.06,0,545,318.856,0.002560163850486431,0
15743,1,322.55,1,0,322.55,0.0,0
15745,1,302.85,53,0,302.85,0.0,0
15749,3,21535.9,52,97,14844.766666666668,0.5,1
15750,13,4513.370999999999,100,454,354.1354615384615,0.00685378590078329,0
15752,5,2355.69,66,208,471.13800000000003,0.0,0
15753,1,79.2,121,0,79.2,0.0,1
15754,7,2637.99,63,408,381.5485714285714,0.0031269543464665416,0
15755,13,4238.8,52,500,326.8923076923077,0.001688048615800135,0
15756,2,249.12,30,36,124.56,0.0,0
15757,5,2487.3,34,329,497.46000000000004,0.0,0
15759,7,810.9799999999999,35,519,118.7042857142857,0.009560229445506692,1
15764,5,2902.33,1,293,583.5260000000001,0.0033975084937712344,0
15768,33,15416.78,20,532,468.43666666666667,0.0007197696737044146,0
15769,33,60243.58,14,531,1825.7430303030305,5.812601720530109e-05,0
15775,2,150.5,62,386,75.25,0.0,1
15777,7,1732.16,58,327,251.8014285714286,0.00667779632721202,1
15780,3,475.28000000000003,0,174,158.42666666666668,0.0,1
15781,1,83.35,122,0,83.35,0.0,0
15785,13,4840.200000000001,14,526,382.41230769230776,0.009942004971002486,0
15789,6,1932.01,175,265,327.00166666666667,0.009603841536614645,1
15791,4,3152.3399999999997,21,437,804.7225,0.011686143572621035,0
15793,6,1740.6,85,469,290.09999999999997,0.0,0
15796,13,3558.31,4,430,285.7069230769231,0.01554001554001554,0
15797,5,2453.88,31,467,490.776,0.0,0
15799,3,1021.39,2,233,340.4633333333333,0.0,0
15800,6,788.0,63,371,131.33333333333334,0.0,0
15804,1,525.36,15,0,525.36,0.0,0
15805,20,6938.12,2,543,368.2585,0.016892642809513227,0
15806,1,300.36,93,0,300.36,0.0,0
15808,21,17227.38,123,431,828.0228571428571,0.00450974687227233,1
15809,6,862.8799999999999,1,351,192.98,0.0015384615384615385,1
15810,6,2433.49,49,441,410.19666666666666,0.014372163388804841,0
15811,5,2635.49,22,182,535.3779999999999,0.006535947712418301,0
15812,10,4439.25,6,535,445.45500000000004,0.005756315957787016,0
15813,2,1303.9099999999999,24,31,651.9549999999999,0.0,1
15815,3,1394.08,29,47,464.6933333333333,0.0,0
15819,8,3182.97,16,432,400.81,0.006036217303822937,0
15820,1,206.98,136,0,206.98,0.0,1
15822,5,1332.6399999999999,176,373,278.95799999999997,0.0163265306122449,0
15826,2,1653.77,27,357,831.985,0.008895478131949592,0
15827,24,2554.91,0,517,120.11333333333333,0.04552469135802469,0
15831,1,255.94,141,0,309.94,0.025974025974025976,0
15832,1,836.79,71,0,836.79,0.0,1
15834,5,2796.7599999999998,94,147,564.122,0.0023734177215189874,0
15835,2,488.31,77,70,244.155,0.0,0
15838,22,47304.729999999996,7,534,2171.422727272727,0.18922425839421886,0
15841,7,2110.7000000000003,35,511,304.5157142857143,0.007162534435261708,0
15843,1,118.95,120,0,118.95,0.0,1
15845,6,2108.94,27,471,375.27833333333336,0.04575892857142857,0
15847,4,613.98,105,353,153.495,0.0,0
15852,3,257.26,3,340,85.75333333333333,0.0,1
15854,15,4193.55,21,525,279.57,0.0,0
15855,5,815.1700000000001,0,292,163.03400000000002,0.0,0
15856,33,22982.219999999998,20,532,703.0581818181818,0.0032982566357782316,0
15858,10,2911.31,106,440,295.381,0.0026338893766461808,0
15860,12,1845.6,49,500,153.79999999999998,0.0,0
15861,6,1940.1100000000001,84,413,326.485,0.006393180607352157,0
15862,11,2232.19,21,518,202.92636363636365,0.0,0
15863,4,299.06,9,530,74.765,0.0,0
15864,2,472.96000000000004,133,65,243.43,0.009900990099009901,0
15865,3,1667.72,30,489,555.9066666666666,0.0,0
15867,26,7121.93,0,542,276.7761538461539,0.003671071953010279,0
15869,3,323.65999999999997,94,349,107.88666666666666,0.0,1
15874,19,8940.53,34,483,475.8778947368421,0.007462686567164179,0
15881,5,438.24,129,52,100.27799999999999,0.23461538461538461,1
15882,8,1098.59,15,530,140.58249999999998,0.02,1
15885,13,1373.22,126,378,122.11307692307693,0.048828125,0
15891,1,524.52,43,0,524.52,0.0,1
15894,2,263.55,70,115,131.775,0.0,1
15897,2,222.05,11,0,111.025,0.0,1
15898,24,4626.78,43,501,195.36374999999998,0.00832517140058766,0
15903,7,4374.699999999999,44,467,636.3885714285714,0.004105839416058394,0
15906,6,1583.36,36,230,278.5183333333333,0.020833333333333332,0
15907,1,251.18,27,0,251.18,0.0,0
15910,11,2000.23,24,480,181.8390909090909,0.0,0
15912,8,951.5699999999999,50,496,118.94624999999999,0.0,0
15916,10,2402.5099999999998,8,537,251.516,0.011755485893416929,0
15917,5,560.63,64,489,112.126,0.0,1
15918,3,582.88,7,441,194.29333333333332,0.0,1
15925,1,207.15,11,0,207.15,0.0,1
15932,4,1260.48,31,74,318.3125,0.010238907849829351,0
15935,2,108.04000000000008,56,2,208.43,2.4869565217391303,1
15938,8,665.53,18,355,83.19125,0.0,0
15939,10,7564.9800000000005,13,178,757.773,0.000569692366122294,0
15940,1,0.0,128,0,35.8,1.25,1
15944,4,2164.24,93,449,541.06,0.0,1
15950,7,5662.070000000001,176,323,834.86,0.016845878136200716,0
15951,2,680.12,102,95,340.06,0.0,0
15952,1,232.65,42,0,232.65,0.0,0
15953,14,2487.5699999999997,28,524,187.605,0.07480916030534351,0
15955,11,5096.09,20,450,465.0309090909091,0.002064409578860446,0
15967,11,2774.1699999999996,135,419,254.23363636363635,0.0037914691943127963,0
15969,3,769.65,2,336,256.55,0.0,0
15970,2,1017.3199999999999,120,295,508.65999999999997,0.0,1
15971,10,1816.73,59,489,278.913,0.27898209236569277,0
15974,4,2042.25,1,104,513.7125,0.004615384615384616,0
15976,5,1525.69,37,331,305.13800000000003,0.0,0
15980,5,4907.6,71,302,991.0,0.009244992295839754,0
15981,17,7481.79,27,409,445.6758823529412,0.012837306785433586,0
15983,7,2808.52,177,372,401.21714285714285,0.0,0
15984,25,6513.53,50,504,263.2412,0.0022007042253521128,0
15985,6,2472.44,53,324,412.0733333333333,0.0,0
15987,5,633.45,16,179,126.69000000000001,0.0,0
15990,6,1619.31,104,362,269.885,0.0,0
15996,4,1018.24,80,133,254.56,0.0,0
15998,13,6918.4400000000005,79,476,538.506923076923,0.0033783783783783786,0
16003,6,4059.46,176,376,676.5766666666667,0.0,0
16005,7,1965.97,87,179,285.48857142857145,0.010073260073260074,0
16006,2,347.17,28,176,173.585,0.0,1
16007,4,1742.9499999999998,32,328,435.73749999999995,0.0,0
16008,13,5044.5,21,425,388.03846153846155,0.0,0
16010,11,1722.11,62,165,156.73272727272726,0.0010741138560687433,1
16011,20,3494.76,1,554,175.4105,0.0014204545454545455,0
16013,60,29645.739999999998,1,547,534.2526666666666,0.0757169659608684,0
16014,3,730.8199999999999,108,386,243.60666666666665,0.0,0
16016,7,1447.03,13,206,208.64000000000001,0.006622516556291391,0
16019,24,15679.41,49,493,673.7129166666667,0.04325118328708993,0
16022,1,628.28,77,0,628.28,0.0,1
16023,2,500.69000000000005,9,74,250.34500000000003,0.0,0
16027,12,1381.89,35,481,135.8675,0.054035567715458276,0
16029,74,57047.09,3,544,990.5545945945945,0.015072964669738863,0
16030,1,331.24,126,0,331.24,0.0,1
16031,1,305.63,64,0,305.63,0.0,0
16033,18,5014.67,17,284,285.65333333333336,0.01579520697167756,0
16034,6,925.77,13,213,154.78666666666666,0.0016750418760469012,1
16036,3,1986.65,80,356,662.2166666666667,0.0,0
16037,5,1489.44,86,378,301.86800000000005,0.0026109660574412533,1
16038,1,316.95,18,0,316.95,0.0,0
16040,5,1492.58,85,340,305.156,0.030534351145038167,0
16042,4,1030.58,149,121,273.2,0.01878612716763006,0
16043,7,1759.0900000000001,28,270,251.29857142857145,0.0,0
16045,6,2707.58,62,252,492.58,0.09453302961275627,0
16055,1,134.8,37,0,134.8,0.0,1
16057,6,2036.09,28,489,441.87833333333333,0.21161825726141079,0
16059,9,2287.36,71,314,254.15111111111113,0.0,0
16062,6,2288.01,58,295,381.33500000000004,0.0,0
16063,1,335.32,77,0,335.32,0.0,1
16072,4,4328.89,105,260,1082.2225,0.0,1
16073,1,94.35000000000001,114,0,122.4,0.22916666666666666,1
16076,1,305.45,25,0,305.45,0.0,0
16078,2,362.99,100,385,181.495,0.0,1
16080,3,386.0,91,176,171.88666666666666,0.17796610169491525,0
16081,6,2488.05,2,489,414.675,0.0,0
16083,3,1371.78,177,27,457.26,0.0,0
16084,1,436.18,116,0,436.18,0.0,1
16085,9,1681.26,53,451,187.45111111111112,0.00205761316872428,0
16086,8,2151.32,17,537,269.175,0.0008424599831508003,0
16091,1,157.25,15,0,157.25,0.0,0
16092,5,1321.36,14,381,272.762,0.012935323383084577,0
16094,8,2773.0299999999997,36,382,358.67875,0.018217306441119064,0
16096,4,1584.97,81,380,396.2425,0.0,1
16097,1,185.04999999999998,57,0,185.04999999999998,0.0,1
16098,11,3234.09,2,539,294.0081818181818,0.0,0
16099,5,1154.6499999999999,42,420,231.92,0.001366120218579235,0
16103,19,5378.38,3,513,293.01736842105265,0.014084507042253521,0
16105,5,2386.19,65,355,477.238,0.0,1
16107,1,532.9,0,0,532.9,0.0,0
16109,3,923.58,35,479,313.16,0.0018315018315018315,1
16110,3,1175.72,79,260,391.9066666666667,0.0,0
16112,2,136.14,150,5,68.07,0.0,0
16113,1,161.38,0,0,161.38,0.0,1
16115,7,1418.07,29,362,202.58142857142857,0.0,0
16116,1,592.88,28,0,612.78,0.008064516129032258,1
16117,3,650.05,6,401,218.13333333333333,0.009345794392523364,1
16121,4,877.9699999999999,32,350,224.46749999999997,0.004415011037527594,0
16122,4,461.04,149,92,115.26,0.0,0
16124,4,1709.39,134,415,443.1225,0.010037641154328732,1
16126,13,10203.03,1,553,784.8484615384616,0.0,0
16128,7,2256.48,99,228,329.8757142857143,0.01594114040465972,0
16131,8,8024.25,24,530,1014.425,0.003991484832357637,0
16133,35,14650.69,2,432,434.13114285714283,0.008681560365783077,0
16134,4,1785.43,176,181,452.695,0.010533707865168539,0
16135,2,819.4499999999999,79,321,409.72499999999997,0.0,1
16136,2,371.0,94,385,198.36,0.17333333333333334,0
16139,3,615.5400000000001,23,529,205.18000000000004,0.0,0
16142,1,535.34,66,0,535.34,0.0,1
16143,10,3660.36,29,516,370.431,0.011455525606469003,0
16144,1,175.2,63,0,175.2,0.0,1
16145,12,4252.19,43,358,360.1858333333333,0.01603145795523291,0
16146,3,871.38,20,244,290.46,0.0,0
16148,2,370.37,113,140,193.31,0.012,1
16150,7,2736.08,87,451,416.23285714285714,0.028413028413028413,0
16152,1,1829.04,85,0,1829.04,0.0,1
16153,9,3913.38,2,376,445.4844444444445,0.012219286657859974,0
16156,14,3953.54,23,530,296.90785714285715,0.07265135699373695,0
16159,4,1230.29,98,455,308.1975,0.0031496062992125984,1
16161,34,9132.789999999999,15,471,275.8864705882353,0.012335354380096175,0
16162,1,37.4,69,0,37.4,0.0,1
16163,6,1822.0300000000002,49,505,401.33,0.1878698224852071,1
16168,49,7887.99,3,550,162.62,0.004257583821181479,0
16170,17,5878.12,0,475,348.7541176470588,0.004240710823909532,0
16172,4,943.72,58,271,235.93,0.0,0
16175,5,1265.83,21,358,253.166,0.0,0
16180,9,8698.220000000001,27,323,971.2355555555556,0.0025188916876574307,0
16182,7,5871.0,20,437,838.7142857142857,0.0,0
16184,1,148.22,28,0,148.22,0.0,0
16185,2,450.31,49,332,225.155,0.0,0
16186,19,6031.64,6,541,318.8863157894737,0.0033919864320542717,0
16187,7,2564.64,20,81,366.3771428571428,0.0,0
16188,3,661.6199999999999,43,181,223.85666666666665,0.00202020202020202,0
16191,19,12799.880000000001,79,465,690.6936842105264,0.011809473822333027,0
16193,2,630.4300000000001,53,174,315.21500000000003,0.0,1
16202,9,2467.04,177,376,277.99888888888887,0.019127773527161437,1
16203,4,665.49,44,277,167.31,0.002398081534772182,0
16206,11,2349.0600000000004,25,475,214.00090909090912,0.0007905138339920949,0
16208,9,3273.7799999999997,106,363,363.75333333333333,0.0,0
16209,6,2452.2200000000003,3,359,408.7033333333334,0.0,0
16210,26,23072.43,30,524,894.5338461538462,0.0034398579671549045,0
16212,3,1092.37,100,386,367.17333333333335,0.006276150627615063,0
16214,3,1725.17,69,182,575.0566666666667,0.0,0
16216,1,914.93,84,0,914.93,0.0,1
16217,2,259.39,52,46,152.125,0.16483516483516483,1
16218,10,2516.38,23,354,261.275,0.0233523611831863,0
16221,8,1512.78,92,210,189.91,0.0019743336623889436,0
16222,2,1345.22,135,402,672.61,0.0,1
16224,3,864.45,57,147,288.15000000000003,0.0,0
16225,12,2142.2,94,393,182.3083333333333,0.006048387096774193,0
16226,5,672.1700000000001,20,210,134.43400000000003,0.0,1
16227,3,948.82,42,310,342.4066666666667,0.12385321100917432,1
16229,5,2182.96,29,351,443.092,0.005628517823639775,0
16230,2,542.03,6,30,271.015,0.0,1
16232,5,2075.2599999999998,32,335,417.712,0.006535947712418301,0
16233,8,1461.1299999999999,146,407,201.01624999999999,0.02023608768971332,0
16235,7,1788.5900000000001,3,283,264.52714285714285,0.011283497884344146,0
16239,5,1425.9,6,273,285.18,0.0,0
16241,7,2277.75,29,197,325.39285714285717,0.0,0
16242,9,4222.99,31,419,473.7877777777778,0.004191895668374476,0
16244,2,1522.75,28,160,761.375,0.0,1
16245,1,445.13,73,0,453.98,0.011627906976744186,0
16249,2,1020.53,18,38,510.265,0.0,0
16250,3,565.24,78,125,188.41333333333333,0.0,1
16253,6,5311.6900000000005,72,475,887.7816666666668,0.0002399232245681382,0
16255,11,2912.5099999999998,63,438,270.39181818181817,0.015972618368511125,0
16256,3,1609.5700000000002,83,331,543.1233333333333,0.0025157232704402514,1
16258,11,7662.47,36,420,706.4972727272727,0.00436871996505024,0
16261,3,567.58,63,196,189.19333333333336,0.0,0
16265,8,4321.76,77,146,545.41375,0.013248542660307366,0
16266,10,1267.9,17,472,126.79,0.0,0
16270,1,1141.24,170,0,1141.24,0.0,1
16271,6,2167.0,175,284,361.1666666666667,0.0,0
16275,3,2151.11,13,444,717.0366666666667,0.0,1
16282,3,1307.58,156,378,435.85999999999996,0.0,1
16283,4,3057.67,25,440,777.705,0.006067291781577496,0
16293,9,3146.4500000000003,24,521,351.1055555555556,0.0036656891495601175,0
16297,1,275.4,85,0,301.9,0.1262135922330097,1
16298,5,596.0999999999999,3,255,120.35999999999999,0.0125,0
16303,5,3345.07,150,298,678.964,0.0030902348578491965,0
16306,7,1094.72,30,221,160.67428571428573,0.02247191011235955,1
16308,5,3520.0,34,506,704.0,0.0,0
16309,1,334.2,57,0,334.2,0.0,0
16315,2,402.71000000000004,147,205,201.35500000000002,0.0,1
16316,10,4558.5599999999995,23,286,463.51099999999997,0.006055712555510699,0
16317,3,1408.87,114,287,473.8733333333333,0.0013736263736263737,0
16319,1,404.40000000000003,34,0,404.40000000000003,0.0,1
16320,5,4243.07,30,468,1088.642,0.004011107682813947,0
16321,5,190.5,122,433,90.91,0.6470588235294118,0
16323,2,353.65999999999997,13,381,176.82999999999998,0.0,1
16325,10,3091.02,62,489,319.408,0.015008576329331046,0
16326,13,2156.71,31,465,173.20846153846153,0.0019342359767891683,0
16327,14,8795.34,16,526,630.0828571428572,0.0018068102849200835,0
16332,5,529.0699999999999,122,284,107.902,0.09703504043126684,0
16333,16,13087.2,9,117,817.95,0.0,0
16339,1,109.95,101,0,109.95,0.0,1
16341,4,2665.1200000000003,18,408,669.1425,0.005097312326227989,0
16348,4,912.0899999999999,8,239,228.02249999999998,0.0,0
16349,1,53.5,107,0,53.5,0.0,1
16350,6,1482.7199999999998,150,94,252.35333333333332,0.006868131868131868,0
16351,13,3279.13,149,402,256.15615384615387,0.020323325635103928,1
16353,26,5261.5,34,514,202.88576923076923,0.002201673271686482,0
16356,6,414.42,14,354,69.31166666666667,0.005263157894736842,1
16357,2,347.39,30,167,173.695,0.0,0
16358,2,1354.3,1,210,677.15,0.0,0
16359,12,1644.7399999999998,31,447,163.59083333333334,0.02665589660743134,0
16365,9,2105.88,70,475,235.14222222222224,0.02080624187256177,0
16367,2,728.8199999999999,179,20,364.40999999999997,0.0,0
16369,5,1465.6,13,414,293.12,0.0,0
16370,1,275.54,42,0,275.54,0.0,0
16374,4,1454.72,79,326,363.68,0.0,0
16377,2,1308.48,84,350,654.24,0.0,1
16378,3,362.95,64,63,120.98333333333333,0.0,1
16383,6,2551.94,85,404,435.99,0.005544005544005544,0
16384,3,1183.55,80,326,394.51666666666665,0.0,0
16386,2,846.49,70,134,423.245,0.0,0
16387,5,918.55,139,315,183.70999999999998,0.0,1
16389,2,670.17,22,77,335.085,0.0,0
16392,3,763.05,86,292,254.35,0.0,1
16393,16,3286.84,2,553,206.46812500000001,0.006394490900147565,0
16394,2,607.4799999999999,65,41,309.65,0.028645833333333332,0
16395,11,2422.61,140,409,227.41000000000003,0.010982976386600769,0
16398,1,1150.05,70,0,1169.95,0.003976143141153081,0
16399,2,411.65999999999997,52,153,205.82999999999998,0.0,0
16401,16,4224.39,27,344,275.795,0.027762947143619862,0
16402,2,299.6,81,104,149.8,0.0,1
16403,1,161.05,129,0,177.5,0.09649122807017543,1
16405,2,167.25,119,7,83.625,0.0,1
16407,9,1489.46,11,238,165.49555555555557,0.0,0
16409,9,4483.72,59,484,498.1911111111111,0.0,0
16414,4,484.26,97,414,121.065,0.0,0
16418,3,572.58,43,196,190.86,0.0,0
16419,4,1019.3699999999999,92,393,258.03,0.0020408163265306124,0
16422,86,44366.42,2,510,541.7641860465117,0.06303930968360498,0
16424,2,392.06,8,191,221.53,0.02830188679245283,1
16425,1,302.7,119,0,302.7,0.0,1
16426,1,328.37,93,0,328.37,0.0,0
16427,2,241.06,80,21,120.53,0.0,1
16431,3,642.81,30,84,214.26999999999998,0.0,1
16434,8,1929.01,9,498,242.96375,0.007276507276507277,0
16440,2,488.76,31,279,244.38,0.0,0
16441,4,853.28,108,335,216.0575,0.0023752969121140144,0
16442,4,719.71,44,499,179.9275,0.0,0
16444,15,3167.79,11,430,216.13266666666667,0.0071174377224199285,0
16446,1,-6.1,22,0,2.9,1.0,1
16448,2,367.87,15,272,183.935,0.0,1
16449,2,674.69,14,82,353.845,0.021798365122615803,1
16455,9,3218.02,21,415,366.18555555555554,0.017359709325797335,0
16456,11,4816.25,44,392,499.4318181818182,0.0003287310979618672,0
16457,1,208.36,35,0,208.36,0.0,1
16458,19,3538.3,4,374,186.2263157894737,0.0,0
16462,2,68.0,2,98,34.0,0.0,0
16463,1,314.42,21,0,319.37,0.00558659217877095,0
16466,10,2434.2,25,433,255.92,0.0008445945945945946,0
16469,3,455.36,63,267,151.78666666666666,0.0,0
16470,9,2036.92,9,535,226.87444444444446,0.001004016064257028,0
16471,4,1186.18,91,377,297.495,0.005970149253731343,1
16473,3,371.28,104,86,124.17666666666666,0.0040650406504065045,0
16475,1,310.0,90,0,310.0,0.0,0
16477,9,3152.42,31,270,350.2688888888889,0.0,0
16483,1,139.35,9,0,139.35,0.0,1
16484,1,260.8,7,0,285.7,0.039473684210526314,0
16493,5,1148.26,102,338,229.652,0.0,0
16494,1,826.53,113,0,826.53,0.0,1
16495,2,246.51,93,0,123.255,0.0,0
16496,5,1878.99,24,301,383.258,0.013917884481558803,0
16497,22,5280.29,20,532,240.0131818181818,0.0,0
16499,8,2509.6400000000003,177,186,322.2925,0.007331378299120235,1
16500,4,600.0999999999999,147,212,152.0125,0.003787878787878788,0
16503,10,3259.35,31,322,327.58,0.002126151665485471,0
16509,1,363.7,113,0,363.7,0.0,1
16511,4,1209.51,83,381,302.3775,0.0,0
16515,7,2211.5,63,293,315.92857142857144,0.0,0
16517,1,162.70000000000002,94,0,162.70000000000002,0.0,1
16518,3,644.65,101,272,221.91666666666666,0.024922118380062305,0
16520,6,2140.1600000000003,3,460,359.4766666666667,0.0019065776930409914,1
16523,15,5270.57,16,484,355.564,0.0035587188612099642,0
16525,38,18701.14,1,552,508.70684210526315,0.017253521126760565,0
16529,4,2012.0,7,340,503.0,0.0,1
16531,7,1503.82,111,147,219.79571428571427,0.003843197540353574,0
16532,3,3918.24,155,282,1306.08,0.0,0
16539,9,2954.46,36,312,328.2733333333333,0.0,0
16546,5,4421.04,107,151,1061.414,0.20256471146995964,1
16549,25,9124.49,151,286,365.88159999999993,0.001006238679814852,0
16550,16,7768.52,2,552,500.489375,0.010474430067775724,0
16551,5,1626.07,153,389,325.214,0.0,0
16552,2,379.73,59,130,189.865,0.0,1
16553,30,15571.480000000001,22,460,521.8456666666667,0.0015171629053669638,0
16554,7,1986.63,39,502,331.2471428571429,0.10624417520969245,0
16556,14,5935.259999999999,18,531,452.68642857142856,0.007081735025081145,0
16558,28,8280.51,9,543,300.5785714285715,0.010148995897214425,0
16560,7,2526.4,175,373,362.7357142857143,0.0007861635220125787,0
16565,4,700.4499999999999,181,191,193.2625,0.0947867298578199,1
16566,2,279.47,9,99,140.06,0.0078125,0
16567,2,865.5999999999999,11,142,432.79999999999995,0.0,1
16570,13,4646.950000000001,22,414,397.6261538461539,0.030648842517117705,0
16571,8,3176.51,98,350,407.96625,0.013722730471498945,0
16572,1,342.58,92,0,342.58,0.0,0
16573,1,282.38,107,0,292.63,0.04504504504504504,0
16584,4,2761.3300000000004,71,407,709.8825,0.01590005678591709,0
16586,3,1462.78,65,386,487.5933333333333,0.0,1
16587,1,225.15,49,0,225.15,0.0,1
16592,20,5048.26,0,537,260.7605,0.020894722743102064,0
16593,7,976.7099999999999,6,545,142.37285714285713,0.005780346820809248,0
16598,1,140.70000000000002,102,0,145.05,0.0410958904109589,1
16600,9,1517.5,70,468,175.2611111111111,0.015216068167985392,0
16607,18,3758.5699999999997,24,381,226.45666666666665,0.003850596842510589,0
16609,3,1987.62,14,55,662.54,0.0,0
16610,1,75.66,36,0,75.66,0.0,1
16611,6,1776.6299999999999,3,452,297.52166666666665,0.0011441647597254005,1
16612,7,2764.7200000000003,3,549,395.23857142857145,0.0008032128514056225,0
16617,1,151.85,52,0,151.85,0.0,1
16618,4,1424.34,27,111,360.3225,0.0012970168612191958,0
16619,4,1916.53,80,391,484.5825,0.0037914691943127963,1
16620,5,1675.73,77,477,335.146,0.0,0
16621,2,490.70000000000005,32,61,245.35000000000002,0.0,0
16623,4,1002.49,62,346,253.81,0.0022624434389140274,1
16624,1,426.43,14,0,426.43,0.0,0
16625,5,1651.08,91,269,330.806,0.000946073793755913,1
16626,2,1389.7800000000002,1,81,695.94,0.001326259946949602,0
16628,4,842.96,35,423,210.74,0.0,0
16633,1,447.52,51,0,447.52,0.0,0
16634,6,1198.3,39,465,274.9683333333333,0.6117740652346858,1
16637,1,303.62,42,0,303.62,0.0,0
16638,11,1906.6,74,221,173.71363636363637,0.000966183574879227,0
16639,3,961.62,23,202,320.54,0.0,0
16642,2,670.86,24,207,348.425,0.07259953161592506,0
16643,2,915.5600000000001,62,176,461.555,0.0054249547920434,1
16644,1,722.41,29,0,722.41,0.0,0
16647,3,455.59000000000003,21,339,151.86333333333334,0.0,0
16652,12,13665.79,29,420,1152.5866666666668,0.0033759772565742714,0
16654,7,1413.75,4,425,202.8642857142857,0.0034602076124567475,0
16655,9,3949.4500000000003,2,491,442.7277777777778,0.0004633920296570899,0
16656,21,11253.81,9,542,560.2309523809524,0.043823909370962935,0
16657,1,242.55,71,0,242.55,0.0,0
16659,1,39.12,6,0,39.12,0.0,1
16660,5,996.26,27,483,199.252,0.0,0
16665,1,135.4,179,0,135.4,0.0,1
16667,1,203.35,101,0,203.35,0.0,0
16668,9,678.28,31,416,75.36444444444444,0.0,0
16670,14,5673.67,64,481,420.1764285714286,0.020994133991972832,0
16672,10,4128.24,1,82,415.434,0.011494252873563218,0
16676,5,1834.8799999999999,30,205,373.656,0.007112375533428165,0
16678,5,1264.15,14,84,253.33,0.0024968789013732834,0
16681,4,1027.3400000000001,22,436,256.83500000000004,0.0,0
16682,1,525.5,4,0,525.5,0.0,0
16684,40,100505.43,22,526,2639.12875,0.040924245736773064,0
16686,13,3218.31,11,538,249.05076923076922,0.0019928258270227183,0
16690,3,213.95,18,249,71.31666666666666,0.0,0
16692,4,1914.7,73,185,478.675,0.0,1
16693,4,875.01,88,384,218.7525,0.0,0
16696,3,558.9,20,44,186.29999999999998,0.0,0
16697,1,112.75,58,0,112.75,0.0,1
16698,2,1998.0,43,26,999.0,0.0,1
16700,19,6640.05,18,536,352.7605263157895,0.0032474122183884717,0
16701,19,6607.5599999999995,6,548,353.5115789473684,0.01055045871559633,0
16705,30,35299.841,24,522,1202.9517,0.014671036047390975,0
16709,13,8042.18,16,530,618.6292307692308,0.0,0
16710,18,5115.47,24,528,284.9011111111111,0.0002886002886002886,0
16711,6,1699.25,119,435,302.7083333333333,0.053830227743271224,0
16712,6,1825.9299999999998,29,188,304.32166666666666,0.0,0
16713,25,9684.06,52,488,393.3904,0.0037509377344336083,0
16714,4,1254.71,35,451,382.45,0.01884570082449941,1
16716,3,1568.2799999999997,83,363,716.56,0.08333333333333333,1
16719,11,2585.63,52,490,248.21636363636364,0.012082853855005753,0
16721,1,292.47,79,0,292.47,0.0,1
16722,15,5707.46,0,552,380.814,0.0005871990604815032,0
16725,14,1748.56,119,424,125.71142857142857,0.002777777777777778,1
16726,6,1501.58,13,214,250.26333333333332,0.0,0
16727,4,1437.42,181,324,359.355,0.0,1
16728,2,326.93,53,27,163.465,0.0,0
16729,10,3126.8700000000003,7,50,312.882,0.0004201680672268908,0
16730,2,440.62,51,84,240.47,0.128,0
16735,11,4457.42,56,492,460.72,0.08595819841036209,0
16738,1,3.75,114,0,3.75,0.0,1
16743,10,3076.92,28,384,307.692,0.0,0
16745,10,4123.04,0,128,412.304,0.0,0
16746,32,14226.72,11,541,445.56,0.0005681172594023407,0
16748,12,3026.59,34,511,252.63583333333335,0.006900517538815411,0
16750,1,118.7,49,0,118.7,0.0,0
16755,6,2305.87,43,503,385.36999999999995,0.0006176652254478073,0
16756,7,1287.42,31,425,187.48142857142858,0.009900990099009901,1
16757,2,270.48,135,90,135.24,0.0,1
16763,2,947.75,15,539,482.35,0.0020325203252032522,1
16765,2,454.75,111,88,227.375,0.0,1
16766,2,1145.6,90,0,572.8,0.0,1
16767,7,5040.26,36,370,734.6085714285715,0.005134788189987163,0
16768,7,1372.28,88,460,201.89714285714285,0.011146496815286623,0
16769,4,1141.75,77,465,285.4375,0.0,1
16770,8,1655.6100000000001,53,237,210.96375,0.014418125643666324,0
16771,8,3376.7400000000002,92,455,422.09250000000003,0.0,0
16775,9,1739.53,22,236,202.34777777777776,0.14457831325301204,0
16777,4,1227.9099999999999,74,375,314.66499999999996,0.010845986984815618,0
16778,1,93.18,91,0,93.18,0.0,0
16779,42,26412.719999999998,0,553,631.9840476190476,0.0031927710843373492,0
16780,2,342.25,76,147,171.125,0.0,0
16782,32,9063.41,21,526,285.4721875,0.0038510911424903724,0
16788,4,1649.99,71,416,412.4975,0.0,0
16791,12,2815.99,30,522,241.08833333333334,0.016678752719361856,0
16792,5,623.46,99,422,124.69200000000001,0.0,1
16801,3,726.98,9,80,492.96000000000004,0.384297520661157,0
16804,1,118.05,87,0,118.05,0.0,0
16805,4,851.42,177,370,212.855,0.0,0
16806,2,414.37,37,18,207.185,0.0,0
16807,5,1595.1200000000001,32,407,330.824,0.01763668430335097,0
16808,1,166.5,91,0,166.5,0.0,0
16809,6,1153.87,25,396,192.63666666666666,0.001394700139470014,0
16810,2,786.14,9,228,421.02,0.013440860215053764,1
16812,4,2216.8,177,21,598.0,0.014336917562724014,1
16813,2,316.8,8,12,158.4,0.0,0
16814,27,9890.18,9,414,366.30296296296297,0.0,0
16816,2,325.45,130,44,162.725,0.0,0
16817,11,2069.23,2,246,194.12545454545455,0.04856895056374675,0
16818,4,1161.5700000000002,0,22,298.2925,0.0029985007496251873,0
16823,7,2253.1400000000003,44,510,322.87,0.0008561643835616438,1
16825,4,1370.4099999999999,2,348,342.60249999999996,0.0,0
16832,5,417.61,1,274,83.522,0.0,1
16833,5,1973.8,76,363,394.76,0.0,0
16834,2,898.96,44,446,449.48,0.0,1
16837,8,1811.4900000000002,14,48,226.84250000000003,0.0014144271570014145,0
16838,4,1126.66,14,465,289.90250000000003,0.009823182711198428,1
16839,24,12032.28,2,480,508.63208333333336,0.004855154555753358,0
16841,9,3009.7200000000003,2,511,342.15777777777777,0.00847457627118644,0
16842,1,520.5699999999999,119,0,520.5699999999999,0.0,0
16843,25,13174.11,14,532,528.6704,0.0041026619597366665,0
16849,1,124.57,3,0,124.57,0.0,1
16850,1,332.40999999999997,150,0,332.40999999999997,0.0,1
16859,6,1444.4399999999998,78,384,240.73999999999998,0.0,0
16871,4,1986.97,27,60,509.455,0.003484320557491289,0
16872,4,921.47,1,278,230.3675,0.0,0
16873,9,10668.369999999999,14,470,1191.9133333333332,0.0020440251572327044,0
16875,9,2788.02,113,407,327.12111111111113,0.023926812104152005,0
16877,1,77.75,25,0,77.75,0.0,0
16880,2,591.6600000000001,6,304,295.83000000000004,0.0,0
16882,2,215.70000000000002,56,77,107.85000000000001,0.0,0
16883,19,2258.61,4,548,119.3978947368421,0.0009746588693957114,1
16885,2,429.88,174,28,214.94,0.0,0
16889,6,2530.9,11,371,421.81666666666666,0.0,1
16892,3,323.59,0,547,113.17999999999999,0.004807692307692308,0
16897,2,213.02999999999997,116,14,144.89,0.2054794520547945,1
16899,4,787.01,24,190,196.7525,0.0,0
16904,11,2327.57,42,185,211.59727272727275,0.0,0
16905,13,2501.6,53,492,194.71153846153845,0.003703703703703704,0
16906,6,1263.97,3,388,210.66166666666666,0.0,0
16907,7,1128.23,51,291,161.1757142857143,0.0,0
16912,9,3036.38,24,522,341.1766666666667,0.012269938650306749,0
16913,3,423.90999999999997,107,361,141.3033333333333,0.0,1
16915,7,1088.29,65,321,155.47,0.0,0
16917,2,1848.8799999999999,93,355,928.915,0.0012610340479192938,1
16918,11,2370.5,134,419,220.02272727272728,0.0046022353714661405,0
16919,22,4314.36,9,284,199.38454545454545,0.008421052631578947,0
16923,24,9378.26,4,490,415.135,0.05183395563364814,0
16927,2,341.45,93,85,170.725,0.0,0
16928,19,2137.29,7,484,118.72052631578947,0.05139833711262283,0
16931,11,2380.46,11,202,216.40545454545455,0.0,0
16933,8,2777.55,56,490,355.34375,0.013708513708513708,0
16938,6,4574.400000000001,125,351,762.4000000000001,0.0,0
16940,6,3953.21,106,441,689.2433333333333,0.011446409989594173,0
16942,4,908.24,6,38,227.06,0.0,0
16943,5,816.73,28,412,259.898,0.013605442176870748,1
16945,22,5958.84,18,529,271.6518181818182,0.003268736866682232,0
16947,5,896.73,52,410,191.042,0.06412213740458016,1
16948,6,674.29,78,394,112.38166666666666,0.0,0
16949,4,893.75,2,130,223.4375,0.0,0
16951,1,1053.79,121,0,1053.79,0.0,0
16954,14,4893.73,71,435,352.7342857142857,0.002484815019326339,0
16955,6,1072.06,1,492,186.71833333333333,0.03734439834024896,1
16957,2,416.64,56,42,208.32,0.0,1
16960,6,1716.46,69,394,289.6516666666667,0.008422664624808576,0
16963,1,110.55,4,0,110.55,0.0,1
16965,1,201.19,43,0,201.19,0.0,1
16966,3,1154.4,14,42,384.8,0.0,0
16967,1,319.02,6,0,319.02,0.0,1
16969,1,397.36,8,0,397.36,0.0,0
16976,1,251.51999999999998,84,0,251.51999999999998,0.0,1
16979,4,1315.2399999999998,114,152,338.72249999999997,0.010309278350515464,0
16980,3,1473.33,72,173,491.10999999999996,0.0,1
16983,7,2226.77,88,175,319.68857142857144,0.008843537414965987,0
16985,19,7997.0,28,517,440.7578947368421,0.0021258503401360546,0
16987,5,1112.0,22,532,224.78000000000003,0.006172839506172839,0
16990,2,344.0,35,203,172.0,0.0,1
16992,10,4516.9400000000005,16,466,453.334,0.002569043031470777,0
16996,7,1308.73,62,172,195.36142857142858,0.04120443740095087,0
16997,3,702.0,105,37,234.0,0.0,1
16998,4,386.6,21,239,98.525,0.0196078431372549,0
17001,13,4453.17,24,416,342.5515384615385,0.0,0
17002,6,2071.34,32,425,345.22333333333336,0.0,0
17007,5,680.4,18,235,138.57999999999998,0.02457002457002457,0
17015,1,524.5,2,0,524.5,0.0,0
17017,20,2396.55,21,531,418.8275,0.010728582866293034,0
17018,5,1772.6,142,408,354.52,0.0,0
17019,10,3316.0,78,475,337.66999999999996,0.009773434029320302,0
17026,3,175.83,2,231,58.61000000000001,0.0,1
17027,6,839.0,100,446,146.78333333333333,0.014084507042253521,0
17029,6,1779.3,53,427,296.55,0.0,0
17033,3,910.75,31,183,303.5833333333333,0.0,0
17034,3,646.55,104,225,226.73333333333332,0.04381443298969072,0
17035,4,568.39,62,491,153.3975,0.0856269113149847,1
17041,4,893.4100000000001,177,239,227.3025,0.006944444444444444,0
17042,2,495.39,13,50,247.695,0.0,0
17043,5,1055.97,83,463,211.19400000000002,0.0,0
17045,3,528.1899999999999,64,181,176.0633333333333,0.0,0
17047,5,1937.76,22,526,387.552,0.0,0
17048,6,1866.45,99,407,317.78833333333336,0.033763654419066536,0
17049,13,5580.8,31,430,451.4846153846154,0.023465703971119134,0
17050,10,3823.41,4,495,412.354,0.00045662100456621003,0
17051,4,714.39,11,433,178.5975,0.0,1
17054,3,918.8199999999999,24,37,306.2733333333333,0.0,0
17058,2,819.6600000000001,16,40,409.83000000000004,0.0,0
17059,7,3278.1000000000004,14,484,470.8285714285715,0.0028544243577545195,0
17060,1,234.23999999999998,83,0,234.23999999999998,0.0,1
17061,7,3134.13,9,39,464.31857142857143,0.04,0
17062,6,909.89,130,125,152.29833333333332,0.0030120481927710845,1
17063,8,2464.71,106,449,312.095,0.00837138508371385,0
17064,1,147.85,144,0,147.85,0.0,0
17068,37,7077.79,6,432,191.66594594594596,0.0008949880668257757,0
17069,9,3832.2,43,509,431.17777777777775,0.013692377909630305,0
17071,8,2378.29,4,496,302.02375,0.00967741935483871,0
17075,9,2083.33,70,472,233.7422222222222,0.004076086956521739,0
17076,5,735.87,90,461,147.174,0.0,0
17080,6,744.11,86,256,124.37166666666667,0.004210526315789474,0
17082,5,3365.12,135,406,673.024,0.0,0
17083,8,3625.3199999999997,112,373,455.00374999999997,0.0028653295128939827,0
17085,27,7409.66,67,482,279.3948148148148,0.013929193267556587,0
17088,1,1015.83,70,0,1015.83,0.0,0
17090,9,1663.1399999999999,44,280,194.95333333333332,0.03183023872679045,0
17091,15,5650.7,2,537,378.9533333333333,0.0019926934573231483,0
17092,8,3920.43,94,397,494.01,0.0021590500179920835,0
17094,2,370.4,139,101,201.1,0.018867924528301886,1
17095,6,1550.24,116,425,298.675,0.009153318077803204,0
17096,8,2831.64,78,293,358.8175,0.004454342984409799,0
17097,3,498.95,141,105,166.31666666666666,0.0,0
17102,1,25.5,78,0,25.5,0.0,1
17105,1,319.4,123,0,319.4,0.0,0
17107,6,9355.199999999999,25,468,1563.1333333333332,0.0026327336551118913,0
17109,4,875.01,49,265,218.7525,0.0,0
17114,4,430.19,25,126,111.5225,0.015384615384615385,0
17115,5,2109.46,50,501,446.802,0.025036818851251842,0
17117,1,116.2,105,0,116.2,0.0,1
17118,1,157.02,134,0,157.02,0.0,1
17120,1,307.46,50,0,307.46,0.0,1
17124,1,298.89,2,0,298.89,0.0,1
17126,6,1571.01,116,165,263.49333333333334,0.0010548523206751054,0
17128,1,157.09,151,0,157.09,0.0,1
17133,8,10558.640000000001,7,438,1526.1100000000001,0.12796988943777934,0
17134,2,542.6,81,177,271.3,0.0,0
17135,5,1088.48,106,289,219.88000000000002,0.029017857142857144,0
17138,7,4417.27,92,397,631.0385714285715,0.0,1
17139,17,13596.74,27,487,801.2876470588235,0.0004508566275924256,0
17140,1,465.32,64,0,465.32,0.0,1
17142,4,1283.75,56,445,320.9375,0.0,1
17146,12,5610.09,80,412,472.8616666666667,0.007312614259597806,0
17147,7,2327.67,23,491,351.21000000000004,0.013785790031813362,0
17152,4,1830.5,11,230,504.125,0.06932409012131716,1
17158,4,1393.8799999999999,49,409,352.895,0.004819277108433735,0
17160,13,7888.4,42,510,607.4,0.0006168080185042405,0
17162,8,1157.03,7,114,145.66,0.001451378809869376,0
17164,2,943.22,29,60,471.61,0.0,0
17165,6,1783.63,101,444,299.05333333333334,0.0038071065989847717,1
17166,1,110.74000000000001,20,0,127.59,0.05263157894736842,0
17169,2,621.68,0,395,314.815,0.020242914979757085,0
17171,2,384.59000000000003,106,372,192.29500000000002,0.0,1
17174,1,59.9,34,0,59.9,0.0,1
17175,1,519.08,113,0,519.08,0.0,0
17176,3,902.3199999999999,18,475,300.7733333333333,0.0,1
17179,5,1283.78,49,330,256.756,0.0,0
17180,10,2005.1599999999999,58,445,202.581,0.0035842293906810036,0
17187,2,467.71,43,299,233.855,0.0,1
17188,9,3312.04,132,415,393.6822222222222,0.01742696053305997,0
17189,4,800.45,176,378,200.1125,0.0,0
17190,6,1298.3,24,437,248.88333333333333,0.00048426150121065375,0
17191,13,3381.0099999999998,8,546,262.03923076923076,0.001184834123222749,0
17194,3,812.5,90,256,270.8333333333333,0.0,1
17204,7,4958.14,58,306,741.47,0.022682053322721846,0
17211,10,2665.52,50,493,271.007,0.010876519513755598,0
17212,3,794.41,70,233,264.80333333333334,0.0,1
17213,9,2921.75,133,408,336.1244444444444,0.017828200972447326,0
17214,4,613.6700000000001,66,110,153.41750000000002,0.0,0
17217,2,218.0,51,385,109.0,0.0,1
17218,13,2888.0,31,469,222.15384615384616,0.0,0
17220,12,2748.28,23,482,229.02333333333334,0.0,0
17223,3,580.69,127,64,193.56333333333336,0.0,1
17226,3,900.12,125,356,300.04,0.0,1
17227,8,1306.61,73,436,163.32625,0.0,0
17228,9,1602.78,24,429,178.08666666666667,0.0,0
17230,18,9695.91,81,467,551.3861111111112,0.026646169613118113,1
17231,21,5661.1,7,542,274.10333333333335,0.005837912087912088,0
17236,10,1576.9499999999998,59,400,157.695,0.0,0
17238,24,5216.55,1,553,217.35625000000002,0.0,0
17239,4,1174.15,129,213,297.3625,0.003883495145631068,1
17243,54,14657.76,53,501,274.4483333333333,0.003952569169960474,0
17245,2,371.63,21,484,185.815,0.0,1
17250,1,162.65,78,0,162.65,0.0,0
17251,3,803.7299999999999,179,362,270.81,0.005277044854881266,1
17252,1,341.96,3,0,341.96,0.0,0
17255,3,613.18,116,146,204.39333333333332,0.0,0
17256,4,386.83,129,288,96.7075,0.0,0
17262,10,2190.76,44,497,219.07600000000002,0.0,0
17263,1,63.440000000000005,25,0,63.440000000000005,0.0,1
17268,9,1246.73,60,487,138.52555555555557,0.0,0
17272,2,1405.3400000000001,16,63,704.72,0.0017226528854435831,0
17277,2,1065.35,44,95,532.675,0.0,1
17278,2,271.24,58,323,135.62,0.0,1
17282,3,1378.1,116,248,459.3666666666666,0.0,0
17284,4,1614.9900000000002,52,209,517.2575,0.0013513513513513514,0
17287,18,3309.24,22,530,184.74944444444444,0.0023894862604540022,0
17288,9,1743.95,24,186,193.77222222222224,0.0,0
17291,1,550.8,125,0,550.8,0.0,1
17293,10,2368.47,125,428,236.84699999999998,0.0,0
17302,2,303.12,25,97,151.56,0.0,0
17303,1,250.04,178,0,250.04,0.0,1
17306,10,4329.9,21,199,434.66999999999996,0.001101624896722666,0
17311,5,2662.27,133,357,547.634,0.021296296296296296,0
17314,12,2776.4900000000002,73,479,263.62583333333333,0.20214252445272474,0
17315,25,6192.19,8,246,250.4296,0.006778566817301485,0
17320,5,2154.33,53,450,430.866,0.0,0
17323,7,936.84,32,483,134.5557142857143,0.0021668472372697724,0
17324,10,1733.82,148,389,188.682,0.028846153846153848,0
17325,3,609.5699999999999,97,361,203.18999999999997,0.0,1
17329,4,724.6800000000001,132,420,181.17000000000002,0.0,0
17334,3,634.73,119,104,211.71666666666667,0.0017667844522968198,1
17337,3,1920.3200000000002,28,99,664.9733333333334,0.022508038585209004,0
17338,14,9067.64,22,433,652.9921428571428,0.0025310630464795212,0
17340,11,12652.0,9,470,1198.4609090909091,0.007674144037780401,0
17343,6,1259.94,172,380,209.99,0.0,1
17345,8,1074.97,13,541,149.40875,0.03412377096587623,0
17346,17,3464.6,4,413,203.79999999999998,0.0,0
17348,5,1477.04,114,341,295.408,0.0,0
17351,10,1599.68,90,455,159.96800000000002,0.0,0
17356,5,946.47,128,376,189.294,0.0,1
17358,5,866.05,120,350,173.20999999999998,0.0,1
17360,4,946.5899999999999,1,250,244.135,0.002136752136752137,0
17361,4,656.36,3,489,164.09,0.0,0
17362,7,1010.54,56,463,146.29142857142855,0.0036429872495446266,1
17364,22,9305.22,21,527,440.5040909090909,0.0037960059415745174,0
17365,11,5301.46,16,476,483.6918181818182,0.0005674295441649329,0
17367,1,168.4,55,0,168.4,0.0,1
17368,9,1189.4899999999998,76,464,200.26555555555555,0.35218888342351207,0
17371,4,336.28999999999996,178,370,84.07249999999999,0.0,0
17372,25,3856.81,0,552,156.3576,0.029661016949152543,0
17373,4,665.8299999999999,129,336,166.45749999999998,0.0,0
17374,3,711.21,35,176,242.37,0.012903225806451613,1
17375,4,632.9499999999999,16,232,165.1375,0.0125,1
17376,3,356.28999999999996,128,211,118.76333333333332,0.0,0
17377,65,14759.81,72,481,234.274,0.008184399532320027,0
17381,25,29941.17,20,344,1197.6468,0.0,0
17384,2,398.79999999999995,36,248,199.39999999999998,0.0,0
17388,9,2195.21,28,518,243.91222222222223,0.0,0
17389,41,27940.24,2,550,744.3546341463415,0.028947824579649853,0
17392,3,626.56,123,143,208.85333333333332,0.0,1
17394,1,203.87,36,0,203.87,0.0,1
17398,2,528.45,27,44,264.225,0.0,0
17400,7,3859.61,27,512,551.3728571428571,0.0,0
17402,15,2963.91,0,539,200.8673333333333,0.004073319755600814,0
17404,14,28191.62,28,490,2123.422857142857,0.019339291706067168,0
17406,13,3890.0,150,400,323.30384615384617,0.010787486515641856,1
17409,10,7793.51,1,543,779.351,0.0,1
17410,1,302.4,32,0,302.4,0.0,0
17411,3,823.17,78,475,310.67333333333335,0.0630841121495327,0
17412,13,3639.44,13,541,282.46,0.012419503219871205,0
17414,5,2069.52,1,551,413.904,0.0,0
17416,18,13786.140000000001,14,527,769.6133333333333,0.0021571648690292757,0
17418,2,373.99,140,63,186.995,0.0,0
17419,13,3934.73,66,433,303.4984615384615,0.000505050505050505,0
17422,7,2041.44,37,314,320.4942857142857,0.07598039215686274,0
17423,2,852.6800000000001,34,175,434.98,0.037209302325581395,0
17426,8,3777.9899999999993,99,378,529.2987499999999,0.03220917014020462,0
17428,30,21013.98,29,525,716.6243333333333,0.00766677205184951,0
17429,4,1206.18,2,244,302.17,0.002008032128514056,0
17431,1,403.3,130,0,403.3,0.0,1
17436,4,427.41,43,505,110.04,0.03676470588235294,0
17438,5,1412.62,70,387,284.554,0.0054249547920434,1
17440,3,260.60999999999996,64,301,87.25999999999999,0.015151515151515152,0
17442,11,3092.67,37,441,289.6881818181818,0.010599078341013824,0
17443,1,534.24,36,0,534.24,0.0,1
17446,1,68.1,127,0,68.1,0.0,0
17449,9,3752.98,51,496,416.9977777777778,0.0,0
17450,19,98670.82,9,245,5587.037894736842,0.08163807611680297,0
17454,10,1532.64,9,500,154.794,0.008253094910591471,1
17455,1,131.7,20,0,131.7,0.0,1
17457,13,5458.95,21,527,434.21153846153845,0.023612750885478158,0
17460,15,1937.1,42,460,133.208,0.013407821229050279,1
17462,1,463.40999999999997,101,0,463.40999999999997,0.0,0
17463,4,1600.31,50,355,401.315,0.0010857763300760044,0
17469,13,3420.64,21,518,268.12615384615384,0.01092896174863388,0
17470,9,2124.5099999999998,34,290,236.05666666666664,0.0,0
17472,4,935.0999999999999,8,437,233.77499999999998,0.0,1
17483,2,332.78999999999996,0,231,166.39499999999998,0.0,0
17486,1,396.87,78,0,396.87,0.0,1
17489,1,208.56,29,0,208.56,0.0,0
17491,11,3419.66,1,406,310.8781818181818,0.0,0
17492,3,1122.42,65,270,374.14000000000004,0.0,1
17496,4,1385.89,175,335,353.2225,0.005925925925925926,1
17499,2,1296.84,106,271,670.6949999999999,0.008287292817679558,1
17501,2,288.6,37,0,144.3,0.0,1
17504,18,9313.37,23,463,531.3955555555556,0.03770164944716331,1
17505,4,1776.63,22,399,444.1575,0.0,0
17507,2,605.5799999999999,78,47,302.78999999999996,0.0,1
17508,8,4546.780000000001,97,451,572.4037500000001,0.0038049117952265654,1
17511,44,115842.66,23,531,2655.0202272727274,0.003472715301893856,0
17512,14,3809.7,17,528,274.6607142857143,0.003313790466479735,0
17515,8,1549.81,23,344,193.72625,0.0,0
17516,4,644.6800000000001,34,161,161.17000000000002,0.0,0
17517,1,153.94,125,0,153.94,0.0,1
17519,12,3879.08,23,532,323.8125,0.0015625,0
17521,3,714.4100000000001,16,235,238.13666666666668,0.0,0
17522,3,787.54,0,34,262.5133333333333,0.0,0
17524,3,508.89999999999986,178,76,179.71333333333328,0.19889502762430938,1
17525,3,1161.8999999999999,176,69,387.29999999999995,0.0,1
17526,11,3142.8399999999997,107,431,328.74,0.04009433962264151,0
17527,1,251.55,35,0,292.11,0.42105263157894735,0
17530,8,1822.78,23,527,227.96625,0.0009606147934678194,0
17531,3,1194.47,7,428,422.2733333333333,0.023305084745762712,1
17535,1,164.4,97,0,164.4,0.0,1
17537,1,630.7,120,0,630.7,0.0,0
17540,5,1280.5,133,283,256.1,0.0,0
17542,3,341.70000000000005,86,371,113.90000000000002,0.0,1
17548,4,486.48,50,162,182.815,0.38461538461538464,1
17550,9,2206.54,14,472,283.0711111111111,0.06066734074823053,1
17551,1,306.84,176,0,306.84,0.0,1
17555,4,769.9300000000001,151,251,192.48250000000002,0.0,0
17556,2,300.66999999999996,22,173,150.33499999999998,0.0,1
17560,6,1526.9,21,456,254.48333333333335,0.0,0
17567,5,2370.67,50,208,476.11400000000003,0.0015564202334630351,0
17569,1,344.14,149,0,344.14,0.0,1
17571,3,565.19,94,264,188.39666666666668,0.0,0
17572,8,577.66,55,486,72.2075,0.0,0
17574,1,185.65,59,0,185.65,0.0,1
17576,32,6974.97,0,553,220.2928125,0.0037343291544411844,0
17578,7,1003.7299999999999,35,311,149.6185714285714,0.10964083175803403,1
17580,5,545.27,69,169,109.054,0.0,1
17581,28,9908.039999999999,30,523,369.4817857142857,0.007717538105344395,0
17582,5,1433.7,53,387,290.14,0.0033003300330033004,1
17585,5,1481.76,80,214,296.352,0.0,0
17588,5,2058.65,49,404,419.31000000000006,0.015810276679841896,0
17589,16,12712.07,4,455,803.5699999999999,0.006520376175548589,0
17591,6,1782.72,20,487,298.945,0.0011682242990654205,0
17593,7,4795.339999999999,169,382,690.1942857142857,0.004861111111111111,0
17594,3,1819.7,71,350,606.5666666666667,0.0,0
17596,9,2975.63,8,533,332.1088888888889,0.0014687368862778011,0
17597,5,3425.29,30,369,696.818,0.004514672686230248,1
17601,2,421.47999999999996,56,141,210.73999999999998,0.0,1
17602,9,3053.71,141,294,346.13444444444445,0.0023219814241486067,0
17604,6,945.9300000000001,34,464,157.655,0.0,1
17609,8,1184.46,119,307,164.97625,0.0882016036655212,0
17611,19,6279.45,18,537,337.35263157894735,0.015413801280531183,0
17612,14,3796.0,31,508,286.5828571428571,0.024545454545454544,0
17613,7,2519.06,11,111,361.00142857142856,0.0006821282401091405,0
17615,5,668.4,20,281,135.18,0.016853932584269662,0
17616,3,571.1999999999999,71,196,190.39999999999998,0.0,0
17618,10,3743.14,65,436,376.844,0.002880184331797235,0
17619,1,218.52,129,0,218.52,0.0,1
17621,5,2551.2,129,119,539.4,0.017660044150110375,0
17624,3,1125.45,35,501,375.15000000000003,0.0,0
17625,5,4570.48,74,467,914.0959999999999,0.0,0
17629,5,1217.59,31,206,249.51799999999997,0.011142061281337047,0
17630,1,335.5,49,0,335.5,0.0,0
17631,5,772.71,49,497,154.542,0.0,0
17634,5,1814.67,29,124,362.934,0.0,0
17639,6,615.17,93,207,102.52833333333332,0.0,1
17644,12,3926.2200000000003,20,458,337.89416666666665,0.02010968921389397,0
17646,12,3843.16,36,504,324.89916666666664,0.006880733944954129,1
17648,4,1526.26,9,192,381.565,0.0,0
17652,4,1625.0600000000002,0,98,407.35,0.016908212560386472,0
17654,1,117.55,94,0,117.55,0.0,1
17655,6,1872.94,27,206,323.3566666666667,0.18181818181818182,0
17658,1,317.6,28,0,317.6,0.0,0
17659,7,1709.6,1,201,245.07857142857142,0.001218026796589525,0
17663,13,4075.6299999999997,15,447,320.286923076923,0.014092140921409214,0
17664,3,887.78,29,407,295.9266666666667,0.0,0
17667,7,3184.9599999999996,28,443,464.5514285714285,0.005319148936170213,0
17669,6,4346.63,27,406,724.4383333333334,0.0,0
17670,1,205.7,44,0,205.7,0.0,1
17671,3,1118.63,28,164,407.7266666666667,0.017110266159695818,0
17672,6,3752.8,126,372,629.7166666666667,0.0017533606078316774,0
17673,10,3661.36,3,444,367.171,0.0010683760683760685,0
17675,52,24589.530000000002,4,541,481.0348076923077,0.010954326030449314,0
17677,35,24232.69,29,511,713.6002857142856,0.010688357085237967,0
17678,2,579.81,80,339,299.88,0.002717391304347826,1
17682,8,2683.36,9,448,337.295,0.001343183344526528,0
17685,10,3796.84,83,399,381.184,0.004887983706720978,0
17686,6,5594.099999999999,17,333,932.3499999999999,0.0,0
17690,15,5305.88,3,487,353.72533333333337,0.0,0
17691,4,627.3499999999999,175,188,159.3875,0.0380952380952381,1
17692,11,2844.9199999999996,43,313,259.8472727272727,0.003587443946188341,0
17696,23,6012.4800000000005,2,543,270.93347826086955,0.0249946592608417,0
17697,1,338.95,53,0,338.95,0.0,1
17698,1,154.95,77,0,154.95,0.0,1
17700,12,5231.65,30,525,439.2416666666666,0.0025906735751295338,0
17701,1,417.95,69,0,417.95,0.0,1
17702,3,1631.8700000000001,23,194,586.49,0.021806853582554516,0
17704,1,387.28999999999996,56,0,387.28999999999996,0.0,0
17705,5,617.6800000000001,32,361,123.53600000000002,0.0,0
17706,19,10159.970000000001,4,501,576.7857894736842,0.029424977538185085,0
17707,8,605.05,2,547,76.1625,0.0018315018315018315,1
17708,4,887.9300000000001,4,235,221.98250000000002,0.0,1
17711,1,220.53,106,0,220.53,0.0,0
17714,5,1376.5800000000002,137,192,282.036,0.029605263157894735,1
17715,2,489.59999999999997,17,392,244.79999999999998,0.0,1
17716,15,11617.15,66,487,783.5066666666667,0.007155907429963459,0
17718,2,386.97999999999996,49,412,219.58999999999997,0.13138686131386862,1
17719,5,1971.46,7,65,394.29200000000003,0.0,0
17720,8,1949.5,42,353,250.41875,0.00411522633744856,0
17722,4,3153.66,6,186,799.265,0.010267857142857143,0
17723,4,1263.8,8,184,315.95,0.0,0
17725,4,1216.63,9,74,317.4075,0.029197080291970802,0
17730,12,4493.67,2,403,375.56,0.004116529449018366,0
17731,4,1131.4499999999998,0,485,282.86249999999995,0.0,0
17733,1,216.95,78,0,216.95,0.0,0
17734,4,854.67,50,408,213.6675,0.0,0
17735,17,9719.119999999999,4,309,576.5570588235294,0.00469559585492228,0
17738,10,3061.93,99,348,308.443,0.0029426189308484553,0
17739,14,5997.56,13,535,429.2864285714286,0.004244031830238726,0
17742,10,2045.94,149,405,204.594,0.0,0
17744,5,1584.38,67,130,323.14,0.017142857142857144,0
17746,4,873.43,57,370,226.045,0.04215116279069767,1
17749,2,720.6700000000001,73,289,360.33500000000004,0.0,0
17752,1,80.64,176,0,80.64,0.0,1
17754,9,3001.3700000000003,77,467,341.0566666666667,0.022945205479452054,0
17757,41,5906.54,8,504,145.52073170731708,0.01794453507340946,0
17758,7,2610.66,25,360,372.95142857142855,0.0,0
17763,4,51.150000000000006,80,395,21.5375,0.34146341463414637,1
17764,4,1066.79,28,525,266.6975,0.0,0
17765,3,421.47,27,237,140.49,0.0,0
17769,9,3918.7899999999995,95,411,443.31777777777774,0.023668639053254437,0
17770,5,1143.27,15,83,228.654,0.0,1
17771,3,257.4,140,266,85.8,0.0,0
17774,7,2325.23,66,419,385.3757142857143,0.002291825821237586,0
17775,1,56.4,71,0,56.4,0.0,1
17781,1,102.0,70,0,102.0,0.0,0
17783,2,208.85,64,264,104.425,0.0,0
17786,1,114.85000000000001,134,0,114.85000000000001,0.0,0
17787,3,1716.17,121,66,572.0566666666667,0.0,0
17789,2,397.15,98,379,198.575,0.0,1
17790,15,1715.07,15,345,114.338,0.0,0
17795,1,163.25,81,0,163.25,0.0,0
17796,6,1171.44,130,107,195.24,0.0,0
17799,16,4549.14,59,484,292.143125,0.0055514433752775726,0
17800,3,354.85,34,116,118.28333333333335,0.0,0
17809,14,7270.43,34,519,523.1914285714286,0.0013157894736842105,0
17811,26,5818.650000000001,4,258,224.52307692307693,0.0016700066800267202,0
17816,4,80.86,86,454,20.215,0.0,0
17817,5,683.17,94,145,137.974,0.006172839506172839,0
17819,10,5141.4,11,531,518.52,0.0027491408934707906,0
17827,5,1969.6499999999999,59,379,395.28,0.0007656967840735069,0
17828,1,833.16,1,0,833.16,0.0,0
17829,5,4680.42,115,356,951.348,0.023928215353938187,1
17830,2,287.65,78,27,143.825,0.0,0
17838,11,4678.99,109,338,426.88545454545454,0.0018115942028985507,0
17841,137,40328.12,0,554,300.85693430656937,0.014080331999407144,0
17843,2,326.23,120,108,163.115,0.0,1
17848,25,3125.32,66,484,125.5228,0.000778816199376947,0
17849,8,1063.76,35,416,132.97,0.0,1
17854,6,1071.45,2,546,178.57500000000002,0.0,1
17856,3,1118.3899999999999,50,48,380.8766666666666,0.02772963604852686,0
17857,10,9179.34,23,434,925.184,0.008671522719389525,0
17858,24,9936.19,78,472,417.10583333333335,0.0006195786864931846,0
17859,1,148.21,121,0,148.21,0.0,1
17861,12,3463.37,70,476,290.4058333333333,0.0013591573224600749,0
17862,4,1279.09,140,239,319.7725,0.0,1
17863,9,3572.38,71,397,396.93111111111114,0.0,0
17864,3,535.23,92,151,178.41,0.0,0
17865,33,19524.64,21,534,606.3554545454546,0.012177352206494588,0
17867,11,864.33,20,534,93.47545454545455,0.07565011820330969,0
17869,5,704.62,32,331,140.924,0.0,0
17871,5,1118.99,21,488,223.798,0.0,1
17873,17,5742.37,1,538,354.62882352941176,0.1358602018213143,0
17874,6,658.26,2,70,113.91000000000001,0.05429864253393665,1
17880,3,824.9200000000001,181,365,274.97333333333336,0.0,1
17881,1,133.35,121,0,133.35,0.0,1
17883,4,427.53000000000003,63,405,110.8575,0.013333333333333334,0
17884,19,2589.66,128,423,138.61368421052632,0.0050920485703094395,0
17886,5,1095.08,27,378,221.006,0.0021321961620469083,0
17888,20,971.9000000000001,29,505,63.658500000000004,0.1881578947368421,0
17889,7,774.87,29,406,110.69571428571429,0.0,1
17890,2,602.0899999999999,139,38,301.04499999999996,0.0,1
17893,1,112.25,42,0,112.25,0.0,1
17894,16,2038.93,102,184,130.915625,0.04905239687848383,0
17898,3,246.96,24,359,82.32000000000001,0.0,0
17900,2,112.19999999999999,7,0,56.099999999999994,0.0,1
17905,11,1766.38,169,327,161.42545454545456,0.001876172607879925,0
17906,1,72.9,64,0,72.9,0.0,1
17912,6,360.1,127,65,62.583333333333336,0.009259259259259259,1
17913,13,3286.0899999999997,172,380,252.77615384615382,0.0,0
17917,2,230.45999999999998,73,106,115.22999999999999,0.0,0
17920,42,21143.49,17,533,503.57238095238097,0.0002755580049600441,0
17921,7,1837.3999999999999,83,245,268.2214285714286,0.01828410689170183,0
17923,3,497.0,99,262,165.66666666666666,0.0,1
17924,3,751.6999999999999,118,112,265.8,0.057692307692307696,0
17926,4,849.9300000000001,20,375,212.48250000000002,0.0,0
17928,2,206.95999999999998,63,325,103.47999999999999,0.0,0
17929,10,2674.1,71,476,267.40999999999997,0.0,0
17930,9,2893.04,56,406,325.0377777777778,0.01053518752633797,0
17931,13,3194.8,72,405,255.85615384615386,0.06317494600431965,0
17932,1,589.01,28,0,589.01,0.0,0
17937,4,3327.48,74,104,831.87,0.0,0
17940,11,26315.520000000004,35,518,2704.426363636364,7.214139713839125e-05,0
17946,2,149.57999999999998,50,26,74.78999999999999,0.0,1
17949,88,54982.75000000001,6,548,789.0409090909092,0.10354656745079213,0
17951,3,723.8399999999999,175,45,247.17999999999998,0.015625,0
17954,15,2918.15,1,545,201.51933333333332,0.020553359683794466,0
17955,6,949.9,15,466,158.31666666666666,0.0,1
17956,1,12.75,66,0,12.75,0.0,1
17961,82,2455.8500000000004,0,555,30.150000000000002,0.002407704654895666,0
17965,21,5668.4400000000005,69,472,275.792380952381,0.007226236798221234,0
17966,7,1159.49,1,505,165.64142857142858,0.0,0
17969,19,2148.19,178,372,119.31263157894738,0.03112449799196787,0
17970,1,582.59,28,0,582.59,0.0,1
17972,1,136.04,58,0,136.04,0.0,1
17974,4,1290.04,36,187,322.51,0.0,0
17975,18,4905.89,9,298,278.1688888888889,0.011243386243386243,0
17979,2,221.77,76,0,120.83500000000001,0.024096385542168676,0
17980,3,784.72,21,188,261.5733333333333,0.0,0
17987,5,928.12,2,365,200.728,0.13399014778325122,1
17988,8,353.40999999999997,143,405,44.176249999999996,0.0,0
17990,6,1522.5700000000002,53,495,254.6016666666667,0.015444015444015444,1
17991,3,320.55,42,366,106.85000000000001,0.0,1
17994,10,2167.1600000000003,6,430,219.26100000000002,0.0024189646831156266,0
17995,3,495.48,98,105,165.16,0.0,1
18004,1,169.47,179,0,169.47,0.0,1
18008,21,19736.35,20,499,939.8261904761904,0.0,0
18009,8,2077.08,52,417,269.47875,0.02450229709035222,1
18010,1,174.8,73,0,174.8,0.0,1
18016,5,965.66,3,494,193.132,0.0,0
18017,2,330.0,127,120,165.0,0.0,0
18018,3,72.0,16,221,71.10000000000001,0.8955223880597015,0
18032,1,73.5,151,0,73.5,0.0,1
18036,9,1268.82,62,475,140.98,0.0,0
18037,14,158.22,42,513,11.301428571428572,0.0,0
18040,1,239.0,62,0,239.0,0.0,0
18041,31,6587.9800000000005,0,511,215.1841935483871,0.0481829980532122,0
18043,2,451.80999999999995,23,160,225.90499999999997,0.0,0
18044,14,2300.22,15,362,164.30142857142854,0.0,0
18048,3,401.73,20,290,133.91,0.0,1
18050,2,412.06000000000006,176,33,206.03000000000003,0.0,1
18055,10,6741.38,20,209,677.3430000000001,0.0022696323195642307,0
18056,2,539.7499999999999,105,330,277.29999999999995,0.008982035928143712,1
18061,23,5146.52,23,528,224.1313043478261,0.0003215434083601286,0
18062,5,1288.77,37,377,279.614,0.017699115044247787,0
18064,10,4035.1800000000003,52,441,408.903,0.02012072434607646,0
18065,23,4856.2,0,546,212.43260869565216,0.0038272279934390375,0
18068,1,101.7,106,0,101.7,0.0,1
18069,8,3188.5,52,414,399.18125,0.00042176296921130323,0
18071,6,1169.68,74,477,194.9466666666667,0.0,1
18072,1,247.44,2,0,247.44,0.0,1
18073,3,504.24,2,11,168.08,0.0,0
18075,16,4257.16,21,294,277.64125,0.023491292021061157,0
18077,11,2380.06,43,506,216.36909090909091,0.0,0
18078,4,844.6,34,410,211.15,0.0,1
18079,2,2203.6099999999997,55,252,1101.8049999999998,0.0,0
18080,1,841.5,59,0,841.5,0.0,0
18085,4,1341.85,147,298,335.4625,0.0,1
18086,1,101.34,91,0,101.34,0.0,1
18087,16,13803.62,107,448,869.2950000000001,0.007589400565989194,0
18092,14,10291.75,1,550,735.3928571428571,0.0001549426712116517,0
18093,6,3440.61,114,321,577.285,0.00398406374501992,0
18094,9,5082.52,35,483,572.38,0.010140845070422535,0
18095,5,2303.09,129,286,460.61800000000005,0.0,1
18097,8,3415.88,22,517,427.76,0.001869158878504673,0
18102,102,405913.54,0,555,4053.5232352941175,0.008874286952126508,0
18106,6,1461.46,146,364,243.57666666666668,0.0,1
18108,3,842.4599999999999,71,483,282.93666666666667,0.007662835249042145,1
18109,23,3963.07,11,332,175.99869565217392,0.01032346868547832,0
18114,1,220.1,107,0,220.1,0.0,1
18116,12,1990.74,51,177,165.895,0.0,0
18118,18,4069.88,3,194,229.06,0.002898550724637681,0
18120,1,111.15,31,0,111.15,0.0,1
18125,3,943.4900000000001,18,114,315.0466666666667,0.0014388489208633094,0
18129,1,112.55,60,0,112.55,0.0,1
18133,1,715.5,29,0,931.5,1.0,1
18135,6,657.13,7,444,112.92166666666667,0.008130081300813009,0
18136,4,1348.23,28,239,361.97,0.029639175257731958,0
18138,1,152.65,112,0,152.65,0.0,1
18142,1,280.38,32,0,282.48,0.003424657534246575,0
18144,14,3609.85,29,510,257.8464285714286,0.0,0
18145,9,3762.32,21,526,420.0022222222222,0.0017937219730941704,0
18146,1,76.65,37,0,76.65,0.0,0
18149,6,1562.31,32,420,260.385,0.0,0
18150,1,227.57999999999998,18,0,227.57999999999998,0.0,0
18151,5,1513.14,106,355,307.728,0.008086253369272238,0
18155,1,113.93,108,0,113.93,0.0,0
18159,1,530.15,118,0,530.15,0.0,1
18160,2,684.37,17,185,342.185,0.0,0
18161,3,730.7299999999999,69,126,243.57666666666663,0.0,0
18168,15,3308.62,21,532,226.12133333333333,0.013768485466598673,0
18170,7,2201.9,34,483,314.5571428571429,0.0,0
18171,6,1652.74,55,465,278.4316666666667,0.004431314623338257,0
18172,39,13520.57,28,517,349.7005128205128,0.003900017727353306,0
18173,4,2318.36,16,413,579.59,0.0,0
18176,1,448.65,175,0,476.34999999999997,0.014134275618374558,1
18177,7,1561.85,21,519,227.0142857142857,0.005605381165919282,0
18178,10,5573.5199999999995,36,439,561.287,0.0019646365422396855,0
18179,6,1857.54,69,410,309.59,0.0,0
18183,2,600.52,44,47,316.03499999999997,0.02425876010781671,1
18185,1,304.25,66,0,304.25,0.0,1
18188,4,1691.3000000000002,107,333,426.5375,0.003393665158371041,0
18189,2,939.44,84,357,473.295,0.00482315112540193,0
18190,5,735.67,9,525,149.124,0.0020408163265306124,1
18191,2,529.4000000000001,78,215,264.70000000000005,0.0,1
18196,3,1225.96,107,342,408.65333333333336,0.0,0
18198,11,3500.14,4,148,318.25363636363636,0.00034376074252320387,0
18202,3,1396.99,16,111,465.66333333333336,0.0,1
18204,1,549.43,9,0,549.43,0.0,0
18210,2,289.85,84,115,144.925,0.0,0
18211,1,137.9,95,0,137.9,0.0,0
18212,2,546.72,143,351,273.36,0.0,1
18213,1,232.48,53,0,232.48,0.0,1
18218,4,1106.3,28,448,285.5,0.03531598513011153,1
18219,12,2189.74,31,517,182.93666666666664,0.0018248175182481751,0
18220,6,1771.7,43,497,320.29333333333335,0.0695266272189349,1
18221,3,874.0400000000001,1,205,306.78000000000003,0.027450980392156862,0
18223,19,9870.2,22,529,540.7257894736842,0.03150242326332795,0
18224,1,158.95,80,0,158.95,0.0,1
18225,19,8861.060000000001,21,531,483.3268421052632,0.01022864019253911,0
18226,21,9152.57,2,458,440.53190476190474,0.007507987220447284,0
18227,2,93.75,34,266,194.375,0.045454545454545456,1
18229,17,6083.509999999999,1,552,357.85352941176467,0.0,0
18230,5,2654.16,24,318,547.0319999999999,0.00894187779433681,0
18231,28,6848.17,9,506,245.7489285714286,0.005131713992473486,1
18232,2,360.48,9,4,185.49,0.01764705882352941,0
18233,1,440.0,142,0,440.0,0.0,1
18235,1,430.46,34,0,430.46,0.0,0
18236,8,1217.6100000000001,3,417,152.20125000000002,0.0,0
18239,6,1712.2599999999998,35,204,285.3766666666666,0.0,1
18241,5,1261.83,34,399,255.946,0.0030257186081694403,0
18242,6,2066.8,13,501,344.4666666666667,0.0,0
18245,17,4975.46,28,429,297.8947058823529,0.004615739672282483,0
18246,2,395.62,50,376,197.81,0.0,0
18248,1,496.46000000000004,3,0,496.46000000000004,0.0,0
18250,1,342.91999999999996,127,0,349.27,0.005025125628140704,1
18257,7,2880.37,23,452,426.24571428571426,0.024330900243309004,0
18260,22,9324.82,22,518,433.4081818181818,0.007100591715976331,0
18263,1,307.6,69,0,307.6,0.0,0
18270,2,229.15000000000003,83,166,136.675,0.026845637583892617,0
18272,5,2249.29,42,420,457.588,0.005562422744128554,0
18273,2,204.0,74,332,102.0,0.0,0
18280,2,472.45,94,116,244.075,0.010309278350515464,1
18283,11,1176.82,17,457,106.98363636363636,0.0,0
18287,5,3105.89,18,369,622.198,0.0010443864229765013,0
